datetime,position,cash,equity,unrealized_pnl,realized_pnl,close_price
2024-01-02 09:00:00,FLAT,500000000.0,500000000.0,0.0,0.0,1141.4
2024-01-02 09:15:00,FLAT,500000000.0,500000000.0,0.0,0.0,1139.7
2024-01-02 09:30:00,FLAT,500000000.0,500000000.0,0.0,0.0,1139.8
2024-01-02 09:45:00,FLAT,500000000.0,500000000.0,0.0,0.0,1140.8
2024-01-02 10:00:00,FLAT,500000000.0,500000000.0,0.0,0.0,1139.9
2024-01-02 10:15:00,FLAT,500000000.0,500000000.0,0.0,0.0,1139.9
2024-01-02 10:30:00,FLAT,500000000.0,500000000.0,0.0,0.0,1137.5
2024-01-02 10:45:00,FLAT,500000000.0,500000000.0,0.0,0.0,1134.7
2024-01-02 11:00:00,FLAT,500000000.0,500000000.0,0.0,0.0,1132.9
2024-01-02 11:15:00,FLAT,500000000.0,500000000.0,0.0,0.0,1132.8
2024-01-02 13:00:00,FLAT,500000000.0,500000000.0,0.0,0.0,1133.7
2024-01-02 13:15:00,FLAT,500000000.0,500000000.0,0.0,0.0,1133.8
2024-01-02 13:30:00,FLAT,500000000.0,500000000.0,0.0,0.0,1133.1
2024-01-02 13:45:00,FLAT,500000000.0,500000000.0,0.0,0.0,1135.0
2024-01-02 14:00:00,FLAT,500000000.0,500000000.0,0.0,0.0,1134.4
2024-01-02 14:15:00,FLAT,500000000.0,500000000.0,0.0,0.0,1132.6
2024-01-02 14:30:00,FLAT,500000000.0,500000000.0,0.0,0.0,1132.3
2024-01-03 09:00:00,FLAT,500000000.0,500000000.0,0.0,0.0,1127.4
2024-01-03 09:15:00,FLAT,500000000.0,500000000.0,0.0,0.0,1127.6
2024-01-03 09:30:00,FLAT,500000000.0,500000000.0,0.0,0.0,1129.2
2024-01-03 09:45:00,FLAT,500000000.0,500000000.0,0.0,0.0,1128.5
2024-01-03 10:00:00,FLAT,500000000.0,500000000.0,0.0,0.0,1129.0
2024-01-03 10:15:00,FLAT,500000000.0,500000000.0,0.0,0.0,1129.8
2024-01-03 10:30:00,FLAT,500000000.0,500000000.0,0.0,0.0,1130.5
2024-01-03 10:45:00,FLAT,500000000.0,500000000.0,0.0,0.0,1133.8
2024-01-03 11:00:00,FLAT,500000000.0,500000000.0,0.0,0.0,1133.6
2024-01-03 11:15:00,FLAT,500000000.0,500000000.0,0.0,0.0,1133.6
2024-01-03 13:00:00,FLAT,500000000.0,500000000.0,0.0,0.0,1133.6
2024-01-03 13:15:00,FLAT,500000000.0,500000000.0,0.0,0.0,1133.8
2024-01-03 13:30:00,FLAT,500000000.0,500000000.0,0.0,0.0,1136.1
2024-01-03 13:45:00,FLAT,500000000.0,500000000.0,0.0,0.0,1136.2
2024-01-03 14:00:00,LONG,499829609.9683333,499096065.52388877,-733544.444444533,0.0,1135.2
2024-01-03 14:15:00,FLAT,505324825.52388865,505324825.52388865,0.0,0.0,1142.1
2024-01-03 14:30:00,FLAT,505324825.52388865,505324825.52388865,0.0,0.0,1144.0
2024-01-04 09:00:00,FLAT,505324825.52388865,505324825.52388865,0.0,0.0,1146.5
2024-01-04 09:15:00,FLAT,505324825.52388865,505324825.52388865,0.0,0.0,1146.4
2024-01-04 09:30:00,FLAT,505324825.52388865,505324825.52388865,0.0,0.0,1147.5
2024-01-04 09:45:00,FLAT,505324825.52388865,505324825.52388865,0.0,0.0,1148.3
2024-01-04 10:00:00,FLAT,505324825.52388865,505324825.52388865,0.0,0.0,1147.9
2024-01-04 10:15:00,FLAT,505324825.52388865,505324825.52388865,0.0,0.0,1148.6
2024-01-04 10:30:00,FLAT,505324825.52388865,505324825.52388865,0.0,0.0,1149.8
2024-01-04 10:45:00,FLAT,505324825.52388865,505324825.52388865,0.0,0.0,1153.0
2024-01-04 11:00:00,FLAT,505324825.52388865,505324825.52388865,0.0,0.0,1157.0
2024-01-04 11:15:00,FLAT,505324825.52388865,505324825.52388865,0.0,0.0,1163.5
2024-01-04 13:00:00,FLAT,505324825.52388865,505324825.52388865,0.0,0.0,1159.8
2024-01-04 13:15:00,FLAT,505324825.52388865,505324825.52388865,0.0,0.0,1167.1
2024-01-04 13:30:00,FLAT,505324825.52388865,505324825.52388865,0.0,0.0,1166.8
2024-01-04 13:45:00,LONG,505149857.19107825,506194305.12182623,1044447.9307479924,0.0,1167.5
2024-01-04 14:00:00,LONG,505149857.19107825,506594305.12182635,1444447.9307480834,0.0,1167.9
2024-01-04 14:15:00,FLAT,502419720.12182635,502419720.12182635,0.0,0.0,1159.5
2024-01-04 14:30:00,FLAT,502419720.12182635,502419720.12182635,0.0,0.0,1158.1
2024-01-05 09:00:00,FLAT,502419720.12182635,502419720.12182635,0.0,0.0,1161.0
2024-01-05 09:15:00,FLAT,502419720.12182635,502419720.12182635,0.0,0.0,1160.8
2024-01-05 09:30:00,FLAT,502419720.12182635,502419720.12182635,0.0,0.0,1161.0
2024-01-05 09:45:00,FLAT,502419720.12182635,502419720.12182635,0.0,0.0,1161.4
2024-01-05 10:00:00,FLAT,502419720.12182635,502419720.12182635,0.0,0.0,1161.7
2024-01-05 10:15:00,FLAT,502419720.12182635,502419720.12182635,0.0,0.0,1161.3
2024-01-05 10:30:00,FLAT,502419720.12182635,502419720.12182635,0.0,0.0,1157.1
2024-01-05 10:45:00,FLAT,502419720.12182635,502419720.12182635,0.0,0.0,1156.8
2024-01-05 11:00:00,FLAT,502419720.12182635,502419720.12182635,0.0,0.0,1156.1
2024-01-05 11:15:00,FLAT,502419720.12182635,502419720.12182635,0.0,0.0,1157.3
2024-01-05 13:00:00,FLAT,502419720.12182635,502419720.12182635,0.0,0.0,1156.3
2024-01-05 13:15:00,FLAT,502419720.12182635,502419720.12182635,0.0,0.0,1158.9
2024-01-05 13:30:00,FLAT,502419720.12182635,502419720.12182635,0.0,0.0,1157.1
2024-01-05 13:45:00,FLAT,502419720.12182635,502419720.12182635,0.0,0.0,1157.8
2024-01-05 14:00:00,FLAT,502419720.12182635,502419720.12182635,0.0,0.0,1156.0
2024-01-05 14:15:00,FLAT,502419720.12182635,502419720.12182635,0.0,0.0,1163.4
2024-01-05 14:30:00,FLAT,502419720.12182635,502419720.12182635,0.0,0.0,1163.1
2024-01-08 09:00:00,FLAT,502419720.12182635,502419720.12182635,0.0,0.0,1169.1
2024-01-08 09:15:00,FLAT,502419720.12182635,502419720.12182635,0.0,0.0,1171.3
2024-01-08 09:30:00,FLAT,502419720.12182635,502419720.12182635,0.0,0.0,1169.7
2024-01-08 09:45:00,FLAT,502419720.12182635,502419720.12182635,0.0,0.0,1170.2
2024-01-08 10:00:00,FLAT,502419720.12182635,502419720.12182635,0.0,0.0,1170.0
2024-01-08 10:15:00,FLAT,502419720.12182635,502419720.12182635,0.0,0.0,1171.2
2024-01-08 10:30:00,FLAT,502419720.12182635,502419720.12182635,0.0,0.0,1169.1
2024-01-08 10:45:00,FLAT,502419720.12182635,502419720.12182635,0.0,0.0,1166.3
2024-01-08 11:00:00,FLAT,502419720.12182635,502419720.12182635,0.0,0.0,1166.7
2024-01-08 11:15:00,FLAT,502419720.12182635,502419720.12182635,0.0,0.0,1166.0
2024-01-08 13:00:00,FLAT,502419720.12182635,502419720.12182635,0.0,0.0,1165.7
2024-01-08 13:15:00,FLAT,502419720.12182635,502419720.12182635,0.0,0.0,1164.0
2024-01-08 13:30:00,FLAT,502419720.12182635,502419720.12182635,0.0,0.0,1162.7
2024-01-08 13:45:00,FLAT,502419720.12182635,502419720.12182635,0.0,0.0,1166.7
2024-01-08 14:00:00,FLAT,502419720.12182635,502419720.12182635,0.0,0.0,1164.1
2024-01-08 14:15:00,FLAT,502419720.12182635,502419720.12182635,0.0,0.0,1166.2
2024-01-08 14:30:00,FLAT,502419720.12182635,502419720.12182635,0.0,0.0,1166.8
2024-01-09 09:00:00,FLAT,502419720.12182635,502419720.12182635,0.0,0.0,1163.7
2024-01-09 09:15:00,FLAT,502419720.12182635,502419720.12182635,0.0,0.0,1161.9
2024-01-09 09:30:00,FLAT,502419720.12182635,502419720.12182635,0.0,0.0,1162.8
2024-01-09 09:45:00,FLAT,502419720.12182635,502419720.12182635,0.0,0.0,1163.1
2024-01-09 10:00:00,FLAT,502419720.12182635,502419720.12182635,0.0,0.0,1162.6
2024-01-09 10:15:00,FLAT,502419720.12182635,502419720.12182635,0.0,0.0,1163.2
2024-01-09 10:30:00,FLAT,502419720.12182635,502419720.12182635,0.0,0.0,1163.9
2024-01-09 10:45:00,FLAT,502419720.12182635,502419720.12182635,0.0,0.0,1163.5
2024-01-09 11:00:00,FLAT,502419720.12182635,502419720.12182635,0.0,0.0,1162.4
2024-01-09 11:15:00,FLAT,502419720.12182635,502419720.12182635,0.0,0.0,1161.2
2024-01-09 13:00:00,FLAT,502419720.12182635,502419720.12182635,0.0,0.0,1162.6
2024-01-09 13:15:00,FLAT,502419720.12182635,502419720.12182635,0.0,0.0,1162.0
2024-01-09 13:30:00,FLAT,502419720.12182635,502419720.12182635,0.0,0.0,1162.3
2024-01-09 13:45:00,FLAT,502419720.12182635,502419720.12182635,0.0,0.0,1159.8
2024-01-09 14:00:00,FLAT,502419720.12182635,502419720.12182635,0.0,0.0,1164.1
2024-01-09 14:15:00,FLAT,502419720.12182635,502419720.12182635,0.0,0.0,1164.0
2024-01-09 14:30:00,FLAT,502419720.12182635,502419720.12182635,0.0,0.0,1163.7
2024-01-10 09:00:00,FLAT,502419720.12182635,502419720.12182635,0.0,0.0,1162.0
2024-01-10 09:15:00,FLAT,502419720.12182635,502419720.12182635,0.0,0.0,1162.2
2024-01-10 09:30:00,FLAT,502419720.12182635,502419720.12182635,0.0,0.0,1163.1
2024-01-10 09:45:00,FLAT,502419720.12182635,502419720.12182635,0.0,0.0,1163.2
2024-01-10 10:00:00,FLAT,502419720.12182635,502419720.12182635,0.0,0.0,1163.6
2024-01-10 10:15:00,FLAT,502419720.12182635,502419720.12182635,0.0,0.0,1164.4
2024-01-10 10:30:00,FLAT,502419720.12182635,502419720.12182635,0.0,0.0,1169.2
2024-01-10 10:45:00,FLAT,502419720.12182635,502419720.12182635,0.0,0.0,1168.1
2024-01-10 11:00:00,FLAT,502419720.12182635,502419720.12182635,0.0,0.0,1168.3
2024-01-10 11:15:00,FLAT,502419720.12182635,502419720.12182635,0.0,0.0,1166.4
2024-01-10 13:00:00,FLAT,502419720.12182635,502419720.12182635,0.0,0.0,1164.3
2024-01-10 13:15:00,FLAT,502419720.12182635,502419720.12182635,0.0,0.0,1162.7
2024-01-10 13:30:00,FLAT,502419720.12182635,502419720.12182635,0.0,0.0,1162.8
2024-01-10 13:45:00,FLAT,502419720.12182635,502419720.12182635,0.0,0.0,1164.0
2024-01-10 14:00:00,FLAT,502419720.12182635,502419720.12182635,0.0,0.0,1163.1
2024-01-10 14:15:00,FLAT,502419720.12182635,502419720.12182635,0.0,0.0,1163.8
2024-01-10 14:30:00,FLAT,502419720.12182635,502419720.12182635,0.0,0.0,1163.9
2024-01-11 09:00:00,FLAT,502419720.12182635,502419720.12182635,0.0,0.0,1166.2
2024-01-11 09:15:00,FLAT,502419720.12182635,502419720.12182635,0.0,0.0,1166.1
2024-01-11 09:30:00,FLAT,502419720.12182635,502419720.12182635,0.0,0.0,1167.3
2024-01-11 09:45:00,FLAT,502419720.12182635,502419720.12182635,0.0,0.0,1174.0
2024-01-11 10:00:00,FLAT,502419720.12182635,502419720.12182635,0.0,0.0,1172.6
2024-01-11 10:15:00,FLAT,502419720.12182635,502419720.12182635,0.0,0.0,1173.4
2024-01-11 10:30:00,FLAT,502419720.12182635,502419720.12182635,0.0,0.0,1174.8
2024-01-11 10:45:00,FLAT,502419720.12182635,502419720.12182635,0.0,0.0,1175.0
2024-01-11 11:00:00,FLAT,502419720.12182635,502419720.12182635,0.0,0.0,1173.2
2024-01-11 11:15:00,FLAT,502419720.12182635,502419720.12182635,0.0,0.0,1170.3
2024-01-11 13:00:00,FLAT,502419720.12182635,502419720.12182635,0.0,0.0,1170.8
2024-01-11 13:15:00,FLAT,502419720.12182635,502419720.12182635,0.0,0.0,1169.1
2024-01-11 13:30:00,FLAT,502419720.12182635,502419720.12182635,0.0,0.0,1167.5
2024-01-11 13:45:00,FLAT,502419720.12182635,502419720.12182635,0.0,0.0,1167.1
2024-01-11 14:00:00,SHORT,502244700.12182635,506144700.12182623,3899999.9999998636,0.0,1162.9
2024-01-11 14:15:00,FLAT,503769935.1218264,503769935.1218264,0.0,0.0,1164.6
2024-01-11 14:30:00,FLAT,503769935.1218264,503769935.1218264,0.0,0.0,1166.5
2024-01-12 09:00:00,FLAT,503769935.1218264,503769935.1218264,0.0,0.0,1160.1
2024-01-12 09:15:00,FLAT,503769935.1218264,503769935.1218264,0.0,0.0,1154.5
2024-01-12 09:30:00,FLAT,503769935.1218264,503769935.1218264,0.0,0.0,1153.9
2024-01-12 09:45:00,FLAT,503769935.1218264,503769935.1218264,0.0,0.0,1155.3
2024-01-12 10:00:00,SHORT,503596381.7559415,504118820.988636,522439.2326945235,0.0,1156.5
2024-01-12 10:15:00,SHORT,503596381.7559415,502718820.98863596,-877560.7673055674,0.0,1157.9
2024-01-12 10:30:00,FLAT,500644850.9886361,500644850.9886361,0.0,0.0,1160.8
2024-01-12 10:45:00,FLAT,500644850.9886361,500644850.9886361,0.0,0.0,1164.5
2024-01-12 11:00:00,FLAT,500644850.9886361,500644850.9886361,0.0,0.0,1164.3
2024-01-12 11:15:00,FLAT,500644850.9886361,500644850.9886361,0.0,0.0,1164.3
2024-01-12 13:00:00,FLAT,500644850.9886361,500644850.9886361,0.0,0.0,1164.2
2024-01-12 13:15:00,FLAT,500644850.9886361,500644850.9886361,0.0,0.0,1166.7
2024-01-12 13:30:00,FLAT,500644850.9886361,500644850.9886361,0.0,0.0,1165.4
2024-01-12 13:45:00,FLAT,500644850.9886361,500644850.9886361,0.0,0.0,1165.6
2024-01-12 14:00:00,FLAT,500644850.9886361,500644850.9886361,0.0,0.0,1165.4
2024-01-12 14:15:00,FLAT,500644850.9886361,500644850.9886361,0.0,0.0,1165.7
2024-01-12 14:30:00,FLAT,500644850.9886361,500644850.9886361,0.0,0.0,1168.0
2024-01-15 09:00:00,FLAT,500644850.9886361,500644850.9886361,0.0,0.0,1173.4
2024-01-15 09:15:00,FLAT,500644850.9886361,500644850.9886361,0.0,0.0,1172.0
2024-01-15 09:30:00,FLAT,500644850.9886361,500644850.9886361,0.0,0.0,1171.4
2024-01-15 09:45:00,FLAT,500644850.9886361,500644850.9886361,0.0,0.0,1171.4
2024-01-15 10:00:00,FLAT,500644850.9886361,500644850.9886361,0.0,0.0,1170.4
2024-01-15 10:15:00,FLAT,500644850.9886361,500644850.9886361,0.0,0.0,1171.0
2024-01-15 10:30:00,FLAT,500644850.9886361,500644850.9886361,0.0,0.0,1170.0
2024-01-15 10:45:00,FLAT,500644850.9886361,500644850.9886361,0.0,0.0,1170.2
2024-01-15 11:00:00,FLAT,500644850.9886361,500644850.9886361,0.0,0.0,1169.8
2024-01-15 11:15:00,FLAT,500644850.9886361,500644850.9886361,0.0,0.0,1170.1
2024-01-15 13:00:00,FLAT,500644850.9886361,500644850.9886361,0.0,0.0,1170.0
2024-01-15 13:15:00,FLAT,500644850.9886361,500644850.9886361,0.0,0.0,1170.9
2024-01-15 13:30:00,FLAT,500644850.9886361,500644850.9886361,0.0,0.0,1169.4
2024-01-15 13:45:00,FLAT,500644850.9886361,500644850.9886361,0.0,0.0,1170.0
2024-01-15 14:00:00,FLAT,500644850.9886361,500644850.9886361,0.0,0.0,1168.4
2024-01-15 14:15:00,FLAT,500644850.9886361,500644850.9886361,0.0,0.0,1163.7
2024-01-15 14:30:00,FLAT,500644850.9886361,500644850.9886361,0.0,0.0,1164.4
2024-01-16 09:00:00,FLAT,500644850.9886361,500644850.9886361,0.0,0.0,1158.4
2024-01-16 09:15:00,FLAT,500644850.9886361,500644850.9886361,0.0,0.0,1161.5
2024-01-16 09:30:00,FLAT,500644850.9886361,500644850.9886361,0.0,0.0,1159.1
2024-01-16 09:45:00,FLAT,500644850.9886361,500644850.9886361,0.0,0.0,1159.6
2024-01-16 10:00:00,FLAT,500644850.9886361,500644850.9886361,0.0,0.0,1159.9
2024-01-16 10:15:00,FLAT,500644850.9886361,500644850.9886361,0.0,0.0,1160.6
2024-01-16 10:30:00,FLAT,500644850.9886361,500644850.9886361,0.0,0.0,1159.5
2024-01-16 10:45:00,FLAT,500644850.9886361,500644850.9886361,0.0,0.0,1163.0
2024-01-16 11:00:00,FLAT,500644850.9886361,500644850.9886361,0.0,0.0,1162.4
2024-01-16 11:15:00,FLAT,500644850.9886361,500644850.9886361,0.0,0.0,1162.8
2024-01-16 13:00:00,FLAT,500644850.9886361,500644850.9886361,0.0,0.0,1162.0
2024-01-16 13:15:00,FLAT,500644850.9886361,500644850.9886361,0.0,0.0,1162.9
2024-01-16 13:30:00,FLAT,500644850.9886361,500644850.9886361,0.0,0.0,1162.9
2024-01-16 13:45:00,FLAT,500644850.9886361,500644850.9886361,0.0,0.0,1161.3
2024-01-16 14:00:00,FLAT,500644850.9886361,500644850.9886361,0.0,0.0,1163.7
2024-01-16 14:15:00,FLAT,500644850.9886361,500644850.9886361,0.0,0.0,1170.0
2024-01-16 14:30:00,FLAT,500644850.9886361,500644850.9886361,0.0,0.0,1170.9
2024-01-17 09:00:00,FLAT,500644850.9886361,500644850.9886361,0.0,0.0,1170.4
2024-01-17 09:15:00,FLAT,500644850.9886361,500644850.9886361,0.0,0.0,1170.0
2024-01-17 09:30:00,FLAT,500644850.9886361,500644850.9886361,0.0,0.0,1172.3
2024-01-17 09:45:00,FLAT,500644850.9886361,500644850.9886361,0.0,0.0,1172.3
2024-01-17 10:00:00,FLAT,500644850.9886361,500644850.9886361,0.0,0.0,1173.5
2024-01-17 10:15:00,FLAT,500644850.9886361,500644850.9886361,0.0,0.0,1177.9
2024-01-17 10:30:00,FLAT,500644850.9886361,500644850.9886361,0.0,0.0,1177.1
2024-01-17 10:45:00,FLAT,500644850.9886361,500644850.9886361,0.0,0.0,1177.5
2024-01-17 11:00:00,FLAT,500644850.9886361,500644850.9886361,0.0,0.0,1177.4
2024-01-17 11:15:00,FLAT,500644850.9886361,500644850.9886361,0.0,0.0,1176.5
2024-01-17 13:00:00,FLAT,500644850.9886361,500644850.9886361,0.0,0.0,1172.6
2024-01-17 13:15:00,FLAT,500644850.9886361,500644850.9886361,0.0,0.0,1171.0
2024-01-17 13:30:00,FLAT,500644850.9886361,500644850.9886361,0.0,0.0,1170.0
2024-01-17 13:45:00,SHORT,500469340.7076643,500637880.51938677,168539.81172243948,0.0,1169.9
2024-01-17 14:00:00,SHORT,500469340.7076643,503237880.5193869,2768539.8117225757,0.0,1167.3
2024-01-17 14:15:00,FLAT,504763040.51938695,504763040.51938695,0.0,0.0,1165.1
2024-01-17 14:30:00,FLAT,504763040.51938695,504763040.51938695,0.0,0.0,1166.9
2024-01-18 09:00:00,FLAT,504763040.51938695,504763040.51938695,0.0,0.0,1169.1
2024-01-18 09:15:00,FLAT,504763040.51938695,504763040.51938695,0.0,0.0,1169.3
2024-01-18 09:30:00,FLAT,504763040.51938695,504763040.51938695,0.0,0.0,1168.2
2024-01-18 09:45:00,FLAT,504763040.51938695,504763040.51938695,0.0,0.0,1170.6
2024-01-18 10:00:00,FLAT,504763040.51938695,504763040.51938695,0.0,0.0,1169.3
2024-01-18 10:15:00,FLAT,504763040.51938695,504763040.51938695,0.0,0.0,1169.2
2024-01-18 10:30:00,FLAT,504763040.51938695,504763040.51938695,0.0,0.0,1167.2
2024-01-18 10:45:00,FLAT,504763040.51938695,504763040.51938695,0.0,0.0,1167.2
2024-01-18 11:00:00,FLAT,504763040.51938695,504763040.51938695,0.0,0.0,1167.0
2024-01-18 11:15:00,FLAT,504763040.51938695,504763040.51938695,0.0,0.0,1168.4
2024-01-18 13:00:00,FLAT,504763040.51938695,504763040.51938695,0.0,0.0,1169.5
2024-01-18 13:15:00,FLAT,504763040.51938695,504763040.51938695,0.0,0.0,1171.7
2024-01-18 13:30:00,FLAT,504763040.51938695,504763040.51938695,0.0,0.0,1173.3
2024-01-18 13:45:00,FLAT,504763040.51938695,504763040.51938695,0.0,0.0,1175.5
2024-01-18 14:00:00,FLAT,504763040.51938695,504763040.51938695,0.0,0.0,1175.2
2024-01-18 14:15:00,FLAT,504763040.51938695,504763040.51938695,0.0,0.0,1172.9
2024-01-18 14:30:00,FLAT,504763040.51938695,504763040.51938695,0.0,0.0,1173.0
2024-01-19 09:00:00,FLAT,504763040.51938695,504763040.51938695,0.0,0.0,1181.6
2024-01-19 09:15:00,FLAT,504763040.51938695,504763040.51938695,0.0,0.0,1184.4
2024-01-19 09:30:00,FLAT,504763040.51938695,504763040.51938695,0.0,0.0,1184.0
2024-01-19 09:45:00,FLAT,504763040.51938695,504763040.51938695,0.0,0.0,1183.5
2024-01-19 10:00:00,FLAT,504763040.51938695,504763040.51938695,0.0,0.0,1187.5
2024-01-19 10:15:00,FLAT,504763040.51938695,504763040.51938695,0.0,0.0,1184.6
2024-01-19 10:30:00,LONG,504585307.80700135,504400558.5698622,-184749.23713915813,0.0,1184.7
2024-01-19 10:45:00,LONG,504585307.80700135,505300558.56986207,715250.7628607054,0.0,1185.6
2024-01-19 11:00:00,LONG,504585307.80700135,504700558.5698621,115250.76286079639,0.0,1185.0
2024-01-19 11:15:00,LONG,504585307.80700135,504200558.5698621,-384749.2371392036,0.0,1184.5
2024-01-19 13:00:00,LONG,504585307.80700135,504900558.5698622,315250.7628608419,0.0,1185.2
2024-01-19 13:15:00,LONG,504585307.80700135,504700558.5698621,115250.76286079639,0.0,1185.0
2024-01-19 13:30:00,LONG,504585307.80700135,503400558.5698622,-1184749.2371391582,0.0,1183.7
2024-01-19 13:45:00,FLAT,501823213.5698621,501823213.5698621,0.0,0.0,1182.6
2024-01-19 14:00:00,FLAT,501823213.5698621,501823213.5698621,0.0,0.0,1185.1
2024-01-19 14:15:00,FLAT,501823213.5698621,501823213.5698621,0.0,0.0,1187.0
2024-01-19 14:30:00,FLAT,501823213.5698621,501823213.5698621,0.0,0.0,1188.4
2024-01-22 09:00:00,FLAT,501823213.5698621,501823213.5698621,0.0,0.0,1195.7
2024-01-22 09:15:00,FLAT,501823213.5698621,501823213.5698621,0.0,0.0,1192.6
2024-01-22 09:30:00,FLAT,501823213.5698621,501823213.5698621,0.0,0.0,1194.2
2024-01-22 09:45:00,FLAT,501823213.5698621,501823213.5698621,0.0,0.0,1190.3
2024-01-22 10:00:00,FLAT,501823213.5698621,501823213.5698621,0.0,0.0,1189.6
2024-01-22 10:15:00,FLAT,501823213.5698621,501823213.5698621,0.0,0.0,1190.7
2024-01-22 10:30:00,FLAT,501823213.5698621,501823213.5698621,0.0,0.0,1190.6
2024-01-22 10:45:00,FLAT,501823213.5698621,501823213.5698621,0.0,0.0,1190.2
2024-01-22 11:00:00,FLAT,501823213.5698621,501823213.5698621,0.0,0.0,1189.5
2024-01-22 11:15:00,FLAT,501823213.5698621,501823213.5698621,0.0,0.0,1189.4
2024-01-22 13:00:00,FLAT,501823213.5698621,501823213.5698621,0.0,0.0,1189.8
2024-01-22 13:15:00,FLAT,501823213.5698621,501823213.5698621,0.0,0.0,1190.0
2024-01-22 13:30:00,FLAT,501823213.5698621,501823213.5698621,0.0,0.0,1189.0
2024-01-22 13:45:00,FLAT,501823213.5698621,501823213.5698621,0.0,0.0,1188.8
2024-01-22 14:00:00,FLAT,501823213.5698621,501823213.5698621,0.0,0.0,1188.0
2024-01-22 14:15:00,FLAT,501823213.5698621,501823213.5698621,0.0,0.0,1196.0
2024-01-22 14:30:00,FLAT,501823213.5698621,501823213.5698621,0.0,0.0,1197.0
2024-01-23 09:00:00,FLAT,501823213.5698621,501823213.5698621,0.0,0.0,1194.3
2024-01-23 09:15:00,FLAT,501823213.5698621,501823213.5698621,0.0,0.0,1193.2
2024-01-23 09:30:00,FLAT,501823213.5698621,501823213.5698621,0.0,0.0,1193.5
2024-01-23 09:45:00,FLAT,501823213.5698621,501823213.5698621,0.0,0.0,1192.7
2024-01-23 10:00:00,FLAT,501823213.5698621,501823213.5698621,0.0,0.0,1190.7
2024-01-23 10:15:00,FLAT,501823213.5698621,501823213.5698621,0.0,0.0,1190.6
2024-01-23 10:30:00,FLAT,501823213.5698621,501823213.5698621,0.0,0.0,1190.6
2024-01-23 10:45:00,FLAT,501823213.5698621,501823213.5698621,0.0,0.0,1190.4
2024-01-23 11:00:00,FLAT,501823213.5698621,501823213.5698621,0.0,0.0,1190.0
2024-01-23 11:15:00,FLAT,501823213.5698621,501823213.5698621,0.0,0.0,1185.6
2024-01-23 13:00:00,FLAT,501823213.5698621,501823213.5698621,0.0,0.0,1184.5
2024-01-23 13:15:00,FLAT,501823213.5698621,501823213.5698621,0.0,0.0,1185.4
2024-01-23 13:30:00,FLAT,501823213.5698621,501823213.5698621,0.0,0.0,1185.6
2024-01-23 13:45:00,FLAT,501823213.5698621,501823213.5698621,0.0,0.0,1185.5
2024-01-23 14:00:00,FLAT,501823213.5698621,501823213.5698621,0.0,0.0,1183.4
2024-01-23 14:15:00,FLAT,501823213.5698621,501823213.5698621,0.0,0.0,1184.2
2024-01-23 14:30:00,FLAT,501823213.5698621,501823213.5698621,0.0,0.0,1183.7
2024-01-24 09:00:00,FLAT,501823213.5698621,501823213.5698621,0.0,0.0,1185.1
2024-01-24 09:15:00,FLAT,501823213.5698621,501823213.5698621,0.0,0.0,1185.4
2024-01-24 09:30:00,FLAT,501823213.5698621,501823213.5698621,0.0,0.0,1188.6
2024-01-24 09:45:00,LONG,501645035.30078554,501189908.12341046,-455127.1773750614,0.0,1187.4
2024-01-24 10:00:00,LONG,501645035.30078554,501289908.1234104,-355127.1773751523,0.0,1187.5
2024-01-24 10:15:00,LONG,501645035.30078554,500989908.12341046,-655127.1773751068,0.0,1187.2
2024-01-24 10:30:00,FLAT,499112083.1234104,499112083.1234104,0.0,0.0,1184.0
2024-01-24 10:45:00,FLAT,499112083.1234104,499112083.1234104,0.0,0.0,1184.1
2024-01-24 11:00:00,FLAT,499112083.1234104,499112083.1234104,0.0,0.0,1184.3
2024-01-24 11:15:00,FLAT,499112083.1234104,499112083.1234104,0.0,0.0,1187.9
2024-01-24 13:00:00,FLAT,499112083.1234104,499112083.1234104,0.0,0.0,1188.7
2024-01-24 13:15:00,FLAT,499112083.1234104,499112083.1234104,0.0,0.0,1189.4
2024-01-24 13:30:00,FLAT,499112083.1234104,499112083.1234104,0.0,0.0,1187.0
2024-01-24 13:45:00,FLAT,499112083.1234104,499112083.1234104,0.0,0.0,1184.5
2024-01-24 14:00:00,FLAT,499112083.1234104,499112083.1234104,0.0,0.0,1180.9
2024-01-24 14:15:00,FLAT,499112083.1234104,499112083.1234104,0.0,0.0,1181.7
2024-01-24 14:30:00,FLAT,499112083.1234104,499112083.1234104,0.0,0.0,1181.7
2024-01-25 09:00:00,FLAT,499112083.1234104,499112083.1234104,0.0,0.0,1181.2
2024-01-25 09:15:00,FLAT,499112083.1234104,499112083.1234104,0.0,0.0,1181.8
2024-01-25 09:30:00,FLAT,499112083.1234104,499112083.1234104,0.0,0.0,1181.9
2024-01-25 09:45:00,FLAT,499112083.1234104,499112083.1234104,0.0,0.0,1178.7
2024-01-25 10:00:00,SHORT,498935344.61970186,499392036.01001024,456691.3903083787,0.0,1177.8
2024-01-25 10:15:00,SHORT,498935344.61970186,498192036.0100102,-743308.6096916668,0.0,1179.0
2024-01-25 10:30:00,FLAT,496414946.0100103,496414946.0100103,0.0,0.0,1180.8
2024-01-25 10:45:00,FLAT,496414946.0100103,496414946.0100103,0.0,0.0,1179.7
2024-01-25 11:00:00,FLAT,496414946.0100103,496414946.0100103,0.0,0.0,1178.5
2024-01-25 11:15:00,SHORT,496238197.1257697,494664092.0633677,-1574105.0624019408,0.0,1179.9
2024-01-25 13:00:00,FLAT,493787002.0633679,493787002.0633679,0.0,0.0,1180.8
2024-01-25 13:15:00,FLAT,493787002.0633679,493787002.0633679,0.0,0.0,1180.5
2024-01-25 13:30:00,FLAT,493787002.0633679,493787002.0633679,0.0,0.0,1181.4
2024-01-25 13:45:00,FLAT,493787002.0633679,493787002.0633679,0.0,0.0,1178.0
2024-01-25 14:00:00,FLAT,493787002.0633679,493787002.0633679,0.0,0.0,1177.1
2024-01-25 14:15:00,FLAT,491061421.1539733,491061421.1539733,0.0,0.0,1182.6
2024-01-25 14:30:00,FLAT,491061421.1539733,491061421.1539733,0.0,0.0,1182.9
2024-01-26 09:00:00,FLAT,491061421.1539733,491061421.1539733,0.0,0.0,1183.1
2024-01-26 09:15:00,FLAT,491061421.1539733,491061421.1539733,0.0,0.0,1185.0
2024-01-26 09:30:00,FLAT,491061421.1539733,491061421.1539733,0.0,0.0,1185.5
2024-01-26 09:45:00,FLAT,491061421.1539733,491061421.1539733,0.0,0.0,1186.2
2024-01-26 10:00:00,FLAT,491061421.1539733,491061421.1539733,0.0,0.0,1185.7
2024-01-26 10:15:00,LONG,490883547.19505847,491557154.42973554,673607.2346770925,0.0,1186.5
2024-01-26 10:30:00,LONG,490883547.19505847,491657154.4297355,773607.2346770016,0.0,1186.6
2024-01-26 10:45:00,LONG,490883547.19505847,491157154.4297355,273607.23467700154,0.0,1186.1
2024-01-26 11:00:00,LONG,490883547.19505847,491057154.42973554,173607.2346770925,0.0,1186.0
2024-01-26 11:15:00,LONG,490883547.19505847,490957154.42973566,73607.23467718344,0.0,1185.9
2024-01-26 13:00:00,LONG,490883547.19505847,492557154.42973554,1673607.2346770924,0.0,1187.5
2024-01-26 13:15:00,LONG,490883547.19505847,490757154.4297356,-126392.76532286203,0.0,1185.7
2024-01-26 13:30:00,LONG,490883547.19505847,490357154.42973554,-526392.765322953,0.0,1185.3
2024-01-26 13:45:00,LONG,490883547.19505847,490457154.42973566,-426392.76532281656,0.0,1185.4
2024-01-26 14:00:00,LONG,490883547.19505847,490557154.42973554,-326392.7653229075,0.0,1185.5
2024-01-26 14:15:00,FLAT,492279044.42973566,492279044.42973566,0.0,0.0,1187.9
2024-01-26 14:30:00,FLAT,492279044.42973566,492279044.42973566,0.0,0.0,1188.3
2024-01-29 09:00:00,FLAT,492279044.42973566,492279044.42973566,0.0,0.0,1185.7
2024-01-29 09:15:00,FLAT,492279044.42973566,492279044.42973566,0.0,0.0,1186.7
2024-01-29 09:30:00,FLAT,492279044.42973566,492279044.42973566,0.0,0.0,1186.7
2024-01-29 09:45:00,FLAT,492279044.42973566,492279044.42973566,0.0,0.0,1186.4
2024-01-29 10:00:00,FLAT,492279044.42973566,492279044.42973566,0.0,0.0,1187.3
2024-01-29 10:15:00,FLAT,492279044.42973566,492279044.42973566,0.0,0.0,1187.3
2024-01-29 10:30:00,FLAT,492279044.42973566,492279044.42973566,0.0,0.0,1187.5
2024-01-29 10:45:00,FLAT,492279044.42973566,492279044.42973566,0.0,0.0,1186.0
2024-01-29 11:00:00,FLAT,492279044.42973566,492279044.42973566,0.0,0.0,1186.3
2024-01-29 11:15:00,FLAT,492279044.42973566,492279044.42973566,0.0,0.0,1186.5
2024-01-29 13:00:00,FLAT,492279044.42973566,492279044.42973566,0.0,0.0,1186.5
2024-01-29 13:15:00,FLAT,492279044.42973566,492279044.42973566,0.0,0.0,1185.4
2024-01-29 13:30:00,FLAT,492279044.42973566,492279044.42973566,0.0,0.0,1184.5
2024-01-29 13:45:00,FLAT,492279044.42973566,492279044.42973566,0.0,0.0,1185.1
2024-01-29 14:00:00,FLAT,492279044.42973566,492279044.42973566,0.0,0.0,1182.8
2024-01-29 14:15:00,FLAT,492279044.42973566,492279044.42973566,0.0,0.0,1182.5
2024-01-29 14:30:00,FLAT,492279044.42973566,492279044.42973566,0.0,0.0,1183.2
2024-01-30 09:00:00,FLAT,492279044.42973566,492279044.42973566,0.0,0.0,1183.5
2024-01-30 09:15:00,FLAT,492279044.42973566,492279044.42973566,0.0,0.0,1183.5
2024-01-30 09:30:00,FLAT,492279044.42973566,492279044.42973566,0.0,0.0,1183.1
2024-01-30 09:45:00,FLAT,492279044.42973566,492279044.42973566,0.0,0.0,1184.1
2024-01-30 10:00:00,FLAT,492279044.42973566,492279044.42973566,0.0,0.0,1183.5
2024-01-30 10:15:00,FLAT,492279044.42973566,492279044.42973566,0.0,0.0,1184.0
2024-01-30 10:30:00,FLAT,492279044.42973566,492279044.42973566,0.0,0.0,1183.8
2024-01-30 10:45:00,FLAT,492279044.42973566,492279044.42973566,0.0,0.0,1183.5
2024-01-30 11:00:00,FLAT,492279044.42973566,492279044.42973566,0.0,0.0,1183.1
2024-01-30 11:15:00,FLAT,492279044.42973566,492279044.42973566,0.0,0.0,1183.9
2024-01-30 13:00:00,FLAT,492279044.42973566,492279044.42973566,0.0,0.0,1183.7
2024-01-30 13:15:00,FLAT,492279044.42973566,492279044.42973566,0.0,0.0,1183.6
2024-01-30 13:30:00,FLAT,492279044.42973566,492279044.42973566,0.0,0.0,1183.2
2024-01-30 13:45:00,FLAT,492279044.42973566,492279044.42973566,0.0,0.0,1184.5
2024-01-30 14:00:00,FLAT,492279044.42973566,492279044.42973566,0.0,0.0,1183.9
2024-01-30 14:15:00,FLAT,492279044.42973566,492279044.42973566,0.0,0.0,1186.8
2024-01-30 14:30:00,FLAT,492279044.42973566,492279044.42973566,0.0,0.0,1188.0
2024-01-31 09:00:00,FLAT,492279044.42973566,492279044.42973566,0.0,0.0,1187.6
2024-01-31 09:15:00,FLAT,492279044.42973566,492279044.42973566,0.0,0.0,1188.0
2024-01-31 09:30:00,FLAT,492279044.42973566,492279044.42973566,0.0,0.0,1187.0
2024-01-31 09:45:00,FLAT,492279044.42973566,492279044.42973566,0.0,0.0,1186.5
2024-01-31 10:00:00,FLAT,492279044.42973566,492279044.42973566,0.0,0.0,1185.0
2024-01-31 10:15:00,FLAT,492279044.42973566,492279044.42973566,0.0,0.0,1180.6
2024-01-31 10:30:00,FLAT,492279044.42973566,492279044.42973566,0.0,0.0,1180.0
2024-01-31 10:45:00,FLAT,492279044.42973566,492279044.42973566,0.0,0.0,1180.1
2024-01-31 11:00:00,FLAT,492279044.42973566,492279044.42973566,0.0,0.0,1178.3
2024-01-31 11:15:00,FLAT,492279044.42973566,492279044.42973566,0.0,0.0,1178.3
2024-01-31 13:00:00,FLAT,492279044.42973566,492279044.42973566,0.0,0.0,1179.0
2024-01-31 13:15:00,FLAT,492279044.42973566,492279044.42973566,0.0,0.0,1177.8
2024-01-31 13:30:00,FLAT,492279044.42973566,492279044.42973566,0.0,0.0,1176.8
2024-01-31 13:45:00,FLAT,492279044.42973566,492279044.42973566,0.0,0.0,1172.6
2024-01-31 14:00:00,FLAT,492279044.42973566,492279044.42973566,0.0,0.0,1173.8
2024-01-31 14:15:00,FLAT,492279044.42973566,492279044.42973566,0.0,0.0,1167.0
2024-01-31 14:30:00,FLAT,492279044.42973566,492279044.42973566,0.0,0.0,1170.0
2024-02-01 09:00:00,FLAT,492279044.42973566,492279044.42973566,0.0,0.0,1169.8
2024-02-01 09:15:00,FLAT,492279044.42973566,492279044.42973566,0.0,0.0,1170.9
2024-02-01 09:30:00,FLAT,492279044.42973566,492279044.42973566,0.0,0.0,1171.6
2024-02-01 09:45:00,FLAT,492279044.42973566,492279044.42973566,0.0,0.0,1173.2
2024-02-01 10:00:00,FLAT,492279044.42973566,492279044.42973566,0.0,0.0,1173.9
2024-02-01 10:15:00,FLAT,492279044.42973566,492279044.42973566,0.0,0.0,1175.2
2024-02-01 10:30:00,FLAT,492279044.42973566,492279044.42973566,0.0,0.0,1175.9
2024-02-01 10:45:00,FLAT,492279044.42973566,492279044.42973566,0.0,0.0,1177.2
2024-02-01 11:00:00,FLAT,492279044.42973566,492279044.42973566,0.0,0.0,1176.5
2024-02-01 11:15:00,FLAT,492279044.42973566,492279044.42973566,0.0,0.0,1176.4
2024-02-01 13:00:00,FLAT,492279044.42973566,492279044.42973566,0.0,0.0,1175.9
2024-02-01 13:15:00,FLAT,492279044.42973566,492279044.42973566,0.0,0.0,1177.4
2024-02-01 13:30:00,FLAT,492279044.42973566,492279044.42973566,0.0,0.0,1179.8
2024-02-01 13:45:00,FLAT,492279044.42973566,492279044.42973566,0.0,0.0,1177.6
2024-02-01 14:00:00,FLAT,492279044.42973566,492279044.42973566,0.0,0.0,1177.2
2024-02-01 14:15:00,FLAT,492279044.42973566,492279044.42973566,0.0,0.0,1177.6
2024-02-01 14:30:00,FLAT,492279044.42973566,492279044.42973566,0.0,0.0,1177.7
2024-02-02 09:00:00,FLAT,492279044.42973566,492279044.42973566,0.0,0.0,1178.8
2024-02-02 09:15:00,FLAT,492279044.42973566,492279044.42973566,0.0,0.0,1181.5
2024-02-02 09:30:00,FLAT,492279044.42973566,492279044.42973566,0.0,0.0,1180.9
2024-02-02 09:45:00,FLAT,492279044.42973566,492279044.42973566,0.0,0.0,1180.7
2024-02-02 10:00:00,FLAT,492279044.42973566,492279044.42973566,0.0,0.0,1180.2
2024-02-02 10:15:00,FLAT,492279044.42973566,492279044.42973566,0.0,0.0,1178.0
2024-02-02 10:30:00,FLAT,492279044.42973566,492279044.42973566,0.0,0.0,1177.4
2024-02-02 10:45:00,FLAT,492279044.42973566,492279044.42973566,0.0,0.0,1178.0
2024-02-02 11:00:00,FLAT,492279044.42973566,492279044.42973566,0.0,0.0,1177.6
2024-02-02 11:15:00,FLAT,492279044.42973566,492279044.42973566,0.0,0.0,1178.0
2024-02-02 13:00:00,FLAT,492279044.42973566,492279044.42973566,0.0,0.0,1179.3
2024-02-02 13:15:00,FLAT,492279044.42973566,492279044.42973566,0.0,0.0,1179.8
2024-02-02 13:30:00,FLAT,492279044.42973566,492279044.42973566,0.0,0.0,1179.3
2024-02-02 13:45:00,FLAT,492279044.42973566,492279044.42973566,0.0,0.0,1178.3
2024-02-02 14:00:00,FLAT,492279044.42973566,492279044.42973566,0.0,0.0,1178.0
2024-02-02 14:15:00,FLAT,492279044.42973566,492279044.42973566,0.0,0.0,1176.2
2024-02-02 14:30:00,FLAT,492279044.42973566,492279044.42973566,0.0,0.0,1179.5
2024-02-05 09:00:00,FLAT,492279044.42973566,492279044.42973566,0.0,0.0,1182.4
2024-02-05 09:15:00,FLAT,492279044.42973566,492279044.42973566,0.0,0.0,1182.2
2024-02-05 09:30:00,FLAT,492279044.42973566,492279044.42973566,0.0,0.0,1181.7
2024-02-05 09:45:00,FLAT,492279044.42973566,492279044.42973566,0.0,0.0,1185.3
2024-02-05 10:00:00,FLAT,492279044.42973566,492279044.42973566,0.0,0.0,1185.3
2024-02-05 10:15:00,LONG,492101237.00256664,492318389.20913374,217152.206567107,0.0,1185.6
2024-02-05 10:30:00,LONG,492101237.00256664,493618389.2091339,1517152.2065672888,0.0,1186.9
2024-02-05 10:45:00,LONG,492101237.00256664,493118389.2091339,1017152.2065672888,0.0,1186.4
2024-02-05 11:00:00,LONG,492101237.00256664,493518389.2091338,1417152.2065671524,0.0,1186.8
2024-02-05 11:15:00,LONG,492101237.00256664,492918389.20913386,817152.2065672434,0.0,1186.2
2024-02-05 13:00:00,LONG,492101237.00256664,493118389.2091339,1017152.2065672888,0.0,1186.4
2024-02-05 13:15:00,LONG,492101237.00256664,494318389.20913374,2217152.206567107,0.0,1187.6
2024-02-05 13:30:00,LONG,492101237.00256664,497518389.2091338,5417152.206567152,0.0,1190.8
2024-02-05 13:45:00,FLAT,499110469.2115363,499110469.2115363,0.0,0.0,1202.5
2024-02-05 14:00:00,FLAT,499110469.2115363,499110469.2115363,0.0,0.0,1208.4
2024-02-05 14:15:00,FLAT,499110469.2115363,499110469.2115363,0.0,0.0,1203.9
2024-02-05 14:30:00,FLAT,499110469.2115363,499110469.2115363,0.0,0.0,1205.0
2024-02-06 09:00:00,FLAT,499110469.2115363,499110469.2115363,0.0,0.0,1203.4
2024-02-06 09:15:00,FLAT,499110469.2115363,499110469.2115363,0.0,0.0,1204.5
2024-02-06 09:30:00,FLAT,499110469.2115363,499110469.2115363,0.0,0.0,1203.9
2024-02-06 09:45:00,FLAT,499110469.2115363,499110469.2115363,0.0,0.0,1203.6
2024-02-06 10:00:00,FLAT,499110469.2115363,499110469.2115363,0.0,0.0,1202.2
2024-02-06 10:15:00,FLAT,499110469.2115363,499110469.2115363,0.0,0.0,1203.5
2024-02-06 10:30:00,FLAT,499110469.2115363,499110469.2115363,0.0,0.0,1204.3
2024-02-06 10:45:00,FLAT,499110469.2115363,499110469.2115363,0.0,0.0,1203.3
2024-02-06 11:00:00,FLAT,499110469.2115363,499110469.2115363,0.0,0.0,1204.4
2024-02-06 11:15:00,FLAT,499110469.2115363,499110469.2115363,0.0,0.0,1204.0
2024-02-06 13:00:00,FLAT,499110469.2115363,499110469.2115363,0.0,0.0,1204.1
2024-02-06 13:15:00,FLAT,499110469.2115363,499110469.2115363,0.0,0.0,1204.3
2024-02-06 13:30:00,FLAT,499110469.2115363,499110469.2115363,0.0,0.0,1203.5
2024-02-06 13:45:00,FLAT,499110469.2115363,499110469.2115363,0.0,0.0,1202.1
2024-02-06 14:00:00,FLAT,499110469.2115363,499110469.2115363,0.0,0.0,1204.2
2024-02-06 14:15:00,FLAT,499110469.2115363,499110469.2115363,0.0,0.0,1202.5
2024-02-06 14:30:00,FLAT,499110469.2115363,499110469.2115363,0.0,0.0,1204.0
2024-02-07 09:00:00,FLAT,499110469.2115363,499110469.2115363,0.0,0.0,1207.2
2024-02-07 09:15:00,FLAT,499110469.2115363,499110469.2115363,0.0,0.0,1206.5
2024-02-07 09:30:00,FLAT,499110469.2115363,499110469.2115363,0.0,0.0,1207.0
2024-02-07 09:45:00,FLAT,499110469.2115363,499110469.2115363,0.0,0.0,1206.8
2024-02-07 10:00:00,FLAT,499110469.2115363,499110469.2115363,0.0,0.0,1207.1
2024-02-07 10:15:00,FLAT,499110469.2115363,499110469.2115363,0.0,0.0,1206.4
2024-02-07 10:30:00,FLAT,499110469.2115363,499110469.2115363,0.0,0.0,1207.0
2024-02-07 10:45:00,FLAT,499110469.2115363,499110469.2115363,0.0,0.0,1209.0
2024-02-07 11:00:00,LONG,498929047.0254909,498547806.7228898,-381240.3026010998,0.0,1209.1
2024-02-07 11:15:00,LONG,498929047.0254909,498247806.72288984,-681240.3026010543,0.0,1208.8
2024-02-07 13:00:00,LONG,498929047.0254909,498947806.7228899,18759.697398991193,0.0,1209.5
2024-02-07 13:15:00,LONG,498929047.0254909,501947806.7228899,3018759.6973989913,0.0,1212.5
2024-02-07 13:30:00,FLAT,505926857.8341442,505926857.8341442,0.0,0.0,1216.1
2024-02-07 13:45:00,FLAT,505926857.8341442,505926857.8341442,0.0,0.0,1217.9
2024-02-07 14:00:00,FLAT,505926857.8341442,505926857.8341442,0.0,0.0,1218.2
2024-02-07 14:15:00,FLAT,505926857.8341442,505926857.8341442,0.0,0.0,1216.7
2024-02-07 14:30:00,FLAT,505926857.8341442,505926857.8341442,0.0,0.0,1220.9
2024-02-15 09:00:00,FLAT,505926857.8341442,505926857.8341442,0.0,0.0,1221.7
2024-02-15 09:15:00,FLAT,505926857.8341442,505926857.8341442,0.0,0.0,1221.6
2024-02-15 09:30:00,FLAT,505926857.8341442,505926857.8341442,0.0,0.0,1222.3
2024-02-15 09:45:00,FLAT,505926857.8341442,505926857.8341442,0.0,0.0,1222.5
2024-02-15 10:00:00,FLAT,505926857.8341442,505926857.8341442,0.0,0.0,1222.3
2024-02-15 10:15:00,FLAT,505926857.8341442,505926857.8341442,0.0,0.0,1221.5
2024-02-15 10:30:00,FLAT,505926857.8341442,505926857.8341442,0.0,0.0,1220.9
2024-02-15 10:45:00,FLAT,505926857.8341442,505926857.8341442,0.0,0.0,1221.6
2024-02-15 11:00:00,FLAT,505926857.8341442,505926857.8341442,0.0,0.0,1222.4
2024-02-15 11:15:00,FLAT,505926857.8341442,505926857.8341442,0.0,0.0,1222.0
2024-02-15 13:00:00,FLAT,505926857.8341442,505926857.8341442,0.0,0.0,1222.9
2024-02-15 13:15:00,FLAT,505926857.8341442,505926857.8341442,0.0,0.0,1222.0
2024-02-15 13:30:00,FLAT,505926857.8341442,505926857.8341442,0.0,0.0,1223.8
2024-02-15 13:45:00,FLAT,505926857.8341442,505926857.8341442,0.0,0.0,1226.4
2024-02-15 14:00:00,LONG,505743038.0423147,504777759.17908835,-965278.863226331,0.0,1224.5
2024-02-15 14:15:00,FLAT,503494249.1790885,503494249.1790885,0.0,0.0,1218.7
2024-02-15 14:30:00,FLAT,503494249.1790885,503494249.1790885,0.0,0.0,1217.5
2024-02-16 09:00:00,FLAT,503494249.1790885,503494249.1790885,0.0,0.0,1229.0
2024-02-16 09:15:00,FLAT,503494249.1790885,503494249.1790885,0.0,0.0,1227.5
2024-02-16 09:30:00,FLAT,503494249.1790885,503494249.1790885,0.0,0.0,1227.7
2024-02-16 09:45:00,FLAT,503494249.1790885,503494249.1790885,0.0,0.0,1226.7
2024-02-16 10:00:00,FLAT,503494249.1790885,503494249.1790885,0.0,0.0,1227.0
2024-02-16 10:15:00,FLAT,503494249.1790885,503494249.1790885,0.0,0.0,1227.5
2024-02-16 10:30:00,FLAT,503494249.1790885,503494249.1790885,0.0,0.0,1228.3
2024-02-16 10:45:00,FLAT,503494249.1790885,503494249.1790885,0.0,0.0,1226.1
2024-02-16 11:00:00,FLAT,503494249.1790885,503494249.1790885,0.0,0.0,1224.2
2024-02-16 11:15:00,FLAT,503494249.1790885,503494249.1790885,0.0,0.0,1225.2
2024-02-16 13:00:00,FLAT,503494249.1790885,503494249.1790885,0.0,0.0,1225.3
2024-02-16 13:15:00,FLAT,503494249.1790885,503494249.1790885,0.0,0.0,1225.6
2024-02-16 13:30:00,FLAT,503494249.1790885,503494249.1790885,0.0,0.0,1226.1
2024-02-16 13:45:00,FLAT,503494249.1790885,503494249.1790885,0.0,0.0,1226.1
2024-02-16 14:00:00,FLAT,503494249.1790885,503494249.1790885,0.0,0.0,1226.6
2024-02-16 14:15:00,FLAT,503494249.1790885,503494249.1790885,0.0,0.0,1230.1
2024-02-16 14:30:00,FLAT,503494249.1790885,503494249.1790885,0.0,0.0,1231.4
2024-02-19 09:00:00,FLAT,503494249.1790885,503494249.1790885,0.0,0.0,1231.7
2024-02-19 09:15:00,FLAT,503494249.1790885,503494249.1790885,0.0,0.0,1232.1
2024-02-19 09:30:00,FLAT,503494249.1790885,503494249.1790885,0.0,0.0,1232.0
2024-02-19 09:45:00,FLAT,503494249.1790885,503494249.1790885,0.0,0.0,1233.6
2024-02-19 10:00:00,FLAT,503494249.1790885,503494249.1790885,0.0,0.0,1236.0
2024-02-19 10:15:00,FLAT,503494249.1790885,503494249.1790885,0.0,0.0,1234.8
2024-02-19 10:30:00,FLAT,503494249.1790885,503494249.1790885,0.0,0.0,1235.0
2024-02-19 10:45:00,FLAT,503494249.1790885,503494249.1790885,0.0,0.0,1234.3
2024-02-19 11:00:00,FLAT,503494249.1790885,503494249.1790885,0.0,0.0,1232.8
2024-02-19 11:15:00,FLAT,503494249.1790885,503494249.1790885,0.0,0.0,1232.6
2024-02-19 13:00:00,FLAT,503494249.1790885,503494249.1790885,0.0,0.0,1233.3
2024-02-19 13:15:00,FLAT,503494249.1790885,503494249.1790885,0.0,0.0,1235.9
2024-02-19 13:30:00,LONG,503308835.1496121,503815305.3073247,506470.1577125561,0.0,1236.6
2024-02-19 13:45:00,LONG,503308835.1496121,506115305.3073249,2806470.157712738,0.0,1238.9
2024-02-19 14:00:00,LONG,503308835.1496121,505915305.3073248,2606470.1577126924,0.0,1238.7
2024-02-19 14:15:00,FLAT,509628915.3073247,509628915.3073247,0.0,0.0,1243.1
2024-02-19 14:30:00,FLAT,509628915.3073247,509628915.3073247,0.0,0.0,1243.1
2024-02-20 09:00:00,FLAT,509628915.3073247,509628915.3073247,0.0,0.0,1240.4
2024-02-20 09:15:00,FLAT,509628915.3073247,509628915.3073247,0.0,0.0,1240.5
2024-02-20 09:30:00,FLAT,509628915.3073247,509628915.3073247,0.0,0.0,1238.8
2024-02-20 09:45:00,FLAT,509628915.3073247,509628915.3073247,0.0,0.0,1239.5
2024-02-20 10:00:00,FLAT,509628915.3073247,509628915.3073247,0.0,0.0,1240.0
2024-02-20 10:15:00,FLAT,509628915.3073247,509628915.3073247,0.0,0.0,1240.4
2024-02-20 10:30:00,FLAT,509628915.3073247,509628915.3073247,0.0,0.0,1241.3
2024-02-20 10:45:00,FLAT,509628915.3073247,509628915.3073247,0.0,0.0,1242.2
2024-02-20 11:00:00,FLAT,509628915.3073247,509628915.3073247,0.0,0.0,1240.1
2024-02-20 11:15:00,FLAT,509628915.3073247,509628915.3073247,0.0,0.0,1240.3
2024-02-20 13:00:00,FLAT,509628915.3073247,509628915.3073247,0.0,0.0,1242.1
2024-02-20 13:15:00,FLAT,509628915.3073247,509628915.3073247,0.0,0.0,1240.2
2024-02-20 13:30:00,FLAT,509628915.3073247,509628915.3073247,0.0,0.0,1241.3
2024-02-20 13:45:00,FLAT,509628915.3073247,509628915.3073247,0.0,0.0,1240.9
2024-02-20 14:00:00,FLAT,509628915.3073247,509628915.3073247,0.0,0.0,1240.8
2024-02-20 14:15:00,FLAT,509628915.3073247,509628915.3073247,0.0,0.0,1240.9
2024-02-20 14:30:00,FLAT,509628915.3073247,509628915.3073247,0.0,0.0,1241.5
2024-02-21 09:00:00,FLAT,509628915.3073247,509628915.3073247,0.0,0.0,1237.3
2024-02-21 09:15:00,FLAT,509628915.3073247,509628915.3073247,0.0,0.0,1238.7
2024-02-21 09:30:00,FLAT,509628915.3073247,509628915.3073247,0.0,0.0,1240.9
2024-02-21 09:45:00,LONG,509442787.763793,509692497.5523112,249709.7885182029,0.0,1241.1
2024-02-21 10:00:00,LONG,509442787.763793,515492497.55231136,6049709.788518385,0.0,1246.9
2024-02-21 10:15:00,LONG,509442787.763793,514592497.5523113,5149709.788518294,0.0,1246.0
2024-02-21 10:30:00,FLAT,509371231.1496471,509371231.1496471,0.0,0.0,1242.2
2024-02-21 10:45:00,LONG,509185081.35271174,509286435.1168265,101353.76411471952,0.0,1241.1
2024-02-21 11:00:00,FLAT,506600645.1168265,506600645.1168265,0.0,0.0,1238.3
2024-02-21 11:15:00,FLAT,506600645.1168265,506600645.1168265,0.0,0.0,1237.8
2024-02-21 13:00:00,FLAT,506600645.1168265,506600645.1168265,0.0,0.0,1238.9
2024-02-21 13:15:00,FLAT,506600645.1168265,506600645.1168265,0.0,0.0,1238.5
2024-02-21 13:30:00,FLAT,506600645.1168265,506600645.1168265,0.0,0.0,1238.6
2024-02-21 13:45:00,FLAT,506600645.1168265,506600645.1168265,0.0,0.0,1240.1
2024-02-21 14:00:00,FLAT,506600645.1168265,506600645.1168265,0.0,0.0,1240.4
2024-02-21 14:15:00,FLAT,506600645.1168265,506600645.1168265,0.0,0.0,1243.2
2024-02-21 14:30:00,FLAT,506600645.1168265,506600645.1168265,0.0,0.0,1242.6
2024-02-22 09:00:00,FLAT,506600645.1168265,506600645.1168265,0.0,0.0,1240.8
2024-02-22 09:15:00,FLAT,506600645.1168265,506600645.1168265,0.0,0.0,1240.6
2024-02-22 09:30:00,FLAT,506600645.1168265,506600645.1168265,0.0,0.0,1239.7
2024-02-22 09:45:00,FLAT,506600645.1168265,506600645.1168265,0.0,0.0,1240.8
2024-02-22 10:00:00,FLAT,506600645.1168265,506600645.1168265,0.0,0.0,1239.4
2024-02-22 10:15:00,FLAT,506600645.1168265,506600645.1168265,0.0,0.0,1239.8
2024-02-22 10:30:00,FLAT,506600645.1168265,506600645.1168265,0.0,0.0,1238.8
2024-02-22 10:45:00,FLAT,506600645.1168265,506600645.1168265,0.0,0.0,1240.0
2024-02-22 11:00:00,FLAT,506600645.1168265,506600645.1168265,0.0,0.0,1240.1
2024-02-22 11:15:00,FLAT,506600645.1168265,506600645.1168265,0.0,0.0,1240.4
2024-02-22 13:00:00,FLAT,506600645.1168265,506600645.1168265,0.0,0.0,1240.5
2024-02-22 13:15:00,FLAT,506600645.1168265,506600645.1168265,0.0,0.0,1241.9
2024-02-22 13:30:00,FLAT,506600645.1168265,506600645.1168265,0.0,0.0,1238.8
2024-02-22 13:45:00,FLAT,506600645.1168265,506600645.1168265,0.0,0.0,1237.9
2024-02-22 14:00:00,FLAT,506600645.1168265,506600645.1168265,0.0,0.0,1239.0
2024-02-22 14:15:00,FLAT,506600645.1168265,506600645.1168265,0.0,0.0,1239.1
2024-02-22 14:30:00,FLAT,506600645.1168265,506600645.1168265,0.0,0.0,1239.5
2024-02-23 09:00:00,FLAT,506600645.1168265,506600645.1168265,0.0,0.0,1241.4
2024-02-23 09:15:00,FLAT,506600645.1168265,506600645.1168265,0.0,0.0,1244.0
2024-02-23 09:30:00,LONG,506414059.9549925,505812981.0615977,-601078.8933947424,0.0,1243.3
2024-02-23 09:45:00,FLAT,504026726.0615978,504026726.0615978,0.0,0.0,1240.5
2024-02-23 10:00:00,FLAT,504026726.0615978,504026726.0615978,0.0,0.0,1242.7
2024-02-23 10:15:00,FLAT,504026726.0615978,504026726.0615978,0.0,0.0,1244.2
2024-02-23 10:30:00,LONG,503840133.3634532,508888812.39950377,5048679.036050544,0.0,1249.0
2024-02-23 10:45:00,LONG,503840133.3634532,509888812.39950377,6048679.036050544,0.0,1250.0
2024-02-23 11:00:00,LONG,503840133.3634532,510188812.3995037,6348679.0360504985,0.0,1250.3
2024-02-23 11:15:00,LONG,503840133.3634532,509888812.39950377,6048679.036050544,0.0,1250.0
2024-02-23 13:00:00,FLAT,511658755.8135038,511658755.8135038,0.0,0.0,1252.8
2024-02-23 13:15:00,FLAT,511658755.8135038,511658755.8135038,0.0,0.0,1251.1
2024-02-23 13:30:00,FLAT,511658755.8135038,511658755.8135038,0.0,0.0,1250.1
2024-02-23 13:45:00,FLAT,511658755.8135038,511658755.8135038,0.0,0.0,1246.8
2024-02-23 14:00:00,FLAT,511658755.8135038,511658755.8135038,0.0,0.0,1231.7
2024-02-23 14:15:00,FLAT,511658755.8135038,511658755.8135038,0.0,0.0,1227.4
2024-02-23 14:30:00,FLAT,511658755.8135038,511658755.8135038,0.0,0.0,1225.0
2024-02-26 09:00:00,FLAT,511658755.8135038,511658755.8135038,0.0,0.0,1226.3
2024-02-26 09:15:00,FLAT,511658755.8135038,511658755.8135038,0.0,0.0,1226.3
2024-02-26 09:30:00,FLAT,511658755.8135038,511658755.8135038,0.0,0.0,1227.2
2024-02-26 09:45:00,FLAT,511658755.8135038,511658755.8135038,0.0,0.0,1225.4
2024-02-26 10:00:00,FLAT,511658755.8135038,511658755.8135038,0.0,0.0,1226.7
2024-02-26 10:15:00,FLAT,511658755.8135038,511658755.8135038,0.0,0.0,1226.1
2024-02-26 10:30:00,FLAT,511658755.8135038,511658755.8135038,0.0,0.0,1225.0
2024-02-26 10:45:00,FLAT,511658755.8135038,511658755.8135038,0.0,0.0,1224.5
2024-02-26 11:00:00,FLAT,511658755.8135038,511658755.8135038,0.0,0.0,1224.7
2024-02-26 11:15:00,FLAT,511658755.8135038,511658755.8135038,0.0,0.0,1225.0
2024-02-26 13:00:00,FLAT,511658755.8135038,511658755.8135038,0.0,0.0,1225.4
2024-02-26 13:15:00,FLAT,511658755.8135038,511658755.8135038,0.0,0.0,1227.2
2024-02-26 13:30:00,FLAT,511658755.8135038,511658755.8135038,0.0,0.0,1228.3
2024-02-26 13:45:00,FLAT,511658755.8135038,511658755.8135038,0.0,0.0,1228.4
2024-02-26 14:00:00,FLAT,511658755.8135038,511658755.8135038,0.0,0.0,1230.0
2024-02-26 14:15:00,FLAT,510948939.0844606,510948939.0844606,0.0,0.0,1229.5
2024-02-26 14:30:00,FLAT,510948939.0844606,510948939.0844606,0.0,0.0,1231.4
2024-02-27 09:00:00,FLAT,510948939.0844606,510948939.0844606,0.0,0.0,1232.5
2024-02-27 09:15:00,FLAT,510948939.0844606,510948939.0844606,0.0,0.0,1233.2
2024-02-27 09:30:00,FLAT,510948939.0844606,510948939.0844606,0.0,0.0,1233.0
2024-02-27 09:45:00,FLAT,510948939.0844606,510948939.0844606,0.0,0.0,1237.4
2024-02-27 10:00:00,FLAT,510948939.0844606,510948939.0844606,0.0,0.0,1238.3
2024-02-27 10:15:00,FLAT,510948939.0844606,510948939.0844606,0.0,0.0,1237.8
2024-02-27 10:30:00,FLAT,510948939.0844606,510948939.0844606,0.0,0.0,1239.0
2024-02-27 10:45:00,FLAT,510948939.0844606,510948939.0844606,0.0,0.0,1237.6
2024-02-27 11:00:00,LONG,510763597.90014505,510455702.46308744,-307895.4370575957,0.0,1235.3
2024-02-27 11:15:00,LONG,510763597.90014505,509355702.46308756,-1407895.4370575047,0.0,1234.2
2024-02-27 13:00:00,LONG,510763597.90014505,510755702.46308744,-7895.437057641175,0.0,1235.6
2024-02-27 13:15:00,LONG,510763597.90014505,511655702.4630875,892104.5629424498,0.0,1236.5
2024-02-27 13:30:00,LONG,510763597.90014505,513755702.46308744,2992104.5629423587,0.0,1238.6
2024-02-27 13:45:00,LONG,510763597.90014505,511455702.46308744,692104.5629424043,0.0,1236.3
2024-02-27 14:00:00,LONG,510763597.90014505,514555702.4630876,3792104.5629425407,0.0,1239.4
2024-02-27 14:15:00,FLAT,516469477.4630875,516469477.4630875,0.0,0.0,1242.0
2024-02-27 14:30:00,FLAT,516469477.4630875,516469477.4630875,0.0,0.0,1243.0
2024-02-28 09:00:00,FLAT,516469477.4630875,516469477.4630875,0.0,0.0,1245.1
2024-02-28 09:15:00,FLAT,516469477.4630875,516469477.4630875,0.0,0.0,1243.8
2024-02-28 09:30:00,FLAT,516469477.4630875,516469477.4630875,0.0,0.0,1243.5
2024-02-28 09:45:00,FLAT,516469477.4630875,516469477.4630875,0.0,0.0,1245.5
2024-02-28 10:00:00,FLAT,516469477.4630875,516469477.4630875,0.0,0.0,1244.8
2024-02-28 10:15:00,FLAT,516469477.4630875,516469477.4630875,0.0,0.0,1245.1
2024-02-28 10:30:00,FLAT,516469477.4630875,516469477.4630875,0.0,0.0,1243.9
2024-02-28 10:45:00,FLAT,516469477.4630875,516469477.4630875,0.0,0.0,1243.8
2024-02-28 11:00:00,FLAT,516469477.4630875,516469477.4630875,0.0,0.0,1242.7
2024-02-28 11:15:00,FLAT,516469477.4630875,516469477.4630875,0.0,0.0,1244.3
2024-02-28 13:00:00,FLAT,516469477.4630875,516469477.4630875,0.0,0.0,1249.1
2024-02-28 13:15:00,FLAT,516469477.4630875,516469477.4630875,0.0,0.0,1250.5
2024-02-28 13:30:00,FLAT,516469477.4630875,516469477.4630875,0.0,0.0,1253.0
2024-02-28 13:45:00,LONG,516281524.63125205,520762645.72840905,4481121.097157029,0.0,1257.5
2024-02-28 14:00:00,LONG,516281524.63125205,518962645.7284091,2681121.0971570746,0.0,1255.7
2024-02-28 14:15:00,FLAT,524573420.72840905,524573420.72840905,0.0,0.0,1262.0
2024-02-28 14:30:00,FLAT,524573420.72840905,524573420.72840905,0.0,0.0,1263.0
2024-02-29 09:00:00,FLAT,524573420.72840905,524573420.72840905,0.0,0.0,1267.2
2024-02-29 09:15:00,FLAT,524573420.72840905,524573420.72840905,0.0,0.0,1268.5
2024-02-29 09:30:00,FLAT,524573420.72840905,524573420.72840905,0.0,0.0,1270.8
2024-02-29 09:45:00,FLAT,521284145.6928892,521284145.6928892,0.0,0.0,1267.5
2024-02-29 10:00:00,FLAT,521284145.6928892,521284145.6928892,0.0,0.0,1267.2
2024-02-29 10:15:00,FLAT,521284145.6928892,521284145.6928892,0.0,0.0,1263.3
2024-02-29 10:30:00,FLAT,521284145.6928892,521284145.6928892,0.0,0.0,1263.5
2024-02-29 10:45:00,FLAT,521284145.6928892,521284145.6928892,0.0,0.0,1266.2
2024-02-29 11:00:00,FLAT,521284145.6928892,521284145.6928892,0.0,0.0,1264.4
2024-02-29 11:15:00,FLAT,521284145.6928892,521284145.6928892,0.0,0.0,1261.8
2024-02-29 13:00:00,FLAT,521284145.6928892,521284145.6928892,0.0,0.0,1259.5
2024-02-29 13:15:00,FLAT,521284145.6928892,521284145.6928892,0.0,0.0,1259.8
2024-02-29 13:30:00,FLAT,521284145.6928892,521284145.6928892,0.0,0.0,1261.6
2024-02-29 13:45:00,FLAT,521284145.6928892,521284145.6928892,0.0,0.0,1259.3
2024-02-29 14:00:00,FLAT,521284145.6928892,521284145.6928892,0.0,0.0,1258.5
2024-02-29 14:15:00,FLAT,521284145.6928892,521284145.6928892,0.0,0.0,1263.3
2024-02-29 14:30:00,FLAT,521284145.6928892,521284145.6928892,0.0,0.0,1263.0
2024-03-01 09:00:00,FLAT,521284145.6928892,521284145.6928892,0.0,0.0,1264.3
2024-03-01 09:15:00,FLAT,521284145.6928892,521284145.6928892,0.0,0.0,1261.7
2024-03-01 09:30:00,FLAT,521284145.6928892,521284145.6928892,0.0,0.0,1263.9
2024-03-01 09:45:00,FLAT,521284145.6928892,521284145.6928892,0.0,0.0,1261.6
2024-03-01 10:00:00,FLAT,521284145.6928892,521284145.6928892,0.0,0.0,1263.0
2024-03-01 10:15:00,FLAT,521284145.6928892,521284145.6928892,0.0,0.0,1262.3
2024-03-01 10:30:00,FLAT,521284145.6928892,521284145.6928892,0.0,0.0,1263.6
2024-03-01 10:45:00,FLAT,521284145.6928892,521284145.6928892,0.0,0.0,1264.6
2024-03-01 11:00:00,FLAT,521284145.6928892,521284145.6928892,0.0,0.0,1263.6
2024-03-01 11:15:00,FLAT,521284145.6928892,521284145.6928892,0.0,0.0,1263.4
2024-03-01 13:00:00,FLAT,521284145.6928892,521284145.6928892,0.0,0.0,1263.2
2024-03-01 13:15:00,FLAT,521284145.6928892,521284145.6928892,0.0,0.0,1264.7
2024-03-01 13:30:00,FLAT,521284145.6928892,521284145.6928892,0.0,0.0,1264.0
2024-03-01 13:45:00,FLAT,521284145.6928892,521284145.6928892,0.0,0.0,1262.7
2024-03-01 14:00:00,FLAT,521284145.6928892,521284145.6928892,0.0,0.0,1263.1
2024-03-01 14:15:00,FLAT,521284145.6928892,521284145.6928892,0.0,0.0,1268.1
2024-03-01 14:30:00,FLAT,521284145.6928892,521284145.6928892,0.0,0.0,1267.4
2024-03-04 09:00:00,FLAT,521284145.6928892,521284145.6928892,0.0,0.0,1270.9
2024-03-04 09:15:00,FLAT,521284145.6928892,521284145.6928892,0.0,0.0,1269.6
2024-03-04 09:30:00,FLAT,521284145.6928892,521284145.6928892,0.0,0.0,1269.9
2024-03-04 09:45:00,FLAT,521284145.6928892,521284145.6928892,0.0,0.0,1270.0
2024-03-04 10:00:00,FLAT,521284145.6928892,521284145.6928892,0.0,0.0,1268.9
2024-03-04 10:15:00,FLAT,521284145.6928892,521284145.6928892,0.0,0.0,1266.2
2024-03-04 10:30:00,FLAT,521284145.6928892,521284145.6928892,0.0,0.0,1265.1
2024-03-04 10:45:00,FLAT,521284145.6928892,521284145.6928892,0.0,0.0,1265.3
2024-03-04 11:00:00,SHORT,521094258.23744285,520810627.8798701,-283630.35757274705,0.0,1266.2
2024-03-04 11:15:00,SHORT,521094258.23744285,520510627.8798702,-583630.3575727015,0.0,1266.5
2024-03-04 13:00:00,SHORT,521094258.23744285,520410627.87987024,-683630.3575726106,0.0,1266.6
2024-03-04 13:15:00,FLAT,518220337.87987024,518220337.87987024,0.0,0.0,1269.4
2024-03-04 13:30:00,FLAT,518220337.87987024,518220337.87987024,0.0,0.0,1268.0
2024-03-04 13:45:00,FLAT,518220337.87987024,518220337.87987024,0.0,0.0,1270.4
2024-03-04 14:00:00,FLAT,518220337.87987024,518220337.87987024,0.0,0.0,1266.8
2024-03-04 14:15:00,FLAT,518220337.87987024,518220337.87987024,0.0,0.0,1267.3
2024-03-04 14:30:00,FLAT,518220337.87987024,518220337.87987024,0.0,0.0,1266.9
2024-03-05 09:00:00,FLAT,518220337.87987024,518220337.87987024,0.0,0.0,1268.3
2024-03-05 09:15:00,FLAT,518220337.87987024,518220337.87987024,0.0,0.0,1266.3
2024-03-05 09:30:00,FLAT,518220337.87987024,518220337.87987024,0.0,0.0,1267.5
2024-03-05 09:45:00,FLAT,518220337.87987024,518220337.87987024,0.0,0.0,1266.9
2024-03-05 10:00:00,FLAT,518220337.87987024,518220337.87987024,0.0,0.0,1266.9
2024-03-05 10:15:00,FLAT,518220337.87987024,518220337.87987024,0.0,0.0,1265.3
2024-03-05 10:30:00,FLAT,518220337.87987024,518220337.87987024,0.0,0.0,1266.1
2024-03-05 10:45:00,FLAT,518220337.87987024,518220337.87987024,0.0,0.0,1265.6
2024-03-05 11:00:00,FLAT,518220337.87987024,518220337.87987024,0.0,0.0,1266.9
2024-03-05 11:15:00,FLAT,518220337.87987024,518220337.87987024,0.0,0.0,1266.1
2024-03-05 13:00:00,FLAT,518220337.87987024,518220337.87987024,0.0,0.0,1266.4
2024-03-05 13:15:00,FLAT,518220337.87987024,518220337.87987024,0.0,0.0,1264.5
2024-03-05 13:30:00,FLAT,518220337.87987024,518220337.87987024,0.0,0.0,1266.5
2024-03-05 13:45:00,FLAT,518220337.87987024,518220337.87987024,0.0,0.0,1268.2
2024-03-05 14:00:00,FLAT,518220337.87987024,518220337.87987024,0.0,0.0,1268.0
2024-03-05 14:15:00,FLAT,518220337.87987024,518220337.87987024,0.0,0.0,1277.7
2024-03-05 14:30:00,FLAT,518220337.87987024,518220337.87987024,0.0,0.0,1278.0
2024-03-06 09:00:00,FLAT,518220337.87987024,518220337.87987024,0.0,0.0,1275.8
2024-03-06 09:15:00,FLAT,518220337.87987024,518220337.87987024,0.0,0.0,1278.6
2024-03-06 09:30:00,FLAT,518220337.87987024,518220337.87987024,0.0,0.0,1279.8
2024-03-06 09:45:00,LONG,518028346.9024623,517088497.5164108,-939849.3860514918,0.0,1279.0
2024-03-06 10:00:00,LONG,518028346.9024623,516688497.5164107,-1339849.3860515829,0.0,1278.6
2024-03-06 10:15:00,FLAT,515296887.5164109,515296887.5164109,0.0,0.0,1277.9
2024-03-06 10:30:00,FLAT,515296887.5164109,515296887.5164109,0.0,0.0,1276.8
2024-03-06 10:45:00,FLAT,515296887.5164109,515296887.5164109,0.0,0.0,1277.9
2024-03-06 11:00:00,FLAT,515296887.5164109,515296887.5164109,0.0,0.0,1276.6
2024-03-06 11:15:00,FLAT,515296887.5164109,515296887.5164109,0.0,0.0,1273.7
2024-03-06 13:00:00,FLAT,515296887.5164109,515296887.5164109,0.0,0.0,1273.4
2024-03-06 13:15:00,FLAT,515296887.5164109,515296887.5164109,0.0,0.0,1274.1
2024-03-06 13:30:00,FLAT,515296887.5164109,515296887.5164109,0.0,0.0,1269.2
2024-03-06 13:45:00,FLAT,515296887.5164109,515296887.5164109,0.0,0.0,1258.3
2024-03-06 14:00:00,FLAT,515296887.5164109,515296887.5164109,0.0,0.0,1260.3
2024-03-06 14:15:00,FLAT,515296887.5164109,515296887.5164109,0.0,0.0,1267.2
2024-03-06 14:30:00,FLAT,515296887.5164109,515296887.5164109,0.0,0.0,1266.9
2024-03-07 09:00:00,FLAT,515296887.5164109,515296887.5164109,0.0,0.0,1266.0
2024-03-07 09:15:00,FLAT,515296887.5164109,515296887.5164109,0.0,0.0,1267.7
2024-03-07 09:30:00,FLAT,515296887.5164109,515296887.5164109,0.0,0.0,1270.1
2024-03-07 09:45:00,FLAT,515296887.5164109,515296887.5164109,0.0,0.0,1267.5
2024-03-07 10:00:00,FLAT,515296887.5164109,515296887.5164109,0.0,0.0,1268.0
2024-03-07 10:15:00,FLAT,515296887.5164109,515296887.5164109,0.0,0.0,1271.0
2024-03-07 10:30:00,FLAT,515296887.5164109,515296887.5164109,0.0,0.0,1270.9
2024-03-07 10:45:00,LONG,515106286.1839629,514430736.530779,-675549.6531839072,0.0,1270.0
2024-03-07 11:00:00,LONG,515106286.1839629,513430736.530779,-1675549.653183907,0.0,1269.0
2024-03-07 11:15:00,FLAT,512040566.53077894,512040566.53077894,0.0,0.0,1267.1
2024-03-07 13:00:00,FLAT,512040566.53077894,512040566.53077894,0.0,0.0,1269.3
2024-03-07 13:15:00,FLAT,512040566.53077894,512040566.53077894,0.0,0.0,1270.0
2024-03-07 13:30:00,FLAT,512040566.53077894,512040566.53077894,0.0,0.0,1273.8
2024-03-07 13:45:00,LONG,511849671.91195905,512118879.7794315,269207.86747245985,0.0,1272.9
2024-03-07 14:00:00,FLAT,508828409.7794314,508828409.7794314,0.0,0.0,1274.9
2024-03-07 14:15:00,FLAT,508828409.7794314,508828409.7794314,0.0,0.0,1273.1
2024-03-07 14:30:00,FLAT,508828409.7794314,508828409.7794314,0.0,0.0,1272.8
2024-03-08 09:00:00,FLAT,508828409.7794314,508828409.7794314,0.0,0.0,1273.9
2024-03-08 09:15:00,FLAT,508828409.7794314,508828409.7794314,0.0,0.0,1270.6
2024-03-08 09:30:00,FLAT,508828409.7794314,508828409.7794314,0.0,0.0,1262.2
2024-03-08 09:45:00,FLAT,508828409.7794314,508828409.7794314,0.0,0.0,1262.1
2024-03-08 10:00:00,FLAT,508828409.7794314,508828409.7794314,0.0,0.0,1259.0
2024-03-08 10:15:00,FLAT,508828409.7794314,508828409.7794314,0.0,0.0,1256.9
2024-03-08 10:30:00,FLAT,508828409.7794314,508828409.7794314,0.0,0.0,1257.3
2024-03-08 10:45:00,FLAT,508828409.7794314,508828409.7794314,0.0,0.0,1257.6
2024-03-08 11:00:00,FLAT,508828409.7794314,508828409.7794314,0.0,0.0,1259.6
2024-03-08 11:15:00,FLAT,508828409.7794314,508828409.7794314,0.0,0.0,1257.5
2024-03-08 13:00:00,FLAT,508828409.7794314,508828409.7794314,0.0,0.0,1254.0
2024-03-08 13:15:00,FLAT,508828409.7794314,508828409.7794314,0.0,0.0,1254.6
2024-03-08 13:30:00,FLAT,508828409.7794314,508828409.7794314,0.0,0.0,1255.7
2024-03-08 13:45:00,FLAT,508828409.7794314,508828409.7794314,0.0,0.0,1256.9
2024-03-08 14:00:00,FLAT,508828409.7794314,508828409.7794314,0.0,0.0,1257.1
2024-03-08 14:15:00,FLAT,508828409.7794314,508828409.7794314,0.0,0.0,1249.9
2024-03-08 14:30:00,FLAT,508828409.7794314,508828409.7794314,0.0,0.0,1250.3
2024-03-11 09:00:00,FLAT,508828409.7794314,508828409.7794314,0.0,0.0,1252.3
2024-03-11 09:15:00,FLAT,508828409.7794314,508828409.7794314,0.0,0.0,1253.8
2024-03-11 09:30:00,FLAT,508828409.7794314,508828409.7794314,0.0,0.0,1253.0
2024-03-11 09:45:00,FLAT,508828409.7794314,508828409.7794314,0.0,0.0,1253.6
2024-03-11 10:00:00,FLAT,508828409.7794314,508828409.7794314,0.0,0.0,1253.6
2024-03-11 10:15:00,FLAT,508828409.7794314,508828409.7794314,0.0,0.0,1251.5
2024-03-11 10:30:00,FLAT,508828409.7794314,508828409.7794314,0.0,0.0,1251.8
2024-03-11 10:45:00,FLAT,508828409.7794314,508828409.7794314,0.0,0.0,1251.2
2024-03-11 11:00:00,FLAT,508828409.7794314,508828409.7794314,0.0,0.0,1251.2
2024-03-11 11:15:00,FLAT,508828409.7794314,508828409.7794314,0.0,0.0,1252.0
2024-03-11 13:00:00,FLAT,508828409.7794314,508828409.7794314,0.0,0.0,1250.6
2024-03-11 13:15:00,FLAT,508828409.7794314,508828409.7794314,0.0,0.0,1248.8
2024-03-11 13:30:00,FLAT,508828409.7794314,508828409.7794314,0.0,0.0,1250.3
2024-03-11 13:45:00,FLAT,508828409.7794314,508828409.7794314,0.0,0.0,1246.9
2024-03-11 14:00:00,FLAT,508828409.7794314,508828409.7794314,0.0,0.0,1244.8
2024-03-11 14:15:00,FLAT,508828409.7794314,508828409.7794314,0.0,0.0,1232.9
2024-03-11 14:30:00,FLAT,508828409.7794314,508828409.7794314,0.0,0.0,1232.8
2024-03-12 09:00:00,FLAT,508828409.7794314,508828409.7794314,0.0,0.0,1233.0
2024-03-12 09:15:00,FLAT,508828409.7794314,508828409.7794314,0.0,0.0,1233.9
2024-03-12 09:30:00,FLAT,508828409.7794314,508828409.7794314,0.0,0.0,1235.2
2024-03-12 09:45:00,FLAT,508828409.7794314,508828409.7794314,0.0,0.0,1235.5
2024-03-12 10:00:00,FLAT,508828409.7794314,508828409.7794314,0.0,0.0,1237.3
2024-03-12 10:15:00,FLAT,508828409.7794314,508828409.7794314,0.0,0.0,1235.3
2024-03-12 10:30:00,FLAT,508828409.7794314,508828409.7794314,0.0,0.0,1234.2
2024-03-12 10:45:00,FLAT,508828409.7794314,508828409.7794314,0.0,0.0,1235.3
2024-03-12 11:00:00,FLAT,508828409.7794314,508828409.7794314,0.0,0.0,1236.8
2024-03-12 11:15:00,FLAT,508828409.7794314,508828409.7794314,0.0,0.0,1237.0
2024-03-12 13:00:00,FLAT,508828409.7794314,508828409.7794314,0.0,0.0,1238.3
2024-03-12 13:15:00,FLAT,508828409.7794314,508828409.7794314,0.0,0.0,1238.1
2024-03-12 13:30:00,FLAT,508828409.7794314,508828409.7794314,0.0,0.0,1237.6
2024-03-12 13:45:00,FLAT,508828409.7794314,508828409.7794314,0.0,0.0,1238.2
2024-03-12 14:00:00,FLAT,508828409.7794314,508828409.7794314,0.0,0.0,1239.5
2024-03-12 14:15:00,FLAT,508828409.7794314,508828409.7794314,0.0,0.0,1238.5
2024-03-12 14:30:00,FLAT,508828409.7794314,508828409.7794314,0.0,0.0,1237.1
2024-03-13 09:00:00,FLAT,508828409.7794314,508828409.7794314,0.0,0.0,1243.3
2024-03-13 09:15:00,FLAT,508828409.7794314,508828409.7794314,0.0,0.0,1243.1
2024-03-13 09:30:00,FLAT,508828409.7794314,508828409.7794314,0.0,0.0,1244.1
2024-03-13 09:45:00,FLAT,508828409.7794314,508828409.7794314,0.0,0.0,1246.2
2024-03-13 10:00:00,LONG,508641429.6401332,509007167.6520423,365738.0119091158,0.0,1246.9
2024-03-13 10:15:00,LONG,508641429.6401332,509107167.6520422,465738.01190902485,0.0,1247.0
2024-03-13 10:30:00,LONG,508641429.6401332,510607167.6520422,1965738.0119090248,0.0,1248.5
2024-03-13 10:45:00,LONG,508641429.6401332,511307167.65204227,2665738.0119090704,0.0,1249.2
2024-03-13 11:00:00,LONG,508641429.6401332,512007167.6520423,3365738.0119091156,0.0,1249.9
2024-03-13 11:15:00,LONG,508641429.6401332,512807167.65204227,4165738.0119090704,0.0,1250.7
2024-03-13 13:00:00,LONG,508641429.6401332,511007167.6520423,2365738.0119091156,0.0,1248.9
2024-03-13 13:15:00,LONG,508641429.6401332,512507167.6520423,3865738.0119091156,0.0,1250.4
2024-03-13 13:30:00,LONG,508641429.6401332,518707167.65204215,10065738.011908934,0.0,1256.6
2024-03-13 13:45:00,FLAT,520261950.6235427,520261950.6235427,0.0,0.0,1256.4
2024-03-13 14:00:00,FLAT,520261950.6235427,520261950.6235427,0.0,0.0,1260.4
2024-03-13 14:15:00,FLAT,520261950.6235427,520261950.6235427,0.0,0.0,1271.4
2024-03-13 14:30:00,FLAT,520261950.6235427,520261950.6235427,0.0,0.0,1273.6
2024-03-14 09:00:00,FLAT,520261950.6235427,520261950.6235427,0.0,0.0,1272.0
2024-03-14 09:15:00,FLAT,520261950.6235427,520261950.6235427,0.0,0.0,1270.5
2024-03-14 09:30:00,FLAT,520261950.6235427,520261950.6235427,0.0,0.0,1267.3
2024-03-14 09:45:00,FLAT,520261950.6235427,520261950.6235427,0.0,0.0,1266.6
2024-03-14 10:00:00,SHORT,520071892.6017549,520725371.18742645,653478.5856715643,0.0,1266.4
2024-03-14 10:15:00,FLAT,516634826.1874266,516634826.1874266,0.0,0.0,1270.2
2024-03-14 10:30:00,FLAT,516634826.1874266,516634826.1874266,0.0,0.0,1269.4
2024-03-14 10:45:00,FLAT,516634826.1874266,516634826.1874266,0.0,0.0,1269.5
2024-03-14 11:00:00,FLAT,516634826.1874266,516634826.1874266,0.0,0.0,1270.2
2024-03-14 11:15:00,FLAT,516634826.1874266,516634826.1874266,0.0,0.0,1268.7
2024-03-14 13:00:00,FLAT,516634826.1874266,516634826.1874266,0.0,0.0,1268.3
2024-03-14 13:15:00,FLAT,516634826.1874266,516634826.1874266,0.0,0.0,1266.1
2024-03-14 13:30:00,FLAT,516634826.1874266,516634826.1874266,0.0,0.0,1263.1
2024-03-14 13:45:00,FLAT,516634826.1874266,516634826.1874266,0.0,0.0,1263.5
2024-03-14 14:00:00,FLAT,516634826.1874266,516634826.1874266,0.0,0.0,1257.4
2024-03-14 14:15:00,FLAT,516634826.1874266,516634826.1874266,0.0,0.0,1260.6
2024-03-14 14:30:00,FLAT,516634826.1874266,516634826.1874266,0.0,0.0,1262.0
2024-03-15 09:00:00,FLAT,516634826.1874266,516634826.1874266,0.0,0.0,1256.5
2024-03-15 09:15:00,FLAT,516634826.1874266,516634826.1874266,0.0,0.0,1253.4
2024-03-15 09:30:00,SHORT,516446846.1874266,516546846.18742675,100000.00000013642,0.0,1253.1
2024-03-15 09:45:00,FLAT,512958371.1874267,512958371.1874267,0.0,0.0,1256.2
2024-03-15 10:00:00,FLAT,512958371.1874267,512958371.1874267,0.0,0.0,1256.6
2024-03-15 10:15:00,FLAT,512958371.1874267,512958371.1874267,0.0,0.0,1258.7
2024-03-15 10:30:00,FLAT,512958371.1874267,512958371.1874267,0.0,0.0,1256.9
2024-03-15 10:45:00,FLAT,512958371.1874267,512958371.1874267,0.0,0.0,1254.5
2024-03-15 11:00:00,FLAT,512958371.1874267,512958371.1874267,0.0,0.0,1252.9
2024-03-15 11:15:00,SHORT,512770385.2845375,518409737.8791093,5639352.594571847,0.0,1247.6
2024-03-15 13:00:00,SHORT,512770385.2845375,519909737.8791093,7139352.594571847,0.0,1246.1
2024-03-15 13:15:00,SHORT,512770385.2845375,520009737.87910926,7239352.594571755,0.0,1246.0
2024-03-15 13:30:00,SHORT,512770385.2845375,517409737.8791093,4639352.594571847,0.0,1248.6
2024-03-15 13:45:00,SHORT,512770385.2845375,516609737.87910914,3839352.5945716645,0.0,1249.4
2024-03-15 14:00:00,SHORT,512770385.2845375,513309737.8791092,539352.5945717101,0.0,1252.7
2024-03-15 14:15:00,FLAT,510652929.3168563,510652929.3168563,0.0,0.0,1259.0
2024-03-15 14:30:00,FLAT,510652929.3168563,510652929.3168563,0.0,0.0,1262.5
2024-03-18 09:00:00,FLAT,510652929.3168563,510652929.3168563,0.0,0.0,1254.2
2024-03-18 09:15:00,FLAT,510652929.3168563,510652929.3168563,0.0,0.0,1252.2
2024-03-18 09:30:00,FLAT,510652929.3168563,510652929.3168563,0.0,0.0,1252.6
2024-03-18 09:45:00,FLAT,510652929.3168563,510652929.3168563,0.0,0.0,1246.8
2024-03-18 10:00:00,FLAT,510652929.3168563,510652929.3168563,0.0,0.0,1245.8
2024-03-18 10:15:00,FLAT,510652929.3168563,510652929.3168563,0.0,0.0,1233.0
2024-03-18 10:30:00,FLAT,510652929.3168563,510652929.3168563,0.0,0.0,1231.9
2024-03-18 10:45:00,FLAT,510652929.3168563,510652929.3168563,0.0,0.0,1231.0
2024-03-18 11:00:00,FLAT,510652929.3168563,510652929.3168563,0.0,0.0,1226.3
2024-03-18 11:15:00,FLAT,510652929.3168563,510652929.3168563,0.0,0.0,1223.3
2024-03-18 13:00:00,FLAT,510652929.3168563,510652929.3168563,0.0,0.0,1232.5
2024-03-18 13:15:00,FLAT,510652929.3168563,510652929.3168563,0.0,0.0,1231.8
2024-03-18 13:30:00,FLAT,510652929.3168563,510652929.3168563,0.0,0.0,1230.1
2024-03-18 13:45:00,FLAT,510652929.3168563,510652929.3168563,0.0,0.0,1230.8
2024-03-18 14:00:00,FLAT,510652929.3168563,510652929.3168563,0.0,0.0,1233.0
2024-03-18 14:15:00,FLAT,510652929.3168563,510652929.3168563,0.0,0.0,1236.9
2024-03-18 14:30:00,FLAT,510652929.3168563,510652929.3168563,0.0,0.0,1237.0
2024-03-19 09:00:00,FLAT,510652929.3168563,510652929.3168563,0.0,0.0,1231.8
2024-03-19 09:15:00,FLAT,510652929.3168563,510652929.3168563,0.0,0.0,1229.5
2024-03-19 09:30:00,FLAT,510652929.3168563,510652929.3168563,0.0,0.0,1228.5
2024-03-19 09:45:00,FLAT,510652929.3168563,510652929.3168563,0.0,0.0,1227.2
2024-03-19 10:00:00,FLAT,510652929.3168563,510652929.3168563,0.0,0.0,1229.0
2024-03-19 10:15:00,FLAT,510652929.3168563,510652929.3168563,0.0,0.0,1228.2
2024-03-19 10:30:00,FLAT,510652929.3168563,510652929.3168563,0.0,0.0,1227.8
2024-03-19 10:45:00,FLAT,510652929.3168563,510652929.3168563,0.0,0.0,1230.4
2024-03-19 11:00:00,FLAT,510652929.3168563,510652929.3168563,0.0,0.0,1231.5
2024-03-19 11:15:00,FLAT,510652929.3168563,510652929.3168563,0.0,0.0,1233.5
2024-03-19 13:00:00,FLAT,510652929.3168563,510652929.3168563,0.0,0.0,1232.5
2024-03-19 13:15:00,FLAT,510652929.3168563,510652929.3168563,0.0,0.0,1234.0
2024-03-19 13:30:00,FLAT,510652929.3168563,510652929.3168563,0.0,0.0,1231.5
2024-03-19 13:45:00,FLAT,510652929.3168563,510652929.3168563,0.0,0.0,1229.6
2024-03-19 14:00:00,FLAT,510652929.3168563,510652929.3168563,0.0,0.0,1230.4
2024-03-19 14:15:00,FLAT,510652929.3168563,510652929.3168563,0.0,0.0,1231.0
2024-03-19 14:30:00,FLAT,510652929.3168563,510652929.3168563,0.0,0.0,1230.5
2024-03-20 09:00:00,FLAT,510652929.3168563,510652929.3168563,0.0,0.0,1233.3
2024-03-20 09:15:00,FLAT,510652929.3168563,510652929.3168563,0.0,0.0,1232.4
2024-03-20 09:30:00,FLAT,510652929.3168563,510652929.3168563,0.0,0.0,1232.7
2024-03-20 09:45:00,FLAT,510652929.3168563,510652929.3168563,0.0,0.0,1231.1
2024-03-20 10:00:00,FLAT,510652929.3168563,510652929.3168563,0.0,0.0,1229.8
2024-03-20 10:15:00,FLAT,510652929.3168563,510652929.3168563,0.0,0.0,1240.4
2024-03-20 10:30:00,FLAT,510652929.3168563,510652929.3168563,0.0,0.0,1246.0
2024-03-20 10:45:00,FLAT,510652929.3168563,510652929.3168563,0.0,0.0,1248.1
2024-03-20 11:00:00,FLAT,510652929.3168563,510652929.3168563,0.0,0.0,1247.4
2024-03-20 11:15:00,FLAT,510652929.3168563,510652929.3168563,0.0,0.0,1247.0
2024-03-20 13:00:00,FLAT,510652929.3168563,510652929.3168563,0.0,0.0,1244.1
2024-03-20 13:15:00,FLAT,510652929.3168563,510652929.3168563,0.0,0.0,1246.7
2024-03-20 13:30:00,FLAT,510652929.3168563,510652929.3168563,0.0,0.0,1247.2
2024-03-20 13:45:00,FLAT,510652929.3168563,510652929.3168563,0.0,0.0,1251.7
2024-03-20 14:00:00,LONG,510465203.77051395,517961561.48794246,7496357.717428509,0.0,1259.0
2024-03-20 14:15:00,FLAT,517272786.48794246,517272786.48794246,0.0,0.0,1259.0
2024-03-20 14:30:00,FLAT,517272786.48794246,517272786.48794246,0.0,0.0,1260.9
2024-03-21 09:00:00,FLAT,517272786.48794246,517272786.48794246,0.0,0.0,1268.0
2024-03-21 09:15:00,FLAT,517272786.48794246,517272786.48794246,0.0,0.0,1267.5
2024-03-21 09:30:00,FLAT,517272786.48794246,517272786.48794246,0.0,0.0,1266.5
2024-03-21 09:45:00,FLAT,517272786.48794246,517272786.48794246,0.0,0.0,1266.6
2024-03-21 10:00:00,FLAT,517272786.48794246,517272786.48794246,0.0,0.0,1267.9
2024-03-21 10:15:00,FLAT,517272786.48794246,517272786.48794246,0.0,0.0,1263.5
2024-03-21 10:30:00,FLAT,517272786.48794246,517272786.48794246,0.0,0.0,1265.8
2024-03-21 10:45:00,FLAT,517272786.48794246,517272786.48794246,0.0,0.0,1268.0
2024-03-21 11:00:00,FLAT,517272786.48794246,517272786.48794246,0.0,0.0,1268.1
2024-03-21 11:15:00,FLAT,517272786.48794246,517272786.48794246,0.0,0.0,1269.9
2024-03-21 13:00:00,FLAT,517272786.48794246,517272786.48794246,0.0,0.0,1268.0
2024-03-21 13:15:00,FLAT,517272786.48794246,517272786.48794246,0.0,0.0,1269.7
2024-03-21 13:30:00,FLAT,517272786.48794246,517272786.48794246,0.0,0.0,1267.1
2024-03-21 13:45:00,FLAT,517272786.48794246,517272786.48794246,0.0,0.0,1267.9
2024-03-21 14:00:00,FLAT,517272786.48794246,517272786.48794246,0.0,0.0,1268.4
2024-03-21 14:15:00,FLAT,517272786.48794246,517272786.48794246,0.0,0.0,1275.2
2024-03-22 09:00:00,FLAT,517272786.48794246,517272786.48794246,0.0,0.0,1285.7
2024-03-22 09:15:00,FLAT,517272786.48794246,517272786.48794246,0.0,0.0,1287.7
2024-03-22 09:30:00,FLAT,517272786.48794246,517272786.48794246,0.0,0.0,1293.0
2024-03-22 09:45:00,FLAT,517272786.48794246,517272786.48794246,0.0,0.0,1289.5
2024-03-22 10:00:00,FLAT,517272786.48794246,517272786.48794246,0.0,0.0,1284.1
2024-03-22 10:15:00,FLAT,517272786.48794246,517272786.48794246,0.0,0.0,1279.6
2024-03-22 10:30:00,FLAT,517272786.48794246,517272786.48794246,0.0,0.0,1282.7
2024-03-22 10:45:00,FLAT,517272786.48794246,517272786.48794246,0.0,0.0,1282.8
2024-03-22 11:00:00,FLAT,517272786.48794246,517272786.48794246,0.0,0.0,1283.3
2024-03-22 11:15:00,FLAT,517272786.48794246,517272786.48794246,0.0,0.0,1284.7
2024-03-22 13:00:00,FLAT,517272786.48794246,517272786.48794246,0.0,0.0,1285.5
2024-03-22 13:15:00,FLAT,517272786.48794246,517272786.48794246,0.0,0.0,1288.0
2024-03-22 13:30:00,FLAT,517272786.48794246,517272786.48794246,0.0,0.0,1282.9
2024-03-22 13:45:00,FLAT,517272786.48794246,517272786.48794246,0.0,0.0,1285.6
2024-03-22 14:00:00,FLAT,517272786.48794246,517272786.48794246,0.0,0.0,1283.0
2024-03-22 14:15:00,FLAT,517272786.48794246,517272786.48794246,0.0,0.0,1284.5
2024-03-22 14:30:00,FLAT,517272786.48794246,517272786.48794246,0.0,0.0,1287.9
2024-03-25 09:00:00,FLAT,517272786.48794246,517272786.48794246,0.0,0.0,1276.3
2024-03-25 09:15:00,FLAT,517272786.48794246,517272786.48794246,0.0,0.0,1280.0
2024-03-25 09:30:00,FLAT,517272786.48794246,517272786.48794246,0.0,0.0,1280.6
2024-03-25 09:45:00,FLAT,517272786.48794246,517272786.48794246,0.0,0.0,1284.4
2024-03-25 10:00:00,FLAT,517272786.48794246,517272786.48794246,0.0,0.0,1283.4
2024-03-25 10:15:00,FLAT,517272786.48794246,517272786.48794246,0.0,0.0,1287.2
2024-03-25 10:30:00,FLAT,512782409.13281244,512782409.13281244,0.0,0.0,1282.7
2024-03-25 10:45:00,FLAT,512782409.13281244,512782409.13281244,0.0,0.0,1282.0
2024-03-25 11:00:00,FLAT,512782409.13281244,512782409.13281244,0.0,0.0,1282.2
2024-03-25 11:15:00,FLAT,512782409.13281244,512782409.13281244,0.0,0.0,1282.9
2024-03-25 13:00:00,FLAT,512782409.13281244,512782409.13281244,0.0,0.0,1282.2
2024-03-25 13:15:00,FLAT,512782409.13281244,512782409.13281244,0.0,0.0,1278.9
2024-03-25 13:30:00,FLAT,512782409.13281244,512782409.13281244,0.0,0.0,1279.2
2024-03-25 13:45:00,FLAT,512782409.13281244,512782409.13281244,0.0,0.0,1278.8
2024-03-25 14:00:00,FLAT,512782409.13281244,512782409.13281244,0.0,0.0,1275.0
2024-03-25 14:15:00,FLAT,512782409.13281244,512782409.13281244,0.0,0.0,1271.5
2024-03-25 14:30:00,FLAT,512782409.13281244,512782409.13281244,0.0,0.0,1272.0
2024-03-26 09:00:00,FLAT,512782409.13281244,512782409.13281244,0.0,0.0,1272.1
2024-03-26 09:15:00,FLAT,512782409.13281244,512782409.13281244,0.0,0.0,1271.4
2024-03-26 09:30:00,FLAT,512782409.13281244,512782409.13281244,0.0,0.0,1272.0
2024-03-26 09:45:00,FLAT,512782409.13281244,512782409.13281244,0.0,0.0,1270.5
2024-03-26 10:00:00,FLAT,512782409.13281244,512782409.13281244,0.0,0.0,1273.8
2024-03-26 10:15:00,FLAT,512782409.13281244,512782409.13281244,0.0,0.0,1273.8
2024-03-26 10:30:00,FLAT,512782409.13281244,512782409.13281244,0.0,0.0,1274.5
2024-03-26 10:45:00,FLAT,512782409.13281244,512782409.13281244,0.0,0.0,1274.6
2024-03-26 11:00:00,FLAT,512782409.13281244,512782409.13281244,0.0,0.0,1277.8
2024-03-26 11:15:00,FLAT,512782409.13281244,512782409.13281244,0.0,0.0,1278.9
2024-03-26 13:00:00,FLAT,512782409.13281244,512782409.13281244,0.0,0.0,1277.9
2024-03-26 13:15:00,FLAT,512782409.13281244,512782409.13281244,0.0,0.0,1278.3
2024-03-26 13:30:00,FLAT,512782409.13281244,512782409.13281244,0.0,0.0,1283.5
2024-03-26 13:45:00,LONG,512589845.9391259,515335221.3623442,2745375.42321832,0.0,1286.5
2024-03-26 14:00:00,LONG,512589845.9391259,512735221.3623443,145375.42321841102,0.0,1283.9
2024-03-26 14:15:00,FLAT,515642171.3623442,515642171.3623442,0.0,0.0,1287.5
2024-03-26 14:30:00,FLAT,515642171.3623442,515642171.3623442,0.0,0.0,1288.0
2024-03-27 09:00:00,FLAT,515642171.3623442,515642171.3623442,0.0,0.0,1285.4
2024-03-27 09:15:00,FLAT,515642171.3623442,515642171.3623442,0.0,0.0,1286.9
2024-03-27 09:30:00,FLAT,515642171.3623442,515642171.3623442,0.0,0.0,1288.6
2024-03-27 09:45:00,FLAT,515642171.3623442,515642171.3623442,0.0,0.0,1287.0
2024-03-27 10:00:00,FLAT,515642171.3623442,515642171.3623442,0.0,0.0,1285.2
2024-03-27 10:15:00,FLAT,515642171.3623442,515642171.3623442,0.0,0.0,1284.8
2024-03-27 10:30:00,FLAT,515642171.3623442,515642171.3623442,0.0,0.0,1284.7
2024-03-27 10:45:00,FLAT,515642171.3623442,515642171.3623442,0.0,0.0,1281.1
2024-03-27 11:00:00,FLAT,515642171.3623442,515642171.3623442,0.0,0.0,1281.4
2024-03-27 11:15:00,FLAT,515642171.3623442,515642171.3623442,0.0,0.0,1281.1
2024-03-27 13:00:00,FLAT,515642171.3623442,515642171.3623442,0.0,0.0,1282.4
2024-03-27 13:15:00,FLAT,515642171.3623442,515642171.3623442,0.0,0.0,1283.6
2024-03-27 13:30:00,FLAT,515642171.3623442,515642171.3623442,0.0,0.0,1284.4
2024-03-27 13:45:00,FLAT,515642171.3623442,515642171.3623442,0.0,0.0,1285.6
2024-03-27 14:00:00,FLAT,515642171.3623442,515642171.3623442,0.0,0.0,1287.0
2024-03-27 14:15:00,FLAT,515642171.3623442,515642171.3623442,0.0,0.0,1285.4
2024-03-27 14:30:00,FLAT,515642171.3623442,515642171.3623442,0.0,0.0,1286.0
2024-03-28 09:00:00,FLAT,515642171.3623442,515642171.3623442,0.0,0.0,1299.7
2024-03-28 09:15:00,FLAT,515642171.3623442,515642171.3623442,0.0,0.0,1300.2
2024-03-28 09:30:00,FLAT,515642171.3623442,515642171.3623442,0.0,0.0,1301.5
2024-03-28 09:45:00,FLAT,515642171.3623442,515642171.3623442,0.0,0.0,1300.3
2024-03-28 10:00:00,FLAT,515642171.3623442,515642171.3623442,0.0,0.0,1299.6
2024-03-28 10:15:00,FLAT,515642171.3623442,515642171.3623442,0.0,0.0,1299.0
2024-03-28 10:30:00,FLAT,515642171.3623442,515642171.3623442,0.0,0.0,1297.2
2024-03-28 10:45:00,FLAT,515642171.3623442,515642171.3623442,0.0,0.0,1296.8
2024-03-28 11:00:00,FLAT,515642171.3623442,515642171.3623442,0.0,0.0,1296.5
2024-03-28 11:15:00,FLAT,515642171.3623442,515642171.3623442,0.0,0.0,1296.7
2024-03-28 13:00:00,FLAT,515642171.3623442,515642171.3623442,0.0,0.0,1299.9
2024-03-28 13:15:00,FLAT,515642171.3623442,515642171.3623442,0.0,0.0,1300.7
2024-03-28 13:30:00,FLAT,515642171.3623442,515642171.3623442,0.0,0.0,1299.0
2024-03-28 13:45:00,FLAT,515642171.3623442,515642171.3623442,0.0,0.0,1297.3
2024-03-28 14:00:00,FLAT,515642171.3623442,515642171.3623442,0.0,0.0,1296.5
2024-03-28 14:15:00,FLAT,515642171.3623442,515642171.3623442,0.0,0.0,1305.0
2024-03-28 14:30:00,FLAT,515642171.3623442,515642171.3623442,0.0,0.0,1308.0
2024-03-29 09:00:00,FLAT,515642171.3623442,515642171.3623442,0.0,0.0,1304.5
2024-03-29 09:15:00,FLAT,515642171.3623442,515642171.3623442,0.0,0.0,1301.8
2024-03-29 09:30:00,FLAT,515642171.3623442,515642171.3623442,0.0,0.0,1302.1
2024-03-29 09:45:00,FLAT,515642171.3623442,515642171.3623442,0.0,0.0,1298.5
2024-03-29 10:00:00,FLAT,515642171.3623442,515642171.3623442,0.0,0.0,1298.2
2024-03-29 10:15:00,FLAT,515642171.3623442,515642171.3623442,0.0,0.0,1298.4
2024-03-29 10:30:00,FLAT,515642171.3623442,515642171.3623442,0.0,0.0,1297.7
2024-03-29 10:45:00,FLAT,515642171.3623442,515642171.3623442,0.0,0.0,1297.1
2024-03-29 11:00:00,FLAT,515642171.3623442,515642171.3623442,0.0,0.0,1297.2
2024-03-29 11:15:00,FLAT,515642171.3623442,515642171.3623442,0.0,0.0,1297.3
2024-03-29 13:00:00,FLAT,515642171.3623442,515642171.3623442,0.0,0.0,1298.0
2024-03-29 13:15:00,FLAT,515642171.3623442,515642171.3623442,0.0,0.0,1298.7
2024-03-29 13:30:00,FLAT,515642171.3623442,515642171.3623442,0.0,0.0,1300.4
2024-03-29 13:45:00,FLAT,515642171.3623442,515642171.3623442,0.0,0.0,1300.2
2024-03-29 14:00:00,FLAT,515642171.3623442,515642171.3623442,0.0,0.0,1298.1
2024-03-29 14:15:00,FLAT,515642171.3623442,515642171.3623442,0.0,0.0,1299.3
2024-03-29 14:30:00,FLAT,515642171.3623442,515642171.3623442,0.0,0.0,1299.1
2024-04-01 09:00:00,FLAT,515642171.3623442,515642171.3623442,0.0,0.0,1291.5
2024-04-01 09:15:00,FLAT,515642171.3623442,515642171.3623442,0.0,0.0,1292.6
2024-04-01 09:30:00,FLAT,515642171.3623442,515642171.3623442,0.0,0.0,1296.6
2024-04-01 09:45:00,FLAT,515642171.3623442,515642171.3623442,0.0,0.0,1298.3
2024-04-01 10:00:00,FLAT,515642171.3623442,515642171.3623442,0.0,0.0,1297.5
2024-04-01 10:15:00,LONG,515447582.20597625,514986539.7530325,-461042.4529437296,0.0,1296.8
2024-04-01 10:30:00,FLAT,512292394.7530325,512292394.7530325,0.0,0.0,1293.0
2024-04-01 10:45:00,FLAT,512292394.7530325,512292394.7530325,0.0,0.0,1292.0
2024-04-01 11:00:00,FLAT,512292394.7530325,512292394.7530325,0.0,0.0,1286.8
2024-04-01 11:15:00,FLAT,512292394.7530325,512292394.7530325,0.0,0.0,1286.4
2024-04-01 13:00:00,FLAT,512292394.7530325,512292394.7530325,0.0,0.0,1287.9
2024-04-01 13:15:00,FLAT,512292394.7530325,512292394.7530325,0.0,0.0,1289.0
2024-04-01 13:30:00,FLAT,512292394.7530325,512292394.7530325,0.0,0.0,1284.6
2024-04-01 13:45:00,FLAT,512292394.7530325,512292394.7530325,0.0,0.0,1290.5
2024-04-01 14:00:00,FLAT,512292394.7530325,512292394.7530325,0.0,0.0,1293.4
2024-04-01 14:15:00,FLAT,512424513.8215037,512424513.8215037,0.0,0.0,1292.5
2024-04-01 14:30:00,FLAT,512424513.8215037,512424513.8215037,0.0,0.0,1293.9
2024-04-02 09:00:00,FLAT,512424513.8215037,512424513.8215037,0.0,0.0,1280.2
2024-04-02 09:15:00,FLAT,512424513.8215037,512424513.8215037,0.0,0.0,1281.6
2024-04-02 09:30:00,FLAT,512424513.8215037,512424513.8215037,0.0,0.0,1276.6
2024-04-02 09:45:00,FLAT,512424513.8215037,512424513.8215037,0.0,0.0,1277.8
2024-04-02 10:00:00,FLAT,512424513.8215037,512424513.8215037,0.0,0.0,1278.3
2024-04-02 10:15:00,FLAT,512424513.8215037,512424513.8215037,0.0,0.0,1278.8
2024-04-02 10:30:00,FLAT,512424513.8215037,512424513.8215037,0.0,0.0,1277.8
2024-04-02 10:45:00,FLAT,512424513.8215037,512424513.8215037,0.0,0.0,1277.3
2024-04-02 11:00:00,FLAT,512424513.8215037,512424513.8215037,0.0,0.0,1277.7
2024-04-02 11:15:00,FLAT,512424513.8215037,512424513.8215037,0.0,0.0,1283.1
2024-04-02 13:00:00,FLAT,512424513.8215037,512424513.8215037,0.0,0.0,1284.7
2024-04-02 13:15:00,FLAT,512424513.8215037,512424513.8215037,0.0,0.0,1282.7
2024-04-02 13:30:00,FLAT,512424513.8215037,512424513.8215037,0.0,0.0,1286.8
2024-04-02 13:45:00,FLAT,512424513.8215037,512424513.8215037,0.0,0.0,1286.8
2024-04-02 14:00:00,FLAT,512424513.8215037,512424513.8215037,0.0,0.0,1288.8
2024-04-02 14:15:00,FLAT,512150360.85698944,512150360.85698944,0.0,0.0,1289.4
2024-04-02 14:30:00,FLAT,512150360.85698944,512150360.85698944,0.0,0.0,1291.9
2024-04-03 09:00:00,FLAT,512150360.85698944,512150360.85698944,0.0,0.0,1284.8
2024-04-03 09:15:00,FLAT,512150360.85698944,512150360.85698944,0.0,0.0,1283.7
2024-04-03 09:30:00,FLAT,512150360.85698944,512150360.85698944,0.0,0.0,1283.4
2024-04-03 09:45:00,FLAT,512150360.85698944,512150360.85698944,0.0,0.0,1285.0
2024-04-03 10:00:00,FLAT,512150360.85698944,512150360.85698944,0.0,0.0,1287.3
2024-04-03 10:15:00,FLAT,512150360.85698944,512150360.85698944,0.0,0.0,1285.7
2024-04-03 10:30:00,FLAT,512150360.85698944,512150360.85698944,0.0,0.0,1284.6
2024-04-03 10:45:00,FLAT,512150360.85698944,512150360.85698944,0.0,0.0,1282.9
2024-04-03 11:00:00,FLAT,512150360.85698944,512150360.85698944,0.0,0.0,1280.2
2024-04-03 11:15:00,FLAT,512150360.85698944,512150360.85698944,0.0,0.0,1280.7
2024-04-03 13:00:00,FLAT,512150360.85698944,512150360.85698944,0.0,0.0,1279.0
2024-04-03 13:15:00,FLAT,512150360.85698944,512150360.85698944,0.0,0.0,1280.3
2024-04-03 13:30:00,FLAT,512150360.85698944,512150360.85698944,0.0,0.0,1281.8
2024-04-03 13:45:00,FLAT,512150360.85698944,512150360.85698944,0.0,0.0,1278.7
2024-04-03 14:00:00,FLAT,512150360.85698944,512150360.85698944,0.0,0.0,1280.9
2024-04-03 14:15:00,FLAT,512150360.85698944,512150360.85698944,0.0,0.0,1272.7
2024-04-03 14:30:00,FLAT,512150360.85698944,512150360.85698944,0.0,0.0,1271.9
2024-04-04 09:00:00,FLAT,512150360.85698944,512150360.85698944,0.0,0.0,1277.2
2024-04-04 09:15:00,FLAT,512150360.85698944,512150360.85698944,0.0,0.0,1278.0
2024-04-04 09:30:00,FLAT,512150360.85698944,512150360.85698944,0.0,0.0,1278.3
2024-04-04 09:45:00,FLAT,512150360.85698944,512150360.85698944,0.0,0.0,1278.0
2024-04-04 10:00:00,FLAT,512150360.85698944,512150360.85698944,0.0,0.0,1279.9
2024-04-04 10:15:00,FLAT,512150360.85698944,512150360.85698944,0.0,0.0,1278.6
2024-04-04 10:30:00,FLAT,512150360.85698944,512150360.85698944,0.0,0.0,1276.1
2024-04-04 10:45:00,FLAT,512150360.85698944,512150360.85698944,0.0,0.0,1274.8
2024-04-04 11:00:00,FLAT,512150360.85698944,512150360.85698944,0.0,0.0,1273.6
2024-04-04 11:15:00,FLAT,512150360.85698944,512150360.85698944,0.0,0.0,1271.0
2024-04-04 13:00:00,FLAT,512150360.85698944,512150360.85698944,0.0,0.0,1271.4
2024-04-04 13:15:00,FLAT,512150360.85698944,512150360.85698944,0.0,0.0,1272.3
2024-04-04 13:30:00,FLAT,512150360.85698944,512150360.85698944,0.0,0.0,1272.5
2024-04-04 13:45:00,FLAT,512150360.85698944,512150360.85698944,0.0,0.0,1271.1
2024-04-04 14:00:00,FLAT,512150360.85698944,512150360.85698944,0.0,0.0,1273.8
2024-04-04 14:15:00,FLAT,512150360.85698944,512150360.85698944,0.0,0.0,1269.7
2024-04-04 14:30:00,FLAT,512150360.85698944,512150360.85698944,0.0,0.0,1267.0
2024-04-05 09:00:00,FLAT,512150360.85698944,512150360.85698944,0.0,0.0,1255.4
2024-04-05 09:15:00,FLAT,512150360.85698944,512150360.85698944,0.0,0.0,1256.7
2024-04-05 09:30:00,FLAT,512150360.85698944,512150360.85698944,0.0,0.0,1257.5
2024-04-05 09:45:00,FLAT,512150360.85698944,512150360.85698944,0.0,0.0,1256.5
2024-04-05 10:00:00,FLAT,512150360.85698944,512150360.85698944,0.0,0.0,1254.6
2024-04-05 10:15:00,FLAT,512150360.85698944,512150360.85698944,0.0,0.0,1256.1
2024-04-05 10:30:00,FLAT,512150360.85698944,512150360.85698944,0.0,0.0,1256.2
2024-04-05 10:45:00,FLAT,512150360.85698944,512150360.85698944,0.0,0.0,1256.9
2024-04-05 11:00:00,FLAT,512150360.85698944,512150360.85698944,0.0,0.0,1257.0
2024-04-05 11:15:00,FLAT,512150360.85698944,512150360.85698944,0.0,0.0,1258.3
2024-04-05 13:00:00,FLAT,512150360.85698944,512150360.85698944,0.0,0.0,1259.6
2024-04-05 13:15:00,FLAT,512150360.85698944,512150360.85698944,0.0,0.0,1260.7
2024-04-05 13:30:00,FLAT,512150360.85698944,512150360.85698944,0.0,0.0,1259.5
2024-04-05 13:45:00,FLAT,512150360.85698944,512150360.85698944,0.0,0.0,1258.6
2024-04-05 14:00:00,FLAT,512150360.85698944,512150360.85698944,0.0,0.0,1263.9
2024-04-05 14:15:00,FLAT,512150360.85698944,512150360.85698944,0.0,0.0,1257.2
2024-04-05 14:30:00,FLAT,512150360.85698944,512150360.85698944,0.0,0.0,1256.6
2024-04-08 09:00:00,FLAT,512150360.85698944,512150360.85698944,0.0,0.0,1256.2
2024-04-08 09:15:00,FLAT,512150360.85698944,512150360.85698944,0.0,0.0,1254.0
2024-04-08 09:30:00,FLAT,512150360.85698944,512150360.85698944,0.0,0.0,1254.3
2024-04-08 09:45:00,FLAT,512150360.85698944,512150360.85698944,0.0,0.0,1252.0
2024-04-08 10:00:00,FLAT,512150360.85698944,512150360.85698944,0.0,0.0,1248.6
2024-04-08 10:15:00,FLAT,512150360.85698944,512150360.85698944,0.0,0.0,1251.3
2024-04-08 10:30:00,FLAT,512150360.85698944,512150360.85698944,0.0,0.0,1251.9
2024-04-08 10:45:00,FLAT,512150360.85698944,512150360.85698944,0.0,0.0,1249.4
2024-04-08 11:00:00,FLAT,512150360.85698944,512150360.85698944,0.0,0.0,1249.5
2024-04-08 11:15:00,FLAT,512150360.85698944,512150360.85698944,0.0,0.0,1250.2
2024-04-08 13:00:00,FLAT,512150360.85698944,512150360.85698944,0.0,0.0,1252.8
2024-04-08 13:15:00,FLAT,512150360.85698944,512150360.85698944,0.0,0.0,1254.9
2024-04-08 13:30:00,FLAT,512150360.85698944,512150360.85698944,0.0,0.0,1256.8
2024-04-08 13:45:00,FLAT,512150360.85698944,512150360.85698944,0.0,0.0,1256.8
2024-04-08 14:00:00,LONG,511961927.6894611,511740810.8340539,-221116.85540721737,0.0,1256.0
2024-04-08 14:15:00,FLAT,508752830.83405393,508752830.83405393,0.0,0.0,1252.3
2024-04-08 14:30:00,FLAT,508752830.83405393,508752830.83405393,0.0,0.0,1253.0
2024-04-09 09:00:00,FLAT,508752830.83405393,508752830.83405393,0.0,0.0,1257.5
2024-04-09 09:15:00,FLAT,508752830.83405393,508752830.83405393,0.0,0.0,1256.3
2024-04-09 09:30:00,FLAT,508752830.83405393,508752830.83405393,0.0,0.0,1257.2
2024-04-09 09:45:00,FLAT,508752830.83405393,508752830.83405393,0.0,0.0,1256.9
2024-04-09 10:00:00,FLAT,508752830.83405393,508752830.83405393,0.0,0.0,1256.8
2024-04-09 10:15:00,FLAT,508752830.83405393,508752830.83405393,0.0,0.0,1255.0
2024-04-09 10:30:00,FLAT,508752830.83405393,508752830.83405393,0.0,0.0,1255.8
2024-04-09 10:45:00,FLAT,508752830.83405393,508752830.83405393,0.0,0.0,1254.8
2024-04-09 11:00:00,FLAT,508752830.83405393,508752830.83405393,0.0,0.0,1256.6
2024-04-09 11:15:00,FLAT,508752830.83405393,508752830.83405393,0.0,0.0,1258.6
2024-04-09 13:00:00,FLAT,508752830.83405393,508752830.83405393,0.0,0.0,1259.7
2024-04-09 13:15:00,FLAT,508752830.83405393,508752830.83405393,0.0,0.0,1259.7
2024-04-09 13:30:00,FLAT,508752830.83405393,508752830.83405393,0.0,0.0,1260.6
2024-04-09 13:45:00,FLAT,508752830.83405393,508752830.83405393,0.0,0.0,1260.8
2024-04-09 14:00:00,FLAT,508752830.83405393,508752830.83405393,0.0,0.0,1262.8
2024-04-09 14:15:00,FLAT,508752830.83405393,508752830.83405393,0.0,0.0,1263.1
2024-04-09 14:30:00,FLAT,508752830.83405393,508752830.83405393,0.0,0.0,1261.8
2024-04-10 09:00:00,FLAT,508752830.83405393,508752830.83405393,0.0,0.0,1268.9
2024-04-10 09:15:00,FLAT,508752830.83405393,508752830.83405393,0.0,0.0,1268.7
2024-04-10 09:30:00,FLAT,508752830.83405393,508752830.83405393,0.0,0.0,1270.6
2024-04-10 09:45:00,FLAT,508752830.83405393,508752830.83405393,0.0,0.0,1270.0
2024-04-10 10:00:00,FLAT,508752830.83405393,508752830.83405393,0.0,0.0,1271.5
2024-04-10 10:15:00,LONG,508562084.0766349,507017034.6161847,-1545049.460450173,0.0,1270.1
2024-04-10 10:30:00,LONG,508562084.0766349,506917034.61618483,-1645049.4604500819,0.0,1270.0
2024-04-10 10:45:00,FLAT,505726684.61618483,505726684.61618483,0.0,0.0,1269.1
2024-04-10 11:00:00,FLAT,505726684.61618483,505726684.61618483,0.0,0.0,1269.1
2024-04-10 11:15:00,FLAT,505726684.61618483,505726684.61618483,0.0,0.0,1268.9
2024-04-10 13:00:00,FLAT,505726684.61618483,505726684.61618483,0.0,0.0,1269.1
2024-04-10 13:15:00,FLAT,505726684.61618483,505726684.61618483,0.0,0.0,1267.0
2024-04-10 13:30:00,FLAT,505726684.61618483,505726684.61618483,0.0,0.0,1266.2
2024-04-10 13:45:00,FLAT,505726684.61618483,505726684.61618483,0.0,0.0,1265.1
2024-04-10 14:00:00,FLAT,505726684.61618483,505726684.61618483,0.0,0.0,1265.8
2024-04-10 14:15:00,FLAT,505726684.61618483,505726684.61618483,0.0,0.0,1259.9
2024-04-10 14:30:00,FLAT,505726684.61618483,505726684.61618483,0.0,0.0,1258.3
2024-04-11 09:00:00,FLAT,505726684.61618483,505726684.61618483,0.0,0.0,1252.6
2024-04-11 09:15:00,FLAT,505726684.61618483,505726684.61618483,0.0,0.0,1253.8
2024-04-11 09:30:00,FLAT,505726684.61618483,505726684.61618483,0.0,0.0,1255.7
2024-04-11 09:45:00,LONG,505538297.2888885,505522781.9802992,-15515.308589328924,0.0,1255.9
2024-04-11 10:00:00,LONG,505538297.2888885,506522781.9802992,984484.6914106711,0.0,1256.9
2024-04-11 10:15:00,LONG,505538297.2888885,507522781.9802992,1984484.691410671,0.0,1257.9
2024-04-11 10:30:00,LONG,505538297.2888885,507322781.9802991,1784484.6914106256,0.0,1257.7
2024-04-11 10:45:00,LONG,505538297.2888885,506222781.980299,684484.6914104891,0.0,1256.6
2024-04-11 11:00:00,LONG,505538297.2888885,505722781.980299,184484.69141048918,0.0,1256.1
2024-04-11 11:15:00,LONG,505538297.2888885,508822781.9802991,3284484.691410626,0.0,1259.2
2024-04-11 13:00:00,LONG,505538297.2888885,509922781.98029906,4384484.691410535,0.0,1260.3
2024-04-11 13:15:00,LONG,505538297.2888885,509922781.98029906,4384484.691410535,0.0,1260.3
2024-04-11 13:30:00,LONG,505538297.2888885,511822781.9802991,6284484.691410625,0.0,1262.2
2024-04-11 13:45:00,LONG,505538297.2888885,510922781.98029906,5384484.691410535,0.0,1261.3
2024-04-11 14:00:00,LONG,505538297.2888885,512222781.980299,6684484.691410489,0.0,1262.6
2024-04-11 14:15:00,FLAT,509933706.9802991,509933706.9802991,0.0,0.0,1261.0
2024-04-11 14:30:00,FLAT,509933706.9802991,509933706.9802991,0.0,0.0,1264.0
2024-04-12 09:00:00,FLAT,509933706.9802991,509933706.9802991,0.0,0.0,1267.7
2024-04-12 09:15:00,FLAT,509933706.9802991,509933706.9802991,0.0,0.0,1266.0
2024-04-12 09:30:00,FLAT,509933706.9802991,509933706.9802991,0.0,0.0,1265.4
2024-04-12 09:45:00,FLAT,509933706.9802991,509933706.9802991,0.0,0.0,1263.2
2024-04-12 10:00:00,SHORT,509744263.002757,509404113.2832452,-340149.71951182815,0.0,1263.3
2024-04-12 10:15:00,SHORT,509744263.002757,511004113.2832451,1259850.2804880808,0.0,1261.7
2024-04-12 10:30:00,SHORT,509744263.002757,511004113.2832451,1259850.2804880808,0.0,1261.7
2024-04-12 10:45:00,SHORT,509744263.002757,508604113.2832452,-1140149.7195117828,0.0,1264.1
2024-04-12 11:00:00,FLAT,507014288.28324515,507014288.28324515,0.0,0.0,1265.0
2024-04-12 11:15:00,FLAT,507014288.28324515,507014288.28324515,0.0,0.0,1265.7
2024-04-12 13:00:00,FLAT,507014288.28324515,507014288.28324515,0.0,0.0,1264.8
2024-04-12 13:15:00,FLAT,507014288.28324515,507014288.28324515,0.0,0.0,1267.2
2024-04-12 13:30:00,FLAT,507014288.28324515,507014288.28324515,0.0,0.0,1272.1
2024-04-12 13:45:00,FLAT,507014288.28324515,507014288.28324515,0.0,0.0,1271.8
2024-04-12 14:00:00,FLAT,507014288.28324515,507014288.28324515,0.0,0.0,1281.1
2024-04-12 14:15:00,FLAT,507014288.28324515,507014288.28324515,0.0,0.0,1282.9
2024-04-12 14:30:00,FLAT,507014288.28324515,507014288.28324515,0.0,0.0,1288.8
2024-04-15 09:00:00,FLAT,507014288.28324515,507014288.28324515,0.0,0.0,1277.9
2024-04-15 09:15:00,FLAT,507014288.28324515,507014288.28324515,0.0,0.0,1283.0
2024-04-15 09:30:00,FLAT,507014288.28324515,507014288.28324515,0.0,0.0,1278.9
2024-04-15 09:45:00,FLAT,507014288.28324515,507014288.28324515,0.0,0.0,1279.6
2024-04-15 10:00:00,FLAT,507014288.28324515,507014288.28324515,0.0,0.0,1276.8
2024-04-15 10:15:00,FLAT,507014288.28324515,507014288.28324515,0.0,0.0,1276.2
2024-04-15 10:30:00,FLAT,507014288.28324515,507014288.28324515,0.0,0.0,1275.1
2024-04-15 10:45:00,FLAT,507014288.28324515,507014288.28324515,0.0,0.0,1276.2
2024-04-15 11:00:00,FLAT,507014288.28324515,507014288.28324515,0.0,0.0,1275.2
2024-04-15 11:15:00,FLAT,507014288.28324515,507014288.28324515,0.0,0.0,1272.8
2024-04-15 13:00:00,FLAT,507014288.28324515,507014288.28324515,0.0,0.0,1274.3
2024-04-15 13:15:00,FLAT,507014288.28324515,507014288.28324515,0.0,0.0,1276.2
2024-04-15 13:30:00,FLAT,507014288.28324515,507014288.28324515,0.0,0.0,1274.7
2024-04-15 13:45:00,FLAT,507014288.28324515,507014288.28324515,0.0,0.0,1272.0
2024-04-15 14:00:00,FLAT,507014288.28324515,507014288.28324515,0.0,0.0,1263.8
2024-04-15 14:15:00,FLAT,507014288.28324515,507014288.28324515,0.0,0.0,1234.9
2024-04-15 14:30:00,FLAT,507014288.28324515,507014288.28324515,0.0,0.0,1237.0
2024-04-16 09:00:00,FLAT,507014288.28324515,507014288.28324515,0.0,0.0,1235.4
2024-04-16 09:15:00,FLAT,507014288.28324515,507014288.28324515,0.0,0.0,1233.0
2024-04-16 09:30:00,FLAT,507014288.28324515,507014288.28324515,0.0,0.0,1228.7
2024-04-16 09:45:00,FLAT,502694865.84592855,502694865.84592855,0.0,0.0,1232.1
2024-04-16 10:00:00,FLAT,502694865.84592855,502694865.84592855,0.0,0.0,1231.8
2024-04-16 10:15:00,FLAT,502694865.84592855,502694865.84592855,0.0,0.0,1233.3
2024-04-16 10:30:00,FLAT,502694865.84592855,502694865.84592855,0.0,0.0,1226.2
2024-04-16 10:45:00,SHORT,502510558.712773,505024779.7497905,2514221.037017478,0.0,1226.2
2024-04-16 11:00:00,SHORT,502510558.712773,503224779.74979055,714221.0370175235,0.0,1228.0
2024-04-16 11:15:00,SHORT,502510558.712773,505224779.74979055,2714221.0370175233,0.0,1226.0
2024-04-16 13:00:00,SHORT,502510558.712773,506224779.74979055,3714221.0370175233,0.0,1225.0
2024-04-16 13:15:00,SHORT,502510558.712773,508424779.7497906,5914221.037017569,0.0,1222.8
2024-04-16 13:30:00,SHORT,502510558.712773,507024779.7497905,4514221.037017478,0.0,1224.2
2024-04-16 13:45:00,SHORT,502510558.712773,504524779.7497905,2014221.037017478,0.0,1226.7
2024-04-16 14:00:00,SHORT,502510558.712773,504124779.74979067,1614221.0370176143,0.0,1227.1
2024-04-16 14:15:00,FLAT,502540504.74979055,502540504.74979055,0.0,0.0,1228.0
2024-04-16 14:30:00,FLAT,502540504.74979055,502540504.74979055,0.0,0.0,1229.8
2024-04-17 09:00:00,FLAT,502540504.74979055,502540504.74979055,0.0,0.0,1232.9
2024-04-17 09:15:00,FLAT,502540504.74979055,502540504.74979055,0.0,0.0,1230.0
2024-04-17 09:30:00,FLAT,502540504.74979055,502540504.74979055,0.0,0.0,1231.3
2024-04-17 09:45:00,FLAT,502540504.74979055,502540504.74979055,0.0,0.0,1231.0
2024-04-17 10:00:00,FLAT,502540504.74979055,502540504.74979055,0.0,0.0,1228.6
2024-04-17 10:15:00,FLAT,502540504.74979055,502540504.74979055,0.0,0.0,1226.4
2024-04-17 10:30:00,FLAT,502540504.74979055,502540504.74979055,0.0,0.0,1224.6
2024-04-17 10:45:00,FLAT,502540504.74979055,502540504.74979055,0.0,0.0,1225.0
2024-04-17 11:00:00,FLAT,502540504.74979055,502540504.74979055,0.0,0.0,1227.0
2024-04-17 11:15:00,FLAT,502540504.74979055,502540504.74979055,0.0,0.0,1226.9
2024-04-17 13:00:00,FLAT,502540504.74979055,502540504.74979055,0.0,0.0,1226.5
2024-04-17 13:15:00,FLAT,502540504.74979055,502540504.74979055,0.0,0.0,1225.7
2024-04-17 13:30:00,FLAT,502540504.74979055,502540504.74979055,0.0,0.0,1225.8
2024-04-17 13:45:00,FLAT,502540504.74979055,502540504.74979055,0.0,0.0,1219.3
2024-04-17 14:00:00,FLAT,502540504.74979055,502540504.74979055,0.0,0.0,1214.2
2024-04-17 14:15:00,FLAT,502540504.74979055,502540504.74979055,0.0,0.0,1215.0
2024-04-17 14:30:00,FLAT,502540504.74979055,502540504.74979055,0.0,0.0,1211.1
2024-04-19 09:00:00,FLAT,502540504.74979055,502540504.74979055,0.0,0.0,1198.0
2024-04-19 09:15:00,FLAT,502540504.74979055,502540504.74979055,0.0,0.0,1198.4
2024-04-19 09:30:00,FLAT,502540504.74979055,502540504.74979055,0.0,0.0,1203.7
2024-04-19 09:45:00,FLAT,502540504.74979055,502540504.74979055,0.0,0.0,1201.6
2024-04-19 10:00:00,FLAT,502540504.74979055,502540504.74979055,0.0,0.0,1201.3
2024-04-19 10:15:00,FLAT,502540504.74979055,502540504.74979055,0.0,0.0,1202.3
2024-04-19 10:30:00,FLAT,502540504.74979055,502540504.74979055,0.0,0.0,1196.0
2024-04-19 10:45:00,FLAT,502540504.74979055,502540504.74979055,0.0,0.0,1196.6
2024-04-19 11:00:00,FLAT,502540504.74979055,502540504.74979055,0.0,0.0,1196.4
2024-04-19 11:15:00,FLAT,502540504.74979055,502540504.74979055,0.0,0.0,1194.5
2024-04-19 13:00:00,FLAT,502540504.74979055,502540504.74979055,0.0,0.0,1200.2
2024-04-19 13:15:00,FLAT,502540504.74979055,502540504.74979055,0.0,0.0,1197.4
2024-04-19 13:30:00,FLAT,502540504.74979055,502540504.74979055,0.0,0.0,1199.5
2024-04-19 13:45:00,FLAT,502540504.74979055,502540504.74979055,0.0,0.0,1208.0
2024-04-19 14:00:00,LONG,502359782.8878464,504547369.92696255,2187587.039116124,0.0,1207.0
2024-04-19 14:15:00,FLAT,497867294.92696255,497867294.92696255,0.0,0.0,1197.3
2024-04-19 14:30:00,FLAT,497867294.92696255,497867294.92696255,0.0,0.0,1196.6
2024-04-22 09:00:00,FLAT,497867294.92696255,497867294.92696255,0.0,0.0,1206.0
2024-04-22 09:15:00,FLAT,497867294.92696255,497867294.92696255,0.0,0.0,1204.3
2024-04-22 09:30:00,FLAT,497867294.92696255,497867294.92696255,0.0,0.0,1204.8
2024-04-22 09:45:00,FLAT,497867294.92696255,497867294.92696255,0.0,0.0,1206.7
2024-04-22 10:00:00,FLAT,497867294.92696255,497867294.92696255,0.0,0.0,1207.4
2024-04-22 10:15:00,FLAT,497867294.92696255,497867294.92696255,0.0,0.0,1207.3
2024-04-22 10:30:00,FLAT,497867294.92696255,497867294.92696255,0.0,0.0,1211.3
2024-04-22 10:45:00,LONG,497685554.92696255,496585554.9269627,-1099999.999999909,0.0,1210.5
2024-04-22 11:00:00,LONG,497685554.92696255,495385554.9269626,-2299999.9999999544,0.0,1209.3
2024-04-22 11:15:00,FLAT,493304444.92696273,493304444.92696273,0.0,0.0,1205.0
2024-04-22 13:00:00,FLAT,493304444.92696273,493304444.92696273,0.0,0.0,1206.6
2024-04-22 13:15:00,FLAT,493304444.92696273,493304444.92696273,0.0,0.0,1208.3
2024-04-22 13:30:00,FLAT,493304444.92696273,493304444.92696273,0.0,0.0,1208.0
2024-04-22 13:45:00,FLAT,493304444.92696273,493304444.92696273,0.0,0.0,1213.1
2024-04-22 14:00:00,LONG,493122722.6996723,492941207.43015856,-181515.26951373852,0.0,1211.3
2024-04-22 14:15:00,FLAT,488760112.43015856,488760112.43015856,0.0,0.0,1207.0
2024-04-22 14:30:00,FLAT,488760112.43015856,488760112.43015856,0.0,0.0,1206.0
2024-04-23 09:00:00,FLAT,488760112.43015856,488760112.43015856,0.0,0.0,1207.6
2024-04-23 09:15:00,FLAT,488760112.43015856,488760112.43015856,0.0,0.0,1209.6
2024-04-23 09:30:00,FLAT,488760112.43015856,488760112.43015856,0.0,0.0,1210.8
2024-04-23 09:45:00,FLAT,488760112.43015856,488760112.43015856,0.0,0.0,1210.4
2024-04-23 10:00:00,FLAT,488760112.43015856,488760112.43015856,0.0,0.0,1206.1
2024-04-23 10:15:00,FLAT,488760112.43015856,488760112.43015856,0.0,0.0,1206.3
2024-04-23 10:30:00,FLAT,488760112.43015856,488760112.43015856,0.0,0.0,1206.4
2024-04-23 10:45:00,FLAT,488760112.43015856,488760112.43015856,0.0,0.0,1209.3
2024-04-23 11:00:00,FLAT,488760112.43015856,488760112.43015856,0.0,0.0,1205.7
2024-04-23 11:15:00,FLAT,488760112.43015856,488760112.43015856,0.0,0.0,1208.0
2024-04-23 13:00:00,FLAT,488760112.43015856,488760112.43015856,0.0,0.0,1208.9
2024-04-23 13:15:00,FLAT,488760112.43015856,488760112.43015856,0.0,0.0,1206.0
2024-04-23 13:30:00,FLAT,488760112.43015856,488760112.43015856,0.0,0.0,1207.3
2024-04-23 13:45:00,FLAT,488760112.43015856,488760112.43015856,0.0,0.0,1205.0
2024-04-23 14:00:00,FLAT,488760112.43015856,488760112.43015856,0.0,0.0,1195.1
2024-04-23 14:15:00,FLAT,488760112.43015856,488760112.43015856,0.0,0.0,1190.3
2024-04-23 14:30:00,FLAT,488760112.43015856,488760112.43015856,0.0,0.0,1192.5
2024-04-24 09:00:00,FLAT,488760112.43015856,488760112.43015856,0.0,0.0,1211.3
2024-04-24 09:15:00,FLAT,488760112.43015856,488760112.43015856,0.0,0.0,1213.7
2024-04-24 09:30:00,FLAT,488760112.43015856,488760112.43015856,0.0,0.0,1216.6
2024-04-24 09:45:00,LONG,488577590.2240906,493262883.1041928,4685292.880102225,0.0,1221.5
2024-04-24 10:00:00,LONG,488577590.2240906,492762883.1041928,4185292.8801022246,0.0,1221.0
2024-04-24 10:15:00,LONG,488577590.2240906,493162883.1041929,4585292.880102315,0.0,1221.4
2024-04-24 10:30:00,LONG,488577590.2240906,492562883.10419273,3985292.880102179,0.0,1220.8
2024-04-24 10:45:00,LONG,488577590.2240906,495062883.10419273,6485292.880102179,0.0,1223.3
2024-04-24 11:00:00,LONG,488577590.2240906,494462883.10419285,5885292.88010227,0.0,1222.7
2024-04-24 11:15:00,LONG,488577590.2240906,495262883.1041928,6685292.880102225,0.0,1223.5
2024-04-24 13:00:00,LONG,488577590.2240906,499062883.10419273,10485292.880102178,0.0,1227.3
2024-04-24 13:15:00,LONG,488577590.2240906,498362883.10419273,9785292.880102133,0.0,1226.6
2024-04-24 13:30:00,LONG,488577590.2240906,500362883.10419273,11785292.880102133,0.0,1228.6
2024-04-24 13:45:00,LONG,488577590.2240906,500062883.10419273,11485292.880102178,0.0,1228.3
2024-04-24 14:00:00,LONG,488577590.2240906,504162883.1041929,15585292.880102316,0.0,1232.4
2024-04-24 14:15:00,FLAT,501578383.1041928,501578383.1041928,0.0,0.0,1230.5
2024-04-24 14:30:00,FLAT,501578383.1041928,501578383.1041928,0.0,0.0,1229.2
2024-04-25 09:00:00,FLAT,501578383.1041928,501578383.1041928,0.0,0.0,1227.3
2024-04-25 09:15:00,FLAT,501578383.1041928,501578383.1041928,0.0,0.0,1228.6
2024-04-25 09:30:00,FLAT,501578383.1041928,501578383.1041928,0.0,0.0,1227.1
2024-04-25 09:45:00,FLAT,501578383.1041928,501578383.1041928,0.0,0.0,1226.1
2024-04-25 10:00:00,FLAT,501578383.1041928,501578383.1041928,0.0,0.0,1224.9
2024-04-25 10:15:00,FLAT,501578383.1041928,501578383.1041928,0.0,0.0,1228.2
2024-04-25 10:30:00,FLAT,501578383.1041928,501578383.1041928,0.0,0.0,1226.3
2024-04-25 10:45:00,FLAT,501578383.1041928,501578383.1041928,0.0,0.0,1225.7
2024-04-25 11:00:00,FLAT,501578383.1041928,501578383.1041928,0.0,0.0,1225.5
2024-04-25 11:15:00,FLAT,501578383.1041928,501578383.1041928,0.0,0.0,1227.4
2024-04-25 13:00:00,FLAT,501578383.1041928,501578383.1041928,0.0,0.0,1226.6
2024-04-25 13:15:00,FLAT,501578383.1041928,501578383.1041928,0.0,0.0,1226.1
2024-04-25 13:30:00,FLAT,501578383.1041928,501578383.1041928,0.0,0.0,1229.5
2024-04-25 13:45:00,FLAT,501578383.1041928,501578383.1041928,0.0,0.0,1228.5
2024-04-25 14:00:00,FLAT,501578383.1041928,501578383.1041928,0.0,0.0,1226.1
2024-04-25 14:15:00,FLAT,501578383.1041928,501578383.1041928,0.0,0.0,1228.0
2024-04-25 14:30:00,FLAT,501578383.1041928,501578383.1041928,0.0,0.0,1229.4
2024-04-26 09:00:00,FLAT,501578383.1041928,501578383.1041928,0.0,0.0,1222.6
2024-04-26 09:15:00,FLAT,501578383.1041928,501578383.1041928,0.0,0.0,1224.9
2024-04-26 09:30:00,FLAT,501578383.1041928,501578383.1041928,0.0,0.0,1224.8
2024-04-26 09:45:00,FLAT,501578383.1041928,501578383.1041928,0.0,0.0,1226.9
2024-04-26 10:00:00,FLAT,501578383.1041928,501578383.1041928,0.0,0.0,1234.3
2024-04-26 10:15:00,FLAT,501578383.1041928,501578383.1041928,0.0,0.0,1235.2
2024-04-26 10:30:00,FLAT,501578383.1041928,501578383.1041928,0.0,0.0,1238.8
2024-04-26 10:45:00,FLAT,501578383.1041928,501578383.1041928,0.0,0.0,1237.0
2024-04-26 11:00:00,FLAT,501578383.1041928,501578383.1041928,0.0,0.0,1234.1
2024-04-26 11:15:00,FLAT,501578383.1041928,501578383.1041928,0.0,0.0,1228.5
2024-04-26 13:00:00,FLAT,501578383.1041928,501578383.1041928,0.0,0.0,1227.1
2024-04-26 13:15:00,FLAT,501578383.1041928,501578383.1041928,0.0,0.0,1231.3
2024-04-26 13:30:00,FLAT,501578383.1041928,501578383.1041928,0.0,0.0,1229.0
2024-04-26 13:45:00,FLAT,501578383.1041928,501578383.1041928,0.0,0.0,1231.8
2024-04-26 14:00:00,FLAT,501578383.1041928,501578383.1041928,0.0,0.0,1229.6
2024-04-26 14:15:00,FLAT,501578383.1041928,501578383.1041928,0.0,0.0,1232.1
2024-04-26 14:30:00,FLAT,501578383.1041928,501578383.1041928,0.0,0.0,1232.0
2024-05-02 09:00:00,FLAT,501578383.1041928,501578383.1041928,0.0,0.0,1238.5
2024-05-02 09:15:00,FLAT,501578383.1041928,501578383.1041928,0.0,0.0,1236.5
2024-05-02 09:30:00,FLAT,501578383.1041928,501578383.1041928,0.0,0.0,1238.0
2024-05-02 09:45:00,FLAT,501578383.1041928,501578383.1041928,0.0,0.0,1237.1
2024-05-02 10:00:00,FLAT,501578383.1041928,501578383.1041928,0.0,0.0,1239.9
2024-05-02 10:15:00,FLAT,501578383.1041928,501578383.1041928,0.0,0.0,1238.5
2024-05-02 10:30:00,FLAT,501578383.1041928,501578383.1041928,0.0,0.0,1235.4
2024-05-02 10:45:00,FLAT,501578383.1041928,501578383.1041928,0.0,0.0,1235.4
2024-05-02 11:00:00,FLAT,501578383.1041928,501578383.1041928,0.0,0.0,1232.5
2024-05-02 11:15:00,FLAT,501578383.1041928,501578383.1041928,0.0,0.0,1233.6
2024-05-02 13:00:00,FLAT,501578383.1041928,501578383.1041928,0.0,0.0,1234.7
2024-05-02 13:15:00,FLAT,501578383.1041928,501578383.1041928,0.0,0.0,1236.4
2024-05-02 13:30:00,FLAT,501578383.1041928,501578383.1041928,0.0,0.0,1233.7
2024-05-02 13:45:00,FLAT,501578383.1041928,501578383.1041928,0.0,0.0,1236.3
2024-05-02 14:00:00,FLAT,501578383.1041928,501578383.1041928,0.0,0.0,1238.0
2024-05-02 14:15:00,FLAT,501578383.1041928,501578383.1041928,0.0,0.0,1240.2
2024-05-02 14:30:00,FLAT,501578383.1041928,501578383.1041928,0.0,0.0,1240.2
2024-05-03 09:00:00,FLAT,501578383.1041928,501578383.1041928,0.0,0.0,1251.7
2024-05-03 09:15:00,FLAT,501578383.1041928,501578383.1041928,0.0,0.0,1251.0
2024-05-03 09:30:00,FLAT,501578383.1041928,501578383.1041928,0.0,0.0,1250.3
2024-05-03 09:45:00,FLAT,501578383.1041928,501578383.1041928,0.0,0.0,1250.7
2024-05-03 10:00:00,FLAT,501578383.1041928,501578383.1041928,0.0,0.0,1249.7
2024-05-03 10:15:00,FLAT,501578383.1041928,501578383.1041928,0.0,0.0,1250.4
2024-05-03 10:30:00,FLAT,501578383.1041928,501578383.1041928,0.0,0.0,1251.9
2024-05-03 10:45:00,FLAT,501578383.1041928,501578383.1041928,0.0,0.0,1250.8
2024-05-03 11:00:00,FLAT,501578383.1041928,501578383.1041928,0.0,0.0,1251.0
2024-05-03 11:15:00,FLAT,501578383.1041928,501578383.1041928,0.0,0.0,1250.7
2024-05-03 13:00:00,FLAT,501578383.1041928,501578383.1041928,0.0,0.0,1250.0
2024-05-03 13:15:00,FLAT,501578383.1041928,501578383.1041928,0.0,0.0,1249.6
2024-05-03 13:30:00,FLAT,501578383.1041928,501578383.1041928,0.0,0.0,1250.8
2024-05-03 13:45:00,FLAT,501578383.1041928,501578383.1041928,0.0,0.0,1252.8
2024-05-03 14:00:00,FLAT,501578383.1041928,501578383.1041928,0.0,0.0,1248.6
2024-05-03 14:15:00,FLAT,501578383.1041928,501578383.1041928,0.0,0.0,1249.0
2024-05-03 14:30:00,FLAT,501578383.1041928,501578383.1041928,0.0,0.0,1247.4
2024-05-06 09:00:00,FLAT,501578383.1041928,501578383.1041928,0.0,0.0,1258.4
2024-05-06 09:15:00,FLAT,501578383.1041928,501578383.1041928,0.0,0.0,1257.5
2024-05-06 09:30:00,FLAT,501578383.1041928,501578383.1041928,0.0,0.0,1257.5
2024-05-06 09:45:00,FLAT,501578383.1041928,501578383.1041928,0.0,0.0,1257.0
2024-05-06 10:00:00,FLAT,501578383.1041928,501578383.1041928,0.0,0.0,1258.0
2024-05-06 10:15:00,FLAT,501578383.1041928,501578383.1041928,0.0,0.0,1260.0
2024-05-06 10:30:00,FLAT,501578383.1041928,501578383.1041928,0.0,0.0,1260.1
2024-05-06 10:45:00,FLAT,501578383.1041928,501578383.1041928,0.0,0.0,1262.7
2024-05-06 11:00:00,FLAT,501578383.1041928,501578383.1041928,0.0,0.0,1264.2
2024-05-06 11:15:00,FLAT,501578383.1041928,501578383.1041928,0.0,0.0,1263.6
2024-05-06 13:00:00,FLAT,501578383.1041928,501578383.1041928,0.0,0.0,1264.4
2024-05-06 13:15:00,FLAT,501578383.1041928,501578383.1041928,0.0,0.0,1266.0
2024-05-06 13:30:00,FLAT,501578383.1041928,501578383.1041928,0.0,0.0,1264.6
2024-05-06 13:45:00,FLAT,501578383.1041928,501578383.1041928,0.0,0.0,1265.9
2024-05-06 14:00:00,FLAT,501578383.1041928,501578383.1041928,0.0,0.0,1268.9
2024-05-06 14:15:00,FLAT,501578383.1041928,501578383.1041928,0.0,0.0,1273.1
2024-05-06 14:30:00,FLAT,501578383.1041928,501578383.1041928,0.0,0.0,1276.0
2024-05-07 09:00:00,FLAT,501578383.1041928,501578383.1041928,0.0,0.0,1270.7
2024-05-07 09:15:00,FLAT,501578383.1041928,501578383.1041928,0.0,0.0,1270.0
2024-05-07 09:30:00,FLAT,501578383.1041928,501578383.1041928,0.0,0.0,1268.6
2024-05-07 09:45:00,FLAT,501578383.1041928,501578383.1041928,0.0,0.0,1268.6
2024-05-07 10:00:00,FLAT,501578383.1041928,501578383.1041928,0.0,0.0,1267.2
2024-05-07 10:15:00,FLAT,501578383.1041928,501578383.1041928,0.0,0.0,1269.4
2024-05-07 10:30:00,FLAT,501578383.1041928,501578383.1041928,0.0,0.0,1270.9
2024-05-07 10:45:00,FLAT,501578383.1041928,501578383.1041928,0.0,0.0,1267.9
2024-05-07 11:00:00,FLAT,501578383.1041928,501578383.1041928,0.0,0.0,1269.0
2024-05-07 11:15:00,FLAT,501578383.1041928,501578383.1041928,0.0,0.0,1267.9
2024-05-07 13:00:00,FLAT,501578383.1041928,501578383.1041928,0.0,0.0,1268.7
2024-05-07 13:15:00,FLAT,501578383.1041928,501578383.1041928,0.0,0.0,1270.4
2024-05-07 13:30:00,FLAT,501578383.1041928,501578383.1041928,0.0,0.0,1268.7
2024-05-07 13:45:00,FLAT,501578383.1041928,501578383.1041928,0.0,0.0,1270.0
2024-05-07 14:00:00,FLAT,501578383.1041928,501578383.1041928,0.0,0.0,1271.7
2024-05-07 14:15:00,FLAT,501578383.1041928,501578383.1041928,0.0,0.0,1276.2
2024-05-07 14:30:00,FLAT,501578383.1041928,501578383.1041928,0.0,0.0,1275.6
2024-05-08 09:00:00,FLAT,501578383.1041928,501578383.1041928,0.0,0.0,1264.8
2024-05-08 09:15:00,FLAT,501578383.1041928,501578383.1041928,0.0,0.0,1265.7
2024-05-08 09:30:00,FLAT,501578383.1041928,501578383.1041928,0.0,0.0,1265.5
2024-05-08 09:45:00,FLAT,501578383.1041928,501578383.1041928,0.0,0.0,1268.2
2024-05-08 10:00:00,FLAT,501578383.1041928,501578383.1041928,0.0,0.0,1267.2
2024-05-08 10:15:00,FLAT,501578383.1041928,501578383.1041928,0.0,0.0,1269.6
2024-05-08 10:30:00,FLAT,501578383.1041928,501578383.1041928,0.0,0.0,1270.4
2024-05-08 10:45:00,FLAT,501578383.1041928,501578383.1041928,0.0,0.0,1271.8
2024-05-08 11:00:00,FLAT,501578383.1041928,501578383.1041928,0.0,0.0,1268.7
2024-05-08 11:15:00,FLAT,501578383.1041928,501578383.1041928,0.0,0.0,1269.0
2024-05-08 13:00:00,FLAT,501578383.1041928,501578383.1041928,0.0,0.0,1269.0
2024-05-08 13:15:00,FLAT,501578383.1041928,501578383.1041928,0.0,0.0,1267.6
2024-05-08 13:30:00,FLAT,501578383.1041928,501578383.1041928,0.0,0.0,1271.2
2024-05-08 13:45:00,FLAT,501578383.1041928,501578383.1041928,0.0,0.0,1272.6
2024-05-08 14:00:00,FLAT,501578383.1041928,501578383.1041928,0.0,0.0,1272.3
2024-05-08 14:15:00,FLAT,501578383.1041928,501578383.1041928,0.0,0.0,1272.8
2024-05-08 14:30:00,FLAT,501578383.1041928,501578383.1041928,0.0,0.0,1273.9
2024-05-09 09:00:00,FLAT,501578383.1041928,501578383.1041928,0.0,0.0,1279.1
2024-05-09 09:15:00,FLAT,501578383.1041928,501578383.1041928,0.0,0.0,1281.4
2024-05-09 09:30:00,FLAT,501578383.1041928,501578383.1041928,0.0,0.0,1278.0
2024-05-09 09:45:00,FLAT,501578383.1041928,501578383.1041928,0.0,0.0,1278.5
2024-05-09 10:00:00,FLAT,501578383.1041928,501578383.1041928,0.0,0.0,1280.7
2024-05-09 10:15:00,FLAT,501578383.1041928,501578383.1041928,0.0,0.0,1278.5
2024-05-09 10:30:00,FLAT,501578383.1041928,501578383.1041928,0.0,0.0,1276.8
2024-05-09 10:45:00,FLAT,501578383.1041928,501578383.1041928,0.0,0.0,1275.7
2024-05-09 11:00:00,FLAT,501578383.1041928,501578383.1041928,0.0,0.0,1272.7
2024-05-09 11:15:00,FLAT,501578383.1041928,501578383.1041928,0.0,0.0,1271.1
2024-05-09 13:00:00,FLAT,501578383.1041928,501578383.1041928,0.0,0.0,1271.3
2024-05-09 13:15:00,FLAT,501578383.1041928,501578383.1041928,0.0,0.0,1273.6
2024-05-09 13:30:00,FLAT,501578383.1041928,501578383.1041928,0.0,0.0,1274.8
2024-05-09 13:45:00,FLAT,501578383.1041928,501578383.1041928,0.0,0.0,1274.5
2024-05-09 14:00:00,FLAT,501578383.1041928,501578383.1041928,0.0,0.0,1274.3
2024-05-09 14:15:00,FLAT,501578383.1041928,501578383.1041928,0.0,0.0,1274.5
2024-05-09 14:30:00,FLAT,501578383.1041928,501578383.1041928,0.0,0.0,1274.0
2024-05-10 09:00:00,FLAT,501578383.1041928,501578383.1041928,0.0,0.0,1275.9
2024-05-10 09:15:00,FLAT,501578383.1041928,501578383.1041928,0.0,0.0,1275.5
2024-05-10 09:30:00,FLAT,501578383.1041928,501578383.1041928,0.0,0.0,1277.7
2024-05-10 09:45:00,FLAT,501578383.1041928,501578383.1041928,0.0,0.0,1279.0
2024-05-10 10:00:00,LONG,501386573.8477355,500558197.4658576,-828376.381877888,0.0,1277.9
2024-05-10 10:15:00,LONG,501386573.8477355,499758197.46585745,-1628376.3818780698,0.0,1277.1
2024-05-10 10:30:00,FLAT,498366812.4658576,498366812.4658576,0.0,0.0,1275.7
2024-05-10 10:45:00,FLAT,498366812.4658576,498366812.4658576,0.0,0.0,1273.7
2024-05-10 11:00:00,FLAT,498366812.4658576,498366812.4658576,0.0,0.0,1265.5
2024-05-10 11:15:00,FLAT,498366812.4658576,498366812.4658576,0.0,0.0,1264.7
2024-05-10 13:00:00,FLAT,498366812.4658576,498366812.4658576,0.0,0.0,1267.6
2024-05-10 13:15:00,FLAT,498366812.4658576,498366812.4658576,0.0,0.0,1266.8
2024-05-10 13:30:00,FLAT,498366812.4658576,498366812.4658576,0.0,0.0,1267.1
2024-05-10 13:45:00,FLAT,498366812.4658576,498366812.4658576,0.0,0.0,1264.7
2024-05-10 14:00:00,FLAT,498366812.4658576,498366812.4658576,0.0,0.0,1266.7
2024-05-10 14:15:00,FLAT,498366812.4658576,498366812.4658576,0.0,0.0,1269.5
2024-05-10 14:30:00,FLAT,498366812.4658576,498366812.4658576,0.0,0.0,1268.0
2024-05-13 09:00:00,FLAT,498366812.4658576,498366812.4658576,0.0,0.0,1273.0
2024-05-13 09:15:00,FLAT,498366812.4658576,498366812.4658576,0.0,0.0,1270.2
2024-05-13 09:30:00,FLAT,498366812.4658576,498366812.4658576,0.0,0.0,1272.3
2024-05-13 09:45:00,FLAT,498366812.4658576,498366812.4658576,0.0,0.0,1270.5
2024-05-13 10:00:00,FLAT,498366812.4658576,498366812.4658576,0.0,0.0,1270.1
2024-05-13 10:15:00,FLAT,498366812.4658576,498366812.4658576,0.0,0.0,1270.4
2024-05-13 10:30:00,FLAT,498366812.4658576,498366812.4658576,0.0,0.0,1267.9
2024-05-13 10:45:00,FLAT,498366812.4658576,498366812.4658576,0.0,0.0,1268.1
2024-05-13 11:00:00,FLAT,498366812.4658576,498366812.4658576,0.0,0.0,1267.8
2024-05-13 11:15:00,SHORT,498176528.5857122,497935729.5551519,-240799.0305603107,0.0,1268.8
2024-05-13 13:00:00,SHORT,498176528.5857122,500235729.5551518,2059200.969439644,0.0,1266.5
2024-05-13 13:15:00,SHORT,498176528.5857122,496935729.5551519,-1240799.0305603107,0.0,1269.8
2024-05-13 13:30:00,FLAT,495045004.5551518,495045004.5551518,0.0,0.0,1271.2
2024-05-13 13:45:00,FLAT,495045004.5551518,495045004.5551518,0.0,0.0,1271.3
2024-05-13 14:00:00,FLAT,495045004.5551518,495045004.5551518,0.0,0.0,1270.1
2024-05-13 14:15:00,FLAT,495045004.5551518,495045004.5551518,0.0,0.0,1265.6
2024-05-13 14:30:00,FLAT,495045004.5551518,495045004.5551518,0.0,0.0,1265.5
2024-05-14 09:00:00,FLAT,495045004.5551518,495045004.5551518,0.0,0.0,1275.7
2024-05-14 09:15:00,FLAT,495045004.5551518,495045004.5551518,0.0,0.0,1275.1
2024-05-14 09:30:00,FLAT,495045004.5551518,495045004.5551518,0.0,0.0,1275.1
2024-05-14 09:45:00,FLAT,495045004.5551518,495045004.5551518,0.0,0.0,1278.0
2024-05-14 10:00:00,FLAT,495045004.5551518,495045004.5551518,0.0,0.0,1276.6
2024-05-14 10:15:00,FLAT,495045004.5551518,495045004.5551518,0.0,0.0,1276.3
2024-05-14 10:30:00,FLAT,495045004.5551518,495045004.5551518,0.0,0.0,1276.2
2024-05-14 10:45:00,FLAT,495045004.5551518,495045004.5551518,0.0,0.0,1273.3
2024-05-14 11:00:00,FLAT,495045004.5551518,495045004.5551518,0.0,0.0,1272.8
2024-05-14 11:15:00,FLAT,495045004.5551518,495045004.5551518,0.0,0.0,1273.3
2024-05-14 13:00:00,FLAT,495045004.5551518,495045004.5551518,0.0,0.0,1273.6
2024-05-14 13:15:00,FLAT,495045004.5551518,495045004.5551518,0.0,0.0,1272.5
2024-05-14 13:30:00,FLAT,495045004.5551518,495045004.5551518,0.0,0.0,1273.8
2024-05-14 13:45:00,FLAT,495045004.5551518,495045004.5551518,0.0,0.0,1273.4
2024-05-14 14:00:00,FLAT,495045004.5551518,495045004.5551518,0.0,0.0,1272.6
2024-05-14 14:15:00,FLAT,495045004.5551518,495045004.5551518,0.0,0.0,1276.1
2024-05-14 14:30:00,FLAT,495045004.5551518,495045004.5551518,0.0,0.0,1276.8
2024-05-15 09:00:00,FLAT,495045004.5551518,495045004.5551518,0.0,0.0,1279.4
2024-05-15 09:15:00,FLAT,495045004.5551518,495045004.5551518,0.0,0.0,1278.1
2024-05-15 09:30:00,FLAT,495045004.5551518,495045004.5551518,0.0,0.0,1279.1
2024-05-15 09:45:00,FLAT,495045004.5551518,495045004.5551518,0.0,0.0,1280.0
2024-05-15 10:00:00,FLAT,495045004.5551518,495045004.5551518,0.0,0.0,1281.4
2024-05-15 10:15:00,FLAT,495045004.5551518,495045004.5551518,0.0,0.0,1280.5
2024-05-15 10:30:00,FLAT,495045004.5551518,495045004.5551518,0.0,0.0,1279.8
2024-05-15 10:45:00,FLAT,495045004.5551518,495045004.5551518,0.0,0.0,1282.3
2024-05-15 11:00:00,FLAT,495045004.5551518,495045004.5551518,0.0,0.0,1284.3
2024-05-15 11:15:00,FLAT,495045004.5551518,495045004.5551518,0.0,0.0,1284.5
2024-05-15 13:00:00,FLAT,495045004.5551518,495045004.5551518,0.0,0.0,1287.4
2024-05-15 13:15:00,FLAT,495045004.5551518,495045004.5551518,0.0,0.0,1287.5
2024-05-15 13:30:00,FLAT,495045004.5551518,495045004.5551518,0.0,0.0,1290.9
2024-05-15 13:45:00,LONG,494851370.8354699,494959906.28921163,108535.45374175155,0.0,1291.0
2024-05-15 14:00:00,FLAT,492066661.28921163,492066661.28921163,0.0,0.0,1287.7
2024-05-15 14:15:00,FLAT,492066661.28921163,492066661.28921163,0.0,0.0,1285.2
2024-05-15 14:30:00,FLAT,492066661.28921163,492066661.28921163,0.0,0.0,1286.7
2024-05-16 09:00:00,FLAT,492066661.28921163,492066661.28921163,0.0,0.0,1295.8
2024-05-16 09:15:00,FLAT,492066661.28921163,492066661.28921163,0.0,0.0,1294.9
2024-05-16 09:30:00,FLAT,492066661.28921163,492066661.28921163,0.0,0.0,1295.8
2024-05-16 09:45:00,FLAT,492066661.28921163,492066661.28921163,0.0,0.0,1299.6
2024-05-16 10:00:00,FLAT,492066661.28921163,492066661.28921163,0.0,0.0,1308.1
2024-05-16 10:15:00,FLAT,492066661.28921163,492066661.28921163,0.0,0.0,1305.9
2024-05-16 10:30:00,FLAT,492066661.28921163,492066661.28921163,0.0,0.0,1306.1
2024-05-16 10:45:00,FLAT,492066661.28921163,492066661.28921163,0.0,0.0,1307.5
2024-05-16 11:00:00,FLAT,492066661.28921163,492066661.28921163,0.0,0.0,1306.1
2024-05-16 11:15:00,FLAT,492066661.28921163,492066661.28921163,0.0,0.0,1306.3
2024-05-16 13:00:00,FLAT,492066661.28921163,492066661.28921163,0.0,0.0,1306.5
2024-05-16 13:15:00,FLAT,492066661.28921163,492066661.28921163,0.0,0.0,1309.4
2024-05-16 13:30:00,FLAT,492066661.28921163,492066661.28921163,0.0,0.0,1306.6
2024-05-16 13:45:00,FLAT,492066661.28921163,492066661.28921163,0.0,0.0,1306.8
2024-05-16 14:00:00,FLAT,492066661.28921163,492066661.28921163,0.0,0.0,1308.7
2024-05-16 14:15:00,FLAT,492066661.28921163,492066661.28921163,0.0,0.0,1309.5
2024-05-16 14:30:00,FLAT,492066661.28921163,492066661.28921163,0.0,0.0,1309.6
2024-05-17 09:00:00,FLAT,492066661.28921163,492066661.28921163,0.0,0.0,1304.2
2024-05-17 09:15:00,FLAT,492066661.28921163,492066661.28921163,0.0,0.0,1303.7
2024-05-17 09:30:00,FLAT,492066661.28921163,492066661.28921163,0.0,0.0,1304.0
2024-05-17 09:45:00,FLAT,492066661.28921163,492066661.28921163,0.0,0.0,1305.3
2024-05-17 10:00:00,FLAT,492066661.28921163,492066661.28921163,0.0,0.0,1303.4
2024-05-17 10:15:00,FLAT,492066661.28921163,492066661.28921163,0.0,0.0,1303.1
2024-05-17 10:30:00,FLAT,492066661.28921163,492066661.28921163,0.0,0.0,1303.9
2024-05-17 10:45:00,FLAT,492066661.28921163,492066661.28921163,0.0,0.0,1303.7
2024-05-17 11:00:00,FLAT,492066661.28921163,492066661.28921163,0.0,0.0,1305.0
2024-05-17 11:15:00,FLAT,492066661.28921163,492066661.28921163,0.0,0.0,1305.0
2024-05-17 13:00:00,FLAT,492066661.28921163,492066661.28921163,0.0,0.0,1304.4
2024-05-17 13:15:00,FLAT,492066661.28921163,492066661.28921163,0.0,0.0,1303.4
2024-05-17 13:30:00,FLAT,492066661.28921163,492066661.28921163,0.0,0.0,1304.4
2024-05-17 13:45:00,FLAT,492066661.28921163,492066661.28921163,0.0,0.0,1302.6
2024-05-17 14:00:00,FLAT,492066661.28921163,492066661.28921163,0.0,0.0,1304.3
2024-05-17 14:15:00,FLAT,492066661.28921163,492066661.28921163,0.0,0.0,1306.3
2024-05-17 14:30:00,FLAT,492066661.28921163,492066661.28921163,0.0,0.0,1306.0
2024-05-20 09:00:00,FLAT,492066661.28921163,492066661.28921163,0.0,0.0,1317.0
2024-05-20 09:15:00,FLAT,492066661.28921163,492066661.28921163,0.0,0.0,1317.0
2024-05-20 09:30:00,FLAT,492066661.28921163,492066661.28921163,0.0,0.0,1317.6
2024-05-20 09:45:00,FLAT,492066661.28921163,492066661.28921163,0.0,0.0,1317.6
2024-05-20 10:00:00,FLAT,492066661.28921163,492066661.28921163,0.0,0.0,1316.6
2024-05-20 10:15:00,FLAT,492066661.28921163,492066661.28921163,0.0,0.0,1317.9
2024-05-20 10:30:00,FLAT,492066661.28921163,492066661.28921163,0.0,0.0,1317.3
2024-05-20 10:45:00,FLAT,492066661.28921163,492066661.28921163,0.0,0.0,1316.0
2024-05-20 11:00:00,FLAT,492066661.28921163,492066661.28921163,0.0,0.0,1315.0
2024-05-20 11:15:00,FLAT,492066661.28921163,492066661.28921163,0.0,0.0,1312.7
2024-05-20 13:00:00,FLAT,492066661.28921163,492066661.28921163,0.0,0.0,1313.8
2024-05-20 13:15:00,FLAT,492066661.28921163,492066661.28921163,0.0,0.0,1314.0
2024-05-20 13:30:00,FLAT,492066661.28921163,492066661.28921163,0.0,0.0,1311.5
2024-05-20 13:45:00,FLAT,492066661.28921163,492066661.28921163,0.0,0.0,1314.0
2024-05-20 14:00:00,FLAT,492066661.28921163,492066661.28921163,0.0,0.0,1313.5
2024-05-20 14:15:00,FLAT,492066661.28921163,492066661.28921163,0.0,0.0,1313.4
2024-05-20 14:30:00,FLAT,492066661.28921163,492066661.28921163,0.0,0.0,1312.6
2024-05-21 09:00:00,FLAT,492066661.28921163,492066661.28921163,0.0,0.0,1308.3
2024-05-21 09:15:00,FLAT,492066661.28921163,492066661.28921163,0.0,0.0,1308.8
2024-05-21 09:30:00,FLAT,492066661.28921163,492066661.28921163,0.0,0.0,1308.2
2024-05-21 09:45:00,FLAT,492066661.28921163,492066661.28921163,0.0,0.0,1306.6
2024-05-21 10:00:00,FLAT,492066661.28921163,492066661.28921163,0.0,0.0,1307.0
2024-05-21 10:15:00,FLAT,492066661.28921163,492066661.28921163,0.0,0.0,1307.9
2024-05-21 10:30:00,FLAT,492066661.28921163,492066661.28921163,0.0,0.0,1307.0
2024-05-21 10:45:00,FLAT,492066661.28921163,492066661.28921163,0.0,0.0,1306.5
2024-05-21 11:00:00,FLAT,492066661.28921163,492066661.28921163,0.0,0.0,1306.4
2024-05-21 11:15:00,FLAT,492066661.28921163,492066661.28921163,0.0,0.0,1306.8
2024-05-21 13:00:00,FLAT,492066661.28921163,492066661.28921163,0.0,0.0,1306.8
2024-05-21 13:15:00,FLAT,492066661.28921163,492066661.28921163,0.0,0.0,1304.6
2024-05-21 13:30:00,FLAT,492066661.28921163,492066661.28921163,0.0,0.0,1303.8
2024-05-21 13:45:00,FLAT,492066661.28921163,492066661.28921163,0.0,0.0,1303.1
2024-05-21 14:00:00,FLAT,492066661.28921163,492066661.28921163,0.0,0.0,1297.4
2024-05-21 14:15:00,FLAT,492066661.28921163,492066661.28921163,0.0,0.0,1305.6
2024-05-21 14:30:00,FLAT,492066661.28921163,492066661.28921163,0.0,0.0,1306.0
2024-05-22 09:00:00,FLAT,492066661.28921163,492066661.28921163,0.0,0.0,1310.0
2024-05-22 09:15:00,FLAT,492066661.28921163,492066661.28921163,0.0,0.0,1310.0
2024-05-22 09:30:00,FLAT,492066661.28921163,492066661.28921163,0.0,0.0,1307.3
2024-05-22 09:45:00,FLAT,492066661.28921163,492066661.28921163,0.0,0.0,1307.2
2024-05-22 10:00:00,FLAT,492066661.28921163,492066661.28921163,0.0,0.0,1307.0
2024-05-22 10:15:00,FLAT,492066661.28921163,492066661.28921163,0.0,0.0,1305.8
2024-05-22 10:30:00,FLAT,492066661.28921163,492066661.28921163,0.0,0.0,1305.2
2024-05-22 10:45:00,FLAT,492066661.28921163,492066661.28921163,0.0,0.0,1303.9
2024-05-22 11:00:00,FLAT,492066661.28921163,492066661.28921163,0.0,0.0,1298.4
2024-05-22 11:15:00,FLAT,492066661.28921163,492066661.28921163,0.0,0.0,1299.8
2024-05-22 13:00:00,FLAT,492066661.28921163,492066661.28921163,0.0,0.0,1299.2
2024-05-22 13:15:00,FLAT,492066661.28921163,492066661.28921163,0.0,0.0,1298.2
2024-05-22 13:30:00,FLAT,492066661.28921163,492066661.28921163,0.0,0.0,1295.3
2024-05-22 13:45:00,FLAT,492066661.28921163,492066661.28921163,0.0,0.0,1294.7
2024-05-22 14:00:00,FLAT,492066661.28921163,492066661.28921163,0.0,0.0,1292.7
2024-05-22 14:15:00,FLAT,492066661.28921163,492066661.28921163,0.0,0.0,1292.2
2024-05-22 14:30:00,FLAT,492066661.28921163,492066661.28921163,0.0,0.0,1290.0
2024-05-23 09:00:00,FLAT,492066661.28921163,492066661.28921163,0.0,0.0,1287.5
2024-05-23 09:15:00,FLAT,492066661.28921163,492066661.28921163,0.0,0.0,1288.1
2024-05-23 09:30:00,FLAT,492066661.28921163,492066661.28921163,0.0,0.0,1290.3
2024-05-23 09:45:00,FLAT,492066661.28921163,492066661.28921163,0.0,0.0,1290.8
2024-05-23 10:00:00,FLAT,492066661.28921163,492066661.28921163,0.0,0.0,1290.0
2024-05-23 10:15:00,FLAT,492066661.28921163,492066661.28921163,0.0,0.0,1290.4
2024-05-23 10:30:00,FLAT,492066661.28921163,492066661.28921163,0.0,0.0,1290.2
2024-05-23 10:45:00,FLAT,492066661.28921163,492066661.28921163,0.0,0.0,1288.6
2024-05-23 11:00:00,FLAT,492066661.28921163,492066661.28921163,0.0,0.0,1285.3
2024-05-23 11:15:00,FLAT,492066661.28921163,492066661.28921163,0.0,0.0,1285.9
2024-05-23 13:00:00,FLAT,492066661.28921163,492066661.28921163,0.0,0.0,1288.3
2024-05-23 13:15:00,FLAT,492066661.28921163,492066661.28921163,0.0,0.0,1288.0
2024-05-23 13:30:00,FLAT,492066661.28921163,492066661.28921163,0.0,0.0,1289.3
2024-05-23 13:45:00,FLAT,492066661.28921163,492066661.28921163,0.0,0.0,1292.8
2024-05-23 14:00:00,LONG,491873013.82557935,492989922.9435518,1116909.1179724545,0.0,1292.1
2024-05-23 14:15:00,FLAT,495095762.94355196,495095762.94355196,0.0,0.0,1294.9
2024-05-23 14:30:00,FLAT,495095762.94355196,495095762.94355196,0.0,0.0,1295.0
2024-05-24 09:00:00,FLAT,495095762.94355196,495095762.94355196,0.0,0.0,1292.0
2024-05-24 09:15:00,FLAT,495095762.94355196,495095762.94355196,0.0,0.0,1292.8
2024-05-24 09:30:00,FLAT,495095762.94355196,495095762.94355196,0.0,0.0,1292.7
2024-05-24 09:45:00,FLAT,495095762.94355196,495095762.94355196,0.0,0.0,1295.7
2024-05-24 10:00:00,FLAT,495095762.94355196,495095762.94355196,0.0,0.0,1296.6
2024-05-24 10:15:00,FLAT,495095762.94355196,495095762.94355196,0.0,0.0,1296.9
2024-05-24 10:30:00,FLAT,495095762.94355196,495095762.94355196,0.0,0.0,1303.5
2024-05-24 10:45:00,FLAT,495095762.94355196,495095762.94355196,0.0,0.0,1298.9
2024-05-24 11:00:00,FLAT,492014937.82041985,492014937.82041985,0.0,0.0,1288.6
2024-05-24 11:15:00,SHORT,491821588.6887051,494215800.12026376,2394211.4315586877,0.0,1286.6
2024-05-24 13:00:00,SHORT,491821588.6887051,492815800.1202637,994211.4315585968,0.0,1288.0
2024-05-24 13:15:00,SHORT,491821588.6887051,492215800.12026376,394211.43155868776,0.0,1288.6
2024-05-24 13:30:00,SHORT,491821588.6887051,498515800.12026376,6694211.431558643,0.0,1282.3
2024-05-24 13:45:00,SHORT,491821588.6887051,499215800.12026376,7394211.431558688,0.0,1281.6
2024-05-24 14:00:00,FLAT,502815176.1068062,502815176.1068062,0.0,0.0,1276.0
2024-05-24 14:15:00,FLAT,502815176.1068062,502815176.1068062,0.0,0.0,1279.8
2024-05-24 14:30:00,FLAT,502815176.1068062,502815176.1068062,0.0,0.0,1275.0
2024-05-27 09:00:00,FLAT,502815176.1068062,502815176.1068062,0.0,0.0,1280.0
2024-05-27 09:15:00,FLAT,502815176.1068062,502815176.1068062,0.0,0.0,1277.8
2024-05-27 09:30:00,FLAT,502815176.1068062,502815176.1068062,0.0,0.0,1280.1
2024-05-27 09:45:00,FLAT,502815176.1068062,502815176.1068062,0.0,0.0,1280.7
2024-05-27 10:00:00,FLAT,502815176.1068062,502815176.1068062,0.0,0.0,1277.7
2024-05-27 10:15:00,FLAT,502815176.1068062,502815176.1068062,0.0,0.0,1277.7
2024-05-27 10:30:00,FLAT,502815176.1068062,502815176.1068062,0.0,0.0,1280.2
2024-05-27 10:45:00,FLAT,502815176.1068062,502815176.1068062,0.0,0.0,1277.7
2024-05-27 11:00:00,FLAT,502815176.1068062,502815176.1068062,0.0,0.0,1278.5
2024-05-27 11:15:00,FLAT,502815176.1068062,502815176.1068062,0.0,0.0,1278.0
2024-05-27 13:00:00,FLAT,502815176.1068062,502815176.1068062,0.0,0.0,1280.3
2024-05-27 13:15:00,FLAT,502815176.1068062,502815176.1068062,0.0,0.0,1278.5
2024-05-27 13:30:00,FLAT,502815176.1068062,502815176.1068062,0.0,0.0,1278.2
2024-05-27 13:45:00,FLAT,502815176.1068062,502815176.1068062,0.0,0.0,1275.2
2024-05-27 14:00:00,FLAT,499306202.6415443,499306202.6415443,0.0,0.0,1278.1
2024-05-27 14:15:00,FLAT,499306202.6415443,499306202.6415443,0.0,0.0,1278.3
2024-05-27 14:30:00,FLAT,499306202.6415443,499306202.6415443,0.0,0.0,1278.4
2024-05-28 09:00:00,FLAT,499306202.6415443,499306202.6415443,0.0,0.0,1282.9
2024-05-28 09:15:00,FLAT,499306202.6415443,499306202.6415443,0.0,0.0,1282.5
2024-05-28 09:30:00,FLAT,499306202.6415443,499306202.6415443,0.0,0.0,1283.8
2024-05-28 09:45:00,FLAT,499306202.6415443,499306202.6415443,0.0,0.0,1283.6
2024-05-28 10:00:00,FLAT,499306202.6415443,499306202.6415443,0.0,0.0,1283.6
2024-05-28 10:15:00,FLAT,499306202.6415443,499306202.6415443,0.0,0.0,1282.3
2024-05-28 10:30:00,FLAT,499306202.6415443,499306202.6415443,0.0,0.0,1284.4
2024-05-28 10:45:00,FLAT,499306202.6415443,499306202.6415443,0.0,0.0,1284.0
2024-05-28 11:00:00,FLAT,499306202.6415443,499306202.6415443,0.0,0.0,1283.4
2024-05-28 11:15:00,FLAT,499306202.6415443,499306202.6415443,0.0,0.0,1284.1
2024-05-28 13:00:00,FLAT,499306202.6415443,499306202.6415443,0.0,0.0,1285.1
2024-05-28 13:15:00,FLAT,499306202.6415443,499306202.6415443,0.0,0.0,1285.5
2024-05-28 13:30:00,FLAT,499306202.6415443,499306202.6415443,0.0,0.0,1282.7
2024-05-28 13:45:00,FLAT,499306202.6415443,499306202.6415443,0.0,0.0,1282.8
2024-05-28 14:00:00,FLAT,499306202.6415443,499306202.6415443,0.0,0.0,1286.9
2024-05-28 14:15:00,FLAT,499306202.6415443,499306202.6415443,0.0,0.0,1292.0
2024-05-28 14:30:00,FLAT,499306202.6415443,499306202.6415443,0.0,0.0,1291.2
2024-05-29 09:00:00,FLAT,499306202.6415443,499306202.6415443,0.0,0.0,1290.1
2024-05-29 09:15:00,FLAT,499306202.6415443,499306202.6415443,0.0,0.0,1289.6
2024-05-29 09:30:00,FLAT,499306202.6415443,499306202.6415443,0.0,0.0,1287.4
2024-05-29 09:45:00,FLAT,499306202.6415443,499306202.6415443,0.0,0.0,1286.1
2024-05-29 10:00:00,FLAT,499306202.6415443,499306202.6415443,0.0,0.0,1283.2
2024-05-29 10:15:00,FLAT,499306202.6415443,499306202.6415443,0.0,0.0,1284.6
2024-05-29 10:30:00,FLAT,499306202.6415443,499306202.6415443,0.0,0.0,1284.0
2024-05-29 10:45:00,FLAT,499306202.6415443,499306202.6415443,0.0,0.0,1282.8
2024-05-29 11:00:00,FLAT,499306202.6415443,499306202.6415443,0.0,0.0,1283.0
2024-05-29 11:15:00,FLAT,499306202.6415443,499306202.6415443,0.0,0.0,1284.2
2024-05-29 13:00:00,FLAT,499306202.6415443,499306202.6415443,0.0,0.0,1284.6
2024-05-29 13:15:00,FLAT,499306202.6415443,499306202.6415443,0.0,0.0,1286.2
2024-05-29 13:30:00,FLAT,499306202.6415443,499306202.6415443,0.0,0.0,1288.3
2024-05-29 13:45:00,FLAT,499306202.6415443,499306202.6415443,0.0,0.0,1286.5
2024-05-29 14:00:00,FLAT,499306202.6415443,499306202.6415443,0.0,0.0,1284.4
2024-05-29 14:15:00,FLAT,499306202.6415443,499306202.6415443,0.0,0.0,1277.6
2024-05-29 14:30:00,FLAT,499306202.6415443,499306202.6415443,0.0,0.0,1278.0
2024-05-30 09:00:00,FLAT,499306202.6415443,499306202.6415443,0.0,0.0,1267.7
2024-05-30 09:15:00,FLAT,499306202.6415443,499306202.6415443,0.0,0.0,1269.0
2024-05-30 09:30:00,FLAT,499306202.6415443,499306202.6415443,0.0,0.0,1268.8
2024-05-30 09:45:00,FLAT,499306202.6415443,499306202.6415443,0.0,0.0,1268.5
2024-05-30 10:00:00,FLAT,499306202.6415443,499306202.6415443,0.0,0.0,1268.3
2024-05-30 10:15:00,FLAT,499306202.6415443,499306202.6415443,0.0,0.0,1268.0
2024-05-30 10:30:00,FLAT,499306202.6415443,499306202.6415443,0.0,0.0,1264.2
2024-05-30 10:45:00,FLAT,499306202.6415443,499306202.6415443,0.0,0.0,1264.2
2024-05-30 11:00:00,FLAT,499306202.6415443,499306202.6415443,0.0,0.0,1263.1
2024-05-30 11:15:00,SHORT,499116791.4205082,501358264.9943505,2241473.573842313,0.0,1260.5
2024-05-30 13:00:00,SHORT,499116791.4205082,499958264.99435043,841473.5738422223,0.0,1261.9
2024-05-30 13:15:00,SHORT,499116791.4205082,503058264.99435055,3941473.573842359,0.0,1258.8
2024-05-30 13:30:00,SHORT,499116791.4205082,502558264.99435055,3441473.573842359,0.0,1259.3
2024-05-30 13:45:00,SHORT,499116791.4205082,499058264.99435055,-58526.426157641254,0.0,1262.8
2024-05-30 14:00:00,FLAT,496068424.9943506,496068424.9943506,0.0,0.0,1264.7
2024-05-30 14:15:00,FLAT,496068424.9943506,496068424.9943506,0.0,0.0,1270.1
2024-05-30 14:30:00,FLAT,496068424.9943506,496068424.9943506,0.0,0.0,1270.9
2024-05-31 09:00:00,FLAT,496068424.9943506,496068424.9943506,0.0,0.0,1271.0
2024-05-31 09:15:00,FLAT,496068424.9943506,496068424.9943506,0.0,0.0,1271.1
2024-05-31 09:30:00,FLAT,496068424.9943506,496068424.9943506,0.0,0.0,1270.2
2024-05-31 09:45:00,FLAT,496068424.9943506,496068424.9943506,0.0,0.0,1270.0
2024-05-31 10:00:00,FLAT,496068424.9943506,496068424.9943506,0.0,0.0,1272.7
2024-05-31 10:15:00,FLAT,496068424.9943506,496068424.9943506,0.0,0.0,1274.6
2024-05-31 10:30:00,FLAT,496068424.9943506,496068424.9943506,0.0,0.0,1273.7
2024-05-31 10:45:00,FLAT,496068424.9943506,496068424.9943506,0.0,0.0,1272.8
2024-05-31 11:00:00,FLAT,496068424.9943506,496068424.9943506,0.0,0.0,1271.8
2024-05-31 11:15:00,FLAT,496068424.9943506,496068424.9943506,0.0,0.0,1271.8
2024-05-31 13:00:00,FLAT,496068424.9943506,496068424.9943506,0.0,0.0,1270.5
2024-05-31 13:15:00,FLAT,496068424.9943506,496068424.9943506,0.0,0.0,1271.7
2024-05-31 13:30:00,FLAT,496068424.9943506,496068424.9943506,0.0,0.0,1271.9
2024-05-31 13:45:00,FLAT,496068424.9943506,496068424.9943506,0.0,0.0,1271.9
2024-05-31 14:00:00,FLAT,496068424.9943506,496068424.9943506,0.0,0.0,1268.1
2024-05-31 14:15:00,FLAT,496068424.9943506,496068424.9943506,0.0,0.0,1268.3
2024-05-31 14:30:00,FLAT,496068424.9943506,496068424.9943506,0.0,0.0,1270.0
2024-06-03 09:00:00,FLAT,496068424.9943506,496068424.9943506,0.0,0.0,1281.5
2024-06-03 09:15:00,FLAT,496068424.9943506,496068424.9943506,0.0,0.0,1282.8
2024-06-03 09:30:00,FLAT,496068424.9943506,496068424.9943506,0.0,0.0,1282.5
2024-06-03 09:45:00,FLAT,496068424.9943506,496068424.9943506,0.0,0.0,1283.6
2024-06-03 10:00:00,FLAT,496068424.9943506,496068424.9943506,0.0,0.0,1289.5
2024-06-03 10:15:00,FLAT,496068424.9943506,496068424.9943506,0.0,0.0,1290.1
2024-06-03 10:30:00,FLAT,496068424.9943506,496068424.9943506,0.0,0.0,1291.5
2024-06-03 10:45:00,FLAT,496068424.9943506,496068424.9943506,0.0,0.0,1291.3
2024-06-03 11:00:00,FLAT,496068424.9943506,496068424.9943506,0.0,0.0,1291.6
2024-06-03 11:15:00,FLAT,496068424.9943506,496068424.9943506,0.0,0.0,1295.0
2024-06-03 13:00:00,FLAT,496068424.9943506,496068424.9943506,0.0,0.0,1295.5
2024-06-03 13:15:00,FLAT,496068424.9943506,496068424.9943506,0.0,0.0,1296.8
2024-06-03 13:30:00,FLAT,496068424.9943506,496068424.9943506,0.0,0.0,1295.5
2024-06-03 13:45:00,FLAT,496068424.9943506,496068424.9943506,0.0,0.0,1296.7
2024-06-03 14:00:00,FLAT,496068424.9943506,496068424.9943506,0.0,0.0,1296.4
2024-06-03 14:15:00,FLAT,496068424.9943506,496068424.9943506,0.0,0.0,1293.7
2024-06-03 14:30:00,FLAT,496068424.9943506,496068424.9943506,0.0,0.0,1291.0
2024-06-04 09:00:00,FLAT,496068424.9943506,496068424.9943506,0.0,0.0,1294.9
2024-06-04 09:15:00,FLAT,496068424.9943506,496068424.9943506,0.0,0.0,1294.2
2024-06-04 09:30:00,FLAT,496068424.9943506,496068424.9943506,0.0,0.0,1297.6
2024-06-04 09:45:00,LONG,495873754.6388865,498571384.8782706,2697630.239384125,0.0,1300.5
2024-06-04 10:00:00,LONG,495873754.6388865,497371384.87827057,1497630.2393840796,0.0,1299.3
2024-06-04 10:15:00,LONG,495873754.6388865,497071384.8782706,1197630.2393841252,0.0,1299.0
2024-06-04 10:30:00,LONG,495873754.6388865,494571384.8782706,-1302369.7606158748,0.0,1296.5
2024-06-04 10:45:00,LONG,495873754.6388865,495471384.87827075,-402369.76061578386,0.0,1297.4
2024-06-04 11:00:00,LONG,495873754.6388865,496271384.8782707,397630.2393841706,0.0,1298.2
2024-06-04 11:15:00,LONG,495873754.6388865,496771384.8782707,897630.2393841706,0.0,1298.7
2024-06-04 13:00:00,LONG,495873754.6388865,497871384.87827057,1997630.2393840796,0.0,1299.8
2024-06-04 13:15:00,LONG,495873754.6388865,494771384.8782707,-1102369.7606158294,0.0,1296.7
2024-06-04 13:30:00,LONG,495873754.6388865,495171384.87827057,-702369.7606159658,0.0,1297.1
2024-06-04 13:45:00,FLAT,492777149.87827075,492777149.87827075,0.0,0.0,1293.4
2024-06-04 14:00:00,FLAT,492777149.87827075,492777149.87827075,0.0,0.0,1294.2
2024-06-04 14:15:00,FLAT,492777149.87827075,492777149.87827075,0.0,0.0,1293.3
2024-06-04 14:30:00,FLAT,492777149.87827075,492777149.87827075,0.0,0.0,1293.0
2024-06-05 09:00:00,FLAT,492777149.87827075,492777149.87827075,0.0,0.0,1304.4
2024-06-05 09:15:00,FLAT,492777149.87827075,492777149.87827075,0.0,0.0,1306.1
2024-06-05 09:30:00,FLAT,492777149.87827075,492777149.87827075,0.0,0.0,1307.7
2024-06-05 09:45:00,LONG,492580990.0613766,491748877.43340087,-832112.6279756754,0.0,1306.9
2024-06-05 10:00:00,LONG,492580990.0613766,491948877.4334007,-632112.6279758574,0.0,1307.1
2024-06-05 10:15:00,LONG,492580990.0613766,491548877.43340087,-1032112.6279757209,0.0,1306.7
2024-06-05 10:30:00,LONG,492580990.0613766,490748877.43340087,-1832112.6279756755,0.0,1305.9
2024-06-05 10:45:00,FLAT,489453157.43340075,489453157.43340075,0.0,0.0,1304.2
2024-06-05 11:00:00,FLAT,489453157.43340075,489453157.43340075,0.0,0.0,1303.1
2024-06-05 11:15:00,FLAT,489453157.43340075,489453157.43340075,0.0,0.0,1304.4
2024-06-05 13:00:00,FLAT,489453157.43340075,489453157.43340075,0.0,0.0,1304.6
2024-06-05 13:15:00,FLAT,489453157.43340075,489453157.43340075,0.0,0.0,1303.8
2024-06-05 13:30:00,FLAT,489453157.43340075,489453157.43340075,0.0,0.0,1302.4
2024-06-05 13:45:00,FLAT,489453157.43340075,489453157.43340075,0.0,0.0,1305.4
2024-06-05 14:00:00,FLAT,489453157.43340075,489453157.43340075,0.0,0.0,1302.5
2024-06-05 14:15:00,FLAT,489453157.43340075,489453157.43340075,0.0,0.0,1297.8
2024-06-05 14:30:00,FLAT,489453157.43340075,489453157.43340075,0.0,0.0,1296.0
2024-06-06 09:00:00,FLAT,489453157.43340075,489453157.43340075,0.0,0.0,1300.7
2024-06-06 09:15:00,FLAT,489453157.43340075,489453157.43340075,0.0,0.0,1301.8
2024-06-06 09:30:00,FLAT,489453157.43340075,489453157.43340075,0.0,0.0,1301.1
2024-06-06 09:45:00,FLAT,489453157.43340075,489453157.43340075,0.0,0.0,1301.5
2024-06-06 10:00:00,FLAT,489453157.43340075,489453157.43340075,0.0,0.0,1300.6
2024-06-06 10:15:00,FLAT,489453157.43340075,489453157.43340075,0.0,0.0,1299.6
2024-06-06 10:30:00,FLAT,489453157.43340075,489453157.43340075,0.0,0.0,1299.0
2024-06-06 10:45:00,FLAT,489453157.43340075,489453157.43340075,0.0,0.0,1300.4
2024-06-06 11:00:00,FLAT,489453157.43340075,489453157.43340075,0.0,0.0,1301.0
2024-06-06 11:15:00,FLAT,489453157.43340075,489453157.43340075,0.0,0.0,1301.9
2024-06-06 13:00:00,FLAT,489453157.43340075,489453157.43340075,0.0,0.0,1301.5
2024-06-06 13:15:00,FLAT,489453157.43340075,489453157.43340075,0.0,0.0,1304.8
2024-06-06 13:30:00,FLAT,489453157.43340075,489453157.43340075,0.0,0.0,1304.5
2024-06-06 13:45:00,FLAT,489453157.43340075,489453157.43340075,0.0,0.0,1299.3
2024-06-06 14:00:00,FLAT,489453157.43340075,489453157.43340075,0.0,0.0,1301.4
2024-06-06 14:15:00,FLAT,489453157.43340075,489453157.43340075,0.0,0.0,1294.9
2024-06-06 14:30:00,FLAT,489453157.43340075,489453157.43340075,0.0,0.0,1294.9
2024-06-07 09:00:00,FLAT,489453157.43340075,489453157.43340075,0.0,0.0,1306.6
2024-06-07 09:15:00,FLAT,489453157.43340075,489453157.43340075,0.0,0.0,1306.7
2024-06-07 09:30:00,FLAT,489453157.43340075,489453157.43340075,0.0,0.0,1303.8
2024-06-07 09:45:00,FLAT,489453157.43340075,489453157.43340075,0.0,0.0,1303.7
2024-06-07 10:00:00,FLAT,489453157.43340075,489453157.43340075,0.0,0.0,1302.0
2024-06-07 10:15:00,SHORT,489257860.40160954,489138072.3432041,-119788.05840544737,0.0,1302.1
2024-06-07 10:30:00,SHORT,489257860.40160954,488338072.3432039,-919788.0584056292,0.0,1302.9
2024-06-07 10:45:00,SHORT,489257860.40160954,488138072.3432041,-1119788.0584054473,0.0,1303.1
2024-06-07 11:00:00,SHORT,489257860.40160954,487638072.3432041,-1619788.0584054473,0.0,1303.6
2024-06-07 11:15:00,SHORT,489257860.40160954,487738072.343204,-1519788.0584055383,0.0,1303.5
2024-06-07 13:00:00,SHORT,489257860.40160954,489638072.3432041,380211.9415945526,0.0,1301.6
2024-06-07 13:15:00,SHORT,489257860.40160954,487738072.343204,-1519788.0584055383,0.0,1303.5
2024-06-07 13:30:00,FLAT,486042322.343204,486042322.343204,0.0,0.0,1301.5
2024-06-07 13:45:00,FLAT,486042322.343204,486042322.343204,0.0,0.0,1303.3
2024-06-07 14:00:00,FLAT,486042322.343204,486042322.343204,0.0,0.0,1299.7
2024-06-07 14:15:00,FLAT,486042322.343204,486042322.343204,0.0,0.0,1309.4
2024-06-07 14:30:00,FLAT,486042322.343204,486042322.343204,0.0,0.0,1308.7
2024-06-10 09:00:00,FLAT,486042322.343204,486042322.343204,0.0,0.0,1310.8
2024-06-10 09:15:00,FLAT,486042322.343204,486042322.343204,0.0,0.0,1311.9
2024-06-10 09:30:00,FLAT,486042322.343204,486042322.343204,0.0,0.0,1311.4
2024-06-10 09:45:00,FLAT,486042322.343204,486042322.343204,0.0,0.0,1311.0
2024-06-10 10:00:00,FLAT,486042322.343204,486042322.343204,0.0,0.0,1310.2
2024-06-10 10:15:00,FLAT,486042322.343204,486042322.343204,0.0,0.0,1311.2
2024-06-10 10:30:00,FLAT,486042322.343204,486042322.343204,0.0,0.0,1310.9
2024-06-10 10:45:00,FLAT,486042322.343204,486042322.343204,0.0,0.0,1311.9
2024-06-10 11:00:00,FLAT,486042322.343204,486042322.343204,0.0,0.0,1311.6
2024-06-10 11:15:00,FLAT,486042322.343204,486042322.343204,0.0,0.0,1309.4
2024-06-10 13:00:00,FLAT,486042322.343204,486042322.343204,0.0,0.0,1309.5
2024-06-10 13:15:00,FLAT,486042322.343204,486042322.343204,0.0,0.0,1309.8
2024-06-10 13:30:00,FLAT,486042322.343204,486042322.343204,0.0,0.0,1307.8
2024-06-10 13:45:00,FLAT,486042322.343204,486042322.343204,0.0,0.0,1309.0
2024-06-10 14:00:00,FLAT,486042322.343204,486042322.343204,0.0,0.0,1306.6
2024-06-10 14:15:00,FLAT,486042322.343204,486042322.343204,0.0,0.0,1309.2
2024-06-10 14:30:00,FLAT,486042322.343204,486042322.343204,0.0,0.0,1308.8
2024-06-11 09:00:00,FLAT,486042322.343204,486042322.343204,0.0,0.0,1313.4
2024-06-11 09:15:00,FLAT,486042322.343204,486042322.343204,0.0,0.0,1311.8
2024-06-11 09:30:00,FLAT,486042322.343204,486042322.343204,0.0,0.0,1311.0
2024-06-11 09:45:00,FLAT,486042322.343204,486042322.343204,0.0,0.0,1309.9
2024-06-11 10:00:00,FLAT,486042322.343204,486042322.343204,0.0,0.0,1310.2
2024-06-11 10:15:00,FLAT,486042322.343204,486042322.343204,0.0,0.0,1309.0
2024-06-11 10:30:00,FLAT,486042322.343204,486042322.343204,0.0,0.0,1306.0
2024-06-11 10:45:00,FLAT,486042322.343204,486042322.343204,0.0,0.0,1305.0
2024-06-11 11:00:00,FLAT,486042322.343204,486042322.343204,0.0,0.0,1305.9
2024-06-11 11:15:00,FLAT,486042322.343204,486042322.343204,0.0,0.0,1305.2
2024-06-11 13:00:00,FLAT,486042322.343204,486042322.343204,0.0,0.0,1305.2
2024-06-11 13:15:00,FLAT,486042322.343204,486042322.343204,0.0,0.0,1302.4
2024-06-11 13:30:00,FLAT,486042322.343204,486042322.343204,0.0,0.0,1302.7
2024-06-11 13:45:00,FLAT,486042322.343204,486042322.343204,0.0,0.0,1302.4
2024-06-11 14:00:00,FLAT,486042322.343204,486042322.343204,0.0,0.0,1302.7
2024-06-11 14:15:00,FLAT,486042322.343204,486042322.343204,0.0,0.0,1308.2
2024-06-11 14:30:00,FLAT,486042322.343204,486042322.343204,0.0,0.0,1306.2
2024-06-12 09:00:00,FLAT,486042322.343204,486042322.343204,0.0,0.0,1303.0
2024-06-12 09:15:00,FLAT,486042322.343204,486042322.343204,0.0,0.0,1302.8
2024-06-12 09:30:00,FLAT,486042322.343204,486042322.343204,0.0,0.0,1305.9
2024-06-12 09:45:00,FLAT,486042322.343204,486042322.343204,0.0,0.0,1305.1
2024-06-12 10:00:00,FLAT,486042322.343204,486042322.343204,0.0,0.0,1305.0
2024-06-12 10:15:00,FLAT,486042322.343204,486042322.343204,0.0,0.0,1306.0
2024-06-12 10:30:00,FLAT,486042322.343204,486042322.343204,0.0,0.0,1304.7
2024-06-12 10:45:00,FLAT,486042322.343204,486042322.343204,0.0,0.0,1304.5
2024-06-12 11:00:00,FLAT,486042322.343204,486042322.343204,0.0,0.0,1307.1
2024-06-12 11:15:00,LONG,485846312.38742995,486013273.89365506,166961.50622510686,0.0,1306.9
2024-06-12 13:00:00,LONG,485846312.38742995,488413273.89365494,2566961.5062249703,0.0,1309.3
2024-06-12 13:15:00,LONG,485846312.38742995,489113273.89365494,3266961.506225016,0.0,1310.0
2024-06-12 13:30:00,LONG,485846312.38742995,490913273.89365494,5066961.50622497,0.0,1311.8
2024-06-12 13:45:00,LONG,485846312.38742995,492913273.89365494,7066961.50622497,0.0,1313.8
2024-06-12 14:00:00,FLAT,495023654.6162318,495023654.6162318,0.0,0.0,1317.4
2024-06-12 14:15:00,FLAT,495023654.6162318,495023654.6162318,0.0,0.0,1328.4
2024-06-12 14:30:00,FLAT,495023654.6162318,495023654.6162318,0.0,0.0,1327.4
2024-06-13 09:00:00,FLAT,495023654.6162318,495023654.6162318,0.0,0.0,1331.1
2024-06-13 09:15:00,FLAT,495023654.6162318,495023654.6162318,0.0,0.0,1330.3
2024-06-13 09:30:00,FLAT,495023654.6162318,495023654.6162318,0.0,0.0,1329.2
2024-06-13 09:45:00,FLAT,495023654.6162318,495023654.6162318,0.0,0.0,1325.6
2024-06-13 10:00:00,SHORT,494824669.7977446,494490126.3792295,-334543.41851506796,0.0,1326.9
2024-06-13 10:15:00,SHORT,494824669.7977446,493590126.37922966,-1234543.4185149316,0.0,1327.8
2024-06-13 10:30:00,SHORT,494824669.7977446,495190126.37922955,365456.5814849775,0.0,1326.2
2024-06-13 10:45:00,SHORT,494824669.7977446,494690126.37922955,-134543.4185150225,0.0,1326.7
2024-06-13 11:00:00,FLAT,491790716.3792295,491790716.3792295,0.0,0.0,1329.9
2024-06-13 11:15:00,FLAT,491790716.3792295,491790716.3792295,0.0,0.0,1329.2
2024-06-13 13:00:00,FLAT,491790716.3792295,491790716.3792295,0.0,0.0,1327.8
2024-06-13 13:15:00,FLAT,491790716.3792295,491790716.3792295,0.0,0.0,1328.2
2024-06-13 13:30:00,FLAT,491790716.3792295,491790716.3792295,0.0,0.0,1331.3
2024-06-13 13:45:00,FLAT,491790716.3792295,491790716.3792295,0.0,0.0,1332.4
2024-06-13 14:00:00,LONG,491590857.54017425,493098597.17199105,1507739.6318167758,0.0,1333.9
2024-06-13 14:15:00,FLAT,495898062.17199105,495898062.17199105,0.0,0.0,1337.4
2024-06-13 14:30:00,FLAT,495898062.17199105,495898062.17199105,0.0,0.0,1338.0
2024-06-14 09:00:00,FLAT,495898062.17199105,495898062.17199105,0.0,0.0,1332.2
2024-06-14 09:15:00,FLAT,495898062.17199105,495898062.17199105,0.0,0.0,1330.6
2024-06-14 09:30:00,FLAT,495898062.17199105,495898062.17199105,0.0,0.0,1331.7
2024-06-14 09:45:00,FLAT,495898062.17199105,495898062.17199105,0.0,0.0,1334.2
2024-06-14 10:00:00,FLAT,495898062.17199105,495898062.17199105,0.0,0.0,1334.7
2024-06-14 10:15:00,FLAT,495898062.17199105,495898062.17199105,0.0,0.0,1333.3
2024-06-14 10:30:00,FLAT,495898062.17199105,495898062.17199105,0.0,0.0,1333.0
2024-06-14 10:45:00,FLAT,495898062.17199105,495898062.17199105,0.0,0.0,1331.9
2024-06-14 11:00:00,FLAT,495898062.17199105,495898062.17199105,0.0,0.0,1332.0
2024-06-14 11:15:00,FLAT,495898062.17199105,495898062.17199105,0.0,0.0,1332.8
2024-06-14 13:00:00,FLAT,495898062.17199105,495898062.17199105,0.0,0.0,1333.1
2024-06-14 13:15:00,FLAT,495898062.17199105,495898062.17199105,0.0,0.0,1334.6
2024-06-14 13:30:00,FLAT,495898062.17199105,495898062.17199105,0.0,0.0,1333.1
2024-06-14 13:45:00,FLAT,495898062.17199105,495898062.17199105,0.0,0.0,1329.7
2024-06-14 14:00:00,FLAT,495898062.17199105,495898062.17199105,0.0,0.0,1332.4
2024-06-14 14:15:00,FLAT,495898062.17199105,495898062.17199105,0.0,0.0,1327.1
2024-06-14 14:30:00,FLAT,495898062.17199105,495898062.17199105,0.0,0.0,1327.5
2024-06-17 09:00:00,FLAT,495898062.17199105,495898062.17199105,0.0,0.0,1313.8
2024-06-17 09:15:00,FLAT,495898062.17199105,495898062.17199105,0.0,0.0,1312.3
2024-06-17 09:30:00,FLAT,495898062.17199105,495898062.17199105,0.0,0.0,1312.6
2024-06-17 09:45:00,FLAT,495898062.17199105,495898062.17199105,0.0,0.0,1308.8
2024-06-17 10:00:00,SHORT,495701473.8886127,494490029.74428564,-1211444.1443270608,0.0,1311.8
2024-06-17 10:15:00,FLAT,492492989.74428564,492492989.74428564,0.0,0.0,1312.6
2024-06-17 10:30:00,FLAT,492492989.74428564,492492989.74428564,0.0,0.0,1312.5
2024-06-17 10:45:00,FLAT,492492989.74428564,492492989.74428564,0.0,0.0,1311.5
2024-06-17 11:00:00,FLAT,492492989.74428564,492492989.74428564,0.0,0.0,1311.5
2024-06-17 11:15:00,FLAT,492492989.74428564,492492989.74428564,0.0,0.0,1310.5
2024-06-17 13:00:00,FLAT,492492989.74428564,492492989.74428564,0.0,0.0,1311.4
2024-06-17 13:15:00,FLAT,492492989.74428564,492492989.74428564,0.0,0.0,1312.0
2024-06-17 13:30:00,FLAT,492492989.74428564,492492989.74428564,0.0,0.0,1310.1
2024-06-17 13:45:00,FLAT,492492989.74428564,492492989.74428564,0.0,0.0,1310.1
2024-06-17 14:00:00,FLAT,492492989.74428564,492492989.74428564,0.0,0.0,1311.3
2024-06-17 14:15:00,FLAT,492492989.74428564,492492989.74428564,0.0,0.0,1309.9
2024-06-17 14:30:00,FLAT,492492989.74428564,492492989.74428564,0.0,0.0,1310.0
2024-06-18 09:00:00,FLAT,492492989.74428564,492492989.74428564,0.0,0.0,1312.6
2024-06-18 09:15:00,FLAT,492492989.74428564,492492989.74428564,0.0,0.0,1312.7
2024-06-18 09:30:00,FLAT,492492989.74428564,492492989.74428564,0.0,0.0,1311.5
2024-06-18 09:45:00,FLAT,492492989.74428564,492492989.74428564,0.0,0.0,1312.0
2024-06-18 10:00:00,FLAT,492492989.74428564,492492989.74428564,0.0,0.0,1312.2
2024-06-18 10:15:00,FLAT,492492989.74428564,492492989.74428564,0.0,0.0,1312.9
2024-06-18 10:30:00,FLAT,492492989.74428564,492492989.74428564,0.0,0.0,1316.1
2024-06-18 10:45:00,LONG,492295594.17054224,491925102.54789406,-370491.62264816003,0.0,1315.6
2024-06-18 11:00:00,LONG,492295594.17054224,491825102.5478942,-470491.6226480691,0.0,1315.5
2024-06-18 11:15:00,LONG,492295594.17054224,492425102.54789406,129508.37735183995,0.0,1316.1
2024-06-18 13:00:00,LONG,492295594.17054224,494325102.5478942,2029508.3773519308,0.0,1318.0
2024-06-18 13:15:00,LONG,492295594.17054224,493525102.54789424,1229508.3773519765,0.0,1317.2
2024-06-18 13:30:00,LONG,492295594.17054224,492625102.5478941,329508.3773518854,0.0,1316.3
2024-06-18 13:45:00,LONG,492295594.17054224,497625102.5478941,5329508.377351886,0.0,1321.3
2024-06-18 14:00:00,LONG,492295594.17054224,492625102.5478941,329508.3773518854,0.0,1316.3
2024-06-18 14:15:00,FLAT,490625627.60574394,490625627.60574394,0.0,0.0,1310.3
2024-06-18 14:30:00,FLAT,490625627.60574394,490625627.60574394,0.0,0.0,1309.0
2024-06-19 09:00:00,FLAT,490625627.60574394,490625627.60574394,0.0,0.0,1311.6
2024-06-19 09:15:00,FLAT,490625627.60574394,490625627.60574394,0.0,0.0,1310.7
2024-06-19 09:30:00,FLAT,490625627.60574394,490625627.60574394,0.0,0.0,1309.3
2024-06-19 09:45:00,FLAT,490625627.60574394,490625627.60574394,0.0,0.0,1306.6
2024-06-19 10:00:00,FLAT,490625627.60574394,490625627.60574394,0.0,0.0,1301.1
2024-06-19 10:15:00,FLAT,490625627.60574394,490625627.60574394,0.0,0.0,1302.5
2024-06-19 10:30:00,FLAT,490625627.60574394,490625627.60574394,0.0,0.0,1302.6
2024-06-19 10:45:00,FLAT,490625627.60574394,490625627.60574394,0.0,0.0,1302.4
2024-06-19 11:00:00,FLAT,490625627.60574394,490625627.60574394,0.0,0.0,1300.9
2024-06-19 11:15:00,FLAT,490625627.60574394,490625627.60574394,0.0,0.0,1301.7
2024-06-19 13:00:00,FLAT,490625627.60574394,490625627.60574394,0.0,0.0,1303.2
2024-06-19 13:15:00,FLAT,490625627.60574394,490625627.60574394,0.0,0.0,1305.0
2024-06-19 13:30:00,FLAT,490625627.60574394,490625627.60574394,0.0,0.0,1306.5
2024-06-19 13:45:00,FLAT,490625627.60574394,490625627.60574394,0.0,0.0,1309.4
2024-06-19 14:00:00,FLAT,490625627.60574394,490625627.60574394,0.0,0.0,1321.3
2024-06-19 14:15:00,FLAT,490625627.60574394,490625627.60574394,0.0,0.0,1314.9
2024-06-19 14:30:00,FLAT,490625627.60574394,490625627.60574394,0.0,0.0,1316.1
2024-06-20 09:00:00,FLAT,490625627.60574394,490625627.60574394,0.0,0.0,1318.5
2024-06-20 09:15:00,FLAT,490625627.60574394,490625627.60574394,0.0,0.0,1321.5
2024-06-20 09:30:00,FLAT,490625627.60574394,490625627.60574394,0.0,0.0,1323.3
2024-06-20 09:45:00,FLAT,490625627.60574394,490625627.60574394,0.0,0.0,1326.6
2024-06-20 10:00:00,FLAT,490625627.60574394,490625627.60574394,0.0,0.0,1325.5
2024-06-20 10:15:00,FLAT,490625627.60574394,490625627.60574394,0.0,0.0,1322.5
2024-06-20 10:30:00,FLAT,490625627.60574394,490625627.60574394,0.0,0.0,1323.3
2024-06-20 10:45:00,FLAT,490625627.60574394,490625627.60574394,0.0,0.0,1321.8
2024-06-20 11:00:00,FLAT,490625627.60574394,490625627.60574394,0.0,0.0,1321.2
2024-06-20 11:15:00,FLAT,490625627.60574394,490625627.60574394,0.0,0.0,1321.2
2024-06-20 13:00:00,FLAT,490625627.60574394,490625627.60574394,0.0,0.0,1320.5
2024-06-20 13:15:00,FLAT,490625627.60574394,490625627.60574394,0.0,0.0,1321.0
2024-06-20 13:30:00,FLAT,490625627.60574394,490625627.60574394,0.0,0.0,1321.0
2024-06-20 13:45:00,FLAT,490625627.60574394,490625627.60574394,0.0,0.0,1319.4
2024-06-20 14:00:00,FLAT,490625627.60574394,490625627.60574394,0.0,0.0,1320.5
2024-06-20 14:15:00,FLAT,490625627.60574394,490625627.60574394,0.0,0.0,1323.7
2024-06-20 14:30:00,FLAT,490625627.60574394,490625627.60574394,0.0,0.0,1324.2
2024-06-21 09:00:00,FLAT,490625627.60574394,490625627.60574394,0.0,0.0,1319.5
2024-06-21 09:15:00,FLAT,490625627.60574394,490625627.60574394,0.0,0.0,1314.8
2024-06-21 09:30:00,FLAT,490625627.60574394,490625627.60574394,0.0,0.0,1315.9
2024-06-21 09:45:00,SHORT,490428225.1612863,490544521.5454445,116296.38415820409,0.0,1315.9
2024-06-21 10:00:00,FLAT,487146656.54544467,487146656.54544467,0.0,0.0,1318.3
2024-06-21 10:15:00,FLAT,487146656.54544467,487146656.54544467,0.0,0.0,1317.2
2024-06-21 10:30:00,FLAT,487146656.54544467,487146656.54544467,0.0,0.0,1317.3
2024-06-21 10:45:00,FLAT,487146656.54544467,487146656.54544467,0.0,0.0,1318.9
2024-06-21 11:00:00,FLAT,487146656.54544467,487146656.54544467,0.0,0.0,1320.5
2024-06-21 11:15:00,FLAT,487146656.54544467,487146656.54544467,0.0,0.0,1319.2
2024-06-21 13:00:00,FLAT,487146656.54544467,487146656.54544467,0.0,0.0,1319.1
2024-06-21 13:15:00,FLAT,487146656.54544467,487146656.54544467,0.0,0.0,1317.2
2024-06-21 13:30:00,FLAT,487146656.54544467,487146656.54544467,0.0,0.0,1318.8
2024-06-21 13:45:00,FLAT,487146656.54544467,487146656.54544467,0.0,0.0,1316.8
2024-06-21 14:00:00,FLAT,487146656.54544467,487146656.54544467,0.0,0.0,1319.1
2024-06-21 14:15:00,FLAT,487146656.54544467,487146656.54544467,0.0,0.0,1317.8
2024-06-21 14:30:00,FLAT,487146656.54544467,487146656.54544467,0.0,0.0,1319.5
2024-06-24 09:00:00,FLAT,487146656.54544467,487146656.54544467,0.0,0.0,1314.2
2024-06-24 09:15:00,FLAT,487146656.54544467,487146656.54544467,0.0,0.0,1314.3
2024-06-24 09:30:00,FLAT,487146656.54544467,487146656.54544467,0.0,0.0,1315.2
2024-06-24 09:45:00,FLAT,487146656.54544467,487146656.54544467,0.0,0.0,1313.5
2024-06-24 10:00:00,FLAT,487146656.54544467,487146656.54544467,0.0,0.0,1307.5
2024-06-24 10:15:00,FLAT,487146656.54544467,487146656.54544467,0.0,0.0,1301.8
2024-06-24 10:30:00,FLAT,487146656.54544467,487146656.54544467,0.0,0.0,1299.5
2024-06-24 10:45:00,FLAT,487146656.54544467,487146656.54544467,0.0,0.0,1297.9
2024-06-24 11:00:00,FLAT,487146656.54544467,487146656.54544467,0.0,0.0,1297.1
2024-06-24 11:15:00,FLAT,487146656.54544467,487146656.54544467,0.0,0.0,1297.0
2024-06-24 13:00:00,FLAT,487146656.54544467,487146656.54544467,0.0,0.0,1297.2
2024-06-24 13:15:00,FLAT,487146656.54544467,487146656.54544467,0.0,0.0,1294.4
2024-06-24 13:30:00,FLAT,487146656.54544467,487146656.54544467,0.0,0.0,1295.4
2024-06-24 13:45:00,FLAT,487146656.54544467,487146656.54544467,0.0,0.0,1296.9
2024-06-24 14:00:00,FLAT,487146656.54544467,487146656.54544467,0.0,0.0,1291.9
2024-06-24 14:15:00,FLAT,487146656.54544467,487146656.54544467,0.0,0.0,1287.1
2024-06-24 14:30:00,FLAT,487146656.54544467,487146656.54544467,0.0,0.0,1286.7
2024-06-25 09:00:00,FLAT,487146656.54544467,487146656.54544467,0.0,0.0,1290.7
2024-06-25 09:15:00,FLAT,487146656.54544467,487146656.54544467,0.0,0.0,1288.5
2024-06-25 09:30:00,FLAT,487146656.54544467,487146656.54544467,0.0,0.0,1291.2
2024-06-25 09:45:00,FLAT,487146656.54544467,487146656.54544467,0.0,0.0,1291.0
2024-06-25 10:00:00,FLAT,487146656.54544467,487146656.54544467,0.0,0.0,1289.3
2024-06-25 10:15:00,FLAT,487146656.54544467,487146656.54544467,0.0,0.0,1291.1
2024-06-25 10:30:00,FLAT,487146656.54544467,487146656.54544467,0.0,0.0,1288.7
2024-06-25 10:45:00,FLAT,487146656.54544467,487146656.54544467,0.0,0.0,1289.8
2024-06-25 11:00:00,FLAT,487146656.54544467,487146656.54544467,0.0,0.0,1289.0
2024-06-25 11:15:00,FLAT,487146656.54544467,487146656.54544467,0.0,0.0,1286.6
2024-06-25 13:00:00,FLAT,487146656.54544467,487146656.54544467,0.0,0.0,1289.1
2024-06-25 13:15:00,FLAT,487146656.54544467,487146656.54544467,0.0,0.0,1291.9
2024-06-25 13:30:00,LONG,486952801.2921779,485584446.18040776,-1368355.1117701428,0.0,1291.0
2024-06-25 13:45:00,FLAT,483491081.1804077,483491081.1804077,0.0,0.0,1288.0
2024-06-25 14:00:00,FLAT,483491081.1804077,483491081.1804077,0.0,0.0,1287.7
2024-06-25 14:15:00,FLAT,483491081.1804077,483491081.1804077,0.0,0.0,1286.5
2024-06-25 14:30:00,FLAT,483491081.1804077,483491081.1804077,0.0,0.0,1287.0
2024-06-26 09:00:00,FLAT,483491081.1804077,483491081.1804077,0.0,0.0,1289.1
2024-06-26 09:15:00,FLAT,483491081.1804077,483491081.1804077,0.0,0.0,1289.8
2024-06-26 09:30:00,FLAT,483491081.1804077,483491081.1804077,0.0,0.0,1291.5
2024-06-26 09:45:00,FLAT,483491081.1804077,483491081.1804077,0.0,0.0,1289.9
2024-06-26 10:00:00,FLAT,483491081.1804077,483491081.1804077,0.0,0.0,1287.9
2024-06-26 10:15:00,FLAT,483491081.1804077,483491081.1804077,0.0,0.0,1288.3
2024-06-26 10:30:00,FLAT,483491081.1804077,483491081.1804077,0.0,0.0,1283.5
2024-06-26 10:45:00,FLAT,483491081.1804077,483491081.1804077,0.0,0.0,1283.0
2024-06-26 11:00:00,FLAT,483491081.1804077,483491081.1804077,0.0,0.0,1277.7
2024-06-26 11:15:00,FLAT,483491081.1804077,483491081.1804077,0.0,0.0,1280.1
2024-06-26 13:00:00,FLAT,483491081.1804077,483491081.1804077,0.0,0.0,1281.1
2024-06-26 13:15:00,FLAT,483491081.1804077,483491081.1804077,0.0,0.0,1282.6
2024-06-26 13:30:00,FLAT,483491081.1804077,483491081.1804077,0.0,0.0,1282.0
2024-06-26 13:45:00,FLAT,483491081.1804077,483491081.1804077,0.0,0.0,1285.1
2024-06-26 14:00:00,FLAT,483491081.1804077,483491081.1804077,0.0,0.0,1283.5
2024-06-26 14:15:00,FLAT,483491081.1804077,483491081.1804077,0.0,0.0,1289.5
2024-06-26 14:30:00,FLAT,483491081.1804077,483491081.1804077,0.0,0.0,1288.7
2024-06-27 09:00:00,FLAT,483491081.1804077,483491081.1804077,0.0,0.0,1284.3
2024-06-27 09:15:00,FLAT,483491081.1804077,483491081.1804077,0.0,0.0,1284.4
2024-06-27 09:30:00,FLAT,483491081.1804077,483491081.1804077,0.0,0.0,1283.1
2024-06-27 09:45:00,FLAT,483491081.1804077,483491081.1804077,0.0,0.0,1282.9
2024-06-27 10:00:00,FLAT,483491081.1804077,483491081.1804077,0.0,0.0,1285.8
2024-06-27 10:15:00,FLAT,483491081.1804077,483491081.1804077,0.0,0.0,1284.3
2024-06-27 10:30:00,FLAT,483491081.1804077,483491081.1804077,0.0,0.0,1281.9
2024-06-27 10:45:00,FLAT,483491081.1804077,483491081.1804077,0.0,0.0,1281.3
2024-06-27 11:00:00,FLAT,483491081.1804077,483491081.1804077,0.0,0.0,1282.8
2024-06-27 11:15:00,FLAT,483491081.1804077,483491081.1804077,0.0,0.0,1282.8
2024-06-27 13:00:00,FLAT,483491081.1804077,483491081.1804077,0.0,0.0,1284.4
2024-06-27 13:15:00,FLAT,483491081.1804077,483491081.1804077,0.0,0.0,1286.3
2024-06-27 13:30:00,FLAT,483491081.1804077,483491081.1804077,0.0,0.0,1285.5
2024-06-27 13:45:00,FLAT,483491081.1804077,483491081.1804077,0.0,0.0,1286.4
2024-06-27 14:00:00,FLAT,483491081.1804077,483491081.1804077,0.0,0.0,1287.3
2024-06-27 14:15:00,FLAT,483491081.1804077,483491081.1804077,0.0,0.0,1289.8
2024-06-27 14:30:00,FLAT,483491081.1804077,483491081.1804077,0.0,0.0,1290.0
2024-06-28 09:00:00,FLAT,483491081.1804077,483491081.1804077,0.0,0.0,1291.7
2024-06-28 09:15:00,FLAT,483491081.1804077,483491081.1804077,0.0,0.0,1291.2
2024-06-28 09:30:00,FLAT,483491081.1804077,483491081.1804077,0.0,0.0,1288.7
2024-06-28 09:45:00,FLAT,483491081.1804077,483491081.1804077,0.0,0.0,1287.3
2024-06-28 10:00:00,SHORT,483297946.7324646,482160933.01989436,-1137013.7125702512,0.0,1288.7
2024-06-28 10:15:00,SHORT,483297946.7324646,482960933.0198943,-337013.7125702968,0.0,1287.9
2024-06-28 10:30:00,SHORT,483297946.7324646,482360933.0198944,-937013.7125702058,0.0,1288.5
2024-06-28 10:45:00,SHORT,483297946.7324646,482660933.01989436,-637013.7125702513,0.0,1288.2
2024-06-28 11:00:00,SHORT,483297946.7324646,484460933.0198943,1162986.2874297032,0.0,1286.4
2024-06-28 11:15:00,SHORT,483297946.7324646,483260933.0198945,-37013.712570114876,0.0,1287.6
2024-06-28 13:00:00,SHORT,483297946.7324646,484660933.01989436,1362986.2874297488,0.0,1286.2
2024-06-28 13:15:00,SHORT,483297946.7324646,485160933.01989436,1862986.2874297488,0.0,1285.7
2024-06-28 13:30:00,SHORT,483297946.7324646,488060933.0198945,4762986.287429839,0.0,1282.8
2024-06-28 13:45:00,SHORT,483297946.7324646,486960933.0198943,3662986.2874297034,0.0,1283.9
2024-06-28 14:00:00,SHORT,483297946.7324646,482860933.0198944,-437013.7125702058,0.0,1288.0
2024-06-28 14:15:00,FLAT,493957649.4269962,493957649.4269962,0.0,0.0,1277.7
2024-06-28 14:30:00,FLAT,493957649.4269962,493957649.4269962,0.0,0.0,1277.0
2024-07-01 09:00:00,FLAT,493957649.4269962,493957649.4269962,0.0,0.0,1276.8
2024-07-01 09:15:00,FLAT,493957649.4269962,493957649.4269962,0.0,0.0,1275.5
2024-07-01 09:30:00,FLAT,493957649.4269962,493957649.4269962,0.0,0.0,1274.5
2024-07-01 09:45:00,FLAT,493957649.4269962,493957649.4269962,0.0,0.0,1274.0
2024-07-01 10:00:00,FLAT,493957649.4269962,493957649.4269962,0.0,0.0,1272.6
2024-07-01 10:15:00,SHORT,493766686.9863143,491549624.86530405,-2217062.1210102583,0.0,1275.3
2024-07-01 10:30:00,FLAT,490658224.865304,490658224.865304,0.0,0.0,1275.8
2024-07-01 10:45:00,FLAT,490658224.865304,490658224.865304,0.0,0.0,1275.0
2024-07-01 11:00:00,FLAT,490658224.865304,490658224.865304,0.0,0.0,1274.7
2024-07-01 11:15:00,FLAT,490658224.865304,490658224.865304,0.0,0.0,1274.2
2024-07-01 13:00:00,FLAT,490658224.865304,490658224.865304,0.0,0.0,1276.4
2024-07-01 13:15:00,FLAT,490658224.865304,490658224.865304,0.0,0.0,1275.9
2024-07-01 13:30:00,FLAT,490658224.865304,490658224.865304,0.0,0.0,1276.3
2024-07-01 13:45:00,FLAT,490658224.865304,490658224.865304,0.0,0.0,1279.3
2024-07-01 14:00:00,LONG,490466360.240122,489068859.02709365,-1397501.213028363,0.0,1277.7
2024-07-01 14:15:00,FLAT,495176259.0270936,495176259.0270936,0.0,0.0,1284.5
2024-07-01 14:30:00,FLAT,495176259.0270936,495176259.0270936,0.0,0.0,1285.2
2024-07-02 09:00:00,FLAT,495176259.0270936,495176259.0270936,0.0,0.0,1287.4
2024-07-02 09:15:00,FLAT,495176259.0270936,495176259.0270936,0.0,0.0,1285.1
2024-07-02 09:30:00,FLAT,495176259.0270936,495176259.0270936,0.0,0.0,1286.6
2024-07-02 09:45:00,FLAT,495176259.0270936,495176259.0270936,0.0,0.0,1286.1
2024-07-02 10:00:00,FLAT,495176259.0270936,495176259.0270936,0.0,0.0,1286.5
2024-07-02 10:15:00,FLAT,495176259.0270936,495176259.0270936,0.0,0.0,1290.1
2024-07-02 10:30:00,LONG,494982704.4185528,495918647.48001844,935943.0614656503,0.0,1291.3
2024-07-02 10:45:00,LONG,494982704.4185528,497218647.48001844,2235943.0614656047,0.0,1292.6
2024-07-02 11:00:00,LONG,494982704.4185528,500318647.48001856,5335943.061465741,0.0,1295.7
2024-07-02 11:15:00,LONG,494982704.4185528,499418647.48001844,4435943.06146565,0.0,1294.8
2024-07-02 13:00:00,LONG,494982704.4185528,499818647.48001856,4835943.061465741,0.0,1295.2
2024-07-02 13:15:00,LONG,494982704.4185528,500118647.4800185,5135943.0614656955,0.0,1295.5
2024-07-02 13:30:00,LONG,494982704.4185528,502918647.48001844,7935943.06146565,0.0,1298.3
2024-07-02 13:45:00,LONG,494982704.4185528,501218647.48001844,6235943.061465605,0.0,1296.6
2024-07-02 14:00:00,LONG,494982704.4185528,498318647.48001856,3335943.061465741,0.0,1293.7
2024-07-02 14:15:00,FLAT,500724202.48001844,500724202.48001844,0.0,0.0,1296.8
2024-07-02 14:30:00,FLAT,500724202.48001844,500724202.48001844,0.0,0.0,1296.5
2024-07-03 09:00:00,FLAT,500724202.48001844,500724202.48001844,0.0,0.0,1297.8
2024-07-03 09:15:00,FLAT,500724202.48001844,500724202.48001844,0.0,0.0,1296.8
2024-07-03 09:30:00,FLAT,500724202.48001844,500724202.48001844,0.0,0.0,1297.6
2024-07-03 09:45:00,FLAT,500724202.48001844,500724202.48001844,0.0,0.0,1296.3
2024-07-03 10:00:00,FLAT,500724202.48001844,500724202.48001844,0.0,0.0,1295.5
2024-07-03 10:15:00,FLAT,500724202.48001844,500724202.48001844,0.0,0.0,1295.3
2024-07-03 10:30:00,FLAT,500724202.48001844,500724202.48001844,0.0,0.0,1296.3
2024-07-03 10:45:00,FLAT,500724202.48001844,500724202.48001844,0.0,0.0,1296.8
2024-07-03 11:00:00,FLAT,500724202.48001844,500724202.48001844,0.0,0.0,1296.2
2024-07-03 11:15:00,FLAT,500724202.48001844,500724202.48001844,0.0,0.0,1297.8
2024-07-03 13:00:00,FLAT,500724202.48001844,500724202.48001844,0.0,0.0,1297.5
2024-07-03 13:15:00,FLAT,500724202.48001844,500724202.48001844,0.0,0.0,1303.2
2024-07-03 13:30:00,FLAT,500724202.48001844,500724202.48001844,0.0,0.0,1304.1
2024-07-03 13:45:00,FLAT,500724202.48001844,500724202.48001844,0.0,0.0,1304.9
2024-07-03 14:00:00,FLAT,500724202.48001844,500724202.48001844,0.0,0.0,1306.0
2024-07-03 14:15:00,FLAT,500724202.48001844,500724202.48001844,0.0,0.0,1305.5
2024-07-03 14:30:00,FLAT,500724202.48001844,500724202.48001844,0.0,0.0,1306.7
2024-07-04 09:00:00,FLAT,500724202.48001844,500724202.48001844,0.0,0.0,1307.7
2024-07-04 09:15:00,FLAT,500724202.48001844,500724202.48001844,0.0,0.0,1309.2
2024-07-04 09:30:00,FLAT,500724202.48001844,500724202.48001844,0.0,0.0,1310.6
2024-07-04 09:45:00,FLAT,500724202.48001844,500724202.48001844,0.0,0.0,1310.9
2024-07-04 10:00:00,LONG,500527515.16349405,498878738.3343248,-1648776.8291692645,0.0,1309.6
2024-07-04 10:15:00,LONG,500527515.16349405,498478738.3343249,-2048776.829169128,0.0,1309.2
2024-07-04 10:30:00,FLAT,497882418.33432484,497882418.33432484,0.0,0.0,1308.5
2024-07-04 10:45:00,FLAT,497882418.33432484,497882418.33432484,0.0,0.0,1309.7
2024-07-04 11:00:00,FLAT,497882418.33432484,497882418.33432484,0.0,0.0,1308.2
2024-07-04 11:15:00,FLAT,497882418.33432484,497882418.33432484,0.0,0.0,1309.0
2024-07-04 13:00:00,FLAT,497882418.33432484,497882418.33432484,0.0,0.0,1309.5
2024-07-04 13:15:00,FLAT,497882418.33432484,497882418.33432484,0.0,0.0,1307.5
2024-07-04 13:30:00,FLAT,497882418.33432484,497882418.33432484,0.0,0.0,1307.0
2024-07-04 13:45:00,FLAT,497882418.33432484,497882418.33432484,0.0,0.0,1308.4
2024-07-04 14:00:00,FLAT,497882418.33432484,497882418.33432484,0.0,0.0,1306.9
2024-07-04 14:15:00,FLAT,495682171.1245148,495682171.1245148,0.0,0.0,1307.8
2024-07-04 14:30:00,FLAT,495682171.1245148,495682171.1245148,0.0,0.0,1308.5
2024-07-05 09:00:00,FLAT,495682171.1245148,495682171.1245148,0.0,0.0,1309.4
2024-07-05 09:15:00,FLAT,495682171.1245148,495682171.1245148,0.0,0.0,1308.7
2024-07-05 09:30:00,FLAT,495682171.1245148,495682171.1245148,0.0,0.0,1309.5
2024-07-05 09:45:00,FLAT,495682171.1245148,495682171.1245148,0.0,0.0,1309.7
2024-07-05 10:00:00,FLAT,495682171.1245148,495682171.1245148,0.0,0.0,1311.6
2024-07-05 10:15:00,FLAT,495682171.1245148,495682171.1245148,0.0,0.0,1314.1
2024-07-05 10:30:00,LONG,495485203.77088106,493969512.87917906,-1515690.891701979,0.0,1311.6
2024-07-05 10:45:00,FLAT,492972892.8791791,492972892.8791791,0.0,0.0,1310.0
2024-07-05 11:00:00,FLAT,492972892.8791791,492972892.8791791,0.0,0.0,1308.9
2024-07-05 11:15:00,FLAT,492972892.8791791,492972892.8791791,0.0,0.0,1308.7
2024-07-05 13:00:00,FLAT,492972892.8791791,492972892.8791791,0.0,0.0,1309.8
2024-07-05 13:15:00,FLAT,492972892.8791791,492972892.8791791,0.0,0.0,1310.4
2024-07-05 13:30:00,FLAT,492972892.8791791,492972892.8791791,0.0,0.0,1307.8
2024-07-05 13:45:00,FLAT,492972892.8791791,492972892.8791791,0.0,0.0,1308.8
2024-07-05 14:00:00,FLAT,492972892.8791791,492972892.8791791,0.0,0.0,1312.3
2024-07-05 14:15:00,FLAT,492972892.8791791,492972892.8791791,0.0,0.0,1316.2
2024-07-05 14:30:00,FLAT,492972892.8791791,492972892.8791791,0.0,0.0,1317.4
2024-07-08 09:00:00,FLAT,492972892.8791791,492972892.8791791,0.0,0.0,1316.2
2024-07-08 09:15:00,FLAT,492972892.8791791,492972892.8791791,0.0,0.0,1316.4
2024-07-08 09:30:00,FLAT,492972892.8791791,492972892.8791791,0.0,0.0,1314.4
2024-07-08 09:45:00,FLAT,492972892.8791791,492972892.8791791,0.0,0.0,1314.2
2024-07-08 10:00:00,FLAT,492972892.8791791,492972892.8791791,0.0,0.0,1312.7
2024-07-08 10:15:00,FLAT,492972892.8791791,492972892.8791791,0.0,0.0,1312.0
2024-07-08 10:30:00,FLAT,492972892.8791791,492972892.8791791,0.0,0.0,1312.2
2024-07-08 10:45:00,FLAT,492972892.8791791,492972892.8791791,0.0,0.0,1309.0
2024-07-08 11:00:00,FLAT,492972892.8791791,492972892.8791791,0.0,0.0,1307.2
2024-07-08 11:15:00,FLAT,492972892.8791791,492972892.8791791,0.0,0.0,1308.2
2024-07-08 13:00:00,FLAT,492972892.8791791,492972892.8791791,0.0,0.0,1308.5
2024-07-08 13:15:00,FLAT,492972892.8791791,492972892.8791791,0.0,0.0,1308.9
2024-07-08 13:30:00,FLAT,492972892.8791791,492972892.8791791,0.0,0.0,1310.3
2024-07-08 13:45:00,FLAT,492972892.8791791,492972892.8791791,0.0,0.0,1310.6
2024-07-08 14:00:00,FLAT,490286952.7969253,490286952.7969253,0.0,0.0,1309.8
2024-07-08 14:15:00,FLAT,490286952.7969253,490286952.7969253,0.0,0.0,1312.9
2024-07-08 14:30:00,FLAT,490286952.7969253,490286952.7969253,0.0,0.0,1312.9
2024-07-09 09:00:00,FLAT,490286952.7969253,490286952.7969253,0.0,0.0,1314.6
2024-07-09 09:15:00,FLAT,490286952.7969253,490286952.7969253,0.0,0.0,1311.6
2024-07-09 09:30:00,FLAT,490286952.7969253,490286952.7969253,0.0,0.0,1306.8
2024-07-09 09:45:00,FLAT,490286952.7969253,490286952.7969253,0.0,0.0,1306.1
2024-07-09 10:00:00,FLAT,490286952.7969253,490286952.7969253,0.0,0.0,1306.6
2024-07-09 10:15:00,FLAT,490286952.7969253,490286952.7969253,0.0,0.0,1307.2
2024-07-09 10:30:00,FLAT,490286952.7969253,490286952.7969253,0.0,0.0,1309.7
2024-07-09 10:45:00,FLAT,490286952.7969253,490286952.7969253,0.0,0.0,1308.9
2024-07-09 11:00:00,SHORT,490090137.47638804,489492274.39144695,-597863.0849410819,0.0,1312.7
2024-07-09 11:15:00,SHORT,490090137.47638804,489692274.391447,-397863.08494103653,0.0,1312.5
2024-07-09 13:00:00,FLAT,487495099.391447,487495099.391447,0.0,0.0,1319.1
2024-07-09 13:15:00,FLAT,487495099.391447,487495099.391447,0.0,0.0,1318.3
2024-07-09 13:30:00,FLAT,487495099.391447,487495099.391447,0.0,0.0,1316.5
2024-07-09 13:45:00,FLAT,487495099.391447,487495099.391447,0.0,0.0,1318.2
2024-07-09 14:00:00,FLAT,487495099.391447,487495099.391447,0.0,0.0,1320.8
2024-07-09 14:15:00,FLAT,487495099.391447,487495099.391447,0.0,0.0,1319.4
2024-07-09 14:30:00,FLAT,487495099.391447,487495099.391447,0.0,0.0,1318.8
2024-07-10 09:00:00,FLAT,487495099.391447,487495099.391447,0.0,0.0,1319.9
2024-07-10 09:15:00,FLAT,487495099.391447,487495099.391447,0.0,0.0,1316.5
2024-07-10 09:30:00,FLAT,487495099.391447,487495099.391447,0.0,0.0,1317.8
2024-07-10 09:45:00,FLAT,487495099.391447,487495099.391447,0.0,0.0,1318.2
2024-07-10 10:00:00,FLAT,487495099.391447,487495099.391447,0.0,0.0,1320.1
2024-07-10 10:15:00,FLAT,487495099.391447,487495099.391447,0.0,0.0,1319.4
2024-07-10 10:30:00,FLAT,487495099.391447,487495099.391447,0.0,0.0,1318.8
2024-07-10 10:45:00,FLAT,487495099.391447,487495099.391447,0.0,0.0,1317.3
2024-07-10 11:00:00,FLAT,487495099.391447,487495099.391447,0.0,0.0,1318.2
2024-07-10 11:15:00,FLAT,487495099.391447,487495099.391447,0.0,0.0,1319.5
2024-07-10 13:00:00,FLAT,487495099.391447,487495099.391447,0.0,0.0,1317.6
2024-07-10 13:15:00,FLAT,487495099.391447,487495099.391447,0.0,0.0,1316.4
2024-07-10 13:30:00,FLAT,487495099.391447,487495099.391447,0.0,0.0,1316.0
2024-07-10 13:45:00,FLAT,487495099.391447,487495099.391447,0.0,0.0,1316.4
2024-07-10 14:00:00,FLAT,487495099.391447,487495099.391447,0.0,0.0,1314.4
2024-07-10 14:15:00,FLAT,490401364.39144695,490401364.39144695,0.0,0.0,1310.3
2024-07-10 14:30:00,FLAT,490401364.39144695,490401364.39144695,0.0,0.0,1312.0
2024-07-11 09:00:00,FLAT,490401364.39144695,490401364.39144695,0.0,0.0,1315.5
2024-07-11 09:15:00,FLAT,490401364.39144695,490401364.39144695,0.0,0.0,1314.2
2024-07-11 09:30:00,FLAT,490401364.39144695,490401364.39144695,0.0,0.0,1317.1
2024-07-11 09:45:00,FLAT,490401364.39144695,490401364.39144695,0.0,0.0,1316.4
2024-07-11 10:00:00,FLAT,490401364.39144695,490401364.39144695,0.0,0.0,1317.3
2024-07-11 10:15:00,FLAT,490401364.39144695,490401364.39144695,0.0,0.0,1315.2
2024-07-11 10:30:00,FLAT,490401364.39144695,490401364.39144695,0.0,0.0,1316.4
2024-07-11 10:45:00,FLAT,490401364.39144695,490401364.39144695,0.0,0.0,1314.5
2024-07-11 11:00:00,FLAT,490401364.39144695,490401364.39144695,0.0,0.0,1312.8
2024-07-11 11:15:00,FLAT,490401364.39144695,490401364.39144695,0.0,0.0,1312.7
2024-07-11 13:00:00,FLAT,490401364.39144695,490401364.39144695,0.0,0.0,1312.4
2024-07-11 13:15:00,FLAT,490401364.39144695,490401364.39144695,0.0,0.0,1312.1
2024-07-11 13:30:00,FLAT,490401364.39144695,490401364.39144695,0.0,0.0,1312.6
2024-07-11 13:45:00,FLAT,490401364.39144695,490401364.39144695,0.0,0.0,1312.2
2024-07-11 14:00:00,FLAT,490401364.39144695,490401364.39144695,0.0,0.0,1311.5
2024-07-11 14:15:00,FLAT,490401364.39144695,490401364.39144695,0.0,0.0,1306.7
2024-07-11 14:30:00,FLAT,490401364.39144695,490401364.39144695,0.0,0.0,1306.3
2024-07-12 09:00:00,FLAT,490401364.39144695,490401364.39144695,0.0,0.0,1304.2
2024-07-12 09:15:00,FLAT,490401364.39144695,490401364.39144695,0.0,0.0,1306.9
2024-07-12 09:30:00,FLAT,490401364.39144695,490401364.39144695,0.0,0.0,1309.3
2024-07-12 09:45:00,FLAT,490401364.39144695,490401364.39144695,0.0,0.0,1308.9
2024-07-12 10:00:00,LONG,490205140.4314672,489745407.2330055,-459733.19846166304,0.0,1307.7
2024-07-12 10:15:00,LONG,490205140.4314672,488745407.2330055,-1459733.198461663,0.0,1306.7
2024-07-12 10:30:00,LONG,490205140.4314672,490445407.2330056,240266.80153838242,0.0,1308.4
2024-07-12 10:45:00,LONG,490205140.4314672,488445407.2330056,-1759733.1984616176,0.0,1306.4
2024-07-12 11:00:00,FLAT,487449567.2330054,487449567.2330054,0.0,0.0,1306.2
2024-07-12 11:15:00,FLAT,487449567.2330054,487449567.2330054,0.0,0.0,1306.3
2024-07-12 13:00:00,FLAT,487449567.2330054,487449567.2330054,0.0,0.0,1303.4
2024-07-12 13:15:00,FLAT,487449567.2330054,487449567.2330054,0.0,0.0,1301.6
2024-07-12 13:30:00,FLAT,487449567.2330054,487449567.2330054,0.0,0.0,1303.6
2024-07-12 13:45:00,FLAT,487449567.2330054,487449567.2330054,0.0,0.0,1302.8
2024-07-12 14:00:00,FLAT,487449567.2330054,487449567.2330054,0.0,0.0,1303.9
2024-07-12 14:15:00,FLAT,487449567.2330054,487449567.2330054,0.0,0.0,1299.7
2024-07-12 14:30:00,FLAT,487449567.2330054,487449567.2330054,0.0,0.0,1298.0
2024-07-15 09:00:00,FLAT,487449567.2330054,487449567.2330054,0.0,0.0,1303.3
2024-07-15 09:15:00,FLAT,487449567.2330054,487449567.2330054,0.0,0.0,1302.9
2024-07-15 09:30:00,FLAT,487449567.2330054,487449567.2330054,0.0,0.0,1304.5
2024-07-15 09:45:00,FLAT,487449567.2330054,487449567.2330054,0.0,0.0,1304.0
2024-07-15 10:00:00,FLAT,487449567.2330054,487449567.2330054,0.0,0.0,1303.5
2024-07-15 10:15:00,FLAT,487449567.2330054,487449567.2330054,0.0,0.0,1304.1
2024-07-15 10:30:00,FLAT,487449567.2330054,487449567.2330054,0.0,0.0,1302.8
2024-07-15 10:45:00,FLAT,487449567.2330054,487449567.2330054,0.0,0.0,1303.5
2024-07-15 11:00:00,FLAT,487449567.2330054,487449567.2330054,0.0,0.0,1302.7
2024-07-15 11:15:00,FLAT,487449567.2330054,487449567.2330054,0.0,0.0,1303.1
2024-07-15 13:00:00,FLAT,487449567.2330054,487449567.2330054,0.0,0.0,1302.1
2024-07-15 13:15:00,FLAT,487449567.2330054,487449567.2330054,0.0,0.0,1301.3
2024-07-15 13:30:00,FLAT,487449567.2330054,487449567.2330054,0.0,0.0,1299.8
2024-07-15 13:45:00,SHORT,487254657.2330054,486654657.2330055,-599999.9999999091,0.0,1300.0
2024-07-15 14:00:00,SHORT,487254657.2330054,490654657.2330055,3400000.000000091,0.0,1296.0
2024-07-15 14:15:00,FLAT,489260077.23300546,489260077.23300546,0.0,0.0,1296.7
2024-07-15 14:30:00,FLAT,489260077.23300546,489260077.23300546,0.0,0.0,1295.7
2024-07-16 09:00:00,FLAT,489260077.23300546,489260077.23300546,0.0,0.0,1301.0
2024-07-16 09:15:00,FLAT,489260077.23300546,489260077.23300546,0.0,0.0,1302.9
2024-07-16 09:30:00,FLAT,489260077.23300546,489260077.23300546,0.0,0.0,1302.4
2024-07-16 09:45:00,FLAT,489260077.23300546,489260077.23300546,0.0,0.0,1302.0
2024-07-16 10:00:00,FLAT,489260077.23300546,489260077.23300546,0.0,0.0,1305.7
2024-07-16 10:15:00,FLAT,489260077.23300546,489260077.23300546,0.0,0.0,1305.9
2024-07-16 10:30:00,FLAT,489260077.23300546,489260077.23300546,0.0,0.0,1308.0
2024-07-16 10:45:00,FLAT,489260077.23300546,489260077.23300546,0.0,0.0,1307.5
2024-07-16 11:00:00,FLAT,489260077.23300546,489260077.23300546,0.0,0.0,1306.9
2024-07-16 11:15:00,FLAT,489260077.23300546,489260077.23300546,0.0,0.0,1307.8
2024-07-16 13:00:00,FLAT,489260077.23300546,489260077.23300546,0.0,0.0,1306.8
2024-07-16 13:15:00,FLAT,489260077.23300546,489260077.23300546,0.0,0.0,1306.2
2024-07-16 13:30:00,FLAT,489260077.23300546,489260077.23300546,0.0,0.0,1305.6
2024-07-16 13:45:00,FLAT,489260077.23300546,489260077.23300546,0.0,0.0,1303.0
2024-07-16 14:00:00,SHORT,489064575.54555464,491809158.5511734,2744583.005618779,0.0,1300.6
2024-07-16 14:15:00,FLAT,489913813.5511734,489913813.5511734,0.0,0.0,1301.8
2024-07-16 14:30:00,FLAT,489913813.5511734,489913813.5511734,0.0,0.0,1301.7
2024-07-17 09:00:00,FLAT,489913813.5511734,489913813.5511734,0.0,0.0,1308.8
2024-07-17 09:15:00,FLAT,489913813.5511734,489913813.5511734,0.0,0.0,1306.5
2024-07-17 09:30:00,FLAT,489913813.5511734,489913813.5511734,0.0,0.0,1306.9
2024-07-17 09:45:00,FLAT,489913813.5511734,489913813.5511734,0.0,0.0,1304.8
2024-07-17 10:00:00,FLAT,489913813.5511734,489913813.5511734,0.0,0.0,1304.3
2024-07-17 10:15:00,FLAT,489913813.5511734,489913813.5511734,0.0,0.0,1303.6
2024-07-17 10:30:00,FLAT,489913813.5511734,489913813.5511734,0.0,0.0,1302.5
2024-07-17 10:45:00,FLAT,489913813.5511734,489913813.5511734,0.0,0.0,1304.9
2024-07-17 11:00:00,SHORT,489718002.26069623,489326605.44162035,-391396.8190759078,0.0,1305.8
2024-07-17 11:15:00,SHORT,489718002.26069623,489126605.4416203,-591396.8190759533,0.0,1306.0
2024-07-17 13:00:00,SHORT,489718002.26069623,490126605.4416203,408603.18092404667,0.0,1305.0
2024-07-17 13:15:00,SHORT,489718002.26069623,488826605.44162035,-891396.8190759078,0.0,1306.3
2024-07-17 13:30:00,FLAT,487030420.4416202,487030420.4416202,0.0,0.0,1312.8
2024-07-17 13:45:00,FLAT,487030420.4416202,487030420.4416202,0.0,0.0,1314.0
2024-07-17 14:00:00,FLAT,487030420.4416202,487030420.4416202,0.0,0.0,1317.0
2024-07-17 14:15:00,FLAT,487030420.4416202,487030420.4416202,0.0,0.0,1296.9
2024-07-17 14:30:00,FLAT,487030420.4416202,487030420.4416202,0.0,0.0,1296.0
2024-07-18 09:00:00,FLAT,487030420.4416202,487030420.4416202,0.0,0.0,1303.5
2024-07-18 09:15:00,FLAT,487030420.4416202,487030420.4416202,0.0,0.0,1302.4
2024-07-18 09:30:00,FLAT,487030420.4416202,487030420.4416202,0.0,0.0,1303.0
2024-07-18 09:45:00,FLAT,487030420.4416202,487030420.4416202,0.0,0.0,1302.2
2024-07-18 10:00:00,FLAT,487030420.4416202,487030420.4416202,0.0,0.0,1300.3
2024-07-18 10:15:00,FLAT,487030420.4416202,487030420.4416202,0.0,0.0,1302.1
2024-07-18 10:30:00,FLAT,487030420.4416202,487030420.4416202,0.0,0.0,1301.7
2024-07-18 10:45:00,FLAT,487030420.4416202,487030420.4416202,0.0,0.0,1300.7
2024-07-18 11:00:00,FLAT,487030420.4416202,487030420.4416202,0.0,0.0,1297.0
2024-07-18 11:15:00,FLAT,487030420.4416202,487030420.4416202,0.0,0.0,1296.3
2024-07-18 13:00:00,FLAT,487030420.4416202,487030420.4416202,0.0,0.0,1295.3
2024-07-18 13:15:00,FLAT,487030420.4416202,487030420.4416202,0.0,0.0,1294.8
2024-07-18 13:30:00,FLAT,487030420.4416202,487030420.4416202,0.0,0.0,1295.3
2024-07-18 13:45:00,FLAT,487030420.4416202,487030420.4416202,0.0,0.0,1291.8
2024-07-18 14:00:00,FLAT,487030420.4416202,487030420.4416202,0.0,0.0,1291.6
2024-07-18 14:15:00,FLAT,487030420.4416202,487030420.4416202,0.0,0.0,1297.8
2024-07-18 14:30:00,FLAT,487030420.4416202,487030420.4416202,0.0,0.0,1296.5
2024-07-19 09:00:00,FLAT,487030420.4416202,487030420.4416202,0.0,0.0,1304.0
2024-07-19 09:15:00,FLAT,487030420.4416202,487030420.4416202,0.0,0.0,1308.8
2024-07-19 09:30:00,FLAT,487030420.4416202,487030420.4416202,0.0,0.0,1309.0
2024-07-19 09:45:00,FLAT,487030420.4416202,487030420.4416202,0.0,0.0,1307.0
2024-07-19 10:00:00,FLAT,487030420.4416202,487030420.4416202,0.0,0.0,1307.0
2024-07-19 10:15:00,FLAT,487030420.4416202,487030420.4416202,0.0,0.0,1305.7
2024-07-19 10:30:00,FLAT,487030420.4416202,487030420.4416202,0.0,0.0,1306.3
2024-07-19 10:45:00,FLAT,487030420.4416202,487030420.4416202,0.0,0.0,1304.3
2024-07-19 11:00:00,FLAT,487030420.4416202,487030420.4416202,0.0,0.0,1302.2
2024-07-19 11:15:00,FLAT,487030420.4416202,487030420.4416202,0.0,0.0,1302.7
2024-07-19 13:00:00,FLAT,487030420.4416202,487030420.4416202,0.0,0.0,1300.6
2024-07-19 13:15:00,FLAT,487030420.4416202,487030420.4416202,0.0,0.0,1303.1
2024-07-19 13:30:00,FLAT,487030420.4416202,487030420.4416202,0.0,0.0,1300.2
2024-07-19 13:45:00,FLAT,487030420.4416202,487030420.4416202,0.0,0.0,1302.8
2024-07-19 14:00:00,FLAT,487030420.4416202,487030420.4416202,0.0,0.0,1301.8
2024-07-19 14:15:00,FLAT,487030420.4416202,487030420.4416202,0.0,0.0,1302.3
2024-07-19 14:30:00,FLAT,487030420.4416202,487030420.4416202,0.0,0.0,1302.0
2024-07-22 09:00:00,FLAT,487030420.4416202,487030420.4416202,0.0,0.0,1294.1
2024-07-22 09:15:00,FLAT,487030420.4416202,487030420.4416202,0.0,0.0,1296.0
2024-07-22 09:30:00,FLAT,487030420.4416202,487030420.4416202,0.0,0.0,1297.7
2024-07-22 09:45:00,FLAT,487030420.4416202,487030420.4416202,0.0,0.0,1301.6
2024-07-22 10:00:00,FLAT,487030420.4416202,487030420.4416202,0.0,0.0,1301.9
2024-07-22 10:15:00,FLAT,487030420.4416202,487030420.4416202,0.0,0.0,1300.3
2024-07-22 10:30:00,LONG,486835603.6819241,486257205.7079749,-578397.9739492225,0.0,1298.2
2024-07-22 10:45:00,FLAT,483162910.7079748,483162910.7079748,0.0,0.0,1295.3
2024-07-22 11:00:00,FLAT,483162910.7079748,483162910.7079748,0.0,0.0,1293.5
2024-07-22 11:15:00,FLAT,483162910.7079748,483162910.7079748,0.0,0.0,1294.2
2024-07-22 13:00:00,FLAT,483162910.7079748,483162910.7079748,0.0,0.0,1294.4
2024-07-22 13:15:00,FLAT,483162910.7079748,483162910.7079748,0.0,0.0,1295.8
2024-07-22 13:30:00,FLAT,483162910.7079748,483162910.7079748,0.0,0.0,1293.2
2024-07-22 13:45:00,FLAT,483162910.7079748,483162910.7079748,0.0,0.0,1293.8
2024-07-22 14:00:00,FLAT,483162910.7079748,483162910.7079748,0.0,0.0,1298.8
2024-07-22 14:15:00,FLAT,483162910.7079748,483162910.7079748,0.0,0.0,1299.3
2024-07-22 14:30:00,FLAT,483162910.7079748,483162910.7079748,0.0,0.0,1302.9
2024-07-23 09:00:00,FLAT,483162910.7079748,483162910.7079748,0.0,0.0,1301.8
2024-07-23 09:15:00,FLAT,483162910.7079748,483162910.7079748,0.0,0.0,1302.6
2024-07-23 09:30:00,FLAT,483162910.7079748,483162910.7079748,0.0,0.0,1301.4
2024-07-23 09:45:00,FLAT,483162910.7079748,483162910.7079748,0.0,0.0,1300.6
2024-07-23 10:00:00,FLAT,483162910.7079748,483162910.7079748,0.0,0.0,1299.9
2024-07-23 10:15:00,FLAT,483162910.7079748,483162910.7079748,0.0,0.0,1298.9
2024-07-23 10:30:00,FLAT,483162910.7079748,483162910.7079748,0.0,0.0,1300.0
2024-07-23 10:45:00,FLAT,483162910.7079748,483162910.7079748,0.0,0.0,1299.6
2024-07-23 11:00:00,FLAT,483162910.7079748,483162910.7079748,0.0,0.0,1299.3
2024-07-23 11:15:00,FLAT,483162910.7079748,483162910.7079748,0.0,0.0,1301.9
2024-07-23 13:00:00,FLAT,483162910.7079748,483162910.7079748,0.0,0.0,1300.7
2024-07-23 13:15:00,FLAT,483162910.7079748,483162910.7079748,0.0,0.0,1301.6
2024-07-23 13:30:00,FLAT,483162910.7079748,483162910.7079748,0.0,0.0,1296.0
2024-07-23 13:45:00,FLAT,483162910.7079748,483162910.7079748,0.0,0.0,1295.5
2024-07-23 14:00:00,FLAT,483162910.7079748,483162910.7079748,0.0,0.0,1295.3
2024-07-23 14:15:00,FLAT,483162910.7079748,483162910.7079748,0.0,0.0,1288.0
2024-07-23 14:30:00,FLAT,483162910.7079748,483162910.7079748,0.0,0.0,1290.7
2024-07-24 09:00:00,FLAT,483162910.7079748,483162910.7079748,0.0,0.0,1282.8
2024-07-24 09:15:00,FLAT,483162910.7079748,483162910.7079748,0.0,0.0,1283.5
2024-07-24 09:30:00,FLAT,483162910.7079748,483162910.7079748,0.0,0.0,1283.1
2024-07-24 09:45:00,FLAT,483162910.7079748,483162910.7079748,0.0,0.0,1280.3
2024-07-24 10:00:00,FLAT,483162910.7079748,483162910.7079748,0.0,0.0,1278.6
2024-07-24 10:15:00,FLAT,483162910.7079748,483162910.7079748,0.0,0.0,1275.5
2024-07-24 10:30:00,FLAT,483162910.7079748,483162910.7079748,0.0,0.0,1278.2
2024-07-24 10:45:00,FLAT,479477109.35974026,479477109.35974026,0.0,0.0,1281.5
2024-07-24 11:00:00,FLAT,479477109.35974026,479477109.35974026,0.0,0.0,1281.5
2024-07-24 11:15:00,FLAT,479477109.35974026,479477109.35974026,0.0,0.0,1280.0
2024-07-24 13:00:00,FLAT,479477109.35974026,479477109.35974026,0.0,0.0,1282.2
2024-07-24 13:15:00,FLAT,479477109.35974026,479477109.35974026,0.0,0.0,1284.0
2024-07-24 13:30:00,FLAT,479477109.35974026,479477109.35974026,0.0,0.0,1282.0
2024-07-24 13:45:00,FLAT,479477109.35974026,479477109.35974026,0.0,0.0,1279.8
2024-07-24 14:00:00,FLAT,479477109.35974026,479477109.35974026,0.0,0.0,1281.2
2024-07-24 14:15:00,FLAT,479477109.35974026,479477109.35974026,0.0,0.0,1284.5
2024-07-24 14:30:00,FLAT,479477109.35974026,479477109.35974026,0.0,0.0,1284.9
2024-07-25 09:00:00,FLAT,479477109.35974026,479477109.35974026,0.0,0.0,1275.0
2024-07-25 09:15:00,FLAT,479477109.35974026,479477109.35974026,0.0,0.0,1275.8
2024-07-25 09:30:00,FLAT,479477109.35974026,479477109.35974026,0.0,0.0,1275.0
2024-07-25 09:45:00,FLAT,479477109.35974026,479477109.35974026,0.0,0.0,1274.7
2024-07-25 10:00:00,FLAT,479477109.35974026,479477109.35974026,0.0,0.0,1276.2
2024-07-25 10:15:00,FLAT,479477109.35974026,479477109.35974026,0.0,0.0,1274.4
2024-07-25 10:30:00,FLAT,479477109.35974026,479477109.35974026,0.0,0.0,1274.1
2024-07-25 10:45:00,FLAT,479477109.35974026,479477109.35974026,0.0,0.0,1273.0
2024-07-25 11:00:00,FLAT,479477109.35974026,479477109.35974026,0.0,0.0,1272.3
2024-07-25 11:15:00,FLAT,479477109.35974026,479477109.35974026,0.0,0.0,1272.9
2024-07-25 13:00:00,FLAT,479477109.35974026,479477109.35974026,0.0,0.0,1274.2
2024-07-25 13:15:00,FLAT,479477109.35974026,479477109.35974026,0.0,0.0,1273.6
2024-07-25 13:30:00,FLAT,479477109.35974026,479477109.35974026,0.0,0.0,1275.3
2024-07-25 13:45:00,FLAT,479477109.35974026,479477109.35974026,0.0,0.0,1273.7
2024-07-25 14:00:00,FLAT,479477109.35974026,479477109.35974026,0.0,0.0,1274.3
2024-07-25 14:15:00,FLAT,479477109.35974026,479477109.35974026,0.0,0.0,1274.8
2024-07-25 14:30:00,FLAT,479477109.35974026,479477109.35974026,0.0,0.0,1276.3
2024-07-26 09:00:00,FLAT,479477109.35974026,479477109.35974026,0.0,0.0,1279.0
2024-07-26 09:15:00,FLAT,479477109.35974026,479477109.35974026,0.0,0.0,1278.0
2024-07-26 09:30:00,FLAT,479477109.35974026,479477109.35974026,0.0,0.0,1277.7
2024-07-26 09:45:00,FLAT,479477109.35974026,479477109.35974026,0.0,0.0,1278.5
2024-07-26 10:00:00,FLAT,479477109.35974026,479477109.35974026,0.0,0.0,1277.6
2024-07-26 10:15:00,FLAT,479477109.35974026,479477109.35974026,0.0,0.0,1278.0
2024-07-26 10:30:00,FLAT,479477109.35974026,479477109.35974026,0.0,0.0,1278.6
2024-07-26 10:45:00,FLAT,479477109.35974026,479477109.35974026,0.0,0.0,1280.0
2024-07-26 11:00:00,FLAT,479477109.35974026,479477109.35974026,0.0,0.0,1278.4
2024-07-26 11:15:00,FLAT,479477109.35974026,479477109.35974026,0.0,0.0,1278.7
2024-07-26 13:00:00,FLAT,479477109.35974026,479477109.35974026,0.0,0.0,1279.5
2024-07-26 13:15:00,FLAT,479477109.35974026,479477109.35974026,0.0,0.0,1279.5
2024-07-26 13:30:00,FLAT,479477109.35974026,479477109.35974026,0.0,0.0,1279.4
2024-07-26 13:45:00,FLAT,479477109.35974026,479477109.35974026,0.0,0.0,1278.5
2024-07-26 14:00:00,FLAT,479477109.35974026,479477109.35974026,0.0,0.0,1280.1
2024-07-26 14:15:00,FLAT,479477109.35974026,479477109.35974026,0.0,0.0,1284.0
2024-07-26 14:30:00,FLAT,479477109.35974026,479477109.35974026,0.0,0.0,1284.9
2024-07-29 09:00:00,FLAT,479477109.35974026,479477109.35974026,0.0,0.0,1291.5
2024-07-29 09:15:00,FLAT,479477109.35974026,479477109.35974026,0.0,0.0,1291.6
2024-07-29 09:30:00,FLAT,479477109.35974026,479477109.35974026,0.0,0.0,1292.9
2024-07-29 09:45:00,FLAT,479477109.35974026,479477109.35974026,0.0,0.0,1293.5
2024-07-29 10:00:00,FLAT,479477109.35974026,479477109.35974026,0.0,0.0,1292.8
2024-07-29 10:15:00,FLAT,479477109.35974026,479477109.35974026,0.0,0.0,1293.0
2024-07-29 10:30:00,FLAT,479477109.35974026,479477109.35974026,0.0,0.0,1292.0
2024-07-29 10:45:00,FLAT,479477109.35974026,479477109.35974026,0.0,0.0,1292.1
2024-07-29 11:00:00,FLAT,479477109.35974026,479477109.35974026,0.0,0.0,1291.2
2024-07-29 11:15:00,FLAT,479477109.35974026,479477109.35974026,0.0,0.0,1291.3
2024-07-29 13:00:00,FLAT,479477109.35974026,479477109.35974026,0.0,0.0,1291.9
2024-07-29 13:15:00,FLAT,479477109.35974026,479477109.35974026,0.0,0.0,1291.6
2024-07-29 13:30:00,FLAT,479477109.35974026,479477109.35974026,0.0,0.0,1292.8
2024-07-29 13:45:00,FLAT,479477109.35974026,479477109.35974026,0.0,0.0,1292.6
2024-07-29 14:00:00,FLAT,479477109.35974026,479477109.35974026,0.0,0.0,1291.6
2024-07-29 14:15:00,FLAT,479477109.35974026,479477109.35974026,0.0,0.0,1289.2
2024-07-29 14:30:00,FLAT,479477109.35974026,479477109.35974026,0.0,0.0,1289.1
2024-07-30 09:00:00,FLAT,479477109.35974026,479477109.35974026,0.0,0.0,1285.4
2024-07-30 09:15:00,FLAT,479477109.35974026,479477109.35974026,0.0,0.0,1285.5
2024-07-30 09:30:00,FLAT,479477109.35974026,479477109.35974026,0.0,0.0,1285.8
2024-07-30 09:45:00,FLAT,479477109.35974026,479477109.35974026,0.0,0.0,1285.9
2024-07-30 10:00:00,FLAT,479477109.35974026,479477109.35974026,0.0,0.0,1285.9
2024-07-30 10:15:00,FLAT,479477109.35974026,479477109.35974026,0.0,0.0,1286.5
2024-07-30 10:30:00,FLAT,479477109.35974026,479477109.35974026,0.0,0.0,1286.0
2024-07-30 10:45:00,FLAT,479477109.35974026,479477109.35974026,0.0,0.0,1286.7
2024-07-30 11:00:00,FLAT,479477109.35974026,479477109.35974026,0.0,0.0,1287.0
2024-07-30 11:15:00,FLAT,479477109.35974026,479477109.35974026,0.0,0.0,1289.0
2024-07-30 13:00:00,FLAT,479477109.35974026,479477109.35974026,0.0,0.0,1290.2
2024-07-30 13:15:00,FLAT,479477109.35974026,479477109.35974026,0.0,0.0,1290.2
2024-07-30 13:30:00,FLAT,479477109.35974026,479477109.35974026,0.0,0.0,1287.3
2024-07-30 13:45:00,SHORT,479284059.35974026,479684059.3597404,400000.0000000909,0.0,1286.6
2024-07-30 14:00:00,SHORT,479284059.35974026,479784059.35974026,500000.0,0.0,1286.5
2024-07-30 14:15:00,FLAT,477090709.35974026,477090709.35974026,0.0,0.0,1290.5
2024-07-30 14:30:00,FLAT,477090709.35974026,477090709.35974026,0.0,0.0,1291.9
2024-07-31 09:00:00,FLAT,477090709.35974026,477090709.35974026,0.0,0.0,1292.6
2024-07-31 09:15:00,FLAT,477090709.35974026,477090709.35974026,0.0,0.0,1295.5
2024-07-31 09:30:00,FLAT,477090709.35974026,477090709.35974026,0.0,0.0,1296.3
2024-07-31 09:45:00,FLAT,477090709.35974026,477090709.35974026,0.0,0.0,1296.9
2024-07-31 10:00:00,FLAT,477090709.35974026,477090709.35974026,0.0,0.0,1297.2
2024-07-31 10:15:00,FLAT,477090709.35974026,477090709.35974026,0.0,0.0,1297.0
2024-07-31 10:30:00,FLAT,477090709.35974026,477090709.35974026,0.0,0.0,1298.8
2024-07-31 10:45:00,FLAT,477090709.35974026,477090709.35974026,0.0,0.0,1299.4
2024-07-31 11:00:00,FLAT,477090709.35974026,477090709.35974026,0.0,0.0,1299.0
2024-07-31 11:15:00,FLAT,477090709.35974026,477090709.35974026,0.0,0.0,1301.1
2024-07-31 13:00:00,FLAT,477090709.35974026,477090709.35974026,0.0,0.0,1300.7
2024-07-31 13:15:00,FLAT,477090709.35974026,477090709.35974026,0.0,0.0,1299.8
2024-07-31 13:30:00,FLAT,477090709.35974026,477090709.35974026,0.0,0.0,1300.6
2024-07-31 13:45:00,FLAT,477090709.35974026,477090709.35974026,0.0,0.0,1297.7
2024-07-31 14:00:00,FLAT,474513138.41577643,474513138.41577643,0.0,0.0,1301.5
2024-07-31 14:15:00,FLAT,474513138.41577643,474513138.41577643,0.0,0.0,1297.5
2024-07-31 14:30:00,FLAT,474513138.41577643,474513138.41577643,0.0,0.0,1299.4
2024-08-01 09:00:00,FLAT,474513138.41577643,474513138.41577643,0.0,0.0,1306.0
2024-08-01 09:15:00,FLAT,474513138.41577643,474513138.41577643,0.0,0.0,1303.7
2024-08-01 09:30:00,FLAT,474513138.41577643,474513138.41577643,0.0,0.0,1304.8
2024-08-01 09:45:00,FLAT,474513138.41577643,474513138.41577643,0.0,0.0,1302.8
2024-08-01 10:00:00,FLAT,474513138.41577643,474513138.41577643,0.0,0.0,1302.1
2024-08-01 10:15:00,FLAT,474513138.41577643,474513138.41577643,0.0,0.0,1301.2
2024-08-01 10:30:00,FLAT,474513138.41577643,474513138.41577643,0.0,0.0,1301.7
2024-08-01 10:45:00,FLAT,474513138.41577643,474513138.41577643,0.0,0.0,1299.3
2024-08-01 11:00:00,FLAT,474513138.41577643,474513138.41577643,0.0,0.0,1299.7
2024-08-01 11:15:00,FLAT,474513138.41577643,474513138.41577643,0.0,0.0,1299.0
2024-08-01 13:00:00,FLAT,474513138.41577643,474513138.41577643,0.0,0.0,1296.9
2024-08-01 13:15:00,FLAT,474513138.41577643,474513138.41577643,0.0,0.0,1294.4
2024-08-01 13:30:00,FLAT,474513138.41577643,474513138.41577643,0.0,0.0,1293.1
2024-08-01 13:45:00,FLAT,474513138.41577643,474513138.41577643,0.0,0.0,1286.5
2024-08-01 14:00:00,FLAT,474513138.41577643,474513138.41577643,0.0,0.0,1271.8
2024-08-01 14:15:00,FLAT,474513138.41577643,474513138.41577643,0.0,0.0,1277.6
2024-08-01 14:30:00,FLAT,474513138.41577643,474513138.41577643,0.0,0.0,1279.0
2024-08-02 09:00:00,FLAT,474513138.41577643,474513138.41577643,0.0,0.0,1264.9
2024-08-02 09:15:00,FLAT,474513138.41577643,474513138.41577643,0.0,0.0,1265.4
2024-08-02 09:30:00,FLAT,474513138.41577643,474513138.41577643,0.0,0.0,1264.4
2024-08-02 09:45:00,FLAT,474513138.41577643,474513138.41577643,0.0,0.0,1264.4
2024-08-02 10:00:00,FLAT,474513138.41577643,474513138.41577643,0.0,0.0,1266.1
2024-08-02 10:15:00,FLAT,474513138.41577643,474513138.41577643,0.0,0.0,1265.8
2024-08-02 10:30:00,FLAT,474513138.41577643,474513138.41577643,0.0,0.0,1263.9
2024-08-02 10:45:00,FLAT,474513138.41577643,474513138.41577643,0.0,0.0,1261.5
2024-08-02 11:00:00,FLAT,474513138.41577643,474513138.41577643,0.0,0.0,1259.6
2024-08-02 11:15:00,SHORT,474324088.69145054,472255584.1974027,-2068504.4940478292,0.0,1262.4
2024-08-02 13:00:00,SHORT,474324088.69145054,472855584.19740283,-1468504.4940476927,0.0,1261.8
2024-08-02 13:15:00,FLAT,471066074.1974027,471066074.1974027,0.0,0.0,1260.3
2024-08-02 13:30:00,FLAT,471066074.1974027,471066074.1974027,0.0,0.0,1259.4
2024-08-02 13:45:00,FLAT,471066074.1974027,471066074.1974027,0.0,0.0,1263.5
2024-08-02 14:00:00,FLAT,471066074.1974027,471066074.1974027,0.0,0.0,1271.2
2024-08-02 14:15:00,FLAT,471066074.1974027,471066074.1974027,0.0,0.0,1276.3
2024-08-02 14:30:00,FLAT,471066074.1974027,471066074.1974027,0.0,0.0,1276.0
2024-08-05 09:00:00,FLAT,471066074.1974027,471066074.1974027,0.0,0.0,1255.9
2024-08-05 09:15:00,FLAT,471066074.1974027,471066074.1974027,0.0,0.0,1259.0
2024-08-05 09:30:00,FLAT,471066074.1974027,471066074.1974027,0.0,0.0,1257.5
2024-08-05 09:45:00,FLAT,471066074.1974027,471066074.1974027,0.0,0.0,1256.8
2024-08-05 10:00:00,FLAT,471066074.1974027,471066074.1974027,0.0,0.0,1259.2
2024-08-05 10:15:00,FLAT,471066074.1974027,471066074.1974027,0.0,0.0,1261.0
2024-08-05 10:30:00,FLAT,471066074.1974027,471066074.1974027,0.0,0.0,1259.6
2024-08-05 10:45:00,FLAT,471066074.1974027,471066074.1974027,0.0,0.0,1256.3
2024-08-05 11:00:00,FLAT,471066074.1974027,471066074.1974027,0.0,0.0,1244.5
2024-08-05 11:15:00,FLAT,466960533.36998135,466960533.36998135,0.0,0.0,1252.5
2024-08-05 13:00:00,FLAT,466960533.36998135,466960533.36998135,0.0,0.0,1240.0
2024-08-05 13:15:00,FLAT,466960533.36998135,466960533.36998135,0.0,0.0,1242.6
2024-08-05 13:30:00,FLAT,466960533.36998135,466960533.36998135,0.0,0.0,1239.0
2024-08-05 13:45:00,FLAT,466960533.36998135,466960533.36998135,0.0,0.0,1240.6
2024-08-05 14:00:00,FLAT,466960533.36998135,466960533.36998135,0.0,0.0,1237.5
2024-08-05 14:15:00,FLAT,466960533.36998135,466960533.36998135,0.0,0.0,1232.4
2024-08-05 14:30:00,FLAT,466960533.36998135,466960533.36998135,0.0,0.0,1233.9
2024-08-06 09:00:00,FLAT,466960533.36998135,466960533.36998135,0.0,0.0,1246.6
2024-08-06 09:15:00,FLAT,466960533.36998135,466960533.36998135,0.0,0.0,1244.5
2024-08-06 09:30:00,FLAT,466960533.36998135,466960533.36998135,0.0,0.0,1242.0
2024-08-06 09:45:00,FLAT,466960533.36998135,466960533.36998135,0.0,0.0,1240.0
2024-08-06 10:00:00,FLAT,466960533.36998135,466960533.36998135,0.0,0.0,1238.7
2024-08-06 10:15:00,SHORT,466774603.9501617,463504069.41447455,-3270534.5356871476,0.0,1242.8
2024-08-06 10:30:00,FLAT,462117469.4144745,462117469.4144745,0.0,0.0,1242.8
2024-08-06 10:45:00,FLAT,462117469.4144745,462117469.4144745,0.0,0.0,1243.1
2024-08-06 11:00:00,FLAT,462117469.4144745,462117469.4144745,0.0,0.0,1244.5
2024-08-06 11:15:00,FLAT,462117469.4144745,462117469.4144745,0.0,0.0,1244.8
2024-08-06 13:00:00,FLAT,462117469.4144745,462117469.4144745,0.0,0.0,1248.9
2024-08-06 13:15:00,FLAT,462117469.4144745,462117469.4144745,0.0,0.0,1248.8
2024-08-06 13:30:00,FLAT,462117469.4144745,462117469.4144745,0.0,0.0,1251.4
2024-08-06 13:45:00,FLAT,462117469.4144745,462117469.4144745,0.0,0.0,1250.8
2024-08-06 14:00:00,FLAT,462117469.4144745,462117469.4144745,0.0,0.0,1252.5
2024-08-06 14:15:00,FLAT,462117469.4144745,462117469.4144745,0.0,0.0,1252.8
2024-08-06 14:30:00,FLAT,462117469.4144745,462117469.4144745,0.0,0.0,1252.4
2024-08-07 09:00:00,FLAT,462117469.4144745,462117469.4144745,0.0,0.0,1254.0
2024-08-07 09:15:00,FLAT,462117469.4144745,462117469.4144745,0.0,0.0,1253.5
2024-08-07 09:30:00,FLAT,462117469.4144745,462117469.4144745,0.0,0.0,1253.0
2024-08-07 09:45:00,FLAT,462117469.4144745,462117469.4144745,0.0,0.0,1250.8
2024-08-07 10:00:00,FLAT,462117469.4144745,462117469.4144745,0.0,0.0,1250.0
2024-08-07 10:15:00,FLAT,462117469.4144745,462117469.4144745,0.0,0.0,1248.3
2024-08-07 10:30:00,FLAT,462117469.4144745,462117469.4144745,0.0,0.0,1249.8
2024-08-07 10:45:00,FLAT,462117469.4144745,462117469.4144745,0.0,0.0,1248.9
2024-08-07 11:00:00,FLAT,462117469.4144745,462117469.4144745,0.0,0.0,1247.0
2024-08-07 11:15:00,SHORT,461930419.90294,461827163.4665154,-103256.43642454452,0.0,1247.1
2024-08-07 13:00:00,SHORT,461930419.90294,459127163.46651536,-2803256.43642459,0.0,1249.8
2024-08-07 13:15:00,SHORT,461930419.90294,458827163.4665154,-3103256.4364245445,0.0,1250.1
2024-08-07 13:30:00,FLAT,458139573.4665154,458139573.4665154,0.0,0.0,1251.3
2024-08-07 13:45:00,FLAT,458139573.4665154,458139573.4665154,0.0,0.0,1249.1
2024-08-07 14:00:00,FLAT,458139573.4665154,458139573.4665154,0.0,0.0,1252.8
2024-08-07 14:15:00,FLAT,458139573.4665154,458139573.4665154,0.0,0.0,1250.6
2024-08-07 14:30:00,FLAT,458139573.4665154,458139573.4665154,0.0,0.0,1253.0
2024-08-08 09:00:00,FLAT,458139573.4665154,458139573.4665154,0.0,0.0,1245.2
2024-08-08 09:15:00,FLAT,458139573.4665154,458139573.4665154,0.0,0.0,1246.3
2024-08-08 09:30:00,FLAT,458139573.4665154,458139573.4665154,0.0,0.0,1245.9
2024-08-08 09:45:00,FLAT,458139573.4665154,458139573.4665154,0.0,0.0,1242.6
2024-08-08 10:00:00,FLAT,458139573.4665154,458139573.4665154,0.0,0.0,1244.4
2024-08-08 10:15:00,FLAT,458139573.4665154,458139573.4665154,0.0,0.0,1245.5
2024-08-08 10:30:00,FLAT,458139573.4665154,458139573.4665154,0.0,0.0,1245.3
2024-08-08 10:45:00,FLAT,458139573.4665154,458139573.4665154,0.0,0.0,1248.4
2024-08-08 11:00:00,FLAT,458139573.4665154,458139573.4665154,0.0,0.0,1249.4
2024-08-08 11:15:00,FLAT,458139573.4665154,458139573.4665154,0.0,0.0,1249.3
2024-08-08 13:00:00,FLAT,458139573.4665154,458139573.4665154,0.0,0.0,1247.1
2024-08-08 13:15:00,FLAT,458139573.4665154,458139573.4665154,0.0,0.0,1246.7
2024-08-08 13:30:00,FLAT,458139573.4665154,458139573.4665154,0.0,0.0,1243.1
2024-08-08 13:45:00,SHORT,457953022.82343495,459823976.69323486,1870953.869799905,0.0,1241.8
2024-08-08 14:00:00,SHORT,457953022.82343495,459823976.69323486,1870953.869799905,0.0,1241.8
2024-08-08 14:15:00,FLAT,459037616.69323474,459037616.69323474,0.0,0.0,1241.9
2024-08-08 14:30:00,FLAT,459037616.69323474,459037616.69323474,0.0,0.0,1239.2
2024-08-09 09:00:00,FLAT,459037616.69323474,459037616.69323474,0.0,0.0,1251.0
2024-08-09 09:15:00,FLAT,459037616.69323474,459037616.69323474,0.0,0.0,1249.1
2024-08-09 09:30:00,FLAT,459037616.69323474,459037616.69323474,0.0,0.0,1250.6
2024-08-09 09:45:00,FLAT,459037616.69323474,459037616.69323474,0.0,0.0,1252.6
2024-08-09 10:00:00,FLAT,459037616.69323474,459037616.69323474,0.0,0.0,1252.7
2024-08-09 10:15:00,FLAT,459037616.69323474,459037616.69323474,0.0,0.0,1252.4
2024-08-09 10:30:00,FLAT,459037616.69323474,459037616.69323474,0.0,0.0,1252.8
2024-08-09 10:45:00,FLAT,459037616.69323474,459037616.69323474,0.0,0.0,1250.4
2024-08-09 11:00:00,FLAT,459037616.69323474,459037616.69323474,0.0,0.0,1250.9
2024-08-09 11:15:00,FLAT,459037616.69323474,459037616.69323474,0.0,0.0,1250.9
2024-08-09 13:00:00,FLAT,459037616.69323474,459037616.69323474,0.0,0.0,1252.2
2024-08-09 13:15:00,FLAT,459037616.69323474,459037616.69323474,0.0,0.0,1255.8
2024-08-09 13:30:00,FLAT,459037616.69323474,459037616.69323474,0.0,0.0,1255.4
2024-08-09 13:45:00,FLAT,459037616.69323474,459037616.69323474,0.0,0.0,1261.6
2024-08-09 14:00:00,FLAT,459037616.69323474,459037616.69323474,0.0,0.0,1264.8
2024-08-09 14:15:00,FLAT,459037616.69323474,459037616.69323474,0.0,0.0,1263.4
2024-08-09 14:30:00,FLAT,459037616.69323474,459037616.69323474,0.0,0.0,1264.3
2024-08-12 09:00:00,FLAT,459037616.69323474,459037616.69323474,0.0,0.0,1260.9
2024-08-12 09:15:00,FLAT,459037616.69323474,459037616.69323474,0.0,0.0,1262.4
2024-08-12 09:30:00,FLAT,459037616.69323474,459037616.69323474,0.0,0.0,1263.2
2024-08-12 09:45:00,FLAT,459037616.69323474,459037616.69323474,0.0,0.0,1260.0
2024-08-12 10:00:00,FLAT,459037616.69323474,459037616.69323474,0.0,0.0,1262.0
2024-08-12 10:15:00,FLAT,459037616.69323474,459037616.69323474,0.0,0.0,1261.5
2024-08-12 10:30:00,FLAT,459037616.69323474,459037616.69323474,0.0,0.0,1263.1
2024-08-12 10:45:00,FLAT,459037616.69323474,459037616.69323474,0.0,0.0,1263.5
2024-08-12 11:00:00,FLAT,459037616.69323474,459037616.69323474,0.0,0.0,1264.7
2024-08-12 11:15:00,FLAT,459037616.69323474,459037616.69323474,0.0,0.0,1265.4
2024-08-12 13:00:00,FLAT,459037616.69323474,459037616.69323474,0.0,0.0,1262.9
2024-08-12 13:15:00,FLAT,459037616.69323474,459037616.69323474,0.0,0.0,1261.6
2024-08-12 13:30:00,FLAT,459037616.69323474,459037616.69323474,0.0,0.0,1260.8
2024-08-12 13:45:00,FLAT,459037616.69323474,459037616.69323474,0.0,0.0,1264.6
2024-08-12 14:00:00,FLAT,459037616.69323474,459037616.69323474,0.0,0.0,1268.8
2024-08-12 14:15:00,FLAT,458698159.1763339,458698159.1763339,0.0,0.0,1269.3
2024-08-12 14:30:00,FLAT,458698159.1763339,458698159.1763339,0.0,0.0,1270.0
2024-08-13 09:00:00,FLAT,458698159.1763339,458698159.1763339,0.0,0.0,1267.0
2024-08-13 09:15:00,FLAT,458698159.1763339,458698159.1763339,0.0,0.0,1267.6
2024-08-13 09:30:00,FLAT,458698159.1763339,458698159.1763339,0.0,0.0,1267.6
2024-08-13 09:45:00,FLAT,458698159.1763339,458698159.1763339,0.0,0.0,1268.7
2024-08-13 10:00:00,FLAT,458698159.1763339,458698159.1763339,0.0,0.0,1267.6
2024-08-13 10:15:00,FLAT,458698159.1763339,458698159.1763339,0.0,0.0,1268.7
2024-08-13 10:30:00,FLAT,458698159.1763339,458698159.1763339,0.0,0.0,1267.0
2024-08-13 10:45:00,FLAT,458698159.1763339,458698159.1763339,0.0,0.0,1266.2
2024-08-13 11:00:00,FLAT,458698159.1763339,458698159.1763339,0.0,0.0,1266.5
2024-08-13 11:15:00,FLAT,458698159.1763339,458698159.1763339,0.0,0.0,1265.6
2024-08-13 13:00:00,FLAT,458698159.1763339,458698159.1763339,0.0,0.0,1266.5
2024-08-13 13:15:00,FLAT,458698159.1763339,458698159.1763339,0.0,0.0,1268.7
2024-08-13 13:30:00,FLAT,458698159.1763339,458698159.1763339,0.0,0.0,1268.7
2024-08-13 13:45:00,FLAT,458698159.1763339,458698159.1763339,0.0,0.0,1266.8
2024-08-13 14:00:00,FLAT,458698159.1763339,458698159.1763339,0.0,0.0,1264.2
2024-08-13 14:15:00,FLAT,458698159.1763339,458698159.1763339,0.0,0.0,1268.1
2024-08-13 14:30:00,FLAT,458698159.1763339,458698159.1763339,0.0,0.0,1266.5
2024-08-14 09:00:00,FLAT,458698159.1763339,458698159.1763339,0.0,0.0,1270.9
2024-08-14 09:15:00,FLAT,458698159.1763339,458698159.1763339,0.0,0.0,1271.5
2024-08-14 09:30:00,FLAT,458698159.1763339,458698159.1763339,0.0,0.0,1272.2
2024-08-14 09:45:00,FLAT,458698159.1763339,458698159.1763339,0.0,0.0,1271.0
2024-08-14 10:00:00,FLAT,458698159.1763339,458698159.1763339,0.0,0.0,1271.4
2024-08-14 10:15:00,FLAT,458698159.1763339,458698159.1763339,0.0,0.0,1271.4
2024-08-14 10:30:00,FLAT,458698159.1763339,458698159.1763339,0.0,0.0,1269.6
2024-08-14 10:45:00,FLAT,458698159.1763339,458698159.1763339,0.0,0.0,1270.3
2024-08-14 11:00:00,FLAT,458698159.1763339,458698159.1763339,0.0,0.0,1269.7
2024-08-14 11:15:00,FLAT,458698159.1763339,458698159.1763339,0.0,0.0,1270.3
2024-08-14 13:00:00,FLAT,458698159.1763339,458698159.1763339,0.0,0.0,1270.7
2024-08-14 13:15:00,FLAT,458698159.1763339,458698159.1763339,0.0,0.0,1272.1
2024-08-14 13:30:00,FLAT,458698159.1763339,458698159.1763339,0.0,0.0,1269.1
2024-08-14 13:45:00,FLAT,458698159.1763339,458698159.1763339,0.0,0.0,1271.5
2024-08-14 14:00:00,FLAT,458698159.1763339,458698159.1763339,0.0,0.0,1269.1
2024-08-14 14:15:00,FLAT,458698159.1763339,458698159.1763339,0.0,0.0,1271.8
2024-08-14 14:30:00,FLAT,458698159.1763339,458698159.1763339,0.0,0.0,1272.0
2024-08-15 09:00:00,FLAT,458698159.1763339,458698159.1763339,0.0,0.0,1268.9
2024-08-15 09:15:00,FLAT,458698159.1763339,458698159.1763339,0.0,0.0,1268.3
2024-08-15 09:30:00,FLAT,458698159.1763339,458698159.1763339,0.0,0.0,1268.8
2024-08-15 09:45:00,FLAT,458698159.1763339,458698159.1763339,0.0,0.0,1268.9
2024-08-15 10:00:00,FLAT,458698159.1763339,458698159.1763339,0.0,0.0,1268.1
2024-08-15 10:15:00,FLAT,458698159.1763339,458698159.1763339,0.0,0.0,1267.9
2024-08-15 10:30:00,FLAT,458698159.1763339,458698159.1763339,0.0,0.0,1268.2
2024-08-15 10:45:00,FLAT,458698159.1763339,458698159.1763339,0.0,0.0,1267.6
2024-08-15 11:00:00,FLAT,458698159.1763339,458698159.1763339,0.0,0.0,1268.3
2024-08-15 11:15:00,FLAT,458698159.1763339,458698159.1763339,0.0,0.0,1267.9
2024-08-15 13:00:00,FLAT,458698159.1763339,458698159.1763339,0.0,0.0,1267.7
2024-08-15 13:15:00,FLAT,458698159.1763339,458698159.1763339,0.0,0.0,1269.0
2024-08-15 13:30:00,FLAT,458698159.1763339,458698159.1763339,0.0,0.0,1268.5
2024-08-15 13:45:00,FLAT,458698159.1763339,458698159.1763339,0.0,0.0,1267.3
2024-08-15 14:00:00,FLAT,458698159.1763339,458698159.1763339,0.0,0.0,1264.4
2024-08-15 14:15:00,FLAT,458698159.1763339,458698159.1763339,0.0,0.0,1268.2
2024-08-15 14:30:00,FLAT,458698159.1763339,458698159.1763339,0.0,0.0,1268.6
2024-08-16 09:00:00,FLAT,458698159.1763339,458698159.1763339,0.0,0.0,1269.8
2024-08-16 09:15:00,FLAT,458698159.1763339,458698159.1763339,0.0,0.0,1269.1
2024-08-16 09:30:00,FLAT,458698159.1763339,458698159.1763339,0.0,0.0,1269.9
2024-08-16 09:45:00,FLAT,458698159.1763339,458698159.1763339,0.0,0.0,1270.2
2024-08-16 10:00:00,FLAT,458698159.1763339,458698159.1763339,0.0,0.0,1272.6
2024-08-16 10:15:00,FLAT,458698159.1763339,458698159.1763339,0.0,0.0,1276.7
2024-08-16 10:30:00,FLAT,458698159.1763339,458698159.1763339,0.0,0.0,1276.3
2024-08-16 10:45:00,FLAT,458698159.1763339,458698159.1763339,0.0,0.0,1279.4
2024-08-16 11:00:00,FLAT,458698159.1763339,458698159.1763339,0.0,0.0,1279.6
2024-08-16 11:15:00,FLAT,458698159.1763339,458698159.1763339,0.0,0.0,1279.0
2024-08-16 13:00:00,FLAT,458698159.1763339,458698159.1763339,0.0,0.0,1282.5
2024-08-16 13:15:00,FLAT,458698159.1763339,458698159.1763339,0.0,0.0,1284.0
2024-08-16 13:30:00,FLAT,458698159.1763339,458698159.1763339,0.0,0.0,1286.3
2024-08-16 13:45:00,FLAT,458698159.1763339,458698159.1763339,0.0,0.0,1287.2
2024-08-16 14:00:00,FLAT,458698159.1763339,458698159.1763339,0.0,0.0,1287.0
2024-08-16 14:15:00,FLAT,458698159.1763339,458698159.1763339,0.0,0.0,1289.0
2024-08-16 14:30:00,FLAT,458698159.1763339,458698159.1763339,0.0,0.0,1288.0
2024-08-19 09:00:00,FLAT,458698159.1763339,458698159.1763339,0.0,0.0,1291.3
2024-08-19 09:15:00,FLAT,458698159.1763339,458698159.1763339,0.0,0.0,1290.9
2024-08-19 09:30:00,FLAT,458698159.1763339,458698159.1763339,0.0,0.0,1293.7
2024-08-19 09:45:00,LONG,458504078.8956005,459535540.6727926,1031461.7771921349,0.0,1294.9
2024-08-19 10:00:00,LONG,458504078.8956005,460635540.67279255,2131461.777192044,0.0,1296.0
2024-08-19 10:15:00,LONG,458504078.8956005,460235540.67279243,1731461.777191953,0.0,1295.6
2024-08-19 10:30:00,LONG,458504078.8956005,460635540.67279255,2131461.777192044,0.0,1296.0
2024-08-19 10:45:00,LONG,458504078.8956005,461835540.6727926,3331461.7771920892,0.0,1297.2
2024-08-19 11:00:00,LONG,458504078.8956005,462035540.6727926,3531461.777192135,0.0,1297.4
2024-08-19 11:15:00,LONG,458504078.8956005,461035540.6727926,2531461.777192135,0.0,1296.4
2024-08-19 13:00:00,LONG,458504078.8956005,459635540.67279255,1131461.7771920438,0.0,1295.0
2024-08-19 13:15:00,LONG,458504078.8956005,459735540.67279243,1231461.777191953,0.0,1295.1
2024-08-19 13:30:00,LONG,458504078.8956005,461235540.67279243,2731461.777191953,0.0,1296.6
2024-08-19 13:45:00,LONG,458504078.8956005,463935540.6727925,5431461.777191998,0.0,1299.3
2024-08-19 14:00:00,LONG,458504078.8956005,462735540.67279243,4231461.777191953,0.0,1298.1
2024-08-19 14:15:00,FLAT,462140885.6727926,462140885.6727926,0.0,0.0,1298.2
2024-08-19 14:30:00,FLAT,462140885.6727926,462140885.6727926,0.0,0.0,1299.6
2024-08-20 09:00:00,FLAT,462140885.6727926,462140885.6727926,0.0,0.0,1298.4
2024-08-20 09:15:00,FLAT,462140885.6727926,462140885.6727926,0.0,0.0,1299.6
2024-08-20 09:30:00,FLAT,462140885.6727926,462140885.6727926,0.0,0.0,1303.1
2024-08-20 09:45:00,FLAT,462140885.6727926,462140885.6727926,0.0,0.0,1303.9
2024-08-20 10:00:00,LONG,461945307.2409934,460689095.24591553,-1256211.9950778196,0.0,1302.6
2024-08-20 10:15:00,LONG,461945307.2409934,460789095.2459157,-1156211.9950776831,0.0,1302.7
2024-08-20 10:30:00,FLAT,459493855.24591553,459493855.24591553,0.0,0.0,1302.1
2024-08-20 10:45:00,FLAT,459493855.24591553,459493855.24591553,0.0,0.0,1301.3
2024-08-20 11:00:00,FLAT,459493855.24591553,459493855.24591553,0.0,0.0,1301.3
2024-08-20 11:15:00,FLAT,459493855.24591553,459493855.24591553,0.0,0.0,1301.4
2024-08-20 13:00:00,FLAT,459493855.24591553,459493855.24591553,0.0,0.0,1304.7
2024-08-20 13:15:00,FLAT,459493855.24591553,459493855.24591553,0.0,0.0,1305.9
2024-08-20 13:30:00,FLAT,459493855.24591553,459493855.24591553,0.0,0.0,1305.3
2024-08-20 13:45:00,FLAT,459493855.24591553,459493855.24591553,0.0,0.0,1307.2
2024-08-20 14:00:00,FLAT,456930917.4838856,456930917.4838856,0.0,0.0,1305.3
2024-08-20 14:15:00,FLAT,456930917.4838856,456930917.4838856,0.0,0.0,1302.6
2024-08-20 14:30:00,FLAT,456930917.4838856,456930917.4838856,0.0,0.0,1302.4
2024-08-21 09:00:00,FLAT,456930917.4838856,456930917.4838856,0.0,0.0,1299.7
2024-08-21 09:15:00,FLAT,456930917.4838856,456930917.4838856,0.0,0.0,1301.5
2024-08-21 09:30:00,FLAT,456930917.4838856,456930917.4838856,0.0,0.0,1301.0
2024-08-21 09:45:00,FLAT,456930917.4838856,456930917.4838856,0.0,0.0,1301.0
2024-08-21 10:00:00,FLAT,456930917.4838856,456930917.4838856,0.0,0.0,1301.4
2024-08-21 10:15:00,FLAT,456930917.4838856,456930917.4838856,0.0,0.0,1299.6
2024-08-21 10:30:00,FLAT,456930917.4838856,456930917.4838856,0.0,0.0,1298.9
2024-08-21 10:45:00,FLAT,456930917.4838856,456930917.4838856,0.0,0.0,1298.8
2024-08-21 11:00:00,FLAT,456930917.4838856,456930917.4838856,0.0,0.0,1299.4
2024-08-21 11:15:00,FLAT,456930917.4838856,456930917.4838856,0.0,0.0,1300.5
2024-08-21 13:00:00,FLAT,456930917.4838856,456930917.4838856,0.0,0.0,1305.2
2024-08-21 13:15:00,FLAT,456930917.4838856,456930917.4838856,0.0,0.0,1305.5
2024-08-21 13:30:00,FLAT,456930917.4838856,456930917.4838856,0.0,0.0,1307.2
2024-08-21 13:45:00,LONG,456734795.86121696,456557311.403561,-177484.45765596442,0.0,1307.3
2024-08-21 14:00:00,LONG,456734795.86121696,456857311.40356094,122515.54234399009,0.0,1307.6
2024-08-21 14:15:00,FLAT,462160346.40356094,462160346.40356094,0.0,0.0,1313.6
2024-08-21 14:30:00,FLAT,462160346.40356094,462160346.40356094,0.0,0.0,1313.5
2024-08-22 09:00:00,FLAT,462160346.40356094,462160346.40356094,0.0,0.0,1316.0
2024-08-22 09:15:00,FLAT,462160346.40356094,462160346.40356094,0.0,0.0,1314.7
2024-08-22 09:30:00,FLAT,462160346.40356094,462160346.40356094,0.0,0.0,1313.9
2024-08-22 09:45:00,FLAT,462160346.40356094,462160346.40356094,0.0,0.0,1311.7
2024-08-22 10:00:00,FLAT,462160346.40356094,462160346.40356094,0.0,0.0,1312.8
2024-08-22 10:15:00,FLAT,462160346.40356094,462160346.40356094,0.0,0.0,1312.4
2024-08-22 10:30:00,FLAT,462160346.40356094,462160346.40356094,0.0,0.0,1312.0
2024-08-22 10:45:00,FLAT,462160346.40356094,462160346.40356094,0.0,0.0,1314.5
2024-08-22 11:00:00,FLAT,462160346.40356094,462160346.40356094,0.0,0.0,1314.5
2024-08-22 11:15:00,FLAT,462160346.40356094,462160346.40356094,0.0,0.0,1314.0
2024-08-22 13:00:00,FLAT,462160346.40356094,462160346.40356094,0.0,0.0,1312.6
2024-08-22 13:15:00,FLAT,462160346.40356094,462160346.40356094,0.0,0.0,1313.1
2024-08-22 13:30:00,FLAT,462160346.40356094,462160346.40356094,0.0,0.0,1313.3
2024-08-22 13:45:00,FLAT,462160346.40356094,462160346.40356094,0.0,0.0,1313.9
2024-08-22 14:00:00,FLAT,462160346.40356094,462160346.40356094,0.0,0.0,1312.7
2024-08-22 14:15:00,FLAT,462160346.40356094,462160346.40356094,0.0,0.0,1313.5
2024-08-22 14:30:00,FLAT,462160346.40356094,462160346.40356094,0.0,0.0,1315.0
2024-08-23 09:00:00,FLAT,462160346.40356094,462160346.40356094,0.0,0.0,1312.0
2024-08-23 09:15:00,FLAT,462160346.40356094,462160346.40356094,0.0,0.0,1313.2
2024-08-23 09:30:00,FLAT,462160346.40356094,462160346.40356094,0.0,0.0,1312.5
2024-08-23 09:45:00,FLAT,462160346.40356094,462160346.40356094,0.0,0.0,1311.8
2024-08-23 10:00:00,FLAT,462160346.40356094,462160346.40356094,0.0,0.0,1311.6
2024-08-23 10:15:00,FLAT,462160346.40356094,462160346.40356094,0.0,0.0,1312.8
2024-08-23 10:30:00,FLAT,462160346.40356094,462160346.40356094,0.0,0.0,1311.9
2024-08-23 10:45:00,FLAT,462160346.40356094,462160346.40356094,0.0,0.0,1312.3
2024-08-23 11:00:00,FLAT,462160346.40356094,462160346.40356094,0.0,0.0,1311.6
2024-08-23 11:15:00,FLAT,462160346.40356094,462160346.40356094,0.0,0.0,1310.9
2024-08-23 13:00:00,FLAT,462160346.40356094,462160346.40356094,0.0,0.0,1313.3
2024-08-23 13:15:00,FLAT,462160346.40356094,462160346.40356094,0.0,0.0,1314.5
2024-08-23 13:30:00,FLAT,462160346.40356094,462160346.40356094,0.0,0.0,1315.0
2024-08-23 13:45:00,FLAT,462160346.40356094,462160346.40356094,0.0,0.0,1315.5
2024-08-23 14:00:00,LONG,461963014.7336401,462318548.5944447,355533.8608045986,0.0,1315.9
2024-08-23 14:15:00,FLAT,463220998.5944446,463220998.5944446,0.0,0.0,1317.5
2024-08-23 14:30:00,FLAT,463220998.5944446,463220998.5944446,0.0,0.0,1318.0
2024-08-26 09:00:00,FLAT,463220998.5944446,463220998.5944446,0.0,0.0,1320.5
2024-08-26 09:15:00,FLAT,463220998.5944446,463220998.5944446,0.0,0.0,1319.6
2024-08-26 09:30:00,FLAT,463220998.5944446,463220998.5944446,0.0,0.0,1320.3
2024-08-26 09:45:00,FLAT,463220998.5944446,463220998.5944446,0.0,0.0,1320.0
2024-08-26 10:00:00,FLAT,463220998.5944446,463220998.5944446,0.0,0.0,1319.4
2024-08-26 10:15:00,FLAT,463220998.5944446,463220998.5944446,0.0,0.0,1319.5
2024-08-26 10:30:00,FLAT,463220998.5944446,463220998.5944446,0.0,0.0,1320.0
2024-08-26 10:45:00,FLAT,463220998.5944446,463220998.5944446,0.0,0.0,1320.0
2024-08-26 11:00:00,FLAT,463220998.5944446,463220998.5944446,0.0,0.0,1319.9
2024-08-26 11:15:00,FLAT,463220998.5944446,463220998.5944446,0.0,0.0,1320.6
2024-08-26 13:00:00,FLAT,463220998.5944446,463220998.5944446,0.0,0.0,1322.6
2024-08-26 13:15:00,FLAT,463220998.5944446,463220998.5944446,0.0,0.0,1321.0
2024-08-26 13:30:00,FLAT,463220998.5944446,463220998.5944446,0.0,0.0,1320.8
2024-08-26 13:45:00,FLAT,463220998.5944446,463220998.5944446,0.0,0.0,1321.3
2024-08-26 14:00:00,FLAT,463220998.5944446,463220998.5944446,0.0,0.0,1316.8
2024-08-26 14:15:00,FLAT,463341165.5201522,463341165.5201522,0.0,0.0,1317.1
2024-08-26 14:30:00,FLAT,463341165.5201522,463341165.5201522,0.0,0.0,1318.9
2024-08-27 09:00:00,FLAT,463341165.5201522,463341165.5201522,0.0,0.0,1316.2
2024-08-27 09:15:00,FLAT,463341165.5201522,463341165.5201522,0.0,0.0,1316.6
2024-08-27 09:30:00,FLAT,463341165.5201522,463341165.5201522,0.0,0.0,1317.9
2024-08-27 09:45:00,FLAT,463341165.5201522,463341165.5201522,0.0,0.0,1317.1
2024-08-27 10:00:00,FLAT,463341165.5201522,463341165.5201522,0.0,0.0,1319.1
2024-08-27 10:15:00,FLAT,463341165.5201522,463341165.5201522,0.0,0.0,1318.7
2024-08-27 10:30:00,FLAT,463341165.5201522,463341165.5201522,0.0,0.0,1317.4
2024-08-27 10:45:00,FLAT,463341165.5201522,463341165.5201522,0.0,0.0,1317.1
2024-08-27 11:00:00,FLAT,463341165.5201522,463341165.5201522,0.0,0.0,1315.6
2024-08-27 11:15:00,FLAT,463341165.5201522,463341165.5201522,0.0,0.0,1316.7
2024-08-27 13:00:00,FLAT,463341165.5201522,463341165.5201522,0.0,0.0,1317.4
2024-08-27 13:15:00,FLAT,463341165.5201522,463341165.5201522,0.0,0.0,1317.4
2024-08-27 13:30:00,FLAT,463341165.5201522,463341165.5201522,0.0,0.0,1318.0
2024-08-27 13:45:00,FLAT,463341165.5201522,463341165.5201522,0.0,0.0,1319.0
2024-08-27 14:00:00,FLAT,463341165.5201522,463341165.5201522,0.0,0.0,1319.6
2024-08-27 14:15:00,FLAT,463341165.5201522,463341165.5201522,0.0,0.0,1322.5
2024-08-27 14:30:00,FLAT,463341165.5201522,463341165.5201522,0.0,0.0,1323.4
2024-08-28 09:00:00,FLAT,463341165.5201522,463341165.5201522,0.0,0.0,1322.1
2024-08-28 09:15:00,FLAT,463341165.5201522,463341165.5201522,0.0,0.0,1323.1
2024-08-28 09:30:00,FLAT,463341165.5201522,463341165.5201522,0.0,0.0,1322.8
2024-08-28 09:45:00,FLAT,463341165.5201522,463341165.5201522,0.0,0.0,1322.4
2024-08-28 10:00:00,FLAT,463341165.5201522,463341165.5201522,0.0,0.0,1321.5
2024-08-28 10:15:00,FLAT,463341165.5201522,463341165.5201522,0.0,0.0,1322.1
2024-08-28 10:30:00,FLAT,463341165.5201522,463341165.5201522,0.0,0.0,1322.8
2024-08-28 10:45:00,FLAT,463341165.5201522,463341165.5201522,0.0,0.0,1324.1
2024-08-28 11:00:00,FLAT,463341165.5201522,463341165.5201522,0.0,0.0,1319.8
2024-08-28 11:15:00,FLAT,463341165.5201522,463341165.5201522,0.0,0.0,1318.4
2024-08-28 13:00:00,FLAT,463341165.5201522,463341165.5201522,0.0,0.0,1320.2
2024-08-28 13:15:00,FLAT,463341165.5201522,463341165.5201522,0.0,0.0,1321.6
2024-08-28 13:30:00,FLAT,463341165.5201522,463341165.5201522,0.0,0.0,1321.5
2024-08-28 13:45:00,FLAT,463341165.5201522,463341165.5201522,0.0,0.0,1319.9
2024-08-28 14:00:00,FLAT,463341165.5201522,463341165.5201522,0.0,0.0,1321.7
2024-08-28 14:15:00,FLAT,463341165.5201522,463341165.5201522,0.0,0.0,1323.3
2024-08-28 14:30:00,FLAT,463341165.5201522,463341165.5201522,0.0,0.0,1323.6
2024-08-29 09:00:00,FLAT,463341165.5201522,463341165.5201522,0.0,0.0,1321.2
2024-08-29 09:15:00,FLAT,463341165.5201522,463341165.5201522,0.0,0.0,1324.7
2024-08-29 09:30:00,FLAT,463341165.5201522,463341165.5201522,0.0,0.0,1328.2
2024-08-29 09:45:00,FLAT,463341165.5201522,463341165.5201522,0.0,0.0,1328.3
2024-08-29 10:00:00,FLAT,463341165.5201522,463341165.5201522,0.0,0.0,1327.0
2024-08-29 10:15:00,FLAT,463341165.5201522,463341165.5201522,0.0,0.0,1327.1
2024-08-29 10:30:00,FLAT,463341165.5201522,463341165.5201522,0.0,0.0,1327.2
2024-08-29 10:45:00,FLAT,463341165.5201522,463341165.5201522,0.0,0.0,1327.3
2024-08-29 11:00:00,FLAT,463341165.5201522,463341165.5201522,0.0,0.0,1328.9
2024-08-29 11:15:00,FLAT,463341165.5201522,463341165.5201522,0.0,0.0,1328.0
2024-08-29 13:00:00,FLAT,463341165.5201522,463341165.5201522,0.0,0.0,1328.7
2024-08-29 13:15:00,FLAT,463341165.5201522,463341165.5201522,0.0,0.0,1327.4
2024-08-29 13:30:00,FLAT,463341165.5201522,463341165.5201522,0.0,0.0,1326.3
2024-08-29 13:45:00,FLAT,463341165.5201522,463341165.5201522,0.0,0.0,1326.5
2024-08-29 14:00:00,FLAT,463341165.5201522,463341165.5201522,0.0,0.0,1327.5
2024-08-29 14:15:00,FLAT,463341165.5201522,463341165.5201522,0.0,0.0,1327.5
2024-08-29 14:30:00,FLAT,463341165.5201522,463341165.5201522,0.0,0.0,1326.7
2024-08-30 09:00:00,FLAT,463341165.5201522,463341165.5201522,0.0,0.0,1330.6
2024-08-30 09:15:00,FLAT,463341165.5201522,463341165.5201522,0.0,0.0,1330.7
2024-08-30 09:30:00,FLAT,463341165.5201522,463341165.5201522,0.0,0.0,1330.1
2024-08-30 09:45:00,FLAT,463341165.5201522,463341165.5201522,0.0,0.0,1329.5
2024-08-30 10:00:00,FLAT,463341165.5201522,463341165.5201522,0.0,0.0,1330.2
2024-08-30 10:15:00,FLAT,463341165.5201522,463341165.5201522,0.0,0.0,1330.5
2024-08-30 10:30:00,FLAT,463341165.5201522,463341165.5201522,0.0,0.0,1330.2
2024-08-30 10:45:00,FLAT,463341165.5201522,463341165.5201522,0.0,0.0,1329.6
2024-08-30 11:00:00,FLAT,463341165.5201522,463341165.5201522,0.0,0.0,1330.2
2024-08-30 11:15:00,FLAT,463341165.5201522,463341165.5201522,0.0,0.0,1330.6
2024-08-30 13:00:00,FLAT,463341165.5201522,463341165.5201522,0.0,0.0,1332.5
2024-08-30 13:15:00,FLAT,463341165.5201522,463341165.5201522,0.0,0.0,1333.1
2024-08-30 13:30:00,FLAT,463341165.5201522,463341165.5201522,0.0,0.0,1333.8
2024-08-30 13:45:00,FLAT,463341165.5201522,463341165.5201522,0.0,0.0,1333.4
2024-08-30 14:00:00,FLAT,463341165.5201522,463341165.5201522,0.0,0.0,1333.0
2024-08-30 14:15:00,FLAT,463341165.5201522,463341165.5201522,0.0,0.0,1332.3
2024-08-30 14:30:00,FLAT,463341165.5201522,463341165.5201522,0.0,0.0,1333.3
2024-09-04 09:00:00,FLAT,463341165.5201522,463341165.5201522,0.0,0.0,1312.3
2024-09-04 09:15:00,FLAT,463341165.5201522,463341165.5201522,0.0,0.0,1313.0
2024-09-04 09:30:00,FLAT,463341165.5201522,463341165.5201522,0.0,0.0,1313.3
2024-09-04 09:45:00,FLAT,463341165.5201522,463341165.5201522,0.0,0.0,1314.8
2024-09-04 10:00:00,FLAT,463341165.5201522,463341165.5201522,0.0,0.0,1313.9
2024-09-04 10:15:00,FLAT,463341165.5201522,463341165.5201522,0.0,0.0,1312.6
2024-09-04 10:30:00,FLAT,463341165.5201522,463341165.5201522,0.0,0.0,1312.6
2024-09-04 10:45:00,FLAT,463341165.5201522,463341165.5201522,0.0,0.0,1309.8
2024-09-04 11:00:00,FLAT,463341165.5201522,463341165.5201522,0.0,0.0,1310.6
2024-09-04 11:15:00,FLAT,463341165.5201522,463341165.5201522,0.0,0.0,1309.8
2024-09-04 13:00:00,FLAT,463341165.5201522,463341165.5201522,0.0,0.0,1310.4
2024-09-04 13:15:00,FLAT,463341165.5201522,463341165.5201522,0.0,0.0,1311.4
2024-09-04 13:30:00,FLAT,463341165.5201522,463341165.5201522,0.0,0.0,1310.2
2024-09-04 13:45:00,FLAT,463341165.5201522,463341165.5201522,0.0,0.0,1311.0
2024-09-04 14:00:00,FLAT,463341165.5201522,463341165.5201522,0.0,0.0,1313.2
2024-09-04 14:15:00,FLAT,462222775.43188727,462222775.43188727,0.0,0.0,1312.8
2024-09-04 14:30:00,FLAT,462222775.43188727,462222775.43188727,0.0,0.0,1313.0
2024-09-05 09:00:00,FLAT,462222775.43188727,462222775.43188727,0.0,0.0,1315.5
2024-09-05 09:15:00,FLAT,462222775.43188727,462222775.43188727,0.0,0.0,1315.4
2024-09-05 09:30:00,FLAT,462222775.43188727,462222775.43188727,0.0,0.0,1317.4
2024-09-05 09:45:00,FLAT,462222775.43188727,462222775.43188727,0.0,0.0,1317.6
2024-09-05 10:00:00,FLAT,462222775.43188727,462222775.43188727,0.0,0.0,1317.4
2024-09-05 10:15:00,FLAT,462222775.43188727,462222775.43188727,0.0,0.0,1317.3
2024-09-05 10:30:00,FLAT,462222775.43188727,462222775.43188727,0.0,0.0,1316.5
2024-09-05 10:45:00,FLAT,462222775.43188727,462222775.43188727,0.0,0.0,1314.3
2024-09-05 11:00:00,FLAT,462222775.43188727,462222775.43188727,0.0,0.0,1314.5
2024-09-05 11:15:00,FLAT,462222775.43188727,462222775.43188727,0.0,0.0,1314.2
2024-09-05 13:00:00,FLAT,462222775.43188727,462222775.43188727,0.0,0.0,1315.3
2024-09-05 13:15:00,FLAT,462222775.43188727,462222775.43188727,0.0,0.0,1313.6
2024-09-05 13:30:00,FLAT,462222775.43188727,462222775.43188727,0.0,0.0,1313.5
2024-09-05 13:45:00,FLAT,462222775.43188727,462222775.43188727,0.0,0.0,1311.0
2024-09-05 14:00:00,FLAT,462222775.43188727,462222775.43188727,0.0,0.0,1312.2
2024-09-05 14:15:00,FLAT,462222775.43188727,462222775.43188727,0.0,0.0,1307.0
2024-09-05 14:30:00,FLAT,462222775.43188727,462222775.43188727,0.0,0.0,1306.8
2024-09-06 09:00:00,FLAT,462222775.43188727,462222775.43188727,0.0,0.0,1307.6
2024-09-06 09:15:00,FLAT,462222775.43188727,462222775.43188727,0.0,0.0,1306.5
2024-09-06 09:30:00,FLAT,462222775.43188727,462222775.43188727,0.0,0.0,1308.3
2024-09-06 09:45:00,FLAT,462222775.43188727,462222775.43188727,0.0,0.0,1310.0
2024-09-06 10:00:00,FLAT,462222775.43188727,462222775.43188727,0.0,0.0,1309.9
2024-09-06 10:15:00,FLAT,462222775.43188727,462222775.43188727,0.0,0.0,1309.5
2024-09-06 10:30:00,FLAT,462222775.43188727,462222775.43188727,0.0,0.0,1307.9
2024-09-06 10:45:00,FLAT,462222775.43188727,462222775.43188727,0.0,0.0,1308.2
2024-09-06 11:00:00,FLAT,462222775.43188727,462222775.43188727,0.0,0.0,1307.0
2024-09-06 11:15:00,FLAT,462222775.43188727,462222775.43188727,0.0,0.0,1308.0
2024-09-06 13:00:00,FLAT,462222775.43188727,462222775.43188727,0.0,0.0,1307.0
2024-09-06 13:15:00,FLAT,462222775.43188727,462222775.43188727,0.0,0.0,1309.1
2024-09-06 13:30:00,FLAT,462222775.43188727,462222775.43188727,0.0,0.0,1309.6
2024-09-06 13:45:00,FLAT,462222775.43188727,462222775.43188727,0.0,0.0,1309.9
2024-09-06 14:00:00,FLAT,462222775.43188727,462222775.43188727,0.0,0.0,1310.0
2024-09-06 14:15:00,FLAT,462222775.43188727,462222775.43188727,0.0,0.0,1308.8
2024-09-06 14:30:00,FLAT,462222775.43188727,462222775.43188727,0.0,0.0,1309.5
2024-09-09 09:00:00,FLAT,462222775.43188727,462222775.43188727,0.0,0.0,1301.9
2024-09-09 09:15:00,FLAT,462222775.43188727,462222775.43188727,0.0,0.0,1302.3
2024-09-09 09:30:00,FLAT,462222775.43188727,462222775.43188727,0.0,0.0,1304.0
2024-09-09 09:45:00,FLAT,462222775.43188727,462222775.43188727,0.0,0.0,1302.8
2024-09-09 10:00:00,FLAT,462222775.43188727,462222775.43188727,0.0,0.0,1303.0
2024-09-09 10:15:00,FLAT,462222775.43188727,462222775.43188727,0.0,0.0,1302.1
2024-09-09 10:30:00,FLAT,462222775.43188727,462222775.43188727,0.0,0.0,1303.1
2024-09-09 10:45:00,FLAT,462222775.43188727,462222775.43188727,0.0,0.0,1303.0
2024-09-09 11:00:00,FLAT,462222775.43188727,462222775.43188727,0.0,0.0,1303.0
2024-09-09 11:15:00,FLAT,462222775.43188727,462222775.43188727,0.0,0.0,1303.8
2024-09-09 13:00:00,FLAT,462222775.43188727,462222775.43188727,0.0,0.0,1306.0
2024-09-09 13:15:00,FLAT,462222775.43188727,462222775.43188727,0.0,0.0,1305.8
2024-09-09 13:30:00,FLAT,462222775.43188727,462222775.43188727,0.0,0.0,1303.1
2024-09-09 13:45:00,FLAT,462222775.43188727,462222775.43188727,0.0,0.0,1303.2
2024-09-09 14:00:00,FLAT,462222775.43188727,462222775.43188727,0.0,0.0,1305.5
2024-09-09 14:15:00,FLAT,462222775.43188727,462222775.43188727,0.0,0.0,1306.9
2024-09-09 14:30:00,FLAT,462222775.43188727,462222775.43188727,0.0,0.0,1306.2
2024-09-10 09:00:00,FLAT,462222775.43188727,462222775.43188727,0.0,0.0,1312.4
2024-09-10 09:15:00,FLAT,462222775.43188727,462222775.43188727,0.0,0.0,1311.6
2024-09-10 09:30:00,FLAT,462222775.43188727,462222775.43188727,0.0,0.0,1310.8
2024-09-10 09:45:00,FLAT,462222775.43188727,462222775.43188727,0.0,0.0,1311.7
2024-09-10 10:00:00,FLAT,462222775.43188727,462222775.43188727,0.0,0.0,1310.7
2024-09-10 10:15:00,FLAT,462222775.43188727,462222775.43188727,0.0,0.0,1309.5
2024-09-10 10:30:00,FLAT,462222775.43188727,462222775.43188727,0.0,0.0,1308.7
2024-09-10 10:45:00,SHORT,462026524.0787973,462368878.0121999,342353.9334025918,0.0,1308.0
2024-09-10 11:00:00,SHORT,462026524.0787973,461468878.01219976,-557646.0665974992,0.0,1308.9
2024-09-10 11:15:00,SHORT,462026524.0787973,466068878.01219994,4042353.9334026375,0.0,1304.3
2024-09-10 13:00:00,SHORT,462026524.0787973,466768878.01219994,4742353.933402683,0.0,1303.6
2024-09-10 13:15:00,FLAT,469382829.19131476,469382829.19131476,0.0,0.0,1300.9
2024-09-10 13:30:00,FLAT,469382829.19131476,469382829.19131476,0.0,0.0,1297.0
2024-09-10 13:45:00,FLAT,469382829.19131476,469382829.19131476,0.0,0.0,1296.4
2024-09-10 14:00:00,FLAT,469382829.19131476,469382829.19131476,0.0,0.0,1293.9
2024-09-10 14:15:00,FLAT,469382829.19131476,469382829.19131476,0.0,0.0,1293.2
2024-09-10 14:30:00,FLAT,469382829.19131476,469382829.19131476,0.0,0.0,1293.2
2024-09-11 09:00:00,FLAT,469382829.19131476,469382829.19131476,0.0,0.0,1291.1
2024-09-11 09:15:00,FLAT,469382829.19131476,469382829.19131476,0.0,0.0,1290.6
2024-09-11 09:30:00,FLAT,469382829.19131476,469382829.19131476,0.0,0.0,1291.5
2024-09-11 09:45:00,FLAT,469382829.19131476,469382829.19131476,0.0,0.0,1291.9
2024-09-11 10:00:00,FLAT,469382829.19131476,469382829.19131476,0.0,0.0,1289.2
2024-09-11 10:15:00,FLAT,469382829.19131476,469382829.19131476,0.0,0.0,1288.6
2024-09-11 10:30:00,SHORT,469189589.18138456,469956322.0493047,766732.8679201546,0.0,1287.5
2024-09-11 10:45:00,FLAT,466562717.04930466,466562717.04930466,0.0,0.0,1290.8
2024-09-11 11:00:00,FLAT,466562717.04930466,466562717.04930466,0.0,0.0,1291.4
2024-09-11 11:15:00,FLAT,466562717.04930466,466562717.04930466,0.0,0.0,1291.0
2024-09-11 13:00:00,FLAT,466562717.04930466,466562717.04930466,0.0,0.0,1289.5
2024-09-11 13:15:00,FLAT,466562717.04930466,466562717.04930466,0.0,0.0,1291.8
2024-09-11 13:30:00,FLAT,466562717.04930466,466562717.04930466,0.0,0.0,1292.7
2024-09-11 13:45:00,FLAT,466562717.04930466,466562717.04930466,0.0,0.0,1294.3
2024-09-11 14:00:00,LONG,466368613.050484,468941954.2460638,2573341.1955798147,0.0,1296.6
2024-09-11 14:15:00,FLAT,464048169.246064,464048169.246064,0.0,0.0,1292.4
2024-09-11 14:30:00,FLAT,464048169.246064,464048169.246064,0.0,0.0,1293.1
2024-09-12 09:00:00,FLAT,464048169.246064,464048169.246064,0.0,0.0,1299.6
2024-09-12 09:15:00,FLAT,464048169.246064,464048169.246064,0.0,0.0,1298.4
2024-09-12 09:30:00,FLAT,464048169.246064,464048169.246064,0.0,0.0,1299.4
2024-09-12 09:45:00,FLAT,464048169.246064,464048169.246064,0.0,0.0,1299.2
2024-09-12 10:00:00,FLAT,464048169.246064,464048169.246064,0.0,0.0,1299.6
2024-09-12 10:15:00,FLAT,464048169.246064,464048169.246064,0.0,0.0,1298.9
2024-09-12 10:30:00,FLAT,464048169.246064,464048169.246064,0.0,0.0,1301.9
2024-09-12 10:45:00,FLAT,464048169.246064,464048169.246064,0.0,0.0,1301.2
2024-09-12 11:00:00,FLAT,464048169.246064,464048169.246064,0.0,0.0,1298.8
2024-09-12 11:15:00,FLAT,464048169.246064,464048169.246064,0.0,0.0,1298.9
2024-09-12 13:00:00,FLAT,464048169.246064,464048169.246064,0.0,0.0,1300.8
2024-09-12 13:15:00,FLAT,464048169.246064,464048169.246064,0.0,0.0,1299.6
2024-09-12 13:30:00,FLAT,464048169.246064,464048169.246064,0.0,0.0,1299.5
2024-09-12 13:45:00,FLAT,464048169.246064,464048169.246064,0.0,0.0,1301.5
2024-09-12 14:00:00,FLAT,464048169.246064,464048169.246064,0.0,0.0,1302.2
2024-09-12 14:15:00,FLAT,464048169.246064,464048169.246064,0.0,0.0,1299.9
2024-09-12 14:30:00,FLAT,464048169.246064,464048169.246064,0.0,0.0,1299.6
2024-09-13 09:00:00,FLAT,464048169.246064,464048169.246064,0.0,0.0,1297.8
2024-09-13 09:15:00,FLAT,464048169.246064,464048169.246064,0.0,0.0,1298.4
2024-09-13 09:30:00,FLAT,464048169.246064,464048169.246064,0.0,0.0,1294.8
2024-09-13 09:45:00,FLAT,464048169.246064,464048169.246064,0.0,0.0,1294.0
2024-09-13 10:00:00,FLAT,464048169.246064,464048169.246064,0.0,0.0,1294.0
2024-09-13 10:15:00,FLAT,464048169.246064,464048169.246064,0.0,0.0,1295.2
2024-09-13 10:30:00,SHORT,463853860.43039286,462445964.9046469,-1407895.5257459711,0.0,1296.8
2024-09-13 10:45:00,FLAT,461351309.9046468,461351309.9046468,0.0,0.0,1296.4
2024-09-13 11:00:00,FLAT,461351309.9046468,461351309.9046468,0.0,0.0,1296.9
2024-09-13 11:15:00,FLAT,461351309.9046468,461351309.9046468,0.0,0.0,1297.9
2024-09-13 13:00:00,FLAT,461351309.9046468,461351309.9046468,0.0,0.0,1297.4
2024-09-13 13:15:00,FLAT,461351309.9046468,461351309.9046468,0.0,0.0,1295.3
2024-09-13 13:30:00,SHORT,461157088.468486,462966662.87402165,1809574.4055356137,0.0,1293.0
2024-09-13 13:45:00,SHORT,461157088.468486,461966662.87402165,809574.4055356135,0.0,1294.0
2024-09-13 14:00:00,SHORT,461157088.468486,460066662.87402153,-1090425.5944644774,0.0,1295.9
2024-09-13 14:15:00,FLAT,460072307.8740216,460072307.8740216,0.0,0.0,1295.2
2024-09-13 14:30:00,FLAT,460072307.8740216,460072307.8740216,0.0,0.0,1294.5
2024-09-16 09:00:00,FLAT,460072307.8740216,460072307.8740216,0.0,0.0,1294.8
2024-09-16 09:15:00,FLAT,460072307.8740216,460072307.8740216,0.0,0.0,1293.7
2024-09-16 09:30:00,FLAT,460072307.8740216,460072307.8740216,0.0,0.0,1295.9
2024-09-16 09:45:00,FLAT,460072307.8740216,460072307.8740216,0.0,0.0,1295.9
2024-09-16 10:00:00,FLAT,460072307.8740216,460072307.8740216,0.0,0.0,1296.6
2024-09-16 10:15:00,FLAT,460072307.8740216,460072307.8740216,0.0,0.0,1295.2
2024-09-16 10:30:00,FLAT,460072307.8740216,460072307.8740216,0.0,0.0,1294.4
2024-09-16 10:45:00,FLAT,460072307.8740216,460072307.8740216,0.0,0.0,1293.8
2024-09-16 11:00:00,FLAT,460072307.8740216,460072307.8740216,0.0,0.0,1294.4
2024-09-16 11:15:00,FLAT,460072307.8740216,460072307.8740216,0.0,0.0,1291.8
2024-09-16 13:00:00,FLAT,460072307.8740216,460072307.8740216,0.0,0.0,1290.1
2024-09-16 13:15:00,FLAT,460072307.8740216,460072307.8740216,0.0,0.0,1288.8
2024-09-16 13:30:00,FLAT,460072307.8740216,460072307.8740216,0.0,0.0,1288.9
2024-09-16 13:45:00,FLAT,460072307.8740216,460072307.8740216,0.0,0.0,1290.7
2024-09-16 14:00:00,FLAT,460072307.8740216,460072307.8740216,0.0,0.0,1288.7
2024-09-16 14:15:00,FLAT,460072307.8740216,460072307.8740216,0.0,0.0,1283.8
2024-09-16 14:30:00,FLAT,460072307.8740216,460072307.8740216,0.0,0.0,1284.9
2024-09-17 09:00:00,FLAT,460072307.8740216,460072307.8740216,0.0,0.0,1282.4
2024-09-17 09:15:00,FLAT,460072307.8740216,460072307.8740216,0.0,0.0,1282.5
2024-09-17 09:30:00,FLAT,460072307.8740216,460072307.8740216,0.0,0.0,1283.6
2024-09-17 09:45:00,FLAT,460072307.8740216,460072307.8740216,0.0,0.0,1283.8
2024-09-17 10:00:00,FLAT,460072307.8740216,460072307.8740216,0.0,0.0,1284.8
2024-09-17 10:15:00,FLAT,460072307.8740216,460072307.8740216,0.0,0.0,1284.7
2024-09-17 10:30:00,FLAT,460072307.8740216,460072307.8740216,0.0,0.0,1284.2
2024-09-17 10:45:00,FLAT,460072307.8740216,460072307.8740216,0.0,0.0,1283.1
2024-09-17 11:00:00,FLAT,460072307.8740216,460072307.8740216,0.0,0.0,1284.8
2024-09-17 11:15:00,FLAT,460072307.8740216,460072307.8740216,0.0,0.0,1285.0
2024-09-17 13:00:00,FLAT,460072307.8740216,460072307.8740216,0.0,0.0,1286.2
2024-09-17 13:15:00,FLAT,460072307.8740216,460072307.8740216,0.0,0.0,1286.7
2024-09-17 13:30:00,FLAT,460072307.8740216,460072307.8740216,0.0,0.0,1287.7
2024-09-17 13:45:00,FLAT,460072307.8740216,460072307.8740216,0.0,0.0,1289.7
2024-09-17 14:00:00,FLAT,460072307.8740216,460072307.8740216,0.0,0.0,1293.5
2024-09-17 14:15:00,FLAT,460072307.8740216,460072307.8740216,0.0,0.0,1300.4
2024-09-17 14:30:00,FLAT,460072307.8740216,460072307.8740216,0.0,0.0,1300.6
2024-09-18 09:00:00,FLAT,460072307.8740216,460072307.8740216,0.0,0.0,1305.2
2024-09-18 09:15:00,FLAT,460072307.8740216,460072307.8740216,0.0,0.0,1304.2
2024-09-18 09:30:00,FLAT,460072307.8740216,460072307.8740216,0.0,0.0,1306.6
2024-09-18 09:45:00,FLAT,460072307.8740216,460072307.8740216,0.0,0.0,1304.9
2024-09-18 10:00:00,FLAT,460072307.8740216,460072307.8740216,0.0,0.0,1306.0
2024-09-18 10:15:00,FLAT,460072307.8740216,460072307.8740216,0.0,0.0,1308.6
2024-09-18 10:30:00,FLAT,460072307.8740216,460072307.8740216,0.0,0.0,1314.9
2024-09-18 10:45:00,FLAT,460072307.8740216,460072307.8740216,0.0,0.0,1312.3
2024-09-18 11:00:00,FLAT,460072307.8740216,460072307.8740216,0.0,0.0,1314.0
2024-09-18 11:15:00,FLAT,460072307.8740216,460072307.8740216,0.0,0.0,1316.8
2024-09-18 13:00:00,FLAT,460072307.8740216,460072307.8740216,0.0,0.0,1315.1
2024-09-18 13:15:00,FLAT,460072307.8740216,460072307.8740216,0.0,0.0,1312.9
2024-09-18 13:30:00,FLAT,460072307.8740216,460072307.8740216,0.0,0.0,1312.6
2024-09-18 13:45:00,SHORT,459875458.087279,458607369.70448995,-1268088.382789074,0.0,1313.6
2024-09-18 14:00:00,SHORT,459875458.087279,461307369.70448977,1431911.6172107442,0.0,1310.9
2024-09-18 14:15:00,FLAT,459910554.70448995,459910554.70448995,0.0,0.0,1311.6
2024-09-18 14:30:00,FLAT,459910554.70448995,459910554.70448995,0.0,0.0,1312.9
2024-09-19 09:00:00,FLAT,459910554.70448995,459910554.70448995,0.0,0.0,1314.5
2024-09-19 09:15:00,FLAT,459910554.70448995,459910554.70448995,0.0,0.0,1313.5
2024-09-19 09:30:00,FLAT,459910554.70448995,459910554.70448995,0.0,0.0,1314.7
2024-09-19 09:45:00,FLAT,459910554.70448995,459910554.70448995,0.0,0.0,1314.9
2024-09-19 10:00:00,FLAT,459910554.70448995,459910554.70448995,0.0,0.0,1314.1
2024-09-19 10:15:00,FLAT,459910554.70448995,459910554.70448995,0.0,0.0,1313.8
2024-09-19 10:30:00,FLAT,459910554.70448995,459910554.70448995,0.0,0.0,1316.6
2024-09-19 10:45:00,LONG,459712999.3329616,458477189.143993,-1235810.1889685714,0.0,1315.8
2024-09-19 11:00:00,LONG,459712999.3329616,459077189.1439932,-635810.1889684349,0.0,1316.4
2024-09-19 11:15:00,LONG,459712999.3329616,458177189.1439931,-1535810.1889685257,0.0,1315.5
2024-09-19 13:00:00,LONG,459712999.3329616,458877189.14399314,-835810.1889684803,0.0,1316.2
2024-09-19 13:15:00,LONG,459712999.3329616,459277189.143993,-435810.18896861677,0.0,1316.6
2024-09-19 13:30:00,FLAT,457079999.143993,457079999.143993,0.0,0.0,1315.3
2024-09-19 13:45:00,FLAT,457079999.143993,457079999.143993,0.0,0.0,1316.3
2024-09-19 14:00:00,FLAT,457079999.143993,457079999.143993,0.0,0.0,1317.6
2024-09-19 14:15:00,FLAT,457079999.143993,457079999.143993,0.0,0.0,1317.0
2024-09-19 14:30:00,FLAT,457079999.143993,457079999.143993,0.0,0.0,1317.0
2024-09-20 09:00:00,FLAT,457079999.143993,457079999.143993,0.0,0.0,1329.0
2024-09-20 09:15:00,FLAT,457079999.143993,457079999.143993,0.0,0.0,1329.4
2024-09-20 09:30:00,FLAT,457079999.143993,457079999.143993,0.0,0.0,1332.2
2024-09-20 09:45:00,FLAT,457079999.143993,457079999.143993,0.0,0.0,1335.7
2024-09-20 10:00:00,FLAT,457079999.143993,457079999.143993,0.0,0.0,1336.0
2024-09-20 10:15:00,FLAT,457079999.143993,457079999.143993,0.0,0.0,1335.0
2024-09-20 10:30:00,FLAT,457079999.143993,457079999.143993,0.0,0.0,1335.5
2024-09-20 10:45:00,FLAT,457079999.143993,457079999.143993,0.0,0.0,1336.2
2024-09-20 11:00:00,FLAT,457079999.143993,457079999.143993,0.0,0.0,1337.2
2024-09-20 11:15:00,FLAT,457079999.143993,457079999.143993,0.0,0.0,1336.0
2024-09-20 13:00:00,FLAT,457079999.143993,457079999.143993,0.0,0.0,1336.0
2024-09-20 13:15:00,FLAT,457079999.143993,457079999.143993,0.0,0.0,1335.9
2024-09-20 13:30:00,FLAT,457079999.143993,457079999.143993,0.0,0.0,1335.1
2024-09-20 13:45:00,FLAT,457079999.143993,457079999.143993,0.0,0.0,1333.5
2024-09-20 14:00:00,FLAT,457079999.143993,457079999.143993,0.0,0.0,1332.7
2024-09-20 14:15:00,FLAT,457079999.143993,457079999.143993,0.0,0.0,1331.6
2024-09-20 14:30:00,FLAT,457079999.143993,457079999.143993,0.0,0.0,1332.5
2024-09-23 09:00:00,FLAT,457079999.143993,457079999.143993,0.0,0.0,1331.9
2024-09-23 09:15:00,FLAT,457079999.143993,457079999.143993,0.0,0.0,1329.9
2024-09-23 09:30:00,FLAT,457079999.143993,457079999.143993,0.0,0.0,1328.0
2024-09-23 09:45:00,SHORT,456880841.277306,457599952.52395153,719111.2466455252,0.0,1327.0
2024-09-23 10:00:00,SHORT,456880841.277306,457099952.52395153,219111.24664552516,0.0,1327.5
2024-09-23 10:15:00,SHORT,456880841.277306,456799952.5239516,-80888.75335442935,0.0,1327.8
2024-09-23 10:30:00,SHORT,456880841.277306,456799952.5239516,-80888.75335442935,0.0,1327.8
2024-09-23 10:45:00,SHORT,456880841.277306,456199952.5239515,-680888.7533545658,0.0,1328.4
2024-09-23 11:00:00,SHORT,456880841.277306,456599952.52395153,-280888.75335447484,0.0,1328.0
2024-09-23 11:15:00,SHORT,456880841.277306,455599952.52395153,-1280888.753354475,0.0,1329.0
2024-09-23 13:00:00,SHORT,456880841.277306,457999952.52395165,1119111.2466456161,0.0,1326.6
2024-09-23 13:15:00,SHORT,456880841.277306,455799952.5239516,-1080888.7533544293,0.0,1328.8
2024-09-23 13:30:00,FLAT,454300437.52395165,454300437.52395165,0.0,0.0,1329.7
2024-09-23 13:45:00,FLAT,454300437.52395165,454300437.52395165,0.0,0.0,1328.3
2024-09-23 14:00:00,FLAT,454300437.52395165,454300437.52395165,0.0,0.0,1326.8
2024-09-23 14:15:00,FLAT,454300437.52395165,454300437.52395165,0.0,0.0,1326.0
2024-09-23 14:30:00,FLAT,454300437.52395165,454300437.52395165,0.0,0.0,1326.0
2024-09-24 09:00:00,FLAT,454300437.52395165,454300437.52395165,0.0,0.0,1325.6
2024-09-24 09:15:00,FLAT,454300437.52395165,454300437.52395165,0.0,0.0,1326.9
2024-09-24 09:30:00,FLAT,454300437.52395165,454300437.52395165,0.0,0.0,1327.3
2024-09-24 09:45:00,FLAT,454300437.52395165,454300437.52395165,0.0,0.0,1326.1
2024-09-24 10:00:00,FLAT,454300437.52395165,454300437.52395165,0.0,0.0,1325.4
2024-09-24 10:15:00,FLAT,454300437.52395165,454300437.52395165,0.0,0.0,1327.3
2024-09-24 10:30:00,FLAT,454300437.52395165,454300437.52395165,0.0,0.0,1326.8
2024-09-24 10:45:00,FLAT,454300437.52395165,454300437.52395165,0.0,0.0,1323.8
2024-09-24 11:00:00,FLAT,454300437.52395165,454300437.52395165,0.0,0.0,1323.3
2024-09-24 11:15:00,FLAT,454300437.52395165,454300437.52395165,0.0,0.0,1324.1
2024-09-24 13:00:00,FLAT,454300437.52395165,454300437.52395165,0.0,0.0,1326.4
2024-09-24 13:15:00,FLAT,454300437.52395165,454300437.52395165,0.0,0.0,1325.8
2024-09-24 13:30:00,FLAT,454300437.52395165,454300437.52395165,0.0,0.0,1329.0
2024-09-24 13:45:00,LONG,454101070.2652412,453886012.19571126,-215058.06952995952,0.0,1328.9
2024-09-24 14:00:00,FLAT,451786962.19571114,451786962.19571114,0.0,0.0,1329.5
2024-09-24 14:15:00,FLAT,451786962.19571114,451786962.19571114,0.0,0.0,1334.4
2024-09-24 14:30:00,FLAT,451786962.19571114,451786962.19571114,0.0,0.0,1335.0
2024-09-25 09:00:00,FLAT,451786962.19571114,451786962.19571114,0.0,0.0,1339.2
2024-09-25 09:15:00,FLAT,451786962.19571114,451786962.19571114,0.0,0.0,1338.5
2024-09-25 09:30:00,FLAT,451786962.19571114,451786962.19571114,0.0,0.0,1339.4
2024-09-25 09:45:00,FLAT,451786962.19571114,451786962.19571114,0.0,0.0,1342.6
2024-09-25 10:00:00,LONG,451585749.16339624,450865533.7309078,-720215.4324884304,0.0,1340.7
2024-09-25 10:15:00,LONG,451585749.16339624,452065533.73090786,479784.567511615,0.0,1341.9
2024-09-25 10:30:00,LONG,451585749.16339624,452965533.73090774,1379784.5675114787,0.0,1342.8
2024-09-25 10:45:00,LONG,451585749.16339624,454265533.7309077,2679784.5675114333,0.0,1344.1
2024-09-25 11:00:00,LONG,451585749.16339624,458065533.73090786,6479784.567511615,0.0,1347.9
2024-09-25 11:15:00,FLAT,459238689.9319238,459238689.9319238,0.0,0.0,1348.3
2024-09-25 13:00:00,FLAT,459238689.9319238,459238689.9319238,0.0,0.0,1346.2
2024-09-25 13:15:00,FLAT,459238689.9319238,459238689.9319238,0.0,0.0,1347.2
2024-09-25 13:30:00,FLAT,459238689.9319238,459238689.9319238,0.0,0.0,1344.3
2024-09-25 13:45:00,FLAT,459238689.9319238,459238689.9319238,0.0,0.0,1343.4
2024-09-25 14:00:00,SHORT,459037194.0866934,459642828.95588,605634.8691865879,0.0,1342.7
2024-09-25 14:15:00,FLAT,456540988.9558801,456540988.9558801,0.0,0.0,1344.2
2024-09-25 14:30:00,FLAT,456540988.9558801,456540988.9558801,0.0,0.0,1345.2
2024-09-26 09:00:00,FLAT,456540988.9558801,456540988.9558801,0.0,0.0,1346.9
2024-09-26 09:15:00,FLAT,456540988.9558801,456540988.9558801,0.0,0.0,1347.3
2024-09-26 09:30:00,FLAT,456540988.9558801,456540988.9558801,0.0,0.0,1350.6
2024-09-26 09:45:00,FLAT,456540988.9558801,456540988.9558801,0.0,0.0,1352.7
2024-09-26 10:00:00,FLAT,456540988.9558801,456540988.9558801,0.0,0.0,1352.8
2024-09-26 10:15:00,FLAT,456540988.9558801,456540988.9558801,0.0,0.0,1353.5
2024-09-26 10:30:00,FLAT,456540988.9558801,456540988.9558801,0.0,0.0,1353.1
2024-09-26 10:45:00,FLAT,456540988.9558801,456540988.9558801,0.0,0.0,1351.6
2024-09-26 11:00:00,FLAT,456540988.9558801,456540988.9558801,0.0,0.0,1352.5
2024-09-26 11:15:00,FLAT,456540988.9558801,456540988.9558801,0.0,0.0,1355.1
2024-09-26 13:00:00,FLAT,456540988.9558801,456540988.9558801,0.0,0.0,1358.7
2024-09-26 13:15:00,FLAT,456540988.9558801,456540988.9558801,0.0,0.0,1359.8
2024-09-26 13:30:00,FLAT,456540988.9558801,456540988.9558801,0.0,0.0,1359.3
2024-09-26 13:45:00,FLAT,456540988.9558801,456540988.9558801,0.0,0.0,1363.4
2024-09-26 14:00:00,FLAT,456540988.9558801,456540988.9558801,0.0,0.0,1363.1
2024-09-26 14:15:00,FLAT,453595928.1668518,453595928.1668518,0.0,0.0,1358.6
2024-09-26 14:30:00,FLAT,453595928.1668518,453595928.1668518,0.0,0.0,1359.6
2024-09-27 09:00:00,FLAT,453595928.1668518,453595928.1668518,0.0,0.0,1358.4
2024-09-27 09:15:00,FLAT,453595928.1668518,453595928.1668518,0.0,0.0,1360.5
2024-09-27 09:30:00,FLAT,453595928.1668518,453595928.1668518,0.0,0.0,1362.7
2024-09-27 09:45:00,FLAT,450551656.88032216,450551656.88032216,0.0,0.0,1359.4
2024-09-27 10:00:00,FLAT,450551656.88032216,450551656.88032216,0.0,0.0,1355.0
2024-09-27 10:15:00,FLAT,450551656.88032216,450551656.88032216,0.0,0.0,1356.3
2024-09-27 10:30:00,FLAT,450551656.88032216,450551656.88032216,0.0,0.0,1356.2
2024-09-27 10:45:00,FLAT,450551656.88032216,450551656.88032216,0.0,0.0,1358.7
2024-09-27 11:00:00,FLAT,450551656.88032216,450551656.88032216,0.0,0.0,1357.6
2024-09-27 11:15:00,FLAT,450551656.88032216,450551656.88032216,0.0,0.0,1357.7
2024-09-27 13:00:00,FLAT,450551656.88032216,450551656.88032216,0.0,0.0,1358.0
2024-09-27 13:15:00,FLAT,450551656.88032216,450551656.88032216,0.0,0.0,1357.0
2024-09-27 13:30:00,FLAT,450551656.88032216,450551656.88032216,0.0,0.0,1357.4
2024-09-27 13:45:00,FLAT,450551656.88032216,450551656.88032216,0.0,0.0,1355.8
2024-09-27 14:00:00,FLAT,450551656.88032216,450551656.88032216,0.0,0.0,1353.9
2024-09-27 14:15:00,FLAT,448459167.04979986,448459167.04979986,0.0,0.0,1356.1
2024-09-27 14:30:00,FLAT,448459167.04979986,448459167.04979986,0.0,0.0,1357.2
2024-09-30 09:00:00,FLAT,448459167.04979986,448459167.04979986,0.0,0.0,1351.8
2024-09-30 09:15:00,FLAT,448459167.04979986,448459167.04979986,0.0,0.0,1353.3
2024-09-30 09:30:00,FLAT,448459167.04979986,448459167.04979986,0.0,0.0,1351.5
2024-09-30 09:45:00,FLAT,448459167.04979986,448459167.04979986,0.0,0.0,1352.9
2024-09-30 10:00:00,FLAT,448459167.04979986,448459167.04979986,0.0,0.0,1353.7
2024-09-30 10:15:00,FLAT,448459167.04979986,448459167.04979986,0.0,0.0,1354.1
2024-09-30 10:30:00,FLAT,448459167.04979986,448459167.04979986,0.0,0.0,1354.5
2024-09-30 10:45:00,FLAT,448459167.04979986,448459167.04979986,0.0,0.0,1355.0
2024-09-30 11:00:00,FLAT,448459167.04979986,448459167.04979986,0.0,0.0,1353.7
2024-09-30 11:15:00,FLAT,448459167.04979986,448459167.04979986,0.0,0.0,1353.5
2024-09-30 13:00:00,FLAT,448459167.04979986,448459167.04979986,0.0,0.0,1353.0
2024-09-30 13:15:00,FLAT,448459167.04979986,448459167.04979986,0.0,0.0,1354.8
2024-09-30 13:30:00,FLAT,448459167.04979986,448459167.04979986,0.0,0.0,1354.0
2024-09-30 13:45:00,FLAT,448459167.04979986,448459167.04979986,0.0,0.0,1353.0
2024-09-30 14:00:00,FLAT,448459167.04979986,448459167.04979986,0.0,0.0,1353.2
2024-09-30 14:15:00,FLAT,448459167.04979986,448459167.04979986,0.0,0.0,1356.2
2024-09-30 14:30:00,FLAT,448459167.04979986,448459167.04979986,0.0,0.0,1357.0
2024-10-01 09:00:00,FLAT,448459167.04979986,448459167.04979986,0.0,0.0,1362.2
2024-10-01 09:15:00,FLAT,448459167.04979986,448459167.04979986,0.0,0.0,1363.5
2024-10-01 09:30:00,FLAT,448459167.04979986,448459167.04979986,0.0,0.0,1367.8
2024-10-01 09:45:00,FLAT,448459167.04979986,448459167.04979986,0.0,0.0,1368.1
2024-10-01 10:00:00,FLAT,448459167.04979986,448459167.04979986,0.0,0.0,1367.8
2024-10-01 10:15:00,FLAT,448459167.04979986,448459167.04979986,0.0,0.0,1369.0
2024-10-01 10:30:00,FLAT,448459167.04979986,448459167.04979986,0.0,0.0,1368.3
2024-10-01 10:45:00,FLAT,448459167.04979986,448459167.04979986,0.0,0.0,1368.6
2024-10-01 11:00:00,FLAT,448459167.04979986,448459167.04979986,0.0,0.0,1371.5
2024-10-01 11:15:00,FLAT,448459167.04979986,448459167.04979986,0.0,0.0,1371.8
2024-10-01 13:00:00,FLAT,448459167.04979986,448459167.04979986,0.0,0.0,1372.7
2024-10-01 13:15:00,FLAT,448459167.04979986,448459167.04979986,0.0,0.0,1369.9
2024-10-01 13:30:00,FLAT,448459167.04979986,448459167.04979986,0.0,0.0,1371.7
2024-10-01 13:45:00,FLAT,448459167.04979986,448459167.04979986,0.0,0.0,1368.9
2024-10-01 14:00:00,FLAT,448459167.04979986,448459167.04979986,0.0,0.0,1366.5
2024-10-01 14:15:00,FLAT,448459167.04979986,448459167.04979986,0.0,0.0,1364.5
2024-10-01 14:30:00,FLAT,448459167.04979986,448459167.04979986,0.0,0.0,1364.5
2024-10-02 09:00:00,FLAT,448459167.04979986,448459167.04979986,0.0,0.0,1354.0
2024-10-02 09:15:00,FLAT,448459167.04979986,448459167.04979986,0.0,0.0,1354.7
2024-10-02 09:30:00,FLAT,448459167.04979986,448459167.04979986,0.0,0.0,1356.2
2024-10-02 09:45:00,FLAT,448459167.04979986,448459167.04979986,0.0,0.0,1356.1
2024-10-02 10:00:00,FLAT,448459167.04979986,448459167.04979986,0.0,0.0,1355.0
2024-10-02 10:15:00,FLAT,448459167.04979986,448459167.04979986,0.0,0.0,1356.9
2024-10-02 10:30:00,FLAT,448459167.04979986,448459167.04979986,0.0,0.0,1358.9
2024-10-02 10:45:00,FLAT,448459167.04979986,448459167.04979986,0.0,0.0,1360.1
2024-10-02 11:00:00,FLAT,448459167.04979986,448459167.04979986,0.0,0.0,1360.1
2024-10-02 11:15:00,FLAT,448459167.04979986,448459167.04979986,0.0,0.0,1359.7
2024-10-02 13:00:00,FLAT,448459167.04979986,448459167.04979986,0.0,0.0,1357.5
2024-10-02 13:15:00,FLAT,448459167.04979986,448459167.04979986,0.0,0.0,1354.5
2024-10-02 13:30:00,SHORT,448255991.9130605,448256903.5090709,911.5960103827092,0.0,1354.5
2024-10-02 13:45:00,SHORT,448255991.9130605,449356903.50907075,1100911.5960102917,0.0,1353.4
2024-10-02 14:00:00,FLAT,445553353.5090709,445553353.5090709,0.0,0.0,1356.6
2024-10-02 14:15:00,FLAT,445553353.5090709,445553353.5090709,0.0,0.0,1358.1
2024-10-02 14:30:00,FLAT,445553353.5090709,445553353.5090709,0.0,0.0,1357.9
2024-10-03 09:00:00,FLAT,445553353.5090709,445553353.5090709,0.0,0.0,1361.1
2024-10-03 09:15:00,FLAT,445553353.5090709,445553353.5090709,0.0,0.0,1365.4
2024-10-03 09:30:00,FLAT,445553353.5090709,445553353.5090709,0.0,0.0,1369.6
2024-10-03 09:45:00,FLAT,445553353.5090709,445553353.5090709,0.0,0.0,1368.4
2024-10-03 10:00:00,FLAT,445553353.5090709,445553353.5090709,0.0,0.0,1375.2
2024-10-03 10:15:00,FLAT,445553353.5090709,445553353.5090709,0.0,0.0,1374.5
2024-10-03 10:30:00,FLAT,445553353.5090709,445553353.5090709,0.0,0.0,1370.4
2024-10-03 10:45:00,FLAT,445553353.5090709,445553353.5090709,0.0,0.0,1370.3
2024-10-03 11:00:00,FLAT,445553353.5090709,445553353.5090709,0.0,0.0,1365.9
2024-10-03 11:15:00,LONG,445348640.1224076,444992729.03420675,-355911.08820085536,0.0,1364.4
2024-10-03 13:00:00,FLAT,442588399.0342067,442588399.0342067,0.0,0.0,1364.4
2024-10-03 13:15:00,FLAT,442588399.0342067,442588399.0342067,0.0,0.0,1365.0
2024-10-03 13:30:00,FLAT,442588399.0342067,442588399.0342067,0.0,0.0,1358.2
2024-10-03 13:45:00,SHORT,442384546.07246506,441504291.01650566,-880255.0559594238,0.0,1359.9
2024-10-03 14:00:00,FLAT,439300006.01650566,439300006.01650566,0.0,0.0,1356.7
2024-10-03 14:15:00,FLAT,439300006.01650566,439300006.01650566,0.0,0.0,1355.7
2024-10-03 14:30:00,FLAT,439300006.01650566,439300006.01650566,0.0,0.0,1356.2
2024-10-04 09:00:00,FLAT,439300006.01650566,439300006.01650566,0.0,0.0,1351.8
2024-10-04 09:15:00,FLAT,439300006.01650566,439300006.01650566,0.0,0.0,1348.2
2024-10-04 09:30:00,FLAT,439300006.01650566,439300006.01650566,0.0,0.0,1350.0
2024-10-04 09:45:00,FLAT,439300006.01650566,439300006.01650566,0.0,0.0,1348.0
2024-10-04 10:00:00,FLAT,439300006.01650566,439300006.01650566,0.0,0.0,1350.5
2024-10-04 10:15:00,FLAT,439300006.01650566,439300006.01650566,0.0,0.0,1348.6
2024-10-04 10:30:00,FLAT,439300006.01650566,439300006.01650566,0.0,0.0,1349.0
2024-10-04 10:45:00,FLAT,439300006.01650566,439300006.01650566,0.0,0.0,1347.3
2024-10-04 11:00:00,FLAT,439300006.01650566,439300006.01650566,0.0,0.0,1349.9
2024-10-04 11:15:00,FLAT,439300006.01650566,439300006.01650566,0.0,0.0,1349.8
2024-10-04 13:00:00,FLAT,439300006.01650566,439300006.01650566,0.0,0.0,1348.3
2024-10-04 13:15:00,FLAT,439300006.01650566,439300006.01650566,0.0,0.0,1351.1
2024-10-04 13:30:00,FLAT,439300006.01650566,439300006.01650566,0.0,0.0,1347.9
2024-10-04 13:45:00,FLAT,439300006.01650566,439300006.01650566,0.0,0.0,1349.3
2024-10-04 14:00:00,FLAT,439300006.01650566,439300006.01650566,0.0,0.0,1348.8
2024-10-04 14:15:00,FLAT,439300006.01650566,439300006.01650566,0.0,0.0,1344.0
2024-10-04 14:30:00,FLAT,439300006.01650566,439300006.01650566,0.0,0.0,1346.5
2024-10-07 09:00:00,FLAT,439300006.01650566,439300006.01650566,0.0,0.0,1347.9
2024-10-07 09:15:00,FLAT,439300006.01650566,439300006.01650566,0.0,0.0,1347.7
2024-10-07 09:30:00,FLAT,439300006.01650566,439300006.01650566,0.0,0.0,1346.8
2024-10-07 09:45:00,FLAT,439300006.01650566,439300006.01650566,0.0,0.0,1344.6
2024-10-07 10:00:00,FLAT,439300006.01650566,439300006.01650566,0.0,0.0,1343.0
2024-10-07 10:15:00,FLAT,439300006.01650566,439300006.01650566,0.0,0.0,1343.1
2024-10-07 10:30:00,FLAT,439300006.01650566,439300006.01650566,0.0,0.0,1342.8
2024-10-07 10:45:00,FLAT,439300006.01650566,439300006.01650566,0.0,0.0,1342.7
2024-10-07 11:00:00,FLAT,439300006.01650566,439300006.01650566,0.0,0.0,1343.5
2024-10-07 11:15:00,SHORT,439098352.5810584,438554588.89605916,-543763.6849992487,0.0,1344.9
2024-10-07 13:00:00,SHORT,439098352.5810584,439654588.8960593,556236.3150008877,0.0,1343.8
2024-10-07 13:15:00,SHORT,439098352.5810584,439654588.8960593,556236.3150008877,0.0,1343.8
2024-10-07 13:30:00,SHORT,439098352.5810584,443954588.8960592,4856236.315000842,0.0,1339.5
2024-10-07 13:45:00,SHORT,439098352.5810584,445654588.8960593,6556236.315000888,0.0,1337.8
2024-10-07 14:00:00,SHORT,439098352.5810584,447254588.89605916,8156236.315000797,0.0,1336.2
2024-10-07 14:15:00,FLAT,450268113.9291487,450268113.9291487,0.0,0.0,1334.3
2024-10-07 14:30:00,FLAT,450268113.9291487,450268113.9291487,0.0,0.0,1337.4
2024-10-08 09:00:00,FLAT,450268113.9291487,450268113.9291487,0.0,0.0,1340.7
2024-10-08 09:15:00,FLAT,450268113.9291487,450268113.9291487,0.0,0.0,1341.6
2024-10-08 09:30:00,FLAT,450268113.9291487,450268113.9291487,0.0,0.0,1338.8
2024-10-08 09:45:00,FLAT,450268113.9291487,450268113.9291487,0.0,0.0,1341.1
2024-10-08 10:00:00,FLAT,450268113.9291487,450268113.9291487,0.0,0.0,1339.9
2024-10-08 10:15:00,FLAT,450268113.9291487,450268113.9291487,0.0,0.0,1339.1
2024-10-08 10:30:00,FLAT,450268113.9291487,450268113.9291487,0.0,0.0,1338.0
2024-10-08 10:45:00,FLAT,450268113.9291487,450268113.9291487,0.0,0.0,1339.7
2024-10-08 11:00:00,FLAT,450268113.9291487,450268113.9291487,0.0,0.0,1341.0
2024-10-08 11:15:00,FLAT,450268113.9291487,450268113.9291487,0.0,0.0,1340.8
2024-10-08 13:00:00,FLAT,450268113.9291487,450268113.9291487,0.0,0.0,1339.5
2024-10-08 13:15:00,FLAT,450268113.9291487,450268113.9291487,0.0,0.0,1343.9
2024-10-08 13:30:00,LONG,450066499.1627648,450668056.6034911,601557.4407263102,0.0,1344.7
2024-10-08 13:45:00,LONG,450066499.1627648,454768056.603491,4701557.44072622,0.0,1348.8
2024-10-08 14:00:00,LONG,450066499.1627648,450168056.6034911,101557.44072631023,0.0,1344.2
2024-10-08 14:15:00,FLAT,447066861.603491,447066861.603491,0.0,0.0,1341.8
2024-10-08 14:30:00,FLAT,447066861.603491,447066861.603491,0.0,0.0,1341.0
2024-10-09 09:00:00,FLAT,447066861.603491,447066861.603491,0.0,0.0,1343.2
2024-10-09 09:15:00,FLAT,447066861.603491,447066861.603491,0.0,0.0,1344.1
2024-10-09 09:30:00,FLAT,447066861.603491,447066861.603491,0.0,0.0,1346.7
2024-10-09 09:45:00,FLAT,447066861.603491,447066861.603491,0.0,0.0,1347.9
2024-10-09 10:00:00,FLAT,447066861.603491,447066861.603491,0.0,0.0,1347.9
2024-10-09 10:15:00,FLAT,447066861.603491,447066861.603491,0.0,0.0,1345.9
2024-10-09 10:30:00,FLAT,447066861.603491,447066861.603491,0.0,0.0,1345.4
2024-10-09 10:45:00,FLAT,447066861.603491,447066861.603491,0.0,0.0,1347.8
2024-10-09 11:00:00,FLAT,447066861.603491,447066861.603491,0.0,0.0,1346.9
2024-10-09 11:15:00,FLAT,447066861.603491,447066861.603491,0.0,0.0,1347.9
2024-10-09 13:00:00,FLAT,447066861.603491,447066861.603491,0.0,0.0,1354.6
2024-10-09 13:15:00,FLAT,447066861.603491,447066861.603491,0.0,0.0,1353.3
2024-10-09 13:30:00,FLAT,447066861.603491,447066861.603491,0.0,0.0,1353.1
2024-10-09 13:45:00,FLAT,447066861.603491,447066861.603491,0.0,0.0,1354.6
2024-10-09 14:00:00,FLAT,447066861.603491,447066861.603491,0.0,0.0,1353.0
2024-10-09 14:15:00,FLAT,447066861.603491,447066861.603491,0.0,0.0,1354.5
2024-10-09 14:30:00,FLAT,447066861.603491,447066861.603491,0.0,0.0,1355.0
2024-10-10 09:00:00,FLAT,447066861.603491,447066861.603491,0.0,0.0,1365.1
2024-10-10 09:15:00,FLAT,447066861.603491,447066861.603491,0.0,0.0,1365.2
2024-10-10 09:30:00,FLAT,447066861.603491,447066861.603491,0.0,0.0,1371.4
2024-10-10 09:45:00,FLAT,447066861.603491,447066861.603491,0.0,0.0,1370.7
2024-10-10 10:00:00,FLAT,447066861.603491,447066861.603491,0.0,0.0,1371.5
2024-10-10 10:15:00,FLAT,447066861.603491,447066861.603491,0.0,0.0,1371.1
2024-10-10 10:30:00,LONG,446861506.9371162,445830397.7717498,-1031109.1653663879,0.0,1368.0
2024-10-10 10:45:00,LONG,446861506.9371162,446130397.7717498,-731109.1653664334,0.0,1368.3
2024-10-10 11:00:00,LONG,446861506.9371162,446830397.7717498,-31109.16536638797,0.0,1369.0
2024-10-10 11:15:00,LONG,446861506.9371162,446830397.7717498,-31109.16536638797,0.0,1369.0
2024-10-10 13:00:00,LONG,446861506.9371162,447430397.77174973,568890.834633521,0.0,1369.6
2024-10-10 13:15:00,FLAT,443625497.7717498,443625497.7717498,0.0,0.0,1366.9
2024-10-10 13:30:00,FLAT,443625497.7717498,443625497.7717498,0.0,0.0,1366.4
2024-10-10 13:45:00,FLAT,443625497.7717498,443625497.7717498,0.0,0.0,1369.5
2024-10-10 14:00:00,FLAT,443625497.7717498,443625497.7717498,0.0,0.0,1365.7
2024-10-10 14:15:00,FLAT,443625497.7717498,443625497.7717498,0.0,0.0,1365.1
2024-10-10 14:30:00,FLAT,443625497.7717498,443625497.7717498,0.0,0.0,1366.6
2024-10-11 09:00:00,FLAT,443625497.7717498,443625497.7717498,0.0,0.0,1366.5
2024-10-11 09:15:00,FLAT,443625497.7717498,443625497.7717498,0.0,0.0,1365.7
2024-10-11 09:30:00,FLAT,443625497.7717498,443625497.7717498,0.0,0.0,1365.9
2024-10-11 09:45:00,FLAT,443625497.7717498,443625497.7717498,0.0,0.0,1366.0
2024-10-11 10:00:00,FLAT,443625497.7717498,443625497.7717498,0.0,0.0,1365.8
2024-10-11 10:15:00,FLAT,443625497.7717498,443625497.7717498,0.0,0.0,1366.0
2024-10-11 10:30:00,FLAT,443625497.7717498,443625497.7717498,0.0,0.0,1365.6
2024-10-11 10:45:00,FLAT,443625497.7717498,443625497.7717498,0.0,0.0,1365.2
2024-10-11 11:00:00,FLAT,443625497.7717498,443625497.7717498,0.0,0.0,1365.1
2024-10-11 11:15:00,FLAT,443625497.7717498,443625497.7717498,0.0,0.0,1364.0
2024-10-11 13:00:00,FLAT,443625497.7717498,443625497.7717498,0.0,0.0,1361.4
2024-10-11 13:15:00,FLAT,443625497.7717498,443625497.7717498,0.0,0.0,1361.2
2024-10-11 13:30:00,FLAT,443625497.7717498,443625497.7717498,0.0,0.0,1359.4
2024-10-11 13:45:00,FLAT,443625497.7717498,443625497.7717498,0.0,0.0,1359.4
2024-10-11 14:00:00,FLAT,443625497.7717498,443625497.7717498,0.0,0.0,1361.8
2024-10-11 14:15:00,FLAT,443625497.7717498,443625497.7717498,0.0,0.0,1364.4
2024-10-11 14:30:00,FLAT,443625497.7717498,443625497.7717498,0.0,0.0,1366.3
2024-10-14 09:00:00,FLAT,443625497.7717498,443625497.7717498,0.0,0.0,1375.5
2024-10-14 09:15:00,FLAT,443625497.7717498,443625497.7717498,0.0,0.0,1373.3
2024-10-14 09:30:00,FLAT,443625497.7717498,443625497.7717498,0.0,0.0,1372.8
2024-10-14 09:45:00,FLAT,443625497.7717498,443625497.7717498,0.0,0.0,1367.9
2024-10-14 10:00:00,FLAT,443625497.7717498,443625497.7717498,0.0,0.0,1367.7
2024-10-14 10:15:00,FLAT,443625497.7717498,443625497.7717498,0.0,0.0,1369.3
2024-10-14 10:30:00,FLAT,443625497.7717498,443625497.7717498,0.0,0.0,1367.5
2024-10-14 10:45:00,FLAT,443625497.7717498,443625497.7717498,0.0,0.0,1366.1
2024-10-14 11:00:00,FLAT,443625497.7717498,443625497.7717498,0.0,0.0,1366.6
2024-10-14 11:15:00,FLAT,443625497.7717498,443625497.7717498,0.0,0.0,1367.2
2024-10-14 13:00:00,FLAT,443625497.7717498,443625497.7717498,0.0,0.0,1366.9
2024-10-14 13:15:00,FLAT,443625497.7717498,443625497.7717498,0.0,0.0,1364.1
2024-10-14 13:30:00,SHORT,443420914.0542791,443512363.8590102,91449.80473115538,0.0,1363.8
2024-10-14 13:45:00,SHORT,443420914.0542791,444012363.8590102,591449.8047311554,0.0,1363.3
2024-10-14 14:00:00,FLAT,440607388.8590102,440607388.8590102,0.0,0.0,1365.3
2024-10-14 14:15:00,FLAT,440607388.8590102,440607388.8590102,0.0,0.0,1361.2
2024-10-14 14:30:00,FLAT,440607388.8590102,440607388.8590102,0.0,0.0,1358.5
2024-10-15 09:00:00,FLAT,440607388.8590102,440607388.8590102,0.0,0.0,1362.3
2024-10-15 09:15:00,FLAT,440607388.8590102,440607388.8590102,0.0,0.0,1364.3
2024-10-15 09:30:00,FLAT,440607388.8590102,440607388.8590102,0.0,0.0,1365.2
2024-10-15 09:45:00,FLAT,440607388.8590102,440607388.8590102,0.0,0.0,1368.1
2024-10-15 10:00:00,FLAT,440607388.8590102,440607388.8590102,0.0,0.0,1367.0
2024-10-15 10:15:00,LONG,440402482.1819907,439657968.7185264,-744513.4634642727,0.0,1365.3
2024-10-15 10:30:00,FLAT,437453473.7185264,437453473.7185264,0.0,0.0,1361.8
2024-10-15 10:45:00,FLAT,437453473.7185264,437453473.7185264,0.0,0.0,1362.6
2024-10-15 11:00:00,FLAT,437453473.7185264,437453473.7185264,0.0,0.0,1362.8
2024-10-15 11:15:00,FLAT,437453473.7185264,437453473.7185264,0.0,0.0,1361.7
2024-10-15 13:00:00,FLAT,437453473.7185264,437453473.7185264,0.0,0.0,1362.0
2024-10-15 13:15:00,FLAT,437453473.7185264,437453473.7185264,0.0,0.0,1362.5
2024-10-15 13:30:00,FLAT,437453473.7185264,437453473.7185264,0.0,0.0,1360.8
2024-10-15 13:45:00,FLAT,437453473.7185264,437453473.7185264,0.0,0.0,1358.4
2024-10-15 14:00:00,FLAT,437453473.7185264,437453473.7185264,0.0,0.0,1356.3
2024-10-15 14:15:00,FLAT,437453473.7185264,437453473.7185264,0.0,0.0,1358.4
2024-10-15 14:30:00,FLAT,437453473.7185264,437453473.7185264,0.0,0.0,1360.0
2024-10-16 09:00:00,FLAT,437453473.7185264,437453473.7185264,0.0,0.0,1352.6
2024-10-16 09:15:00,FLAT,437453473.7185264,437453473.7185264,0.0,0.0,1355.1
2024-10-16 09:30:00,FLAT,437453473.7185264,437453473.7185264,0.0,0.0,1354.2
2024-10-16 09:45:00,FLAT,437453473.7185264,437453473.7185264,0.0,0.0,1354.5
2024-10-16 10:00:00,FLAT,437453473.7185264,437453473.7185264,0.0,0.0,1354.4
2024-10-16 10:15:00,FLAT,437453473.7185264,437453473.7185264,0.0,0.0,1354.2
2024-10-16 10:30:00,FLAT,437453473.7185264,437453473.7185264,0.0,0.0,1357.4
2024-10-16 10:45:00,FLAT,437453473.7185264,437453473.7185264,0.0,0.0,1357.4
2024-10-16 11:00:00,FLAT,437453473.7185264,437453473.7185264,0.0,0.0,1357.7
2024-10-16 11:15:00,FLAT,437453473.7185264,437453473.7185264,0.0,0.0,1357.2
2024-10-16 13:00:00,FLAT,437453473.7185264,437453473.7185264,0.0,0.0,1356.4
2024-10-16 13:15:00,FLAT,437453473.7185264,437453473.7185264,0.0,0.0,1354.8
2024-10-16 13:30:00,FLAT,437453473.7185264,437453473.7185264,0.0,0.0,1356.0
2024-10-16 13:45:00,FLAT,437453473.7185264,437453473.7185264,0.0,0.0,1355.0
2024-10-16 14:00:00,FLAT,437453473.7185264,437453473.7185264,0.0,0.0,1353.3
2024-10-16 14:15:00,FLAT,434547228.7185264,434547228.7185264,0.0,0.0,1356.5
2024-10-16 14:30:00,FLAT,434547228.7185264,434547228.7185264,0.0,0.0,1357.9
2024-10-17 09:00:00,FLAT,434547228.7185264,434547228.7185264,0.0,0.0,1358.5
2024-10-17 09:15:00,FLAT,434547228.7185264,434547228.7185264,0.0,0.0,1357.6
2024-10-17 09:30:00,FLAT,434547228.7185264,434547228.7185264,0.0,0.0,1357.0
2024-10-17 09:45:00,FLAT,434547228.7185264,434547228.7185264,0.0,0.0,1356.2
2024-10-17 10:00:00,FLAT,434547228.7185264,434547228.7185264,0.0,0.0,1355.2
2024-10-17 10:15:00,FLAT,434547228.7185264,434547228.7185264,0.0,0.0,1354.6
2024-10-17 10:30:00,FLAT,434547228.7185264,434547228.7185264,0.0,0.0,1354.9
2024-10-17 10:45:00,FLAT,434547228.7185264,434547228.7185264,0.0,0.0,1353.7
2024-10-17 11:00:00,FLAT,434547228.7185264,434547228.7185264,0.0,0.0,1352.2
2024-10-17 11:15:00,FLAT,434547228.7185264,434547228.7185264,0.0,0.0,1347.5
2024-10-17 13:00:00,FLAT,434547228.7185264,434547228.7185264,0.0,0.0,1348.4
2024-10-17 13:15:00,FLAT,434547228.7185264,434547228.7185264,0.0,0.0,1349.7
2024-10-17 13:30:00,FLAT,434547228.7185264,434547228.7185264,0.0,0.0,1353.5
2024-10-17 13:45:00,FLAT,434547228.7185264,434547228.7185264,0.0,0.0,1354.4
2024-10-17 14:00:00,FLAT,434547228.7185264,434547228.7185264,0.0,0.0,1359.5
2024-10-17 14:15:00,FLAT,434547228.7185264,434547228.7185264,0.0,0.0,1358.5
2024-10-17 14:30:00,FLAT,434547228.7185264,434547228.7185264,0.0,0.0,1358.0
2024-10-18 09:00:00,FLAT,434547228.7185264,434547228.7185264,0.0,0.0,1375.7
2024-10-18 09:15:00,FLAT,434547228.7185264,434547228.7185264,0.0,0.0,1374.5
2024-10-18 09:30:00,FLAT,434547228.7185264,434547228.7185264,0.0,0.0,1374.3
2024-10-18 09:45:00,FLAT,434547228.7185264,434547228.7185264,0.0,0.0,1373.7
2024-10-18 10:00:00,FLAT,434547228.7185264,434547228.7185264,0.0,0.0,1373.2
2024-10-18 10:15:00,FLAT,434547228.7185264,434547228.7185264,0.0,0.0,1374.4
2024-10-18 10:30:00,FLAT,434547228.7185264,434547228.7185264,0.0,0.0,1373.1
2024-10-18 10:45:00,FLAT,434547228.7185264,434547228.7185264,0.0,0.0,1369.5
2024-10-18 11:00:00,FLAT,434547228.7185264,434547228.7185264,0.0,0.0,1365.7
2024-10-18 11:15:00,FLAT,434547228.7185264,434547228.7185264,0.0,0.0,1364.9
2024-10-18 13:00:00,FLAT,434547228.7185264,434547228.7185264,0.0,0.0,1367.9
2024-10-18 13:15:00,FLAT,434547228.7185264,434547228.7185264,0.0,0.0,1367.2
2024-10-18 13:30:00,FLAT,434547228.7185264,434547228.7185264,0.0,0.0,1369.6
2024-10-18 13:45:00,FLAT,434547228.7185264,434547228.7185264,0.0,0.0,1369.8
2024-10-18 14:00:00,FLAT,434547228.7185264,434547228.7185264,0.0,0.0,1374.9
2024-10-18 14:15:00,FLAT,431289119.1022582,431289119.1022582,0.0,0.0,1368.2
2024-10-18 14:30:00,FLAT,431289119.1022582,431289119.1022582,0.0,0.0,1368.0
2024-10-21 09:00:00,FLAT,431289119.1022582,431289119.1022582,0.0,0.0,1364.0
2024-10-21 09:15:00,FLAT,431289119.1022582,431289119.1022582,0.0,0.0,1364.2
2024-10-21 09:30:00,FLAT,431289119.1022582,431289119.1022582,0.0,0.0,1366.5
2024-10-21 09:45:00,FLAT,431289119.1022582,431289119.1022582,0.0,0.0,1363.5
2024-10-21 10:00:00,FLAT,431289119.1022582,431289119.1022582,0.0,0.0,1365.4
2024-10-21 10:15:00,FLAT,431289119.1022582,431289119.1022582,0.0,0.0,1364.9
2024-10-21 10:30:00,FLAT,431289119.1022582,431289119.1022582,0.0,0.0,1365.4
2024-10-21 10:45:00,FLAT,431289119.1022582,431289119.1022582,0.0,0.0,1364.7
2024-10-21 11:00:00,FLAT,431289119.1022582,431289119.1022582,0.0,0.0,1365.9
2024-10-21 11:15:00,FLAT,431289119.1022582,431289119.1022582,0.0,0.0,1368.7
2024-10-21 13:00:00,FLAT,431289119.1022582,431289119.1022582,0.0,0.0,1368.1
2024-10-21 13:15:00,FLAT,431289119.1022582,431289119.1022582,0.0,0.0,1367.3
2024-10-21 13:30:00,FLAT,431289119.1022582,431289119.1022582,0.0,0.0,1366.1
2024-10-21 13:45:00,FLAT,431289119.1022582,431289119.1022582,0.0,0.0,1364.5
2024-10-21 14:00:00,SHORT,431084366.7044268,430900352.24708134,-184014.4573454836,0.0,1365.2
2024-10-21 14:15:00,FLAT,431495692.2470813,431495692.2470813,0.0,0.0,1363.9
2024-10-21 14:30:00,FLAT,431495692.2470813,431495692.2470813,0.0,0.0,1363.6
2024-10-22 09:00:00,FLAT,431495692.2470813,431495692.2470813,0.0,0.0,1360.2
2024-10-22 09:15:00,FLAT,431495692.2470813,431495692.2470813,0.0,0.0,1361.2
2024-10-22 09:30:00,FLAT,431495692.2470813,431495692.2470813,0.0,0.0,1360.9
2024-10-22 09:45:00,FLAT,431495692.2470813,431495692.2470813,0.0,0.0,1359.8
2024-10-22 10:00:00,FLAT,431495692.2470813,431495692.2470813,0.0,0.0,1360.6
2024-10-22 10:15:00,FLAT,431495692.2470813,431495692.2470813,0.0,0.0,1360.0
2024-10-22 10:30:00,FLAT,431495692.2470813,431495692.2470813,0.0,0.0,1359.5
2024-10-22 10:45:00,FLAT,431495692.2470813,431495692.2470813,0.0,0.0,1360.8
2024-10-22 11:00:00,FLAT,431495692.2470813,431495692.2470813,0.0,0.0,1361.0
2024-10-22 11:15:00,FLAT,431495692.2470813,431495692.2470813,0.0,0.0,1360.7
2024-10-22 13:00:00,FLAT,431495692.2470813,431495692.2470813,0.0,0.0,1359.9
2024-10-22 13:15:00,FLAT,431495692.2470813,431495692.2470813,0.0,0.0,1360.5
2024-10-22 13:30:00,FLAT,431495692.2470813,431495692.2470813,0.0,0.0,1362.3
2024-10-22 13:45:00,FLAT,431495692.2470813,431495692.2470813,0.0,0.0,1362.0
2024-10-22 14:00:00,FLAT,431495692.2470813,431495692.2470813,0.0,0.0,1358.9
2024-10-22 14:15:00,FLAT,431495692.2470813,431495692.2470813,0.0,0.0,1353.2
2024-10-22 14:30:00,FLAT,431495692.2470813,431495692.2470813,0.0,0.0,1353.9
2024-10-23 09:00:00,FLAT,431495692.2470813,431495692.2470813,0.0,0.0,1352.8
2024-10-23 09:15:00,FLAT,431495692.2470813,431495692.2470813,0.0,0.0,1351.1
2024-10-23 09:30:00,FLAT,431495692.2470813,431495692.2470813,0.0,0.0,1352.6
2024-10-23 09:45:00,FLAT,431495692.2470813,431495692.2470813,0.0,0.0,1351.8
2024-10-23 10:00:00,FLAT,431495692.2470813,431495692.2470813,0.0,0.0,1350.7
2024-10-23 10:15:00,FLAT,431495692.2470813,431495692.2470813,0.0,0.0,1348.9
2024-10-23 10:30:00,FLAT,431495692.2470813,431495692.2470813,0.0,0.0,1347.5
2024-10-23 10:45:00,FLAT,431495692.2470813,431495692.2470813,0.0,0.0,1348.4
2024-10-23 11:00:00,FLAT,431495692.2470813,431495692.2470813,0.0,0.0,1348.8
2024-10-23 11:15:00,FLAT,431495692.2470813,431495692.2470813,0.0,0.0,1351.9
2024-10-23 13:00:00,FLAT,431495692.2470813,431495692.2470813,0.0,0.0,1351.5
2024-10-23 13:15:00,FLAT,431495692.2470813,431495692.2470813,0.0,0.0,1351.6
2024-10-23 13:30:00,FLAT,431495692.2470813,431495692.2470813,0.0,0.0,1352.6
2024-10-23 13:45:00,FLAT,431495692.2470813,431495692.2470813,0.0,0.0,1351.8
2024-10-23 14:00:00,FLAT,431495692.2470813,431495692.2470813,0.0,0.0,1351.4
2024-10-23 14:15:00,FLAT,431495692.2470813,431495692.2470813,0.0,0.0,1352.9
2024-10-23 14:30:00,FLAT,431495692.2470813,431495692.2470813,0.0,0.0,1352.6
2024-10-24 09:00:00,FLAT,431495692.2470813,431495692.2470813,0.0,0.0,1352.0
2024-10-24 09:15:00,FLAT,431495692.2470813,431495692.2470813,0.0,0.0,1353.4
2024-10-24 09:30:00,FLAT,431495692.2470813,431495692.2470813,0.0,0.0,1353.8
2024-10-24 09:45:00,FLAT,431495692.2470813,431495692.2470813,0.0,0.0,1352.7
2024-10-24 10:00:00,FLAT,431495692.2470813,431495692.2470813,0.0,0.0,1352.1
2024-10-24 10:15:00,FLAT,431495692.2470813,431495692.2470813,0.0,0.0,1352.2
2024-10-24 10:30:00,FLAT,431495692.2470813,431495692.2470813,0.0,0.0,1350.0
2024-10-24 10:45:00,FLAT,431495692.2470813,431495692.2470813,0.0,0.0,1350.2
2024-10-24 11:00:00,FLAT,431495692.2470813,431495692.2470813,0.0,0.0,1349.3
2024-10-24 11:15:00,FLAT,431495692.2470813,431495692.2470813,0.0,0.0,1349.4
2024-10-24 13:00:00,FLAT,431495692.2470813,431495692.2470813,0.0,0.0,1349.7
2024-10-24 13:15:00,FLAT,431495692.2470813,431495692.2470813,0.0,0.0,1346.3
2024-10-24 13:30:00,SHORT,431293755.4810216,432038862.5455263,745107.0645047366,0.0,1345.5
2024-10-24 13:45:00,SHORT,431293755.4810216,430638862.5455262,-654892.9354953544,0.0,1346.9
2024-10-24 14:00:00,FLAT,428836587.5455263,428836587.5455263,0.0,0.0,1342.0
2024-10-24 14:15:00,FLAT,428836587.5455263,428836587.5455263,0.0,0.0,1337.0
2024-10-24 14:30:00,FLAT,428836587.5455263,428836587.5455263,0.0,0.0,1338.0
2024-10-25 09:00:00,FLAT,428836587.5455263,428836587.5455263,0.0,0.0,1338.4
2024-10-25 09:15:00,FLAT,428836587.5455263,428836587.5455263,0.0,0.0,1337.7
2024-10-25 09:30:00,FLAT,428836587.5455263,428836587.5455263,0.0,0.0,1335.5
2024-10-25 09:45:00,SHORT,428636261.9387953,426340306.8119551,-2295955.1268402264,0.0,1337.8
2024-10-25 10:00:00,FLAT,425939606.81195503,425939606.81195503,0.0,0.0,1337.0
2024-10-25 10:15:00,FLAT,425939606.81195503,425939606.81195503,0.0,0.0,1338.1
2024-10-25 10:30:00,FLAT,425939606.81195503,425939606.81195503,0.0,0.0,1335.7
2024-10-25 10:45:00,FLAT,425939606.81195503,425939606.81195503,0.0,0.0,1333.9
2024-10-25 11:00:00,SHORT,425739276.64136577,425173747.2363453,-565529.4050204703,0.0,1336.1
2024-10-25 11:15:00,SHORT,425739276.64136577,425373747.2363451,-365529.4050206521,0.0,1335.9
2024-10-25 13:00:00,SHORT,425739276.64136577,426073747.2363452,334470.59497939335,0.0,1335.2
2024-10-25 13:15:00,SHORT,425739276.64136577,427473747.23634523,1734470.5949794843,0.0,1333.8
2024-10-25 13:30:00,SHORT,425739276.64136577,427673747.2363453,1934470.5949795297,0.0,1333.6
2024-10-25 13:45:00,SHORT,425739276.64136577,426773747.23634523,1034470.5949794388,0.0,1334.5
2024-10-25 14:00:00,SHORT,425739276.64136577,428773747.23634523,3034470.594979439,0.0,1332.5
2024-10-25 14:15:00,FLAT,431174262.2363451,431174262.2363451,0.0,0.0,1329.4
2024-10-25 14:30:00,FLAT,431174262.2363451,431174262.2363451,0.0,0.0,1328.8
2024-10-28 09:00:00,FLAT,431174262.2363451,431174262.2363451,0.0,0.0,1328.8
2024-10-28 09:15:00,FLAT,431174262.2363451,431174262.2363451,0.0,0.0,1329.2
2024-10-28 09:30:00,FLAT,431174262.2363451,431174262.2363451,0.0,0.0,1328.3
2024-10-28 09:45:00,FLAT,431174262.2363451,431174262.2363451,0.0,0.0,1327.7
2024-10-28 10:00:00,FLAT,431174262.2363451,431174262.2363451,0.0,0.0,1327.6
2024-10-28 10:15:00,FLAT,431174262.2363451,431174262.2363451,0.0,0.0,1327.9
2024-10-28 10:30:00,FLAT,431174262.2363451,431174262.2363451,0.0,0.0,1328.4
2024-10-28 10:45:00,FLAT,431174262.2363451,431174262.2363451,0.0,0.0,1330.1
2024-10-28 11:00:00,FLAT,431174262.2363451,431174262.2363451,0.0,0.0,1330.5
2024-10-28 11:15:00,FLAT,431174262.2363451,431174262.2363451,0.0,0.0,1329.7
2024-10-28 13:00:00,FLAT,431174262.2363451,431174262.2363451,0.0,0.0,1329.7
2024-10-28 13:15:00,FLAT,431174262.2363451,431174262.2363451,0.0,0.0,1332.0
2024-10-28 13:30:00,FLAT,431174262.2363451,431174262.2363451,0.0,0.0,1331.2
2024-10-28 13:45:00,FLAT,431174262.2363451,431174262.2363451,0.0,0.0,1329.9
2024-10-28 14:00:00,FLAT,431174262.2363451,431174262.2363451,0.0,0.0,1330.7
2024-10-28 14:15:00,FLAT,431174262.2363451,431174262.2363451,0.0,0.0,1331.2
2024-10-28 14:30:00,FLAT,431174262.2363451,431174262.2363451,0.0,0.0,1331.5
2024-10-29 09:00:00,FLAT,431174262.2363451,431174262.2363451,0.0,0.0,1335.8
2024-10-29 09:15:00,FLAT,431174262.2363451,431174262.2363451,0.0,0.0,1336.0
2024-10-29 09:30:00,FLAT,431174262.2363451,431174262.2363451,0.0,0.0,1337.3
2024-10-29 09:45:00,FLAT,431174262.2363451,431174262.2363451,0.0,0.0,1337.9
2024-10-29 10:00:00,FLAT,431174262.2363451,431174262.2363451,0.0,0.0,1337.9
2024-10-29 10:15:00,FLAT,431174262.2363451,431174262.2363451,0.0,0.0,1337.7
2024-10-29 10:30:00,FLAT,431174262.2363451,431174262.2363451,0.0,0.0,1340.1
2024-10-29 10:45:00,FLAT,431174262.2363451,431174262.2363451,0.0,0.0,1338.0
2024-10-29 11:00:00,FLAT,431174262.2363451,431174262.2363451,0.0,0.0,1337.7
2024-10-29 11:15:00,FLAT,431174262.2363451,431174262.2363451,0.0,0.0,1338.3
2024-10-29 13:00:00,FLAT,431174262.2363451,431174262.2363451,0.0,0.0,1337.5
2024-10-29 13:15:00,FLAT,431174262.2363451,431174262.2363451,0.0,0.0,1336.4
2024-10-29 13:30:00,FLAT,431174262.2363451,431174262.2363451,0.0,0.0,1335.7
2024-10-29 13:45:00,FLAT,431174262.2363451,431174262.2363451,0.0,0.0,1337.2
2024-10-29 14:00:00,FLAT,431174262.2363451,431174262.2363451,0.0,0.0,1338.5
2024-10-29 14:15:00,FLAT,431174262.2363451,431174262.2363451,0.0,0.0,1338.2
2024-10-29 14:30:00,FLAT,431174262.2363451,431174262.2363451,0.0,0.0,1339.8
2024-10-30 09:00:00,FLAT,431174262.2363451,431174262.2363451,0.0,0.0,1340.9
2024-10-30 09:15:00,FLAT,431174262.2363451,431174262.2363451,0.0,0.0,1341.1
2024-10-30 09:30:00,FLAT,431174262.2363451,431174262.2363451,0.0,0.0,1340.1
2024-10-30 09:45:00,FLAT,431174262.2363451,431174262.2363451,0.0,0.0,1339.7
2024-10-30 10:00:00,FLAT,431174262.2363451,431174262.2363451,0.0,0.0,1338.6
2024-10-30 10:15:00,FLAT,431174262.2363451,431174262.2363451,0.0,0.0,1338.0
2024-10-30 10:30:00,FLAT,431174262.2363451,431174262.2363451,0.0,0.0,1337.3
2024-10-30 10:45:00,FLAT,431174262.2363451,431174262.2363451,0.0,0.0,1336.0
2024-10-30 11:00:00,FLAT,431174262.2363451,431174262.2363451,0.0,0.0,1336.0
2024-10-30 11:15:00,FLAT,431174262.2363451,431174262.2363451,0.0,0.0,1333.8
2024-10-30 13:00:00,FLAT,431174262.2363451,431174262.2363451,0.0,0.0,1335.7
2024-10-30 13:15:00,FLAT,431174262.2363451,431174262.2363451,0.0,0.0,1336.2
2024-10-30 13:30:00,FLAT,431174262.2363451,431174262.2363451,0.0,0.0,1336.3
2024-10-30 13:45:00,FLAT,431174262.2363451,431174262.2363451,0.0,0.0,1335.0
2024-10-30 14:00:00,FLAT,431174262.2363451,431174262.2363451,0.0,0.0,1333.5
2024-10-30 14:15:00,FLAT,431174262.2363451,431174262.2363451,0.0,0.0,1336.0
2024-10-30 14:30:00,FLAT,431174262.2363451,431174262.2363451,0.0,0.0,1338.0
2024-10-31 09:00:00,FLAT,431174262.2363451,431174262.2363451,0.0,0.0,1340.0
2024-10-31 09:15:00,FLAT,431174262.2363451,431174262.2363451,0.0,0.0,1337.4
2024-10-31 09:30:00,FLAT,431174262.2363451,431174262.2363451,0.0,0.0,1337.4
2024-10-31 09:45:00,FLAT,431174262.2363451,431174262.2363451,0.0,0.0,1337.6
2024-10-31 10:00:00,FLAT,431174262.2363451,431174262.2363451,0.0,0.0,1335.6
2024-10-31 10:15:00,FLAT,431174262.2363451,431174262.2363451,0.0,0.0,1336.0
2024-10-31 10:30:00,FLAT,431174262.2363451,431174262.2363451,0.0,0.0,1334.9
2024-10-31 10:45:00,FLAT,431174262.2363451,431174262.2363451,0.0,0.0,1336.0
2024-10-31 11:00:00,SHORT,430973786.51424885,429778600.4894752,-1195186.0247736475,0.0,1337.7
2024-10-31 11:15:00,SHORT,430973786.51424885,429978600.48947525,-995186.0247736021,0.0,1337.5
2024-10-31 13:00:00,FLAT,428677810.4894753,428677810.4894753,0.0,0.0,1338.7
2024-10-31 13:15:00,FLAT,428677810.4894753,428677810.4894753,0.0,0.0,1339.6
2024-10-31 13:30:00,FLAT,428677810.4894753,428677810.4894753,0.0,0.0,1342.4
2024-10-31 13:45:00,FLAT,428677810.4894753,428677810.4894753,0.0,0.0,1344.3
2024-10-31 14:00:00,FLAT,428677810.4894753,428677810.4894753,0.0,0.0,1345.9
2024-10-31 14:15:00,FLAT,428677810.4894753,428677810.4894753,0.0,0.0,1342.8
2024-10-31 14:30:00,FLAT,428677810.4894753,428677810.4894753,0.0,0.0,1344.0
2024-11-01 09:00:00,FLAT,428677810.4894753,428677810.4894753,0.0,0.0,1337.5
2024-11-01 09:15:00,FLAT,428677810.4894753,428677810.4894753,0.0,0.0,1338.1
2024-11-01 09:30:00,FLAT,428677810.4894753,428677810.4894753,0.0,0.0,1337.5
2024-11-01 09:45:00,FLAT,428677810.4894753,428677810.4894753,0.0,0.0,1338.1
2024-11-01 10:00:00,FLAT,428677810.4894753,428677810.4894753,0.0,0.0,1338.0
2024-11-01 10:15:00,FLAT,428677810.4894753,428677810.4894753,0.0,0.0,1338.8
2024-11-01 10:30:00,FLAT,428677810.4894753,428677810.4894753,0.0,0.0,1337.3
2024-11-01 10:45:00,FLAT,428677810.4894753,428677810.4894753,0.0,0.0,1337.4
2024-11-01 11:00:00,FLAT,428677810.4894753,428677810.4894753,0.0,0.0,1335.5
2024-11-01 11:15:00,FLAT,428677810.4894753,428677810.4894753,0.0,0.0,1337.4
2024-11-01 13:00:00,FLAT,428677810.4894753,428677810.4894753,0.0,0.0,1336.7
2024-11-01 13:15:00,FLAT,428677810.4894753,428677810.4894753,0.0,0.0,1337.6
2024-11-01 13:30:00,FLAT,428677810.4894753,428677810.4894753,0.0,0.0,1333.9
2024-11-01 13:45:00,FLAT,428677810.4894753,428677810.4894753,0.0,0.0,1333.5
2024-11-01 14:00:00,FLAT,428677810.4894753,428677810.4894753,0.0,0.0,1331.0
2024-11-01 14:15:00,FLAT,428677810.4894753,428677810.4894753,0.0,0.0,1329.7
2024-11-01 14:30:00,FLAT,428677810.4894753,428677810.4894753,0.0,0.0,1326.1
2024-11-04 09:00:00,FLAT,428677810.4894753,428677810.4894753,0.0,0.0,1330.8
2024-11-04 09:15:00,FLAT,428677810.4894753,428677810.4894753,0.0,0.0,1329.4
2024-11-04 09:30:00,FLAT,428677810.4894753,428677810.4894753,0.0,0.0,1327.0
2024-11-04 09:45:00,FLAT,428677810.4894753,428677810.4894753,0.0,0.0,1325.2
2024-11-04 10:00:00,FLAT,428677810.4894753,428677810.4894753,0.0,0.0,1323.7
2024-11-04 10:15:00,FLAT,428677810.4894753,428677810.4894753,0.0,0.0,1323.0
2024-11-04 10:30:00,FLAT,428677810.4894753,428677810.4894753,0.0,0.0,1323.1
2024-11-04 10:45:00,FLAT,428677810.4894753,428677810.4894753,0.0,0.0,1322.0
2024-11-04 11:00:00,FLAT,428677810.4894753,428677810.4894753,0.0,0.0,1322.8
2024-11-04 11:15:00,FLAT,428677810.4894753,428677810.4894753,0.0,0.0,1321.0
2024-11-04 13:00:00,FLAT,428677810.4894753,428677810.4894753,0.0,0.0,1322.1
2024-11-04 13:15:00,FLAT,428677810.4894753,428677810.4894753,0.0,0.0,1320.5
2024-11-04 13:30:00,FLAT,428677810.4894753,428677810.4894753,0.0,0.0,1319.8
2024-11-04 13:45:00,FLAT,428677810.4894753,428677810.4894753,0.0,0.0,1321.4
2024-11-04 14:00:00,FLAT,428677810.4894753,428677810.4894753,0.0,0.0,1321.3
2024-11-04 14:15:00,FLAT,428677810.4894753,428677810.4894753,0.0,0.0,1319.8
2024-11-04 14:30:00,FLAT,428677810.4894753,428677810.4894753,0.0,0.0,1319.6
2024-11-05 09:00:00,FLAT,428677810.4894753,428677810.4894753,0.0,0.0,1318.4
2024-11-05 09:15:00,FLAT,428677810.4894753,428677810.4894753,0.0,0.0,1319.0
2024-11-05 09:30:00,FLAT,428677810.4894753,428677810.4894753,0.0,0.0,1319.4
2024-11-05 09:45:00,FLAT,428677810.4894753,428677810.4894753,0.0,0.0,1318.8
2024-11-05 10:00:00,FLAT,428677810.4894753,428677810.4894753,0.0,0.0,1318.6
2024-11-05 10:15:00,FLAT,428677810.4894753,428677810.4894753,0.0,0.0,1318.5
2024-11-05 10:30:00,FLAT,428677810.4894753,428677810.4894753,0.0,0.0,1319.4
2024-11-05 10:45:00,FLAT,428677810.4894753,428677810.4894753,0.0,0.0,1319.1
2024-11-05 11:00:00,FLAT,428677810.4894753,428677810.4894753,0.0,0.0,1318.9
2024-11-05 11:15:00,FLAT,428677810.4894753,428677810.4894753,0.0,0.0,1318.9
2024-11-05 13:00:00,FLAT,428677810.4894753,428677810.4894753,0.0,0.0,1319.9
2024-11-05 13:15:00,FLAT,428677810.4894753,428677810.4894753,0.0,0.0,1322.8
2024-11-05 13:30:00,FLAT,428677810.4894753,428677810.4894753,0.0,0.0,1322.5
2024-11-05 13:45:00,FLAT,428677810.4894753,428677810.4894753,0.0,0.0,1320.8
2024-11-05 14:00:00,FLAT,428677810.4894753,428677810.4894753,0.0,0.0,1319.5
2024-11-05 14:15:00,FLAT,428677810.4894753,428677810.4894753,0.0,0.0,1320.1
2024-11-05 14:30:00,FLAT,428677810.4894753,428677810.4894753,0.0,0.0,1319.5
2024-11-06 09:00:00,FLAT,428677810.4894753,428677810.4894753,0.0,0.0,1326.7
2024-11-06 09:15:00,FLAT,428677810.4894753,428677810.4894753,0.0,0.0,1326.6
2024-11-06 09:30:00,FLAT,428677810.4894753,428677810.4894753,0.0,0.0,1328.0
2024-11-06 09:45:00,FLAT,428677810.4894753,428677810.4894753,0.0,0.0,1326.4
2024-11-06 10:00:00,FLAT,428677810.4894753,428677810.4894753,0.0,0.0,1326.5
2024-11-06 10:15:00,FLAT,428677810.4894753,428677810.4894753,0.0,0.0,1326.8
2024-11-06 10:30:00,FLAT,428677810.4894753,428677810.4894753,0.0,0.0,1325.5
2024-11-06 10:45:00,FLAT,428677810.4894753,428677810.4894753,0.0,0.0,1326.0
2024-11-06 11:00:00,FLAT,428677810.4894753,428677810.4894753,0.0,0.0,1327.0
2024-11-06 11:15:00,FLAT,428677810.4894753,428677810.4894753,0.0,0.0,1326.8
2024-11-06 13:00:00,FLAT,428677810.4894753,428677810.4894753,0.0,0.0,1328.5
2024-11-06 13:15:00,FLAT,428677810.4894753,428677810.4894753,0.0,0.0,1331.0
2024-11-06 13:30:00,FLAT,428677810.4894753,428677810.4894753,0.0,0.0,1331.5
2024-11-06 13:45:00,FLAT,428677810.4894753,428677810.4894753,0.0,0.0,1336.2
2024-11-06 14:00:00,FLAT,428677810.4894753,428677810.4894753,0.0,0.0,1339.8
2024-11-06 14:15:00,FLAT,428677810.4894753,428677810.4894753,0.0,0.0,1339.6
2024-11-06 14:30:00,FLAT,428677810.4894753,428677810.4894753,0.0,0.0,1340.5
2024-11-07 09:00:00,FLAT,428677810.4894753,428677810.4894753,0.0,0.0,1343.3
2024-11-07 09:15:00,FLAT,428677810.4894753,428677810.4894753,0.0,0.0,1340.8
2024-11-07 09:30:00,FLAT,428677810.4894753,428677810.4894753,0.0,0.0,1336.4
2024-11-07 09:45:00,FLAT,428677810.4894753,428677810.4894753,0.0,0.0,1337.0
2024-11-07 10:00:00,FLAT,428677810.4894753,428677810.4894753,0.0,0.0,1338.0
2024-11-07 10:15:00,FLAT,428677810.4894753,428677810.4894753,0.0,0.0,1338.6
2024-11-07 10:30:00,SHORT,428476902.37043923,428164362.61082083,-312539.759618403,0.0,1339.7
2024-11-07 10:45:00,SHORT,428476902.37043923,428664362.61082083,187460.24038159702,0.0,1339.2
2024-11-07 11:00:00,SHORT,428476902.37043923,430264362.61082095,1787460.2403817335,0.0,1337.6
2024-11-07 11:15:00,SHORT,428476902.37043923,429764362.61082095,1287460.2403817335,0.0,1338.1
2024-11-07 13:00:00,SHORT,428476902.37043923,427864362.6108209,-612539.7596183575,0.0,1340.0
2024-11-07 13:15:00,FLAT,425863092.6108209,425863092.6108209,0.0,0.0,1340.4
2024-11-07 13:30:00,FLAT,425863092.6108209,425863092.6108209,0.0,0.0,1337.5
2024-11-07 13:45:00,FLAT,425863092.6108209,425863092.6108209,0.0,0.0,1337.8
2024-11-07 14:00:00,FLAT,425863092.6108209,425863092.6108209,0.0,0.0,1338.2
2024-11-07 14:15:00,FLAT,425863092.6108209,425863092.6108209,0.0,0.0,1334.3
2024-11-07 14:30:00,FLAT,425863092.6108209,425863092.6108209,0.0,0.0,1335.9
2024-11-08 09:00:00,FLAT,425863092.6108209,425863092.6108209,0.0,0.0,1339.5
2024-11-08 09:15:00,FLAT,425863092.6108209,425863092.6108209,0.0,0.0,1339.1
2024-11-08 09:30:00,FLAT,425863092.6108209,425863092.6108209,0.0,0.0,1337.3
2024-11-08 09:45:00,FLAT,425863092.6108209,425863092.6108209,0.0,0.0,1335.6
2024-11-08 10:00:00,FLAT,425863092.6108209,425863092.6108209,0.0,0.0,1335.5
2024-11-08 10:15:00,FLAT,425863092.6108209,425863092.6108209,0.0,0.0,1332.7
2024-11-08 10:30:00,FLAT,425863092.6108209,425863092.6108209,0.0,0.0,1332.3
2024-11-08 10:45:00,FLAT,425863092.6108209,425863092.6108209,0.0,0.0,1331.5
2024-11-08 11:00:00,FLAT,425863092.6108209,425863092.6108209,0.0,0.0,1329.0
2024-11-08 11:15:00,FLAT,425863092.6108209,425863092.6108209,0.0,0.0,1327.2
2024-11-08 13:00:00,FLAT,425863092.6108209,425863092.6108209,0.0,0.0,1327.8
2024-11-08 13:15:00,FLAT,425863092.6108209,425863092.6108209,0.0,0.0,1327.8
2024-11-08 13:30:00,FLAT,425863092.6108209,425863092.6108209,0.0,0.0,1328.7
2024-11-08 13:45:00,FLAT,425863092.6108209,425863092.6108209,0.0,0.0,1323.0
2024-11-08 14:00:00,SHORT,425664607.4487232,427899021.433501,2234413.9847778026,0.0,1321.0
2024-11-08 14:15:00,FLAT,423200196.433501,423200196.433501,0.0,0.0,1325.0
2024-11-08 14:30:00,FLAT,423200196.433501,423200196.433501,0.0,0.0,1325.4
2024-11-11 09:00:00,FLAT,423200196.433501,423200196.433501,0.0,0.0,1321.9
2024-11-11 09:15:00,FLAT,423200196.433501,423200196.433501,0.0,0.0,1318.6
2024-11-11 09:30:00,FLAT,423200196.433501,423200196.433501,0.0,0.0,1319.1
2024-11-11 09:45:00,FLAT,423200196.433501,423200196.433501,0.0,0.0,1318.9
2024-11-11 10:00:00,FLAT,423200196.433501,423200196.433501,0.0,0.0,1319.0
2024-11-11 10:15:00,FLAT,423200196.433501,423200196.433501,0.0,0.0,1313.7
2024-11-11 10:30:00,FLAT,423200196.433501,423200196.433501,0.0,0.0,1308.2
2024-11-11 10:45:00,FLAT,423200196.433501,423200196.433501,0.0,0.0,1309.6
2024-11-11 11:00:00,FLAT,423200196.433501,423200196.433501,0.0,0.0,1309.7
2024-11-11 11:15:00,FLAT,423200196.433501,423200196.433501,0.0,0.0,1312.6
2024-11-11 13:00:00,FLAT,423200196.433501,423200196.433501,0.0,0.0,1310.7
2024-11-11 13:15:00,FLAT,423200196.433501,423200196.433501,0.0,0.0,1307.5
2024-11-11 13:30:00,FLAT,423200196.433501,423200196.433501,0.0,0.0,1307.5
2024-11-11 13:45:00,FLAT,423200196.433501,423200196.433501,0.0,0.0,1312.4
2024-11-11 14:00:00,FLAT,423200196.433501,423200196.433501,0.0,0.0,1314.6
2024-11-11 14:15:00,FLAT,423200196.433501,423200196.433501,0.0,0.0,1317.7
2024-11-11 14:30:00,FLAT,423200196.433501,423200196.433501,0.0,0.0,1319.2
2024-11-12 09:00:00,FLAT,423200196.433501,423200196.433501,0.0,0.0,1320.8
2024-11-12 09:15:00,FLAT,423200196.433501,423200196.433501,0.0,0.0,1319.6
2024-11-12 09:30:00,FLAT,423200196.433501,423200196.433501,0.0,0.0,1321.5
2024-11-12 09:45:00,FLAT,423200196.433501,423200196.433501,0.0,0.0,1319.7
2024-11-12 10:00:00,FLAT,423200196.433501,423200196.433501,0.0,0.0,1318.1
2024-11-12 10:15:00,FLAT,423200196.433501,423200196.433501,0.0,0.0,1317.0
2024-11-12 10:30:00,SHORT,423002682.71981585,422360773.95420545,-641908.7656104239,0.0,1317.4
2024-11-12 10:45:00,SHORT,423002682.71981585,423260773.9542055,258091.23438966708,0.0,1316.5
2024-11-12 11:00:00,SHORT,423002682.71981585,425260773.9542055,2258091.234389667,0.0,1314.5
2024-11-12 11:15:00,SHORT,423002682.71981585,428360773.95420545,5358091.234389576,0.0,1311.4
2024-11-12 13:00:00,SHORT,423002682.71981585,431460773.9542056,8458091.234389713,0.0,1308.3
2024-11-12 13:15:00,FLAT,433681785.6869094,433681785.6869094,0.0,0.0,1307.5
2024-11-12 13:30:00,FLAT,433681785.6869094,433681785.6869094,0.0,0.0,1304.6
2024-11-12 13:45:00,FLAT,433681785.6869094,433681785.6869094,0.0,0.0,1307.7
2024-11-12 14:00:00,FLAT,433681785.6869094,433681785.6869094,0.0,0.0,1306.2
2024-11-12 14:15:00,FLAT,433681785.6869094,433681785.6869094,0.0,0.0,1308.7
2024-11-12 14:30:00,FLAT,433681785.6869094,433681785.6869094,0.0,0.0,1308.7
2024-11-13 09:00:00,FLAT,433681785.6869094,433681785.6869094,0.0,0.0,1304.5
2024-11-13 09:15:00,FLAT,433681785.6869094,433681785.6869094,0.0,0.0,1306.0
2024-11-13 09:30:00,FLAT,433681785.6869094,433681785.6869094,0.0,0.0,1308.3
2024-11-13 09:45:00,FLAT,433681785.6869094,433681785.6869094,0.0,0.0,1308.9
2024-11-13 10:00:00,FLAT,433681785.6869094,433681785.6869094,0.0,0.0,1306.0
2024-11-13 10:15:00,FLAT,433681785.6869094,433681785.6869094,0.0,0.0,1303.1
2024-11-13 10:30:00,FLAT,433681785.6869094,433681785.6869094,0.0,0.0,1303.5
2024-11-13 10:45:00,FLAT,433681785.6869094,433681785.6869094,0.0,0.0,1303.5
2024-11-13 11:00:00,FLAT,433681785.6869094,433681785.6869094,0.0,0.0,1300.9
2024-11-13 11:15:00,FLAT,433681785.6869094,433681785.6869094,0.0,0.0,1300.0
2024-11-13 13:00:00,FLAT,433681785.6869094,433681785.6869094,0.0,0.0,1299.7
2024-11-13 13:15:00,FLAT,433681785.6869094,433681785.6869094,0.0,0.0,1300.7
2024-11-13 13:30:00,FLAT,433681785.6869094,433681785.6869094,0.0,0.0,1302.9
2024-11-13 13:45:00,FLAT,433681785.6869094,433681785.6869094,0.0,0.0,1305.0
2024-11-13 14:00:00,FLAT,433681785.6869094,433681785.6869094,0.0,0.0,1308.3
2024-11-13 14:15:00,FLAT,433681785.6869094,433681785.6869094,0.0,0.0,1313.1
2024-11-13 14:30:00,FLAT,433681785.6869094,433681785.6869094,0.0,0.0,1310.0
2024-11-14 09:00:00,FLAT,433681785.6869094,433681785.6869094,0.0,0.0,1303.3
2024-11-14 09:15:00,FLAT,433681785.6869094,433681785.6869094,0.0,0.0,1303.6
2024-11-14 09:30:00,FLAT,433681785.6869094,433681785.6869094,0.0,0.0,1302.4
2024-11-14 09:45:00,FLAT,433681785.6869094,433681785.6869094,0.0,0.0,1304.5
2024-11-14 10:00:00,FLAT,433681785.6869094,433681785.6869094,0.0,0.0,1308.9
2024-11-14 10:15:00,FLAT,433681785.6869094,433681785.6869094,0.0,0.0,1307.0
2024-11-14 10:30:00,FLAT,433681785.6869094,433681785.6869094,0.0,0.0,1306.2
2024-11-14 10:45:00,FLAT,433681785.6869094,433681785.6869094,0.0,0.0,1303.8
2024-11-14 11:00:00,FLAT,433681785.6869094,433681785.6869094,0.0,0.0,1303.9
2024-11-14 11:15:00,FLAT,433681785.6869094,433681785.6869094,0.0,0.0,1303.9
2024-11-14 13:00:00,FLAT,433681785.6869094,433681785.6869094,0.0,0.0,1305.6
2024-11-14 13:15:00,FLAT,433681785.6869094,433681785.6869094,0.0,0.0,1301.4
2024-11-14 13:30:00,FLAT,433681785.6869094,433681785.6869094,0.0,0.0,1299.8
2024-11-14 13:45:00,FLAT,430203175.6204507,430203175.6204507,0.0,0.0,1299.6
2024-11-14 14:00:00,SHORT,430008175.9512274,431505970.7728737,1497794.8216462664,0.0,1298.5
2024-11-14 14:15:00,FLAT,434211630.77287376,434211630.77287376,0.0,0.0,1295.1
2024-11-14 14:30:00,FLAT,434211630.77287376,434211630.77287376,0.0,0.0,1295.1
2024-11-15 09:00:00,FLAT,434211630.77287376,434211630.77287376,0.0,0.0,1289.2
2024-11-15 09:15:00,FLAT,434211630.77287376,434211630.77287376,0.0,0.0,1289.3
2024-11-15 09:30:00,FLAT,434211630.77287376,434211630.77287376,0.0,0.0,1287.5
2024-11-15 09:45:00,FLAT,434211630.77287376,434211630.77287376,0.0,0.0,1286.3
2024-11-15 10:00:00,FLAT,434211630.77287376,434211630.77287376,0.0,0.0,1287.2
2024-11-15 10:15:00,FLAT,434211630.77287376,434211630.77287376,0.0,0.0,1286.2
2024-11-15 10:30:00,SHORT,434018760.77287376,436118760.77287364,2099999.999999909,0.0,1283.7
2024-11-15 10:45:00,SHORT,434018760.77287376,436518760.77287376,2500000.0,0.0,1283.3
2024-11-15 11:00:00,SHORT,434018760.77287376,439718760.7728738,5700000.000000046,0.0,1280.1
2024-11-15 11:15:00,SHORT,434018760.77287376,438218760.7728738,4200000.000000046,0.0,1281.6
2024-11-15 13:00:00,SHORT,434018760.77287376,436918760.77287364,2899999.9999998636,0.0,1282.9
2024-11-15 13:15:00,SHORT,434018760.77287376,435118760.77287364,1099999.999999909,0.0,1284.7
2024-11-15 13:30:00,SHORT,434018760.77287376,437218760.7728738,3200000.0000000456,0.0,1282.6
2024-11-15 13:45:00,SHORT,434018760.77287376,435018760.77287376,1000000.0,0.0,1284.8
2024-11-15 14:00:00,SHORT,434018760.77287376,438018760.77287376,4000000.0,0.0,1281.8
2024-11-15 14:15:00,FLAT,438726625.77287364,438726625.77287364,0.0,0.0,1280.4
2024-11-15 14:30:00,FLAT,438726625.77287364,438726625.77287364,0.0,0.0,1281.0
2024-11-18 09:00:00,FLAT,438726625.77287364,438726625.77287364,0.0,0.0,1274.0
2024-11-18 09:15:00,FLAT,438726625.77287364,438726625.77287364,0.0,0.0,1272.7
2024-11-18 09:30:00,FLAT,438726625.77287364,438726625.77287364,0.0,0.0,1270.1
2024-11-18 09:45:00,FLAT,438726625.77287364,438726625.77287364,0.0,0.0,1270.3
2024-11-18 10:00:00,FLAT,438726625.77287364,438726625.77287364,0.0,0.0,1270.8
2024-11-18 10:15:00,FLAT,438726625.77287364,438726625.77287364,0.0,0.0,1266.6
2024-11-18 10:30:00,FLAT,438726625.77287364,438726625.77287364,0.0,0.0,1265.3
2024-11-18 10:45:00,FLAT,438726625.77287364,438726625.77287364,0.0,0.0,1267.2
2024-11-18 11:00:00,FLAT,438726625.77287364,438726625.77287364,0.0,0.0,1265.0
2024-11-18 11:15:00,FLAT,438726625.77287364,438726625.77287364,0.0,0.0,1262.8
2024-11-18 13:00:00,FLAT,438726625.77287364,438726625.77287364,0.0,0.0,1263.4
2024-11-18 13:15:00,FLAT,438726625.77287364,438726625.77287364,0.0,0.0,1267.2
2024-11-18 13:30:00,FLAT,438726625.77287364,438726625.77287364,0.0,0.0,1267.6
2024-11-18 13:45:00,FLAT,438726625.77287364,438726625.77287364,0.0,0.0,1271.7
2024-11-18 14:00:00,FLAT,438726625.77287364,438726625.77287364,0.0,0.0,1274.4
2024-11-18 14:15:00,FLAT,438726625.77287364,438726625.77287364,0.0,0.0,1274.5
2024-11-18 14:30:00,FLAT,438726625.77287364,438726625.77287364,0.0,0.0,1275.0
2024-11-19 09:00:00,FLAT,438726625.77287364,438726625.77287364,0.0,0.0,1273.9
2024-11-19 09:15:00,FLAT,438726625.77287364,438726625.77287364,0.0,0.0,1267.9
2024-11-19 09:30:00,FLAT,438726625.77287364,438726625.77287364,0.0,0.0,1267.5
2024-11-19 09:45:00,FLAT,438726625.77287364,438726625.77287364,0.0,0.0,1264.6
2024-11-19 10:00:00,FLAT,438726625.77287364,438726625.77287364,0.0,0.0,1266.9
2024-11-19 10:15:00,FLAT,438726625.77287364,438726625.77287364,0.0,0.0,1265.1
2024-11-19 10:30:00,FLAT,438726625.77287364,438726625.77287364,0.0,0.0,1264.7
2024-11-19 10:45:00,FLAT,438726625.77287364,438726625.77287364,0.0,0.0,1267.4
2024-11-19 11:00:00,FLAT,438726625.77287364,438726625.77287364,0.0,0.0,1267.3
2024-11-19 11:15:00,FLAT,438726625.77287364,438726625.77287364,0.0,0.0,1270.4
2024-11-19 13:00:00,FLAT,438726625.77287364,438726625.77287364,0.0,0.0,1267.8
2024-11-19 13:15:00,FLAT,438726625.77287364,438726625.77287364,0.0,0.0,1270.3
2024-11-19 13:30:00,FLAT,438726625.77287364,438726625.77287364,0.0,0.0,1266.5
2024-11-19 13:45:00,FLAT,438726625.77287364,438726625.77287364,0.0,0.0,1264.7
2024-11-19 14:00:00,FLAT,435207124.39680225,435207124.39680225,0.0,0.0,1269.1
2024-11-19 14:15:00,FLAT,435207124.39680225,435207124.39680225,0.0,0.0,1263.0
2024-11-19 14:30:00,FLAT,435207124.39680225,435207124.39680225,0.0,0.0,1264.0
2024-11-20 09:00:00,FLAT,435207124.39680225,435207124.39680225,0.0,0.0,1257.2
2024-11-20 09:15:00,FLAT,435207124.39680225,435207124.39680225,0.0,0.0,1258.1
2024-11-20 09:30:00,FLAT,435207124.39680225,435207124.39680225,0.0,0.0,1254.8
2024-11-20 09:45:00,FLAT,435207124.39680225,435207124.39680225,0.0,0.0,1258.7
2024-11-20 10:00:00,FLAT,435207124.39680225,435207124.39680225,0.0,0.0,1259.3
2024-11-20 10:15:00,FLAT,435207124.39680225,435207124.39680225,0.0,0.0,1258.9
2024-11-20 10:30:00,FLAT,435207124.39680225,435207124.39680225,0.0,0.0,1268.4
2024-11-20 10:45:00,FLAT,435207124.39680225,435207124.39680225,0.0,0.0,1267.8
2024-11-20 11:00:00,FLAT,435207124.39680225,435207124.39680225,0.0,0.0,1272.0
2024-11-20 11:15:00,FLAT,435207124.39680225,435207124.39680225,0.0,0.0,1272.2
2024-11-20 13:00:00,FLAT,435207124.39680225,435207124.39680225,0.0,0.0,1274.5
2024-11-20 13:15:00,FLAT,435207124.39680225,435207124.39680225,0.0,0.0,1276.6
2024-11-20 13:30:00,FLAT,435207124.39680225,435207124.39680225,0.0,0.0,1277.2
2024-11-20 13:45:00,FLAT,435207124.39680225,435207124.39680225,0.0,0.0,1276.0
2024-11-20 14:00:00,FLAT,435207124.39680225,435207124.39680225,0.0,0.0,1274.3
2024-11-20 14:15:00,FLAT,435207124.39680225,435207124.39680225,0.0,0.0,1267.2
2024-11-20 14:30:00,FLAT,435207124.39680225,435207124.39680225,0.0,0.0,1268.5
2024-11-21 09:00:00,FLAT,435207124.39680225,435207124.39680225,0.0,0.0,1268.4
2024-11-21 09:15:00,FLAT,435207124.39680225,435207124.39680225,0.0,0.0,1268.8
2024-11-21 09:30:00,FLAT,435207124.39680225,435207124.39680225,0.0,0.0,1266.4
2024-11-21 09:45:00,FLAT,435207124.39680225,435207124.39680225,0.0,0.0,1266.7
2024-11-21 10:00:00,FLAT,435207124.39680225,435207124.39680225,0.0,0.0,1265.4
2024-11-21 10:15:00,FLAT,435207124.39680225,435207124.39680225,0.0,0.0,1267.5
2024-11-21 10:30:00,FLAT,435207124.39680225,435207124.39680225,0.0,0.0,1269.2
2024-11-21 10:45:00,FLAT,435207124.39680225,435207124.39680225,0.0,0.0,1269.5
2024-11-21 11:00:00,FLAT,435207124.39680225,435207124.39680225,0.0,0.0,1267.9
2024-11-21 11:15:00,FLAT,435207124.39680225,435207124.39680225,0.0,0.0,1270.0
2024-11-21 13:00:00,FLAT,435207124.39680225,435207124.39680225,0.0,0.0,1273.7
2024-11-21 13:15:00,FLAT,435207124.39680225,435207124.39680225,0.0,0.0,1276.2
2024-11-21 13:30:00,FLAT,435207124.39680225,435207124.39680225,0.0,0.0,1275.0
2024-11-21 13:45:00,FLAT,435207124.39680225,435207124.39680225,0.0,0.0,1276.1
2024-11-21 14:00:00,FLAT,435207124.39680225,435207124.39680225,0.0,0.0,1279.3
2024-11-21 14:15:00,FLAT,435207124.39680225,435207124.39680225,0.0,0.0,1281.1
2024-11-21 14:30:00,FLAT,435207124.39680225,435207124.39680225,0.0,0.0,1281.1
2024-11-22 09:00:00,FLAT,435207124.39680225,435207124.39680225,0.0,0.0,1296.7
2024-11-22 09:15:00,FLAT,435207124.39680225,435207124.39680225,0.0,0.0,1296.5
2024-11-22 09:30:00,FLAT,435207124.39680225,435207124.39680225,0.0,0.0,1296.7
2024-11-22 09:45:00,FLAT,435207124.39680225,435207124.39680225,0.0,0.0,1293.7
2024-11-22 10:00:00,FLAT,435207124.39680225,435207124.39680225,0.0,0.0,1294.9
2024-11-22 10:15:00,FLAT,435207124.39680225,435207124.39680225,0.0,0.0,1292.3
2024-11-22 10:30:00,FLAT,435207124.39680225,435207124.39680225,0.0,0.0,1292.9
2024-11-22 10:45:00,FLAT,435207124.39680225,435207124.39680225,0.0,0.0,1295.7
2024-11-22 11:00:00,FLAT,435207124.39680225,435207124.39680225,0.0,0.0,1296.9
2024-11-22 11:15:00,FLAT,435207124.39680225,435207124.39680225,0.0,0.0,1297.7
2024-11-22 13:00:00,FLAT,435207124.39680225,435207124.39680225,0.0,0.0,1296.8
2024-11-22 13:15:00,FLAT,435207124.39680225,435207124.39680225,0.0,0.0,1299.7
2024-11-22 13:30:00,FLAT,435207124.39680225,435207124.39680225,0.0,0.0,1299.8
2024-11-22 13:45:00,FLAT,435207124.39680225,435207124.39680225,0.0,0.0,1294.7
2024-11-22 14:00:00,FLAT,435207124.39680225,435207124.39680225,0.0,0.0,1295.7
2024-11-22 14:15:00,FLAT,435207124.39680225,435207124.39680225,0.0,0.0,1294.8
2024-11-22 14:30:00,FLAT,435207124.39680225,435207124.39680225,0.0,0.0,1297.0
2024-11-25 09:00:00,FLAT,435207124.39680225,435207124.39680225,0.0,0.0,1297.8
2024-11-25 09:15:00,FLAT,435207124.39680225,435207124.39680225,0.0,0.0,1297.2
2024-11-25 09:30:00,FLAT,435207124.39680225,435207124.39680225,0.0,0.0,1295.9
2024-11-25 09:45:00,FLAT,435207124.39680225,435207124.39680225,0.0,0.0,1294.9
2024-11-25 10:00:00,FLAT,435207124.39680225,435207124.39680225,0.0,0.0,1296.6
2024-11-25 10:15:00,FLAT,435207124.39680225,435207124.39680225,0.0,0.0,1297.7
2024-11-25 10:30:00,FLAT,435207124.39680225,435207124.39680225,0.0,0.0,1298.1
2024-11-25 10:45:00,FLAT,435207124.39680225,435207124.39680225,0.0,0.0,1296.8
2024-11-25 11:00:00,FLAT,435207124.39680225,435207124.39680225,0.0,0.0,1298.9
2024-11-25 11:15:00,FLAT,435207124.39680225,435207124.39680225,0.0,0.0,1297.1
2024-11-25 13:00:00,FLAT,435207124.39680225,435207124.39680225,0.0,0.0,1297.8
2024-11-25 13:15:00,FLAT,435207124.39680225,435207124.39680225,0.0,0.0,1296.0
2024-11-25 13:30:00,FLAT,435207124.39680225,435207124.39680225,0.0,0.0,1297.4
2024-11-25 13:45:00,FLAT,435207124.39680225,435207124.39680225,0.0,0.0,1299.6
2024-11-25 14:00:00,FLAT,435207124.39680225,435207124.39680225,0.0,0.0,1296.7
2024-11-25 14:15:00,FLAT,435207124.39680225,435207124.39680225,0.0,0.0,1296.9
2024-11-25 14:30:00,FLAT,435207124.39680225,435207124.39680225,0.0,0.0,1296.0
2024-11-26 09:00:00,FLAT,435207124.39680225,435207124.39680225,0.0,0.0,1301.3
2024-11-26 09:15:00,FLAT,435207124.39680225,435207124.39680225,0.0,0.0,1305.2
2024-11-26 09:30:00,LONG,435011455.2125097,435650226.5955585,638771.3830488337,0.0,1305.1
2024-11-26 09:45:00,LONG,435011455.2125097,435050226.59555864,38771.38304892469,0.0,1304.5
2024-11-26 10:00:00,LONG,435011455.2125097,438750226.59555864,3738771.3830489703,0.0,1308.2
2024-11-26 10:15:00,LONG,435011455.2125097,439650226.5955585,4638771.383048833,0.0,1309.1
2024-11-26 10:30:00,LONG,435011455.2125097,441350226.5955586,6338771.383048879,0.0,1310.8
2024-11-26 10:45:00,LONG,435011455.2125097,440250226.59555864,5238771.38304897,0.0,1309.7
2024-11-26 11:00:00,LONG,435011455.2125097,439550226.59555864,4538771.383048925,0.0,1309.0
2024-11-26 11:15:00,LONG,435011455.2125097,440850226.5955586,5838771.383048879,0.0,1310.3
2024-11-26 13:00:00,LONG,435011455.2125097,439950226.5955587,4938771.383049016,0.0,1309.4
2024-11-26 13:15:00,LONG,435011455.2125097,440650226.5955585,5638771.383048833,0.0,1310.1
2024-11-26 13:30:00,LONG,435011455.2125097,439550226.59555864,4538771.383048925,0.0,1309.0
2024-11-26 13:45:00,LONG,435011455.2125097,438350226.5955586,3338771.383048879,0.0,1307.8
2024-11-26 14:00:00,LONG,435011455.2125097,439050226.59555864,4038771.3830489246,0.0,1308.5
2024-11-26 14:15:00,FLAT,438953936.5955585,438953936.5955585,0.0,0.0,1309.1
2024-11-26 14:30:00,FLAT,438953936.5955585,438953936.5955585,0.0,0.0,1310.0
2024-11-27 09:00:00,FLAT,438953936.5955585,438953936.5955585,0.0,0.0,1305.3
2024-11-27 09:15:00,FLAT,438953936.5955585,438953936.5955585,0.0,0.0,1305.8
2024-11-27 09:30:00,FLAT,438953936.5955585,438953936.5955585,0.0,0.0,1307.8
2024-11-27 09:45:00,FLAT,438953936.5955585,438953936.5955585,0.0,0.0,1308.0
2024-11-27 10:00:00,FLAT,438953936.5955585,438953936.5955585,0.0,0.0,1307.7
2024-11-27 10:15:00,FLAT,438953936.5955585,438953936.5955585,0.0,0.0,1306.8
2024-11-27 10:30:00,FLAT,438953936.5955585,438953936.5955585,0.0,0.0,1306.8
2024-11-27 10:45:00,FLAT,438953936.5955585,438953936.5955585,0.0,0.0,1306.3
2024-11-27 11:00:00,FLAT,438953936.5955585,438953936.5955585,0.0,0.0,1306.2
2024-11-27 11:15:00,FLAT,438953936.5955585,438953936.5955585,0.0,0.0,1307.1
2024-11-27 13:00:00,FLAT,438953936.5955585,438953936.5955585,0.0,0.0,1307.2
2024-11-27 13:15:00,FLAT,438953936.5955585,438953936.5955585,0.0,0.0,1308.0
2024-11-27 13:30:00,FLAT,438953936.5955585,438953936.5955585,0.0,0.0,1307.2
2024-11-27 13:45:00,FLAT,438953936.5955585,438953936.5955585,0.0,0.0,1308.1
2024-11-27 14:00:00,FLAT,438953936.5955585,438953936.5955585,0.0,0.0,1307.7
2024-11-27 14:15:00,FLAT,438953936.5955585,438953936.5955585,0.0,0.0,1307.4
2024-11-27 14:30:00,FLAT,438953936.5955585,438953936.5955585,0.0,0.0,1307.8
2024-11-28 09:00:00,FLAT,438953936.5955585,438953936.5955585,0.0,0.0,1316.2
2024-11-28 09:15:00,FLAT,438953936.5955585,438953936.5955585,0.0,0.0,1316.4
2024-11-28 09:30:00,FLAT,438953936.5955585,438953936.5955585,0.0,0.0,1317.6
2024-11-28 09:45:00,FLAT,438953936.5955585,438953936.5955585,0.0,0.0,1316.9
2024-11-28 10:00:00,FLAT,438953936.5955585,438953936.5955585,0.0,0.0,1316.2
2024-11-28 10:15:00,FLAT,438953936.5955585,438953936.5955585,0.0,0.0,1314.8
2024-11-28 10:30:00,FLAT,438953936.5955585,438953936.5955585,0.0,0.0,1312.5
2024-11-28 10:45:00,FLAT,438953936.5955585,438953936.5955585,0.0,0.0,1310.8
2024-11-28 11:00:00,FLAT,438953936.5955585,438953936.5955585,0.0,0.0,1310.5
2024-11-28 11:15:00,FLAT,438953936.5955585,438953936.5955585,0.0,0.0,1310.1
2024-11-28 13:00:00,FLAT,438953936.5955585,438953936.5955585,0.0,0.0,1310.3
2024-11-28 13:15:00,FLAT,438953936.5955585,438953936.5955585,0.0,0.0,1309.6
2024-11-28 13:30:00,FLAT,438953936.5955585,438953936.5955585,0.0,0.0,1310.7
2024-11-28 13:45:00,FLAT,438953936.5955585,438953936.5955585,0.0,0.0,1310.2
2024-11-28 14:00:00,FLAT,438953936.5955585,438953936.5955585,0.0,0.0,1306.3
2024-11-28 14:15:00,FLAT,438953936.5955585,438953936.5955585,0.0,0.0,1307.9
2024-11-28 14:30:00,FLAT,438953936.5955585,438953936.5955585,0.0,0.0,1307.6
2024-11-29 09:00:00,FLAT,438953936.5955585,438953936.5955585,0.0,0.0,1305.7
2024-11-29 09:15:00,FLAT,438953936.5955585,438953936.5955585,0.0,0.0,1305.5
2024-11-29 09:30:00,FLAT,438953936.5955585,438953936.5955585,0.0,0.0,1306.0
2024-11-29 09:45:00,FLAT,438953936.5955585,438953936.5955585,0.0,0.0,1306.6
2024-11-29 10:00:00,FLAT,438953936.5955585,438953936.5955585,0.0,0.0,1305.5
2024-11-29 10:15:00,FLAT,438953936.5955585,438953936.5955585,0.0,0.0,1305.6
2024-11-29 10:30:00,FLAT,438953936.5955585,438953936.5955585,0.0,0.0,1307.0
2024-11-29 10:45:00,FLAT,438953936.5955585,438953936.5955585,0.0,0.0,1307.9
2024-11-29 11:00:00,FLAT,438953936.5955585,438953936.5955585,0.0,0.0,1313.1
2024-11-29 11:15:00,FLAT,438953936.5955585,438953936.5955585,0.0,0.0,1313.9
2024-11-29 13:00:00,FLAT,438953936.5955585,438953936.5955585,0.0,0.0,1312.8
2024-11-29 13:15:00,FLAT,438953936.5955585,438953936.5955585,0.0,0.0,1313.7
2024-11-29 13:30:00,FLAT,438953936.5955585,438953936.5955585,0.0,0.0,1312.3
2024-11-29 13:45:00,FLAT,438953936.5955585,438953936.5955585,0.0,0.0,1317.3
2024-11-29 14:00:00,FLAT,438953936.5955585,438953936.5955585,0.0,0.0,1313.2
2024-11-29 14:15:00,FLAT,438953936.5955585,438953936.5955585,0.0,0.0,1317.3
2024-11-29 14:30:00,FLAT,438953936.5955585,438953936.5955585,0.0,0.0,1318.0
2024-12-02 09:00:00,FLAT,438953936.5955585,438953936.5955585,0.0,0.0,1322.8
2024-12-02 09:15:00,FLAT,438953936.5955585,438953936.5955585,0.0,0.0,1322.7
2024-12-02 09:30:00,FLAT,438953936.5955585,438953936.5955585,0.0,0.0,1318.3
2024-12-02 09:45:00,FLAT,438953936.5955585,438953936.5955585,0.0,0.0,1317.3
2024-12-02 10:00:00,FLAT,438953936.5955585,438953936.5955585,0.0,0.0,1316.3
2024-12-02 10:15:00,FLAT,438953936.5955585,438953936.5955585,0.0,0.0,1317.2
2024-12-02 10:30:00,FLAT,438953936.5955585,438953936.5955585,0.0,0.0,1316.6
2024-12-02 10:45:00,FLAT,438953936.5955585,438953936.5955585,0.0,0.0,1315.0
2024-12-02 11:00:00,FLAT,438953936.5955585,438953936.5955585,0.0,0.0,1315.1
2024-12-02 11:15:00,FLAT,438953936.5955585,438953936.5955585,0.0,0.0,1316.1
2024-12-02 13:00:00,FLAT,438953936.5955585,438953936.5955585,0.0,0.0,1314.8
2024-12-02 13:15:00,FLAT,438953936.5955585,438953936.5955585,0.0,0.0,1315.3
2024-12-02 13:30:00,FLAT,438953936.5955585,438953936.5955585,0.0,0.0,1314.3
2024-12-02 13:45:00,FLAT,438953936.5955585,438953936.5955585,0.0,0.0,1311.5
2024-12-02 14:00:00,SHORT,438757189.70983195,438703094.5537286,-54095.15610335802,0.0,1311.7
2024-12-02 14:15:00,FLAT,437306159.5537285,437306159.5537285,0.0,0.0,1312.4
2024-12-02 14:30:00,FLAT,437306159.5537285,437306159.5537285,0.0,0.0,1312.0
2024-12-03 09:00:00,FLAT,437306159.5537285,437306159.5537285,0.0,0.0,1315.2
2024-12-03 09:15:00,FLAT,437306159.5537285,437306159.5537285,0.0,0.0,1314.8
2024-12-03 09:30:00,FLAT,437306159.5537285,437306159.5537285,0.0,0.0,1310.6
2024-12-03 09:45:00,FLAT,437306159.5537285,437306159.5537285,0.0,0.0,1311.0
2024-12-03 10:00:00,FLAT,437306159.5537285,437306159.5537285,0.0,0.0,1306.0
2024-12-03 10:15:00,FLAT,437306159.5537285,437306159.5537285,0.0,0.0,1307.3
2024-12-03 10:30:00,FLAT,437306159.5537285,437306159.5537285,0.0,0.0,1308.0
2024-12-03 10:45:00,FLAT,437306159.5537285,437306159.5537285,0.0,0.0,1311.4
2024-12-03 11:00:00,FLAT,434512816.1611008,434512816.1611008,0.0,0.0,1313.3
2024-12-03 11:15:00,FLAT,434512816.1611008,434512816.1611008,0.0,0.0,1317.3
2024-12-03 13:00:00,FLAT,434512816.1611008,434512816.1611008,0.0,0.0,1315.8
2024-12-03 13:15:00,FLAT,434512816.1611008,434512816.1611008,0.0,0.0,1316.9
2024-12-03 13:30:00,FLAT,434512816.1611008,434512816.1611008,0.0,0.0,1314.6
2024-12-03 13:45:00,FLAT,434512816.1611008,434512816.1611008,0.0,0.0,1314.0
2024-12-03 14:00:00,FLAT,434512816.1611008,434512816.1611008,0.0,0.0,1314.3
2024-12-03 14:15:00,FLAT,434512816.1611008,434512816.1611008,0.0,0.0,1313.7
2024-12-03 14:30:00,FLAT,434512816.1611008,434512816.1611008,0.0,0.0,1314.0
2024-12-04 09:00:00,FLAT,434512816.1611008,434512816.1611008,0.0,0.0,1307.5
2024-12-04 09:15:00,FLAT,434512816.1611008,434512816.1611008,0.0,0.0,1307.7
2024-12-04 09:30:00,FLAT,434512816.1611008,434512816.1611008,0.0,0.0,1306.7
2024-12-04 09:45:00,FLAT,434512816.1611008,434512816.1611008,0.0,0.0,1308.1
2024-12-04 10:00:00,FLAT,434512816.1611008,434512816.1611008,0.0,0.0,1306.8
2024-12-04 10:15:00,FLAT,434512816.1611008,434512816.1611008,0.0,0.0,1304.3
2024-12-04 10:30:00,SHORT,434317116.24195665,433483243.8696755,-833872.372281121,0.0,1305.5
2024-12-04 10:45:00,FLAT,431587163.86967546,431587163.86967546,0.0,0.0,1309.3
2024-12-04 11:00:00,FLAT,431587163.86967546,431587163.86967546,0.0,0.0,1308.6
2024-12-04 11:15:00,FLAT,431587163.86967546,431587163.86967546,0.0,0.0,1309.0
2024-12-04 13:00:00,FLAT,431587163.86967546,431587163.86967546,0.0,0.0,1308.1
2024-12-04 13:15:00,FLAT,431587163.86967546,431587163.86967546,0.0,0.0,1306.4
2024-12-04 13:30:00,FLAT,431587163.86967546,431587163.86967546,0.0,0.0,1308.7
2024-12-04 13:45:00,FLAT,431587163.86967546,431587163.86967546,0.0,0.0,1308.8
2024-12-04 14:00:00,FLAT,431587163.86967546,431587163.86967546,0.0,0.0,1306.7
2024-12-04 14:15:00,FLAT,431587163.86967546,431587163.86967546,0.0,0.0,1305.3
2024-12-04 14:30:00,FLAT,431587163.86967546,431587163.86967546,0.0,0.0,1304.6
2024-12-05 09:00:00,FLAT,431587163.86967546,431587163.86967546,0.0,0.0,1304.6
2024-12-05 09:15:00,FLAT,431587163.86967546,431587163.86967546,0.0,0.0,1305.4
2024-12-05 09:30:00,FLAT,431587163.86967546,431587163.86967546,0.0,0.0,1306.8
2024-12-05 09:45:00,FLAT,428697436.4325941,428697436.4325941,0.0,0.0,1303.7
2024-12-05 10:00:00,FLAT,428697436.4325941,428697436.4325941,0.0,0.0,1305.5
2024-12-05 10:15:00,FLAT,428697436.4325941,428697436.4325941,0.0,0.0,1305.1
2024-12-05 10:30:00,FLAT,428697436.4325941,428697436.4325941,0.0,0.0,1306.2
2024-12-05 10:45:00,FLAT,428697436.4325941,428697436.4325941,0.0,0.0,1309.0
2024-12-05 11:00:00,FLAT,428697436.4325941,428697436.4325941,0.0,0.0,1311.2
2024-12-05 11:15:00,FLAT,428697436.4325941,428697436.4325941,0.0,0.0,1312.7
2024-12-05 13:00:00,FLAT,428697436.4325941,428697436.4325941,0.0,0.0,1316.6
2024-12-05 13:15:00,FLAT,428697436.4325941,428697436.4325941,0.0,0.0,1316.5
2024-12-05 13:30:00,FLAT,428697436.4325941,428697436.4325941,0.0,0.0,1326.2
2024-12-05 13:45:00,FLAT,428697436.4325941,428697436.4325941,0.0,0.0,1339.2
2024-12-05 14:00:00,FLAT,428697436.4325941,428697436.4325941,0.0,0.0,1337.9
2024-12-05 14:15:00,FLAT,428697436.4325941,428697436.4325941,0.0,0.0,1341.6
2024-12-05 14:30:00,FLAT,428697436.4325941,428697436.4325941,0.0,0.0,1341.9
2024-12-06 09:00:00,FLAT,428697436.4325941,428697436.4325941,0.0,0.0,1343.0
2024-12-06 09:15:00,FLAT,428697436.4325941,428697436.4325941,0.0,0.0,1344.1
2024-12-06 09:30:00,FLAT,428697436.4325941,428697436.4325941,0.0,0.0,1342.5
2024-12-06 09:45:00,FLAT,428697436.4325941,428697436.4325941,0.0,0.0,1342.2
2024-12-06 10:00:00,FLAT,428697436.4325941,428697436.4325941,0.0,0.0,1347.6
2024-12-06 10:15:00,FLAT,428697436.4325941,428697436.4325941,0.0,0.0,1345.1
2024-12-06 10:30:00,FLAT,428697436.4325941,428697436.4325941,0.0,0.0,1344.6
2024-12-06 10:45:00,FLAT,428697436.4325941,428697436.4325941,0.0,0.0,1344.3
2024-12-06 11:00:00,FLAT,428697436.4325941,428697436.4325941,0.0,0.0,1344.5
2024-12-06 11:15:00,FLAT,428697436.4325941,428697436.4325941,0.0,0.0,1345.0
2024-12-06 13:00:00,FLAT,428697436.4325941,428697436.4325941,0.0,0.0,1344.9
2024-12-06 13:15:00,FLAT,428697436.4325941,428697436.4325941,0.0,0.0,1345.1
2024-12-06 13:30:00,FLAT,428697436.4325941,428697436.4325941,0.0,0.0,1345.8
2024-12-06 13:45:00,FLAT,428697436.4325941,428697436.4325941,0.0,0.0,1343.3
2024-12-06 14:00:00,FLAT,428697436.4325941,428697436.4325941,0.0,0.0,1344.7
2024-12-06 14:15:00,FLAT,428697436.4325941,428697436.4325941,0.0,0.0,1342.0
2024-12-06 14:30:00,FLAT,428697436.4325941,428697436.4325941,0.0,0.0,1341.5
2024-12-09 09:00:00,FLAT,428697436.4325941,428697436.4325941,0.0,0.0,1338.4
2024-12-09 09:15:00,FLAT,428697436.4325941,428697436.4325941,0.0,0.0,1336.5
2024-12-09 09:30:00,FLAT,428697436.4325941,428697436.4325941,0.0,0.0,1337.4
2024-12-09 09:45:00,FLAT,428697436.4325941,428697436.4325941,0.0,0.0,1339.0
2024-12-09 10:00:00,FLAT,428697436.4325941,428697436.4325941,0.0,0.0,1337.5
2024-12-09 10:15:00,FLAT,428697436.4325941,428697436.4325941,0.0,0.0,1336.5
2024-12-09 10:30:00,FLAT,428697436.4325941,428697436.4325941,0.0,0.0,1337.8
2024-12-09 10:45:00,FLAT,428697436.4325941,428697436.4325941,0.0,0.0,1338.8
2024-12-09 11:00:00,FLAT,428697436.4325941,428697436.4325941,0.0,0.0,1340.3
2024-12-09 11:15:00,FLAT,428697436.4325941,428697436.4325941,0.0,0.0,1340.6
2024-12-09 13:00:00,FLAT,428697436.4325941,428697436.4325941,0.0,0.0,1339.4
2024-12-09 13:15:00,FLAT,428697436.4325941,428697436.4325941,0.0,0.0,1337.6
2024-12-09 13:30:00,FLAT,428697436.4325941,428697436.4325941,0.0,0.0,1338.4
2024-12-09 13:45:00,FLAT,428697436.4325941,428697436.4325941,0.0,0.0,1346.7
2024-12-09 14:00:00,FLAT,428697436.4325941,428697436.4325941,0.0,0.0,1345.7
2024-12-09 14:15:00,FLAT,425554904.8079878,425554904.8079878,0.0,0.0,1341.8
2024-12-09 14:30:00,FLAT,425554904.8079878,425554904.8079878,0.0,0.0,1341.6
2024-12-10 09:00:00,FLAT,425554904.8079878,425554904.8079878,0.0,0.0,1338.2
2024-12-10 09:15:00,FLAT,425554904.8079878,425554904.8079878,0.0,0.0,1343.5
2024-12-10 09:30:00,FLAT,425554904.8079878,425554904.8079878,0.0,0.0,1343.2
2024-12-10 09:45:00,FLAT,422260225.00149006,422260225.00149006,0.0,0.0,1340.0
2024-12-10 10:00:00,FLAT,422260225.00149006,422260225.00149006,0.0,0.0,1341.5
2024-12-10 10:15:00,FLAT,422260225.00149006,422260225.00149006,0.0,0.0,1342.9
2024-12-10 10:30:00,FLAT,419010629.0119325,419010629.0119325,0.0,0.0,1339.7
2024-12-10 10:45:00,FLAT,419010629.0119325,419010629.0119325,0.0,0.0,1339.9
2024-12-10 11:00:00,FLAT,419010629.0119325,419010629.0119325,0.0,0.0,1340.7
2024-12-10 11:15:00,FLAT,419010629.0119325,419010629.0119325,0.0,0.0,1341.9
2024-12-10 13:00:00,FLAT,419010629.0119325,419010629.0119325,0.0,0.0,1341.7
2024-12-10 13:15:00,FLAT,419010629.0119325,419010629.0119325,0.0,0.0,1343.8
2024-12-10 13:30:00,FLAT,419010629.0119325,419010629.0119325,0.0,0.0,1342.5
2024-12-10 13:45:00,FLAT,419010629.0119325,419010629.0119325,0.0,0.0,1339.5
2024-12-10 14:00:00,FLAT,419010629.0119325,419010629.0119325,0.0,0.0,1337.9
2024-12-10 14:15:00,FLAT,415775197.70777905,415775197.70777905,0.0,0.0,1341.2
2024-12-10 14:30:00,FLAT,415775197.70777905,415775197.70777905,0.0,0.0,1340.5
2024-12-11 09:00:00,FLAT,415775197.70777905,415775197.70777905,0.0,0.0,1342.6
2024-12-11 09:15:00,FLAT,415775197.70777905,415775197.70777905,0.0,0.0,1343.6
2024-12-11 09:30:00,FLAT,415775197.70777905,415775197.70777905,0.0,0.0,1345.4
2024-12-11 09:45:00,LONG,415573336.42351514,416831441.33074087,1258104.907225743,0.0,1347.0
2024-12-11 10:00:00,LONG,415573336.42351514,414931441.3307408,-641895.0927743481,0.0,1345.1
2024-12-11 10:15:00,LONG,415573336.42351514,414131441.3307408,-1441895.0927743027,0.0,1344.3
2024-12-11 10:30:00,LONG,415573336.42351514,413731441.330741,-1841895.0927741663,0.0,1343.9
2024-12-11 10:45:00,LONG,415573336.42351514,415431441.3307408,-141895.0927743481,0.0,1345.6
2024-12-11 11:00:00,LONG,415573336.42351514,414431441.3307408,-1141895.092774348,0.0,1344.6
2024-12-11 11:15:00,LONG,415573336.42351514,413731441.330741,-1841895.0927741663,0.0,1343.9
2024-12-11 13:00:00,FLAT,412530006.330741,412530006.330741,0.0,0.0,1342.7
2024-12-11 13:15:00,FLAT,412530006.330741,412530006.330741,0.0,0.0,1343.3
2024-12-11 13:30:00,FLAT,412530006.330741,412530006.330741,0.0,0.0,1342.1
2024-12-11 13:45:00,FLAT,412530006.330741,412530006.330741,0.0,0.0,1340.8
2024-12-11 14:00:00,FLAT,412530006.330741,412530006.330741,0.0,0.0,1337.8
2024-12-11 14:15:00,FLAT,412530006.330741,412530006.330741,0.0,0.0,1338.5
2024-12-11 14:30:00,FLAT,412530006.330741,412530006.330741,0.0,0.0,1339.4
2024-12-12 09:00:00,FLAT,412530006.330741,412530006.330741,0.0,0.0,1341.4
2024-12-12 09:15:00,FLAT,412530006.330741,412530006.330741,0.0,0.0,1343.4
2024-12-12 09:30:00,FLAT,412530006.330741,412530006.330741,0.0,0.0,1345.9
2024-12-12 09:45:00,LONG,412328238.65103793,413710373.9639867,1382135.3129487762,0.0,1346.5
2024-12-12 10:00:00,LONG,412328238.65103793,412510373.96398664,182135.31294873066,0.0,1345.3
2024-12-12 10:15:00,LONG,412328238.65103793,412410373.96398675,82135.3129488216,0.0,1345.2
2024-12-12 10:30:00,LONG,412328238.65103793,413010373.96398664,682135.3129487307,0.0,1345.8
2024-12-12 10:45:00,LONG,412328238.65103793,416610373.9639868,4282135.312948867,0.0,1349.4
2024-12-12 11:00:00,LONG,412328238.65103793,416310373.96398664,3982135.312948685,0.0,1349.1
2024-12-12 11:15:00,LONG,412328238.65103793,415910373.96398675,3582135.3129488216,0.0,1348.7
2024-12-12 13:00:00,LONG,412328238.65103793,416510373.96398664,4182135.312948731,0.0,1349.3
2024-12-12 13:15:00,LONG,412328238.65103793,411210373.9639867,-1117864.6870512238,0.0,1344.0
2024-12-12 13:30:00,FLAT,409732786.69092816,409732786.69092816,0.0,0.0,1343.7
2024-12-12 13:45:00,FLAT,409732786.69092816,409732786.69092816,0.0,0.0,1341.6
2024-12-12 14:00:00,FLAT,409732786.69092816,409732786.69092816,0.0,0.0,1339.0
2024-12-12 14:15:00,FLAT,409732786.69092816,409732786.69092816,0.0,0.0,1340.2
2024-12-12 14:30:00,FLAT,409732786.69092816,409732786.69092816,0.0,0.0,1342.6
2024-12-13 09:00:00,FLAT,409732786.69092816,409732786.69092816,0.0,0.0,1331.6
2024-12-13 09:15:00,FLAT,409732786.69092816,409732786.69092816,0.0,0.0,1333.0
2024-12-13 09:30:00,FLAT,409732786.69092816,409732786.69092816,0.0,0.0,1335.0
2024-12-13 09:45:00,FLAT,409732786.69092816,409732786.69092816,0.0,0.0,1333.6
2024-12-13 10:00:00,FLAT,409732786.69092816,409732786.69092816,0.0,0.0,1335.2
2024-12-13 10:15:00,FLAT,409732786.69092816,409732786.69092816,0.0,0.0,1338.0
2024-12-13 10:30:00,FLAT,409732786.69092816,409732786.69092816,0.0,0.0,1336.8
2024-12-13 10:45:00,FLAT,409732786.69092816,409732786.69092816,0.0,0.0,1335.6
2024-12-13 11:00:00,FLAT,409732786.69092816,409732786.69092816,0.0,0.0,1334.7
2024-12-13 11:15:00,FLAT,409732786.69092816,409732786.69092816,0.0,0.0,1336.0
2024-12-13 13:00:00,FLAT,409732786.69092816,409732786.69092816,0.0,0.0,1336.7
2024-12-13 13:15:00,FLAT,409732786.69092816,409732786.69092816,0.0,0.0,1336.3
2024-12-13 13:30:00,FLAT,409732786.69092816,409732786.69092816,0.0,0.0,1336.5
2024-12-13 13:45:00,FLAT,409732786.69092816,409732786.69092816,0.0,0.0,1334.7
2024-12-13 14:00:00,FLAT,409732786.69092816,409732786.69092816,0.0,0.0,1335.5
2024-12-13 14:15:00,FLAT,409732786.69092816,409732786.69092816,0.0,0.0,1336.5
2024-12-13 14:30:00,FLAT,409732786.69092816,409732786.69092816,0.0,0.0,1337.0
2024-12-16 09:00:00,FLAT,409732786.69092816,409732786.69092816,0.0,0.0,1334.8
2024-12-16 09:15:00,FLAT,409732786.69092816,409732786.69092816,0.0,0.0,1335.0
2024-12-16 09:30:00,FLAT,409732786.69092816,409732786.69092816,0.0,0.0,1337.7
2024-12-16 09:45:00,FLAT,409732786.69092816,409732786.69092816,0.0,0.0,1337.0
2024-12-16 10:00:00,FLAT,409732786.69092816,409732786.69092816,0.0,0.0,1335.5
2024-12-16 10:15:00,FLAT,409732786.69092816,409732786.69092816,0.0,0.0,1336.8
2024-12-16 10:30:00,FLAT,409732786.69092816,409732786.69092816,0.0,0.0,1335.7
2024-12-16 10:45:00,FLAT,409732786.69092816,409732786.69092816,0.0,0.0,1335.0
2024-12-16 11:00:00,FLAT,409732786.69092816,409732786.69092816,0.0,0.0,1335.0
2024-12-16 11:15:00,FLAT,409732786.69092816,409732786.69092816,0.0,0.0,1332.9
2024-12-16 13:00:00,FLAT,409732786.69092816,409732786.69092816,0.0,0.0,1333.6
2024-12-16 13:15:00,FLAT,409732786.69092816,409732786.69092816,0.0,0.0,1331.7
2024-12-16 13:30:00,FLAT,409732786.69092816,409732786.69092816,0.0,0.0,1329.7
2024-12-16 13:45:00,FLAT,409732786.69092816,409732786.69092816,0.0,0.0,1329.8
2024-12-16 14:00:00,FLAT,406859303.97490835,406859303.97490835,0.0,0.0,1334.5
2024-12-16 14:15:00,FLAT,406859303.97490835,406859303.97490835,0.0,0.0,1336.0
2024-12-16 14:30:00,FLAT,406859303.97490835,406859303.97490835,0.0,0.0,1335.7
2024-12-17 09:00:00,FLAT,406859303.97490835,406859303.97490835,0.0,0.0,1335.7
2024-12-17 09:15:00,FLAT,406859303.97490835,406859303.97490835,0.0,0.0,1334.0
2024-12-17 09:30:00,FLAT,406859303.97490835,406859303.97490835,0.0,0.0,1331.0
2024-12-17 09:45:00,FLAT,406859303.97490835,406859303.97490835,0.0,0.0,1330.8
2024-12-17 10:00:00,SHORT,406659621.1982335,406678132.36410624,18511.165872723723,0.0,1331.2
2024-12-17 10:15:00,SHORT,406659621.1982335,406378132.36410624,-281488.8341272308,0.0,1331.5
2024-12-17 10:30:00,FLAT,403978077.36410624,403978077.36410624,0.0,0.0,1333.5
2024-12-17 10:45:00,FLAT,403978077.36410624,403978077.36410624,0.0,0.0,1333.4
2024-12-17 11:00:00,FLAT,403978077.36410624,403978077.36410624,0.0,0.0,1331.5
2024-12-17 11:15:00,FLAT,403978077.36410624,403978077.36410624,0.0,0.0,1329.3
2024-12-17 13:00:00,FLAT,403978077.36410624,403978077.36410624,0.0,0.0,1330.1
2024-12-17 13:15:00,FLAT,403978077.36410624,403978077.36410624,0.0,0.0,1331.1
2024-12-17 13:30:00,FLAT,403978077.36410624,403978077.36410624,0.0,0.0,1330.3
2024-12-17 13:45:00,FLAT,403978077.36410624,403978077.36410624,0.0,0.0,1329.3
2024-12-17 14:00:00,FLAT,403978077.36410624,403978077.36410624,0.0,0.0,1330.8
2024-12-17 14:15:00,FLAT,403978077.36410624,403978077.36410624,0.0,0.0,1329.8
2024-12-17 14:30:00,FLAT,403978077.36410624,403978077.36410624,0.0,0.0,1330.5
2024-12-18 09:00:00,FLAT,403978077.36410624,403978077.36410624,0.0,0.0,1330.2
2024-12-18 09:15:00,FLAT,403978077.36410624,403978077.36410624,0.0,0.0,1331.9
2024-12-18 09:30:00,FLAT,403978077.36410624,403978077.36410624,0.0,0.0,1333.9
2024-12-18 09:45:00,LONG,403778064.31899756,402557763.59456414,-1220300.7244334002,0.0,1332.2
2024-12-18 10:00:00,LONG,403778064.31899756,402357763.59456414,-1420300.7244334458,0.0,1332.0
2024-12-18 10:15:00,FLAT,401158113.59456414,401158113.59456414,0.0,0.0,1331.9
2024-12-18 10:30:00,FLAT,401158113.59456414,401158113.59456414,0.0,0.0,1329.9
2024-12-18 10:45:00,FLAT,401158113.59456414,401158113.59456414,0.0,0.0,1330.4
2024-12-18 11:00:00,FLAT,401158113.59456414,401158113.59456414,0.0,0.0,1330.8
2024-12-18 11:15:00,FLAT,401158113.59456414,401158113.59456414,0.0,0.0,1330.3
2024-12-18 13:00:00,FLAT,401158113.59456414,401158113.59456414,0.0,0.0,1330.8
2024-12-18 13:15:00,FLAT,401158113.59456414,401158113.59456414,0.0,0.0,1331.5
2024-12-18 13:30:00,FLAT,401158113.59456414,401158113.59456414,0.0,0.0,1329.8
2024-12-18 13:45:00,FLAT,401158113.59456414,401158113.59456414,0.0,0.0,1330.5
2024-12-18 14:00:00,FLAT,401158113.59456414,401158113.59456414,0.0,0.0,1330.9
2024-12-18 14:15:00,FLAT,401158113.59456414,401158113.59456414,0.0,0.0,1333.1
2024-12-18 14:30:00,FLAT,401158113.59456414,401158113.59456414,0.0,0.0,1332.0
2024-12-19 09:00:00,FLAT,401158113.59456414,401158113.59456414,0.0,0.0,1316.4
2024-12-19 09:15:00,FLAT,401158113.59456414,401158113.59456414,0.0,0.0,1319.6
2024-12-19 09:30:00,LONG,400960190.6271936,401173741.49061984,213550.8634262351,0.0,1319.7
2024-12-19 09:45:00,LONG,400960190.6271936,402673741.49061984,1713550.863426235,0.0,1321.2
2024-12-19 10:00:00,LONG,400960190.6271936,401573741.4906197,613550.8634260986,0.0,1320.1
2024-12-19 10:15:00,LONG,400960190.6271936,400973741.49061984,13550.863426189608,0.0,1319.5
2024-12-19 10:30:00,LONG,400960190.6271936,401673741.49061984,713550.863426235,0.0,1320.2
2024-12-19 10:45:00,LONG,400960190.6271936,400273741.4906198,-686449.1365738559,0.0,1318.8
2024-12-19 11:00:00,LONG,400960190.6271936,401473741.49061984,513550.86342618964,0.0,1320.0
2024-12-19 11:15:00,LONG,400960190.6271936,401973741.49061984,1013550.8634261896,0.0,1320.5
2024-12-19 13:00:00,LONG,400960190.6271936,400973741.49061984,13550.863426189608,0.0,1319.5
2024-12-19 13:15:00,LONG,400960190.6271936,401273741.4906198,313550.8634261441,0.0,1319.8
2024-12-19 13:30:00,FLAT,398176206.4906199,398176206.4906199,0.0,0.0,1316.7
2024-12-19 13:45:00,FLAT,398176206.4906199,398176206.4906199,0.0,0.0,1317.1
2024-12-19 14:00:00,FLAT,398176206.4906199,398176206.4906199,0.0,0.0,1317.4
2024-12-19 14:15:00,FLAT,398176206.4906199,398176206.4906199,0.0,0.0,1312.6
2024-12-19 14:30:00,FLAT,398176206.4906199,398176206.4906199,0.0,0.0,1312.3
2025-01-02 09:00:00,FLAT,398176206.4906199,398176206.4906199,0.0,0.0,1345.5
2025-01-02 09:15:00,FLAT,398176206.4906199,398176206.4906199,0.0,0.0,1346.0
2025-01-02 09:30:00,FLAT,398176206.4906199,398176206.4906199,0.0,0.0,1350.8
2025-01-02 09:45:00,FLAT,398176206.4906199,398176206.4906199,0.0,0.0,1348.7
2025-01-02 10:00:00,FLAT,398176206.4906199,398176206.4906199,0.0,0.0,1346.9
2025-01-02 10:15:00,FLAT,398176206.4906199,398176206.4906199,0.0,0.0,1345.4
2025-01-02 10:30:00,FLAT,398176206.4906199,398176206.4906199,0.0,0.0,1339.2
2025-01-02 10:45:00,FLAT,398176206.4906199,398176206.4906199,0.0,0.0,1338.0
2025-01-02 11:00:00,FLAT,398176206.4906199,398176206.4906199,0.0,0.0,1339.0
2025-01-02 11:15:00,FLAT,398176206.4906199,398176206.4906199,0.0,0.0,1338.6
2025-01-02 13:00:00,FLAT,398176206.4906199,398176206.4906199,0.0,0.0,1339.8
2025-01-02 13:15:00,FLAT,398176206.4906199,398176206.4906199,0.0,0.0,1341.6
2025-01-02 13:30:00,FLAT,398176206.4906199,398176206.4906199,0.0,0.0,1341.9
2025-01-02 13:45:00,FLAT,398176206.4906199,398176206.4906199,0.0,0.0,1341.5
2025-01-02 14:00:00,FLAT,398176206.4906199,398176206.4906199,0.0,0.0,1343.4
2025-01-02 14:15:00,FLAT,398176206.4906199,398176206.4906199,0.0,0.0,1343.5
2025-01-02 14:30:00,FLAT,398176206.4906199,398176206.4906199,0.0,0.0,1343.1
2025-01-03 09:00:00,FLAT,398176206.4906199,398176206.4906199,0.0,0.0,1343.3
2025-01-03 09:15:00,FLAT,398176206.4906199,398176206.4906199,0.0,0.0,1340.1
2025-01-03 09:30:00,SHORT,397975161.82040167,397572963.2753022,-402198.54509950895,0.0,1340.7
2025-01-03 09:45:00,SHORT,397975161.82040167,397972963.27530223,-2198.54509941797,0.0,1340.3
2025-01-03 10:00:00,SHORT,397975161.82040167,398772963.27530223,797801.4549005366,0.0,1339.5
2025-01-03 10:15:00,SHORT,397975161.82040167,400072963.2753022,2097801.454900491,0.0,1338.2
2025-01-03 10:30:00,SHORT,397975161.82040167,397772963.27530223,-202198.54509946343,0.0,1340.5
2025-01-03 10:45:00,SHORT,397975161.82040167,400872963.2753021,2897801.4549004454,0.0,1337.4
2025-01-03 11:00:00,SHORT,397975161.82040167,405372963.2753021,7397801.454900445,0.0,1332.9
2025-01-03 11:15:00,SHORT,397975161.82040167,406572963.2753022,8597801.454900492,0.0,1331.7
2025-01-03 13:00:00,SHORT,397975161.82040167,405172963.2753023,7197801.454900628,0.0,1333.1
2025-01-03 13:15:00,SHORT,397975161.82040167,406272963.27530223,8297801.454900537,0.0,1332.0
2025-01-03 13:30:00,FLAT,408457826.6853207,408457826.6853207,0.0,0.0,1329.5
2025-01-03 13:45:00,FLAT,408457826.6853207,408457826.6853207,0.0,0.0,1330.5
2025-01-03 14:00:00,FLAT,408457826.6853207,408457826.6853207,0.0,0.0,1330.7
2025-01-03 14:15:00,FLAT,408457826.6853207,408457826.6853207,0.0,0.0,1326.0
2025-01-03 14:30:00,FLAT,408457826.6853207,408457826.6853207,0.0,0.0,1326.1
2025-01-06 09:00:00,FLAT,408457826.6853207,408457826.6853207,0.0,0.0,1324.5
2025-01-06 09:15:00,FLAT,408457826.6853207,408457826.6853207,0.0,0.0,1324.5
2025-01-06 09:30:00,FLAT,408457826.6853207,408457826.6853207,0.0,0.0,1326.7
2025-01-06 09:45:00,FLAT,408457826.6853207,408457826.6853207,0.0,0.0,1328.7
2025-01-06 10:00:00,FLAT,408457826.6853207,408457826.6853207,0.0,0.0,1328.4
2025-01-06 10:15:00,FLAT,408457826.6853207,408457826.6853207,0.0,0.0,1330.5
2025-01-06 10:30:00,FLAT,408457826.6853207,408457826.6853207,0.0,0.0,1328.4
2025-01-06 10:45:00,FLAT,408457826.6853207,408457826.6853207,0.0,0.0,1327.9
2025-01-06 11:00:00,FLAT,405419749.4717649,405419749.4717649,0.0,0.0,1324.5
2025-01-06 11:15:00,FLAT,405419749.4717649,405419749.4717649,0.0,0.0,1325.4
2025-01-06 13:00:00,FLAT,405419749.4717649,405419749.4717649,0.0,0.0,1326.8
2025-01-06 13:15:00,FLAT,405419749.4717649,405419749.4717649,0.0,0.0,1327.5
2025-01-06 13:30:00,FLAT,405419749.4717649,405419749.4717649,0.0,0.0,1325.2
2025-01-06 13:45:00,FLAT,405419749.4717649,405419749.4717649,0.0,0.0,1325.3
2025-01-06 14:00:00,FLAT,405419749.4717649,405419749.4717649,0.0,0.0,1324.2
2025-01-06 14:15:00,FLAT,405419749.4717649,405419749.4717649,0.0,0.0,1321.2
2025-01-06 14:30:00,FLAT,405419749.4717649,405419749.4717649,0.0,0.0,1321.0
2025-01-07 09:00:00,FLAT,405419749.4717649,405419749.4717649,0.0,0.0,1323.9
2025-01-07 09:15:00,FLAT,405419749.4717649,405419749.4717649,0.0,0.0,1323.3
2025-01-07 09:30:00,FLAT,405419749.4717649,405419749.4717649,0.0,0.0,1324.0
2025-01-07 09:45:00,FLAT,405419749.4717649,405419749.4717649,0.0,0.0,1323.3
2025-01-07 10:00:00,FLAT,405419749.4717649,405419749.4717649,0.0,0.0,1322.2
2025-01-07 10:15:00,FLAT,405419749.4717649,405419749.4717649,0.0,0.0,1322.7
2025-01-07 10:30:00,FLAT,405419749.4717649,405419749.4717649,0.0,0.0,1324.9
2025-01-07 10:45:00,FLAT,405419749.4717649,405419749.4717649,0.0,0.0,1322.9
2025-01-07 11:00:00,FLAT,405419749.4717649,405419749.4717649,0.0,0.0,1324.5
2025-01-07 11:15:00,FLAT,405419749.4717649,405419749.4717649,0.0,0.0,1326.5
2025-01-07 13:00:00,FLAT,405419749.4717649,405419749.4717649,0.0,0.0,1326.5
2025-01-07 13:15:00,FLAT,405419749.4717649,405419749.4717649,0.0,0.0,1326.5
2025-01-07 13:30:00,FLAT,405419749.4717649,405419749.4717649,0.0,0.0,1323.8
2025-01-07 13:45:00,FLAT,405419749.4717649,405419749.4717649,0.0,0.0,1320.6
2025-01-07 14:00:00,FLAT,405419749.4717649,405419749.4717649,0.0,0.0,1319.3
2025-01-07 14:15:00,FLAT,405419749.4717649,405419749.4717649,0.0,0.0,1319.7
2025-01-07 14:30:00,FLAT,405419749.4717649,405419749.4717649,0.0,0.0,1320.0
2025-01-08 09:00:00,FLAT,405419749.4717649,405419749.4717649,0.0,0.0,1315.3
2025-01-08 09:15:00,FLAT,405419749.4717649,405419749.4717649,0.0,0.0,1318.3
2025-01-08 09:30:00,FLAT,405419749.4717649,405419749.4717649,0.0,0.0,1317.3
2025-01-08 09:45:00,FLAT,405419749.4717649,405419749.4717649,0.0,0.0,1315.4
2025-01-08 10:00:00,FLAT,405419749.4717649,405419749.4717649,0.0,0.0,1312.2
2025-01-08 10:15:00,SHORT,405222856.3309317,405143795.21881956,-79061.11211218558,0.0,1312.7
2025-01-08 10:30:00,FLAT,402546530.2188197,402546530.2188197,0.0,0.0,1315.3
2025-01-08 10:45:00,FLAT,402546530.2188197,402546530.2188197,0.0,0.0,1316.7
2025-01-08 11:00:00,FLAT,402546530.2188197,402546530.2188197,0.0,0.0,1315.5
2025-01-08 11:15:00,FLAT,402546530.2188197,402546530.2188197,0.0,0.0,1315.6
2025-01-08 13:00:00,FLAT,402546530.2188197,402546530.2188197,0.0,0.0,1317.5
2025-01-08 13:15:00,FLAT,402546530.2188197,402546530.2188197,0.0,0.0,1319.8
2025-01-08 13:30:00,LONG,402348488.3173347,401469145.0840552,-879343.2332795418,0.0,1319.4
2025-01-08 13:45:00,FLAT,399671475.084055,399671475.084055,0.0,0.0,1320.4
2025-01-08 14:00:00,LONG,399473432.2644451,399487968.1986806,14535.934235482273,0.0,1320.3
2025-01-08 14:15:00,FLAT,398490043.19868064,398490043.19868064,0.0,0.0,1320.0
2025-01-08 14:30:00,FLAT,398490043.19868064,398490043.19868064,0.0,0.0,1320.7
2025-01-09 09:00:00,FLAT,398490043.19868064,398490043.19868064,0.0,0.0,1321.0
2025-01-09 09:15:00,FLAT,398490043.19868064,398490043.19868064,0.0,0.0,1321.0
2025-01-09 09:30:00,FLAT,398490043.19868064,398490043.19868064,0.0,0.0,1320.1
2025-01-09 09:45:00,FLAT,398490043.19868064,398490043.19868064,0.0,0.0,1322.9
2025-01-09 10:00:00,FLAT,398490043.19868064,398490043.19868064,0.0,0.0,1319.9
2025-01-09 10:15:00,FLAT,398490043.19868064,398490043.19868064,0.0,0.0,1316.7
2025-01-09 10:30:00,FLAT,398490043.19868064,398490043.19868064,0.0,0.0,1316.8
2025-01-09 10:45:00,FLAT,398490043.19868064,398490043.19868064,0.0,0.0,1317.5
2025-01-09 11:00:00,FLAT,398490043.19868064,398490043.19868064,0.0,0.0,1315.2
2025-01-09 11:15:00,FLAT,398490043.19868064,398490043.19868064,0.0,0.0,1315.5
2025-01-09 13:00:00,FLAT,398490043.19868064,398490043.19868064,0.0,0.0,1315.8
2025-01-09 13:15:00,FLAT,398490043.19868064,398490043.19868064,0.0,0.0,1316.1
2025-01-09 13:30:00,FLAT,398490043.19868064,398490043.19868064,0.0,0.0,1315.6
2025-01-09 13:45:00,FLAT,398490043.19868064,398490043.19868064,0.0,0.0,1313.5
2025-01-09 14:00:00,FLAT,398490043.19868064,398490043.19868064,0.0,0.0,1313.3
2025-01-09 14:15:00,FLAT,398490043.19868064,398490043.19868064,0.0,0.0,1311.1
2025-01-09 14:30:00,FLAT,398490043.19868064,398490043.19868064,0.0,0.0,1312.0
2025-01-10 09:00:00,FLAT,398490043.19868064,398490043.19868064,0.0,0.0,1315.2
2025-01-10 09:15:00,FLAT,398490043.19868064,398490043.19868064,0.0,0.0,1314.8
2025-01-10 09:30:00,FLAT,398490043.19868064,398490043.19868064,0.0,0.0,1315.7
2025-01-10 09:45:00,FLAT,398490043.19868064,398490043.19868064,0.0,0.0,1315.5
2025-01-10 10:00:00,FLAT,398490043.19868064,398490043.19868064,0.0,0.0,1316.5
2025-01-10 10:15:00,FLAT,398490043.19868064,398490043.19868064,0.0,0.0,1314.7
2025-01-10 10:30:00,FLAT,398490043.19868064,398490043.19868064,0.0,0.0,1314.4
2025-01-10 10:45:00,FLAT,398490043.19868064,398490043.19868064,0.0,0.0,1314.5
2025-01-10 11:00:00,FLAT,398490043.19868064,398490043.19868064,0.0,0.0,1311.8
2025-01-10 11:15:00,FLAT,398490043.19868064,398490043.19868064,0.0,0.0,1310.1
2025-01-10 13:00:00,FLAT,398490043.19868064,398490043.19868064,0.0,0.0,1309.6
2025-01-10 13:15:00,FLAT,398490043.19868064,398490043.19868064,0.0,0.0,1307.5
2025-01-10 13:30:00,FLAT,398490043.19868064,398490043.19868064,0.0,0.0,1306.0
2025-01-10 13:45:00,FLAT,395696021.63768697,395696021.63768697,0.0,0.0,1308.8
2025-01-10 14:00:00,FLAT,395696021.63768697,395696021.63768697,0.0,0.0,1306.4
2025-01-10 14:15:00,FLAT,395696021.63768697,395696021.63768697,0.0,0.0,1295.6
2025-01-10 14:30:00,FLAT,395696021.63768697,395696021.63768697,0.0,0.0,1295.6
2025-01-13 09:00:00,FLAT,395696021.63768697,395696021.63768697,0.0,0.0,1288.1
2025-01-13 09:15:00,FLAT,395696021.63768697,395696021.63768697,0.0,0.0,1290.3
2025-01-13 09:30:00,FLAT,395696021.63768697,395696021.63768697,0.0,0.0,1289.4
2025-01-13 09:45:00,FLAT,395696021.63768697,395696021.63768697,0.0,0.0,1291.3
2025-01-13 10:00:00,FLAT,395696021.63768697,395696021.63768697,0.0,0.0,1291.0
2025-01-13 10:15:00,FLAT,395696021.63768697,395696021.63768697,0.0,0.0,1292.0
2025-01-13 10:30:00,LONG,395502176.63768697,394402176.6376871,-1099999.999999909,0.0,1291.2
2025-01-13 10:45:00,FLAT,392608736.6376869,392608736.6376869,0.0,0.0,1289.0
2025-01-13 11:00:00,FLAT,392608736.6376869,392608736.6376869,0.0,0.0,1288.3
2025-01-13 11:15:00,FLAT,392608736.6376869,392608736.6376869,0.0,0.0,1289.4
2025-01-13 13:00:00,FLAT,392608736.6376869,392608736.6376869,0.0,0.0,1291.4
2025-01-13 13:15:00,FLAT,392608736.6376869,392608736.6376869,0.0,0.0,1292.2
2025-01-13 13:30:00,FLAT,392608736.6376869,392608736.6376869,0.0,0.0,1290.8
2025-01-13 13:45:00,FLAT,392608736.6376869,392608736.6376869,0.0,0.0,1295.2
2025-01-13 14:00:00,LONG,392414460.1014288,390937551.7139717,-1476908.387457115,0.0,1293.7
2025-01-13 14:15:00,FLAT,394742896.7139717,394742896.7139717,0.0,0.0,1298.2
2025-01-13 14:30:00,FLAT,394742896.7139717,394742896.7139717,0.0,0.0,1298.7
2025-01-14 09:00:00,FLAT,394742896.7139717,394742896.7139717,0.0,0.0,1296.0
2025-01-14 09:15:00,FLAT,394742896.7139717,394742896.7139717,0.0,0.0,1294.5
2025-01-14 09:30:00,FLAT,394742896.7139717,394742896.7139717,0.0,0.0,1294.8
2025-01-14 09:45:00,FLAT,394742896.7139717,394742896.7139717,0.0,0.0,1294.8
2025-01-14 10:00:00,FLAT,394742896.7139717,394742896.7139717,0.0,0.0,1295.0
2025-01-14 10:15:00,FLAT,394742896.7139717,394742896.7139717,0.0,0.0,1293.4
2025-01-14 10:30:00,FLAT,394742896.7139717,394742896.7139717,0.0,0.0,1293.0
2025-01-14 10:45:00,SHORT,394548889.6775328,394029132.60346305,-519757.0740697301,0.0,1293.9
2025-01-14 11:00:00,SHORT,394548889.6775328,395429132.6034632,880242.9259303608,0.0,1292.5
2025-01-14 11:15:00,SHORT,394548889.6775328,395029132.60346305,480242.9259302699,0.0,1292.9
2025-01-14 13:00:00,SHORT,394548889.6775328,395129132.6034632,580242.9259304063,0.0,1292.8
2025-01-14 13:15:00,SHORT,394548889.6775328,396929132.6034632,2380242.925930361,0.0,1291.0
2025-01-14 13:30:00,SHORT,394548889.6775328,400029132.60346305,5480242.92593027,0.0,1287.9
2025-01-14 13:45:00,SHORT,394548889.6775328,395029132.60346305,480242.9259302699,0.0,1292.9
2025-01-14 14:00:00,SHORT,394548889.6775328,398829132.60346323,4280242.925930452,0.0,1289.1
2025-01-14 14:15:00,FLAT,396935512.6034632,396935512.6034632,0.0,0.0,1290.3
2025-01-14 14:30:00,FLAT,396935512.6034632,396935512.6034632,0.0,0.0,1292.7
2025-01-15 09:00:00,FLAT,396935512.6034632,396935512.6034632,0.0,0.0,1297.8
2025-01-15 09:15:00,FLAT,396935512.6034632,396935512.6034632,0.0,0.0,1296.0
2025-01-15 09:30:00,FLAT,396935512.6034632,396935512.6034632,0.0,0.0,1294.9
2025-01-15 09:45:00,FLAT,396935512.6034632,396935512.6034632,0.0,0.0,1295.0
2025-01-15 10:00:00,FLAT,396935512.6034632,396935512.6034632,0.0,0.0,1293.9
2025-01-15 10:15:00,FLAT,396935512.6034632,396935512.6034632,0.0,0.0,1294.7
2025-01-15 10:30:00,FLAT,396935512.6034632,396935512.6034632,0.0,0.0,1296.2
2025-01-15 10:45:00,FLAT,396935512.6034632,396935512.6034632,0.0,0.0,1299.0
2025-01-15 11:00:00,FLAT,396935512.6034632,396935512.6034632,0.0,0.0,1298.0
2025-01-15 11:15:00,FLAT,396935512.6034632,396935512.6034632,0.0,0.0,1301.0
2025-01-15 13:00:00,FLAT,396935512.6034632,396935512.6034632,0.0,0.0,1300.0
2025-01-15 13:15:00,FLAT,396935512.6034632,396935512.6034632,0.0,0.0,1296.0
2025-01-15 13:30:00,FLAT,396935512.6034632,396935512.6034632,0.0,0.0,1296.4
2025-01-15 13:45:00,FLAT,396935512.6034632,396935512.6034632,0.0,0.0,1295.6
2025-01-15 14:00:00,SHORT,396741001.9289931,396078831.72952837,-662170.1994647537,0.0,1297.4
2025-01-15 14:15:00,FLAT,395684191.72952855,395684191.72952855,0.0,0.0,1297.1
2025-01-15 14:30:00,FLAT,395684191.72952855,395684191.72952855,0.0,0.0,1297.3
2025-01-16 09:00:00,FLAT,395684191.72952855,395684191.72952855,0.0,0.0,1305.9
2025-01-16 09:15:00,FLAT,395684191.72952855,395684191.72952855,0.0,0.0,1307.4
2025-01-16 09:30:00,FLAT,395684191.72952855,395684191.72952855,0.0,0.0,1305.8
2025-01-16 09:45:00,FLAT,395684191.72952855,395684191.72952855,0.0,0.0,1306.4
2025-01-16 10:00:00,FLAT,395684191.72952855,395684191.72952855,0.0,0.0,1305.7
2025-01-16 10:15:00,FLAT,395684191.72952855,395684191.72952855,0.0,0.0,1305.7
2025-01-16 10:30:00,FLAT,395684191.72952855,395684191.72952855,0.0,0.0,1304.6
2025-01-16 10:45:00,FLAT,395684191.72952855,395684191.72952855,0.0,0.0,1303.4
2025-01-16 11:00:00,FLAT,395684191.72952855,395684191.72952855,0.0,0.0,1303.0
2025-01-16 11:15:00,FLAT,395684191.72952855,395684191.72952855,0.0,0.0,1299.4
2025-01-16 13:00:00,FLAT,395684191.72952855,395684191.72952855,0.0,0.0,1300.6
2025-01-16 13:15:00,FLAT,395684191.72952855,395684191.72952855,0.0,0.0,1300.3
2025-01-16 13:30:00,FLAT,395684191.72952855,395684191.72952855,0.0,0.0,1298.3
2025-01-16 13:45:00,FLAT,395684191.72952855,395684191.72952855,0.0,0.0,1299.0
2025-01-16 14:00:00,FLAT,395684191.72952855,395684191.72952855,0.0,0.0,1299.0
2025-01-16 14:15:00,FLAT,395684191.72952855,395684191.72952855,0.0,0.0,1295.7
2025-01-16 14:30:00,FLAT,395684191.72952855,395684191.72952855,0.0,0.0,1295.0
2025-01-17 09:00:00,FLAT,395684191.72952855,395684191.72952855,0.0,0.0,1311.4
2025-01-17 09:15:00,FLAT,395684191.72952855,395684191.72952855,0.0,0.0,1308.9
2025-01-17 09:30:00,FLAT,395684191.72952855,395684191.72952855,0.0,0.0,1308.8
2025-01-17 09:45:00,FLAT,395684191.72952855,395684191.72952855,0.0,0.0,1308.8
2025-01-17 10:00:00,FLAT,395684191.72952855,395684191.72952855,0.0,0.0,1310.4
2025-01-17 10:15:00,FLAT,395684191.72952855,395684191.72952855,0.0,0.0,1309.0
2025-01-17 10:30:00,FLAT,395684191.72952855,395684191.72952855,0.0,0.0,1308.3
2025-01-17 10:45:00,FLAT,395684191.72952855,395684191.72952855,0.0,0.0,1309.0
2025-01-17 11:00:00,FLAT,395684191.72952855,395684191.72952855,0.0,0.0,1309.7
2025-01-17 11:15:00,FLAT,395684191.72952855,395684191.72952855,0.0,0.0,1310.3
2025-01-17 13:00:00,FLAT,395684191.72952855,395684191.72952855,0.0,0.0,1312.1
2025-01-17 13:15:00,FLAT,395684191.72952855,395684191.72952855,0.0,0.0,1312.6
2025-01-17 13:30:00,FLAT,395684191.72952855,395684191.72952855,0.0,0.0,1312.6
2025-01-17 13:45:00,FLAT,395684191.72952855,395684191.72952855,0.0,0.0,1315.3
2025-01-17 14:00:00,FLAT,395684191.72952855,395684191.72952855,0.0,0.0,1315.9
2025-01-17 14:15:00,FLAT,395684191.72952855,395684191.72952855,0.0,0.0,1319.0
2025-01-17 14:30:00,FLAT,395684191.72952855,395684191.72952855,0.0,0.0,1319.6
2025-01-20 09:00:00,FLAT,395684191.72952855,395684191.72952855,0.0,0.0,1320.8
2025-01-20 09:15:00,FLAT,395684191.72952855,395684191.72952855,0.0,0.0,1320.2
2025-01-20 09:30:00,FLAT,395684191.72952855,395684191.72952855,0.0,0.0,1320.6
2025-01-20 09:45:00,FLAT,395684191.72952855,395684191.72952855,0.0,0.0,1321.7
2025-01-20 10:00:00,FLAT,395684191.72952855,395684191.72952855,0.0,0.0,1324.1
2025-01-20 10:15:00,FLAT,395684191.72952855,395684191.72952855,0.0,0.0,1323.5
2025-01-20 10:30:00,FLAT,395684191.72952855,395684191.72952855,0.0,0.0,1325.2
2025-01-20 10:45:00,FLAT,395684191.72952855,395684191.72952855,0.0,0.0,1325.3
2025-01-20 11:00:00,LONG,395485506.022844,395114128.1259061,-371377.8969379291,0.0,1324.2
2025-01-20 11:15:00,LONG,395485506.022844,394014128.12590593,-1471377.8969380655,0.0,1323.1
2025-01-20 13:00:00,LONG,395485506.022844,394014128.12590593,-1471377.8969380655,0.0,1323.1
2025-01-20 13:15:00,FLAT,392715828.12590605,392715828.12590605,0.0,0.0,1322.4
2025-01-20 13:30:00,FLAT,392715828.12590605,392715828.12590605,0.0,0.0,1322.3
2025-01-20 13:45:00,FLAT,392715828.12590605,392715828.12590605,0.0,0.0,1321.0
2025-01-20 14:00:00,FLAT,392715828.12590605,392715828.12590605,0.0,0.0,1321.8
2025-01-20 14:15:00,FLAT,392715828.12590605,392715828.12590605,0.0,0.0,1324.5
2025-01-20 14:30:00,FLAT,392715828.12590605,392715828.12590605,0.0,0.0,1325.4
2025-01-21 09:00:00,FLAT,392715828.12590605,392715828.12590605,0.0,0.0,1330.6
2025-01-21 09:15:00,FLAT,392715828.12590605,392715828.12590605,0.0,0.0,1332.4
2025-01-21 09:30:00,FLAT,392715828.12590605,392715828.12590605,0.0,0.0,1330.1
2025-01-21 09:45:00,FLAT,392715828.12590605,392715828.12590605,0.0,0.0,1330.2
2025-01-21 10:00:00,FLAT,392715828.12590605,392715828.12590605,0.0,0.0,1329.4
2025-01-21 10:15:00,FLAT,392715828.12590605,392715828.12590605,0.0,0.0,1327.1
2025-01-21 10:30:00,FLAT,392715828.12590605,392715828.12590605,0.0,0.0,1324.2
2025-01-21 10:45:00,FLAT,392715828.12590605,392715828.12590605,0.0,0.0,1324.7
2025-01-21 11:00:00,FLAT,392715828.12590605,392715828.12590605,0.0,0.0,1324.8
2025-01-21 11:15:00,FLAT,392715828.12590605,392715828.12590605,0.0,0.0,1324.1
2025-01-21 13:00:00,FLAT,392715828.12590605,392715828.12590605,0.0,0.0,1324.1
2025-01-21 13:15:00,FLAT,392715828.12590605,392715828.12590605,0.0,0.0,1323.2
2025-01-21 13:30:00,FLAT,392715828.12590605,392715828.12590605,0.0,0.0,1318.6
2025-01-21 13:45:00,FLAT,392715828.12590605,392715828.12590605,0.0,0.0,1319.3
2025-01-21 14:00:00,FLAT,392715828.12590605,392715828.12590605,0.0,0.0,1318.3
2025-01-21 14:15:00,FLAT,392715828.12590605,392715828.12590605,0.0,0.0,1321.0
2025-01-21 14:30:00,FLAT,392715828.12590605,392715828.12590605,0.0,0.0,1321.9
2025-01-22 09:00:00,FLAT,392715828.12590605,392715828.12590605,0.0,0.0,1327.2
2025-01-22 09:15:00,FLAT,392715828.12590605,392715828.12590605,0.0,0.0,1325.9
2025-01-22 09:30:00,FLAT,392715828.12590605,392715828.12590605,0.0,0.0,1323.8
2025-01-22 09:45:00,FLAT,392715828.12590605,392715828.12590605,0.0,0.0,1322.6
2025-01-22 10:00:00,FLAT,392715828.12590605,392715828.12590605,0.0,0.0,1321.2
2025-01-22 10:15:00,FLAT,392715828.12590605,392715828.12590605,0.0,0.0,1321.9
2025-01-22 10:30:00,FLAT,389902196.9549608,389902196.9549608,0.0,0.0,1327.6
2025-01-22 10:45:00,FLAT,389902196.9549608,389902196.9549608,0.0,0.0,1324.2
2025-01-22 11:00:00,FLAT,389902196.9549608,389902196.9549608,0.0,0.0,1322.6
2025-01-22 11:15:00,FLAT,389902196.9549608,389902196.9549608,0.0,0.0,1322.7
2025-01-22 13:00:00,FLAT,389902196.9549608,389902196.9549608,0.0,0.0,1325.3
2025-01-22 13:15:00,FLAT,389902196.9549608,389902196.9549608,0.0,0.0,1324.5
2025-01-22 13:30:00,FLAT,389902196.9549608,389902196.9549608,0.0,0.0,1323.7
2025-01-22 13:45:00,FLAT,389902196.9549608,389902196.9549608,0.0,0.0,1322.3
2025-01-22 14:00:00,FLAT,389902196.9549608,389902196.9549608,0.0,0.0,1320.6
2025-01-22 14:15:00,FLAT,389902196.9549608,389902196.9549608,0.0,0.0,1321.6
2025-01-22 14:30:00,FLAT,389902196.9549608,389902196.9549608,0.0,0.0,1321.9
2025-01-23 09:00:00,FLAT,389902196.9549608,389902196.9549608,0.0,0.0,1322.8
2025-01-23 09:15:00,FLAT,389902196.9549608,389902196.9549608,0.0,0.0,1325.2
2025-01-23 09:30:00,FLAT,389902196.9549608,389902196.9549608,0.0,0.0,1331.0
2025-01-23 09:45:00,FLAT,389902196.9549608,389902196.9549608,0.0,0.0,1329.8
2025-01-23 10:00:00,FLAT,389902196.9549608,389902196.9549608,0.0,0.0,1329.4
2025-01-23 10:15:00,FLAT,389902196.9549608,389902196.9549608,0.0,0.0,1334.1
2025-01-23 10:30:00,FLAT,389902196.9549608,389902196.9549608,0.0,0.0,1333.3
2025-01-23 10:45:00,FLAT,389902196.9549608,389902196.9549608,0.0,0.0,1333.9
2025-01-23 11:00:00,FLAT,389902196.9549608,389902196.9549608,0.0,0.0,1337.5
2025-01-23 11:15:00,FLAT,389902196.9549608,389902196.9549608,0.0,0.0,1338.0
2025-01-23 13:00:00,FLAT,389902196.9549608,389902196.9549608,0.0,0.0,1336.6
2025-01-23 13:15:00,FLAT,389902196.9549608,389902196.9549608,0.0,0.0,1339.1
2025-01-23 13:30:00,FLAT,389902196.9549608,389902196.9549608,0.0,0.0,1341.1
2025-01-23 13:45:00,FLAT,389902196.9549608,389902196.9549608,0.0,0.0,1342.0
2025-01-23 14:00:00,FLAT,389902196.9549608,389902196.9549608,0.0,0.0,1345.9
2025-01-23 14:15:00,FLAT,389902196.9549608,389902196.9549608,0.0,0.0,1343.0
2025-01-23 14:30:00,FLAT,389902196.9549608,389902196.9549608,0.0,0.0,1342.0
2025-01-24 09:00:00,FLAT,389902196.9549608,389902196.9549608,0.0,0.0,1337.8
2025-01-24 09:15:00,FLAT,389902196.9549608,389902196.9549608,0.0,0.0,1340.2
2025-01-24 09:30:00,FLAT,389902196.9549608,389902196.9549608,0.0,0.0,1341.8
2025-01-24 09:45:00,FLAT,389902196.9549608,389902196.9549608,0.0,0.0,1341.2
2025-01-24 10:00:00,FLAT,389902196.9549608,389902196.9549608,0.0,0.0,1338.4
2025-01-24 10:15:00,FLAT,389902196.9549608,389902196.9549608,0.0,0.0,1339.2
2025-01-24 10:30:00,FLAT,389902196.9549608,389902196.9549608,0.0,0.0,1340.0
2025-01-24 10:45:00,FLAT,389902196.9549608,389902196.9549608,0.0,0.0,1340.0
2025-01-24 11:00:00,FLAT,389902196.9549608,389902196.9549608,0.0,0.0,1339.7
2025-01-24 11:15:00,FLAT,389902196.9549608,389902196.9549608,0.0,0.0,1340.1
2025-01-24 13:00:00,FLAT,389902196.9549608,389902196.9549608,0.0,0.0,1341.2
2025-01-24 13:15:00,FLAT,389902196.9549608,389902196.9549608,0.0,0.0,1343.1
2025-01-24 13:30:00,FLAT,389902196.9549608,389902196.9549608,0.0,0.0,1345.2
2025-01-24 13:45:00,LONG,389700586.12618893,388928394.31347626,-772191.8127126629,0.0,1343.3
2025-01-24 14:00:00,LONG,389700586.12618893,389828394.3134764,127808.18728742815,0.0,1344.2
2025-01-24 14:15:00,FLAT,387027154.3134762,387027154.3134762,0.0,0.0,1342.0
2025-01-24 14:30:00,FLAT,387027154.3134762,387027154.3134762,0.0,0.0,1345.7
2025-02-03 09:00:00,FLAT,387027154.3134762,387027154.3134762,0.0,0.0,1325.5
2025-02-03 09:15:00,FLAT,387027154.3134762,387027154.3134762,0.0,0.0,1325.6
2025-02-03 09:30:00,FLAT,387027154.3134762,387027154.3134762,0.0,0.0,1323.3
2025-02-03 09:45:00,FLAT,387027154.3134762,387027154.3134762,0.0,0.0,1319.0
2025-02-03 10:00:00,FLAT,387027154.3134762,387027154.3134762,0.0,0.0,1314.8
2025-02-03 10:15:00,FLAT,387027154.3134762,387027154.3134762,0.0,0.0,1317.9
2025-02-03 10:30:00,SHORT,386829201.15294,387616938.0612266,787736.9082866608,0.0,1318.9
2025-02-03 10:45:00,FLAT,383618533.06122667,383618533.06122667,0.0,0.0,1321.8
2025-02-03 11:00:00,FLAT,383618533.06122667,383618533.06122667,0.0,0.0,1320.8
2025-02-03 11:15:00,FLAT,383618533.06122667,383618533.06122667,0.0,0.0,1322.1
2025-02-03 13:00:00,FLAT,383618533.06122667,383618533.06122667,0.0,0.0,1321.3
2025-02-03 13:15:00,FLAT,383618533.06122667,383618533.06122667,0.0,0.0,1319.0
2025-02-03 13:30:00,FLAT,383618533.06122667,383618533.06122667,0.0,0.0,1319.6
2025-02-03 13:45:00,FLAT,383618533.06122667,383618533.06122667,0.0,0.0,1315.5
2025-02-03 14:00:00,FLAT,383618533.06122667,383618533.06122667,0.0,0.0,1315.9
2025-02-03 14:15:00,FLAT,383618533.06122667,383618533.06122667,0.0,0.0,1316.2
2025-02-03 14:30:00,FLAT,383618533.06122667,383618533.06122667,0.0,0.0,1316.7
2025-02-04 09:00:00,FLAT,383618533.06122667,383618533.06122667,0.0,0.0,1324.8
2025-02-04 09:15:00,FLAT,383618533.06122667,383618533.06122667,0.0,0.0,1323.0
2025-02-04 09:30:00,FLAT,383618533.06122667,383618533.06122667,0.0,0.0,1323.0
2025-02-04 09:45:00,FLAT,383618533.06122667,383618533.06122667,0.0,0.0,1323.9
2025-02-04 10:00:00,FLAT,383618533.06122667,383618533.06122667,0.0,0.0,1323.5
2025-02-04 10:15:00,FLAT,383618533.06122667,383618533.06122667,0.0,0.0,1323.4
2025-02-04 10:30:00,FLAT,383618533.06122667,383618533.06122667,0.0,0.0,1322.3
2025-02-04 10:45:00,FLAT,383618533.06122667,383618533.06122667,0.0,0.0,1322.0
2025-02-04 11:00:00,FLAT,383618533.06122667,383618533.06122667,0.0,0.0,1325.1
2025-02-04 11:15:00,FLAT,383618533.06122667,383618533.06122667,0.0,0.0,1327.0
2025-02-04 13:00:00,FLAT,383618533.06122667,383618533.06122667,0.0,0.0,1328.9
2025-02-04 13:15:00,FLAT,383618533.06122667,383618533.06122667,0.0,0.0,1328.4
2025-02-04 13:30:00,FLAT,383618533.06122667,383618533.06122667,0.0,0.0,1328.0
2025-02-04 13:45:00,FLAT,383618533.06122667,383618533.06122667,0.0,0.0,1328.4
2025-02-04 14:00:00,FLAT,383618533.06122667,383618533.06122667,0.0,0.0,1328.4
2025-02-04 14:15:00,FLAT,383618533.06122667,383618533.06122667,0.0,0.0,1328.3
2025-02-04 14:30:00,FLAT,383618533.06122667,383618533.06122667,0.0,0.0,1328.5
2025-02-05 09:00:00,FLAT,383618533.06122667,383618533.06122667,0.0,0.0,1333.7
2025-02-05 09:15:00,FLAT,383618533.06122667,383618533.06122667,0.0,0.0,1334.0
2025-02-05 09:30:00,FLAT,383618533.06122667,383618533.06122667,0.0,0.0,1334.2
2025-02-05 09:45:00,FLAT,383618533.06122667,383618533.06122667,0.0,0.0,1334.2
2025-02-05 10:00:00,FLAT,383618533.06122667,383618533.06122667,0.0,0.0,1337.0
2025-02-05 10:15:00,FLAT,383618533.06122667,383618533.06122667,0.0,0.0,1336.1
2025-02-05 10:30:00,FLAT,383618533.06122667,383618533.06122667,0.0,0.0,1336.1
2025-02-05 10:45:00,FLAT,383618533.06122667,383618533.06122667,0.0,0.0,1335.1
2025-02-05 11:00:00,FLAT,383618533.06122667,383618533.06122667,0.0,0.0,1332.4
2025-02-05 11:15:00,FLAT,383618533.06122667,383618533.06122667,0.0,0.0,1332.0
2025-02-05 13:00:00,FLAT,383618533.06122667,383618533.06122667,0.0,0.0,1332.1
2025-02-05 13:15:00,FLAT,383618533.06122667,383618533.06122667,0.0,0.0,1331.0
2025-02-05 13:30:00,FLAT,383618533.06122667,383618533.06122667,0.0,0.0,1330.6
2025-02-05 13:45:00,FLAT,383618533.06122667,383618533.06122667,0.0,0.0,1334.4
2025-02-05 14:00:00,FLAT,383618533.06122667,383618533.06122667,0.0,0.0,1335.0
2025-02-05 14:15:00,FLAT,383618533.06122667,383618533.06122667,0.0,0.0,1335.1
2025-02-05 14:30:00,FLAT,383618533.06122667,383618533.06122667,0.0,0.0,1335.8
2025-02-06 09:00:00,FLAT,383618533.06122667,383618533.06122667,0.0,0.0,1340.2
2025-02-06 09:15:00,FLAT,383618533.06122667,383618533.06122667,0.0,0.0,1342.5
2025-02-06 09:30:00,FLAT,383618533.06122667,383618533.06122667,0.0,0.0,1341.3
2025-02-06 09:45:00,FLAT,383618533.06122667,383618533.06122667,0.0,0.0,1344.3
2025-02-06 10:00:00,LONG,383417048.1876744,382284557.8393207,-1132490.3483537128,0.0,1342.1
2025-02-06 10:15:00,FLAT,380683452.83932084,380683452.83932084,0.0,0.0,1340.3
2025-02-06 10:30:00,FLAT,380683452.83932084,380683452.83932084,0.0,0.0,1340.5
2025-02-06 10:45:00,FLAT,380683452.83932084,380683452.83932084,0.0,0.0,1340.5
2025-02-06 11:00:00,FLAT,380683452.83932084,380683452.83932084,0.0,0.0,1342.3
2025-02-06 11:15:00,FLAT,380683452.83932084,380683452.83932084,0.0,0.0,1341.5
2025-02-06 13:00:00,FLAT,380683452.83932084,380683452.83932084,0.0,0.0,1341.5
2025-02-06 13:15:00,FLAT,380683452.83932084,380683452.83932084,0.0,0.0,1338.8
2025-02-06 13:30:00,FLAT,380683452.83932084,380683452.83932084,0.0,0.0,1339.5
2025-02-06 13:45:00,FLAT,380683452.83932084,380683452.83932084,0.0,0.0,1340.9
2025-02-06 14:00:00,FLAT,380683452.83932084,380683452.83932084,0.0,0.0,1341.5
2025-02-06 14:15:00,FLAT,380683452.83932084,380683452.83932084,0.0,0.0,1339.0
2025-02-06 14:30:00,FLAT,380683452.83932084,380683452.83932084,0.0,0.0,1339.7
2025-02-07 09:00:00,FLAT,380683452.83932084,380683452.83932084,0.0,0.0,1337.0
2025-02-07 09:15:00,FLAT,380683452.83932084,380683452.83932084,0.0,0.0,1337.3
2025-02-07 09:30:00,FLAT,380683452.83932084,380683452.83932084,0.0,0.0,1337.5
2025-02-07 09:45:00,FLAT,380683452.83932084,380683452.83932084,0.0,0.0,1337.5
2025-02-07 10:00:00,FLAT,380683452.83932084,380683452.83932084,0.0,0.0,1338.9
2025-02-07 10:15:00,FLAT,380683452.83932084,380683452.83932084,0.0,0.0,1339.3
2025-02-07 10:30:00,FLAT,380683452.83932084,380683452.83932084,0.0,0.0,1338.0
2025-02-07 10:45:00,FLAT,380683452.83932084,380683452.83932084,0.0,0.0,1340.0
2025-02-07 11:00:00,FLAT,380683452.83932084,380683452.83932084,0.0,0.0,1340.1
2025-02-07 11:15:00,FLAT,380683452.83932084,380683452.83932084,0.0,0.0,1340.0
2025-02-07 13:00:00,FLAT,380683452.83932084,380683452.83932084,0.0,0.0,1338.2
2025-02-07 13:15:00,FLAT,380683452.83932084,380683452.83932084,0.0,0.0,1341.9
2025-02-07 13:30:00,FLAT,380683452.83932084,380683452.83932084,0.0,0.0,1345.3
2025-02-07 13:45:00,FLAT,380683452.83932084,380683452.83932084,0.0,0.0,1344.8
2025-02-07 14:00:00,FLAT,380683452.83932084,380683452.83932084,0.0,0.0,1343.4
2025-02-07 14:15:00,FLAT,380683452.83932084,380683452.83932084,0.0,0.0,1343.3
2025-02-07 14:30:00,FLAT,380683452.83932084,380683452.83932084,0.0,0.0,1342.6
2025-02-10 09:00:00,FLAT,380683452.83932084,380683452.83932084,0.0,0.0,1332.0
2025-02-10 09:15:00,FLAT,380683452.83932084,380683452.83932084,0.0,0.0,1333.3
2025-02-10 09:30:00,FLAT,380683452.83932084,380683452.83932084,0.0,0.0,1327.0
2025-02-10 09:45:00,SHORT,380484361.64993954,379958957.5252051,-525404.1247344504,0.0,1327.8
2025-02-10 10:00:00,FLAT,377559457.525205,377559457.525205,0.0,0.0,1332.3
2025-02-10 10:15:00,FLAT,377559457.525205,377559457.525205,0.0,0.0,1332.4
2025-02-10 10:30:00,FLAT,377559457.525205,377559457.525205,0.0,0.0,1332.6
2025-02-10 10:45:00,FLAT,377559457.525205,377559457.525205,0.0,0.0,1332.5
2025-02-10 11:00:00,FLAT,377559457.525205,377559457.525205,0.0,0.0,1332.9
2025-02-10 11:15:00,FLAT,377559457.525205,377559457.525205,0.0,0.0,1333.1
2025-02-10 13:00:00,FLAT,377559457.525205,377559457.525205,0.0,0.0,1335.1
2025-02-10 13:15:00,FLAT,377559457.525205,377559457.525205,0.0,0.0,1335.6
2025-02-10 13:30:00,FLAT,377559457.525205,377559457.525205,0.0,0.0,1335.0
2025-02-10 13:45:00,FLAT,377559457.525205,377559457.525205,0.0,0.0,1332.7
2025-02-10 14:00:00,FLAT,377559457.525205,377559457.525205,0.0,0.0,1333.8
2025-02-10 14:15:00,FLAT,377559457.525205,377559457.525205,0.0,0.0,1330.0
2025-02-10 14:30:00,FLAT,377559457.525205,377559457.525205,0.0,0.0,1330.5
2025-02-11 09:00:00,FLAT,377559457.525205,377559457.525205,0.0,0.0,1332.5
2025-02-11 09:15:00,FLAT,377559457.525205,377559457.525205,0.0,0.0,1332.9
2025-02-11 09:30:00,FLAT,377559457.525205,377559457.525205,0.0,0.0,1330.7
2025-02-11 09:45:00,FLAT,377559457.525205,377559457.525205,0.0,0.0,1328.9
2025-02-11 10:00:00,SHORT,377360187.4395368,376327425.22768545,-1032762.2118513773,0.0,1329.5
2025-02-11 10:15:00,FLAT,374527760.2276855,374527760.2276855,0.0,0.0,1330.5
2025-02-11 10:30:00,FLAT,374527760.2276855,374527760.2276855,0.0,0.0,1330.5
2025-02-11 10:45:00,FLAT,374527760.2276855,374527760.2276855,0.0,0.0,1330.7
2025-02-11 11:00:00,FLAT,374527760.2276855,374527760.2276855,0.0,0.0,1330.1
2025-02-11 11:15:00,FLAT,374527760.2276855,374527760.2276855,0.0,0.0,1330.7
2025-02-11 13:00:00,FLAT,374527760.2276855,374527760.2276855,0.0,0.0,1331.3
2025-02-11 13:15:00,FLAT,374527760.2276855,374527760.2276855,0.0,0.0,1332.5
2025-02-11 13:30:00,FLAT,374527760.2276855,374527760.2276855,0.0,0.0,1331.7
2025-02-11 13:45:00,FLAT,374527760.2276855,374527760.2276855,0.0,0.0,1332.3
2025-02-11 14:00:00,FLAT,374527760.2276855,374527760.2276855,0.0,0.0,1330.0
2025-02-11 14:15:00,FLAT,374527760.2276855,374527760.2276855,0.0,0.0,1332.3
2025-02-11 14:30:00,FLAT,374527760.2276855,374527760.2276855,0.0,0.0,1332.4
2025-02-12 09:00:00,FLAT,374527760.2276855,374527760.2276855,0.0,0.0,1340.7
2025-02-12 09:15:00,FLAT,374527760.2276855,374527760.2276855,0.0,0.0,1339.4
2025-02-12 09:30:00,FLAT,374527760.2276855,374527760.2276855,0.0,0.0,1338.5
2025-02-12 09:45:00,FLAT,374527760.2276855,374527760.2276855,0.0,0.0,1339.7
2025-02-12 10:00:00,FLAT,374527760.2276855,374527760.2276855,0.0,0.0,1340.4
2025-02-12 10:15:00,FLAT,374527760.2276855,374527760.2276855,0.0,0.0,1339.2
2025-02-12 10:30:00,FLAT,374527760.2276855,374527760.2276855,0.0,0.0,1339.6
2025-02-12 10:45:00,FLAT,374527760.2276855,374527760.2276855,0.0,0.0,1339.9
2025-02-12 11:00:00,FLAT,374527760.2276855,374527760.2276855,0.0,0.0,1338.8
2025-02-12 11:15:00,FLAT,374527760.2276855,374527760.2276855,0.0,0.0,1339.6
2025-02-12 13:00:00,FLAT,374527760.2276855,374527760.2276855,0.0,0.0,1338.7
2025-02-12 13:15:00,FLAT,374527760.2276855,374527760.2276855,0.0,0.0,1339.9
2025-02-12 13:30:00,FLAT,374527760.2276855,374527760.2276855,0.0,0.0,1339.3
2025-02-12 13:45:00,FLAT,374527760.2276855,374527760.2276855,0.0,0.0,1337.0
2025-02-12 14:00:00,FLAT,374527760.2276855,374527760.2276855,0.0,0.0,1337.0
2025-02-12 14:15:00,FLAT,374527760.2276855,374527760.2276855,0.0,0.0,1332.8
2025-02-12 14:30:00,FLAT,374527760.2276855,374527760.2276855,0.0,0.0,1332.1
2025-02-13 09:00:00,FLAT,374527760.2276855,374527760.2276855,0.0,0.0,1330.8
2025-02-13 09:15:00,FLAT,374527760.2276855,374527760.2276855,0.0,0.0,1329.6
2025-02-13 09:30:00,FLAT,374527760.2276855,374527760.2276855,0.0,0.0,1329.8
2025-02-13 09:45:00,FLAT,374527760.2276855,374527760.2276855,0.0,0.0,1330.8
2025-02-13 10:00:00,FLAT,374527760.2276855,374527760.2276855,0.0,0.0,1327.9
2025-02-13 10:15:00,FLAT,374527760.2276855,374527760.2276855,0.0,0.0,1327.0
2025-02-13 10:30:00,SHORT,374328561.93886214,372717154.09467727,-1611407.844184896,0.0,1329.6
2025-02-13 10:45:00,FLAT,371917624.0946771,371917624.0946771,0.0,0.0,1330.5
2025-02-13 11:00:00,FLAT,371917624.0946771,371917624.0946771,0.0,0.0,1333.3
2025-02-13 11:15:00,FLAT,371917624.0946771,371917624.0946771,0.0,0.0,1332.8
2025-02-13 13:00:00,FLAT,371917624.0946771,371917624.0946771,0.0,0.0,1333.5
2025-02-13 13:15:00,FLAT,371917624.0946771,371917624.0946771,0.0,0.0,1336.4
2025-02-13 13:30:00,FLAT,371917624.0946771,371917624.0946771,0.0,0.0,1337.2
2025-02-13 13:45:00,FLAT,371917624.0946771,371917624.0946771,0.0,0.0,1336.1
2025-02-13 14:00:00,FLAT,371917624.0946771,371917624.0946771,0.0,0.0,1333.8
2025-02-13 14:15:00,FLAT,371917624.0946771,371917624.0946771,0.0,0.0,1336.8
2025-02-13 14:30:00,FLAT,371917624.0946771,371917624.0946771,0.0,0.0,1338.9
2025-02-14 09:00:00,FLAT,371917624.0946771,371917624.0946771,0.0,0.0,1347.5
2025-02-14 09:15:00,FLAT,371917624.0946771,371917624.0946771,0.0,0.0,1347.0
2025-02-14 09:30:00,FLAT,371917624.0946771,371917624.0946771,0.0,0.0,1347.1
2025-02-14 09:45:00,FLAT,371917624.0946771,371917624.0946771,0.0,0.0,1346.3
2025-02-14 10:00:00,FLAT,371917624.0946771,371917624.0946771,0.0,0.0,1345.2
2025-02-14 10:15:00,FLAT,371917624.0946771,371917624.0946771,0.0,0.0,1346.6
2025-02-14 10:30:00,FLAT,371917624.0946771,371917624.0946771,0.0,0.0,1347.6
2025-02-14 10:45:00,FLAT,371917624.0946771,371917624.0946771,0.0,0.0,1349.1
2025-02-14 11:00:00,FLAT,371917624.0946771,371917624.0946771,0.0,0.0,1347.6
2025-02-14 11:15:00,FLAT,371917624.0946771,371917624.0946771,0.0,0.0,1346.6
2025-02-14 13:00:00,FLAT,371917624.0946771,371917624.0946771,0.0,0.0,1345.7
2025-02-14 13:15:00,FLAT,371917624.0946771,371917624.0946771,0.0,0.0,1343.6
2025-02-14 13:30:00,FLAT,371917624.0946771,371917624.0946771,0.0,0.0,1343.0
2025-02-14 13:45:00,FLAT,371917624.0946771,371917624.0946771,0.0,0.0,1343.1
2025-02-14 14:00:00,FLAT,371917624.0946771,371917624.0946771,0.0,0.0,1343.0
2025-02-14 14:15:00,FLAT,371917624.0946771,371917624.0946771,0.0,0.0,1342.5
2025-02-14 14:30:00,FLAT,371917624.0946771,371917624.0946771,0.0,0.0,1342.0
2025-02-17 09:00:00,FLAT,371917624.0946771,371917624.0946771,0.0,0.0,1340.7
2025-02-17 09:15:00,FLAT,371917624.0946771,371917624.0946771,0.0,0.0,1340.4
2025-02-17 09:30:00,FLAT,371917624.0946771,371917624.0946771,0.0,0.0,1339.3
2025-02-17 09:45:00,FLAT,371917624.0946771,371917624.0946771,0.0,0.0,1338.8
2025-02-17 10:00:00,FLAT,371917624.0946771,371917624.0946771,0.0,0.0,1340.0
2025-02-17 10:15:00,FLAT,371917624.0946771,371917624.0946771,0.0,0.0,1340.0
2025-02-17 10:30:00,FLAT,371917624.0946771,371917624.0946771,0.0,0.0,1339.8
2025-02-17 10:45:00,FLAT,371917624.0946771,371917624.0946771,0.0,0.0,1340.4
2025-02-17 11:00:00,FLAT,371917624.0946771,371917624.0946771,0.0,0.0,1341.5
2025-02-17 11:15:00,FLAT,371917624.0946771,371917624.0946771,0.0,0.0,1341.3
2025-02-17 13:00:00,FLAT,371917624.0946771,371917624.0946771,0.0,0.0,1341.6
2025-02-17 13:15:00,FLAT,371917624.0946771,371917624.0946771,0.0,0.0,1340.3
2025-02-17 13:30:00,FLAT,371917624.0946771,371917624.0946771,0.0,0.0,1341.3
2025-02-17 13:45:00,FLAT,371917624.0946771,371917624.0946771,0.0,0.0,1340.8
2025-02-17 14:00:00,FLAT,371917624.0946771,371917624.0946771,0.0,0.0,1340.0
2025-02-17 14:15:00,FLAT,371917624.0946771,371917624.0946771,0.0,0.0,1336.0
2025-02-17 14:30:00,FLAT,371917624.0946771,371917624.0946771,0.0,0.0,1335.7
2025-02-18 09:00:00,FLAT,371917624.0946771,371917624.0946771,0.0,0.0,1333.1
2025-02-18 09:15:00,FLAT,371917624.0946771,371917624.0946771,0.0,0.0,1335.2
2025-02-18 09:30:00,FLAT,371917624.0946771,371917624.0946771,0.0,0.0,1336.0
2025-02-18 09:45:00,FLAT,371917624.0946771,371917624.0946771,0.0,0.0,1336.6
2025-02-18 10:00:00,FLAT,371917624.0946771,371917624.0946771,0.0,0.0,1338.3
2025-02-18 10:15:00,FLAT,371917624.0946771,371917624.0946771,0.0,0.0,1344.8
2025-02-18 10:30:00,FLAT,371917624.0946771,371917624.0946771,0.0,0.0,1344.9
2025-02-18 10:45:00,FLAT,371917624.0946771,371917624.0946771,0.0,0.0,1343.0
2025-02-18 11:00:00,FLAT,371917624.0946771,371917624.0946771,0.0,0.0,1342.2
2025-02-18 11:15:00,FLAT,371917624.0946771,371917624.0946771,0.0,0.0,1338.7
2025-02-18 13:00:00,FLAT,371917624.0946771,371917624.0946771,0.0,0.0,1337.8
2025-02-18 13:15:00,FLAT,371917624.0946771,371917624.0946771,0.0,0.0,1339.2
2025-02-18 13:30:00,FLAT,371917624.0946771,371917624.0946771,0.0,0.0,1337.7
2025-02-18 13:45:00,FLAT,371917624.0946771,371917624.0946771,0.0,0.0,1336.7
2025-02-18 14:00:00,FLAT,371917624.0946771,371917624.0946771,0.0,0.0,1337.1
2025-02-18 14:15:00,FLAT,371917624.0946771,371917624.0946771,0.0,0.0,1338.8
2025-02-18 14:30:00,FLAT,371917624.0946771,371917624.0946771,0.0,0.0,1338.3
2025-02-19 09:00:00,FLAT,371917624.0946771,371917624.0946771,0.0,0.0,1339.4
2025-02-19 09:15:00,FLAT,371917624.0946771,371917624.0946771,0.0,0.0,1339.2
2025-02-19 09:30:00,FLAT,371917624.0946771,371917624.0946771,0.0,0.0,1337.3
2025-02-19 09:45:00,FLAT,371917624.0946771,371917624.0946771,0.0,0.0,1337.8
2025-02-19 10:00:00,FLAT,371917624.0946771,371917624.0946771,0.0,0.0,1341.3
2025-02-19 10:15:00,FLAT,371917624.0946771,371917624.0946771,0.0,0.0,1341.6
2025-02-19 10:30:00,LONG,371716354.0946771,375116354.0946772,3400000.000000091,0.0,1345.2
2025-02-19 10:45:00,LONG,371716354.0946771,372816354.0946772,1100000.0000001364,0.0,1342.9
2025-02-19 11:00:00,LONG,371716354.0946771,373316354.0946772,1600000.0000001364,0.0,1343.4
2025-02-19 11:15:00,LONG,371716354.0946771,375216354.0946771,3500000.0,0.0,1345.3
2025-02-19 13:00:00,LONG,371716354.0946771,374716354.0946771,3000000.0,0.0,1344.8
2025-02-19 13:15:00,LONG,371716354.0946771,375516354.09467703,3799999.9999999544,0.0,1345.6
2025-02-19 13:30:00,LONG,371716354.0946771,375316354.0946772,3600000.0000001364,0.0,1345.4
2025-02-19 13:45:00,LONG,371716354.0946771,372316354.0946772,600000.0000001364,0.0,1342.4
2025-02-19 14:00:00,LONG,371716354.0946771,373216354.0946771,1500000.0,0.0,1343.3
2025-02-19 14:15:00,FLAT,374214679.09467715,374214679.09467715,0.0,0.0,1345.0
2025-02-19 14:30:00,FLAT,374214679.09467715,374214679.09467715,0.0,0.0,1344.5
2025-02-20 09:00:00,FLAT,374214679.09467715,374214679.09467715,0.0,0.0,1346.9
2025-02-20 09:15:00,FLAT,374214679.09467715,374214679.09467715,0.0,0.0,1346.6
2025-02-20 09:30:00,FLAT,374214679.09467715,374214679.09467715,0.0,0.0,1347.9
2025-02-20 09:45:00,FLAT,374214679.09467715,374214679.09467715,0.0,0.0,1346.8
2025-02-20 10:00:00,FLAT,374214679.09467715,374214679.09467715,0.0,0.0,1347.0
2025-02-20 10:15:00,FLAT,374214679.09467715,374214679.09467715,0.0,0.0,1346.7
2025-02-20 10:30:00,FLAT,374214679.09467715,374214679.09467715,0.0,0.0,1347.2
2025-02-20 10:45:00,FLAT,374214679.09467715,374214679.09467715,0.0,0.0,1347.5
2025-02-20 11:00:00,FLAT,374214679.09467715,374214679.09467715,0.0,0.0,1349.9
2025-02-20 11:15:00,LONG,374012216.66060483,372762656.17831594,-1249560.482288871,0.0,1348.5
2025-02-20 13:00:00,LONG,374012216.66060483,372562656.17831594,-1449560.4822889164,0.0,1348.3
2025-02-20 13:15:00,FLAT,371560531.17831594,371560531.17831594,0.0,0.0,1349.8
2025-02-20 13:30:00,FLAT,371560531.17831594,371560531.17831594,0.0,0.0,1349.1
2025-02-20 13:45:00,FLAT,371560531.17831594,371560531.17831594,0.0,0.0,1350.0
2025-02-20 14:00:00,FLAT,371560531.17831594,371560531.17831594,0.0,0.0,1350.6
2025-02-20 14:15:00,FLAT,371560531.17831594,371560531.17831594,0.0,0.0,1349.8
2025-02-20 14:30:00,FLAT,371560531.17831594,371560531.17831594,0.0,0.0,1349.7
2025-02-21 09:00:00,FLAT,371560531.17831594,371560531.17831594,0.0,0.0,1347.5
2025-02-21 09:15:00,FLAT,371560531.17831594,371560531.17831594,0.0,0.0,1350.8
2025-02-21 09:30:00,LONG,371357951.0563129,373023804.3695897,1665853.3132767843,0.0,1352.2
2025-02-21 09:45:00,LONG,371357951.0563129,372223804.36958975,865853.3132768298,0.0,1351.4
2025-02-21 10:00:00,LONG,371357951.0563129,370723804.36958975,-634146.6867231702,0.0,1349.9
2025-02-21 10:15:00,LONG,371357951.0563129,371123804.3695896,-234146.68672330663,0.0,1350.3
2025-02-21 10:30:00,LONG,371357951.0563129,371423804.36958957,65853.3132766479,0.0,1350.6
2025-02-21 10:45:00,LONG,371357951.0563129,370623804.3695896,-734146.6867233067,0.0,1349.8
2025-02-21 11:00:00,LONG,371357951.0563129,370823804.3695897,-534146.6867232611,0.0,1350.0
2025-02-21 11:15:00,LONG,371357951.0563129,372323804.3695897,965853.3132767389,0.0,1351.5
2025-02-21 13:00:00,LONG,371357951.0563129,372323804.3695897,965853.3132767389,0.0,1351.5
2025-02-21 13:15:00,LONG,371357951.0563129,374023804.3695897,2665853.3132767845,0.0,1353.2
2025-02-21 13:30:00,LONG,371357951.0563129,374923804.36958957,3565853.313276648,0.0,1354.1
2025-02-21 13:45:00,LONG,371357951.0563129,372823804.3695897,1465853.3132767389,0.0,1352.0
2025-02-21 14:00:00,LONG,371357951.0563129,371923804.36958957,565853.3132766479,0.0,1351.1
2025-02-21 14:15:00,FLAT,372021094.36958975,372021094.36958975,0.0,0.0,1351.9
2025-02-21 14:30:00,FLAT,372021094.36958975,372021094.36958975,0.0,0.0,1351.7
2025-02-24 09:00:00,FLAT,372021094.36958975,372021094.36958975,0.0,0.0,1353.8
2025-02-24 09:15:00,FLAT,372021094.36958975,372021094.36958975,0.0,0.0,1355.4
2025-02-24 09:30:00,FLAT,372021094.36958975,372021094.36958975,0.0,0.0,1355.9
2025-02-24 09:45:00,FLAT,372021094.36958975,372021094.36958975,0.0,0.0,1355.6
2025-02-24 10:00:00,FLAT,372021094.36958975,372021094.36958975,0.0,0.0,1356.5
2025-02-24 10:15:00,FLAT,372021094.36958975,372021094.36958975,0.0,0.0,1356.8
2025-02-24 10:30:00,FLAT,372021094.36958975,372021094.36958975,0.0,0.0,1356.4
2025-02-24 10:45:00,FLAT,372021094.36958975,372021094.36958975,0.0,0.0,1357.5
2025-02-24 11:00:00,LONG,371817451.9263715,371001163.8048703,-816288.1215012021,0.0,1356.8
2025-02-24 11:15:00,FLAT,369397853.8048704,369397853.8048704,0.0,0.0,1355.5
2025-02-24 13:00:00,FLAT,369397853.8048704,369397853.8048704,0.0,0.0,1354.5
2025-02-24 13:15:00,FLAT,369397853.8048704,369397853.8048704,0.0,0.0,1354.6
2025-02-24 13:30:00,FLAT,369397853.8048704,369397853.8048704,0.0,0.0,1356.3
2025-02-24 13:45:00,FLAT,369397853.8048704,369397853.8048704,0.0,0.0,1355.6
2025-02-24 14:00:00,FLAT,369397853.8048704,369397853.8048704,0.0,0.0,1359.8
2025-02-24 14:15:00,FLAT,369397853.8048704,369397853.8048704,0.0,0.0,1365.3
2025-02-24 14:30:00,FLAT,369397853.8048704,369397853.8048704,0.0,0.0,1366.1
2025-02-25 09:00:00,FLAT,369397853.8048704,369397853.8048704,0.0,0.0,1365.7
2025-02-25 09:15:00,FLAT,369397853.8048704,369397853.8048704,0.0,0.0,1365.6
2025-02-25 10:00:00,FLAT,369397853.8048704,369397853.8048704,0.0,0.0,1363.5
2025-02-25 10:15:00,FLAT,369397853.8048704,369397853.8048704,0.0,0.0,1364.6
2025-02-25 10:30:00,FLAT,369397853.8048704,369397853.8048704,0.0,0.0,1364.5
2025-02-25 10:45:00,FLAT,369397853.8048704,369397853.8048704,0.0,0.0,1363.9
2025-02-25 11:00:00,FLAT,369397853.8048704,369397853.8048704,0.0,0.0,1361.5
2025-02-25 11:15:00,FLAT,369397853.8048704,369397853.8048704,0.0,0.0,1361.1
2025-02-25 13:00:00,FLAT,369397853.8048704,369397853.8048704,0.0,0.0,1362.6
2025-02-25 13:15:00,FLAT,369397853.8048704,369397853.8048704,0.0,0.0,1361.2
2025-02-25 13:30:00,FLAT,369397853.8048704,369397853.8048704,0.0,0.0,1362.5
2025-02-25 13:45:00,FLAT,369397853.8048704,369397853.8048704,0.0,0.0,1360.3
2025-02-25 14:00:00,FLAT,369397853.8048704,369397853.8048704,0.0,0.0,1358.0
2025-02-25 14:15:00,FLAT,366760877.19320774,366760877.19320774,0.0,0.0,1361.7
2025-02-25 14:30:00,FLAT,366760877.19320774,366760877.19320774,0.0,0.0,1361.3
2025-02-26 09:00:00,FLAT,366760877.19320774,366760877.19320774,0.0,0.0,1362.6
2025-02-26 09:15:00,FLAT,366760877.19320774,366760877.19320774,0.0,0.0,1362.2
2025-02-26 09:30:00,FLAT,366760877.19320774,366760877.19320774,0.0,0.0,1362.4
2025-02-26 09:45:00,FLAT,366760877.19320774,366760877.19320774,0.0,0.0,1362.2
2025-02-26 10:00:00,FLAT,366760877.19320774,366760877.19320774,0.0,0.0,1363.2
2025-02-26 10:15:00,FLAT,366760877.19320774,366760877.19320774,0.0,0.0,1362.2
2025-02-26 10:30:00,FLAT,366760877.19320774,366760877.19320774,0.0,0.0,1360.7
2025-02-26 10:45:00,FLAT,366760877.19320774,366760877.19320774,0.0,0.0,1361.0
2025-02-26 11:00:00,FLAT,366760877.19320774,366760877.19320774,0.0,0.0,1361.3
2025-02-26 11:15:00,FLAT,366760877.19320774,366760877.19320774,0.0,0.0,1361.3
2025-02-26 13:00:00,FLAT,366760877.19320774,366760877.19320774,0.0,0.0,1361.7
2025-02-26 13:15:00,FLAT,366760877.19320774,366760877.19320774,0.0,0.0,1362.8
2025-02-26 13:30:00,FLAT,366760877.19320774,366760877.19320774,0.0,0.0,1361.2
2025-02-26 13:45:00,FLAT,366760877.19320774,366760877.19320774,0.0,0.0,1362.4
2025-02-26 14:00:00,FLAT,366760877.19320774,366760877.19320774,0.0,0.0,1360.3
2025-02-26 14:15:00,FLAT,366760877.19320774,366760877.19320774,0.0,0.0,1360.3
2025-02-26 14:30:00,FLAT,366760877.19320774,366760877.19320774,0.0,0.0,1360.3
2025-02-27 09:00:00,FLAT,366760877.19320774,366760877.19320774,0.0,0.0,1362.6
2025-02-27 09:15:00,FLAT,366760877.19320774,366760877.19320774,0.0,0.0,1361.9
2025-02-27 09:30:00,FLAT,366760877.19320774,366760877.19320774,0.0,0.0,1361.6
2025-02-27 09:45:00,FLAT,366760877.19320774,366760877.19320774,0.0,0.0,1362.0
2025-02-27 10:00:00,FLAT,366760877.19320774,366760877.19320774,0.0,0.0,1362.3
2025-02-27 10:15:00,FLAT,366760877.19320774,366760877.19320774,0.0,0.0,1362.2
2025-02-27 10:30:00,FLAT,366760877.19320774,366760877.19320774,0.0,0.0,1361.6
2025-02-27 10:45:00,FLAT,366760877.19320774,366760877.19320774,0.0,0.0,1360.1
2025-02-27 11:00:00,FLAT,366760877.19320774,366760877.19320774,0.0,0.0,1358.0
2025-02-27 11:15:00,FLAT,366760877.19320774,366760877.19320774,0.0,0.0,1355.8
2025-02-27 13:00:00,FLAT,366760877.19320774,366760877.19320774,0.0,0.0,1352.6
2025-02-27 13:15:00,FLAT,366760877.19320774,366760877.19320774,0.0,0.0,1353.2
2025-02-27 13:30:00,FLAT,366760877.19320774,366760877.19320774,0.0,0.0,1353.5
2025-02-27 13:45:00,FLAT,366760877.19320774,366760877.19320774,0.0,0.0,1354.6
2025-02-27 14:00:00,FLAT,366760877.19320774,366760877.19320774,0.0,0.0,1358.2
2025-02-27 14:15:00,FLAT,366760877.19320774,366760877.19320774,0.0,0.0,1362.2
2025-02-27 14:30:00,FLAT,366760877.19320774,366760877.19320774,0.0,0.0,1362.5
2025-02-28 09:00:00,FLAT,366760877.19320774,366760877.19320774,0.0,0.0,1357.7
2025-02-28 09:15:00,FLAT,366760877.19320774,366760877.19320774,0.0,0.0,1360.5
2025-02-28 09:30:00,FLAT,366760877.19320774,366760877.19320774,0.0,0.0,1357.2
2025-02-28 09:45:00,FLAT,366760877.19320774,366760877.19320774,0.0,0.0,1356.1
2025-02-28 10:00:00,FLAT,366760877.19320774,366760877.19320774,0.0,0.0,1355.9
2025-02-28 10:15:00,FLAT,366760877.19320774,366760877.19320774,0.0,0.0,1353.1
2025-02-28 10:30:00,FLAT,366760877.19320774,366760877.19320774,0.0,0.0,1352.4
2025-02-28 10:45:00,FLAT,366760877.19320774,366760877.19320774,0.0,0.0,1352.0
2025-02-28 11:00:00,FLAT,366760877.19320774,366760877.19320774,0.0,0.0,1352.0
2025-02-28 11:15:00,FLAT,366760877.19320774,366760877.19320774,0.0,0.0,1353.3
2025-02-28 13:00:00,FLAT,366760877.19320774,366760877.19320774,0.0,0.0,1352.1
2025-02-28 13:15:00,FLAT,366760877.19320774,366760877.19320774,0.0,0.0,1354.3
2025-02-28 13:30:00,FLAT,366760877.19320774,366760877.19320774,0.0,0.0,1356.9
2025-02-28 13:45:00,FLAT,364006284.8013748,364006284.8013748,0.0,0.0,1353.6
2025-02-28 14:00:00,FLAT,364006284.8013748,364006284.8013748,0.0,0.0,1351.8
2025-02-28 14:15:00,FLAT,364006284.8013748,364006284.8013748,0.0,0.0,1357.7
2025-02-28 14:30:00,FLAT,364006284.8013748,364006284.8013748,0.0,0.0,1356.3
2025-03-03 09:00:00,FLAT,364006284.8013748,364006284.8013748,0.0,0.0,1359.3
2025-03-03 09:15:00,FLAT,364006284.8013748,364006284.8013748,0.0,0.0,1358.3
2025-03-03 09:30:00,FLAT,364006284.8013748,364006284.8013748,0.0,0.0,1359.2
2025-03-03 09:45:00,FLAT,364006284.8013748,364006284.8013748,0.0,0.0,1358.6
2025-03-03 10:00:00,FLAT,364006284.8013748,364006284.8013748,0.0,0.0,1359.0
2025-03-03 10:15:00,FLAT,364006284.8013748,364006284.8013748,0.0,0.0,1360.0
2025-03-03 10:30:00,FLAT,364006284.8013748,364006284.8013748,0.0,0.0,1358.8
2025-03-03 10:45:00,FLAT,364006284.8013748,364006284.8013748,0.0,0.0,1358.4
2025-03-03 11:00:00,FLAT,364006284.8013748,364006284.8013748,0.0,0.0,1358.3
2025-03-03 11:15:00,FLAT,364006284.8013748,364006284.8013748,0.0,0.0,1360.3
2025-03-03 13:00:00,FLAT,364006284.8013748,364006284.8013748,0.0,0.0,1360.0
2025-03-03 13:15:00,FLAT,364006284.8013748,364006284.8013748,0.0,0.0,1359.3
2025-03-03 13:30:00,FLAT,364006284.8013748,364006284.8013748,0.0,0.0,1363.7
2025-03-03 13:45:00,FLAT,364006284.8013748,364006284.8013748,0.0,0.0,1362.9
2025-03-03 14:00:00,FLAT,364006284.8013748,364006284.8013748,0.0,0.0,1363.6
2025-03-03 14:15:00,FLAT,364006284.8013748,364006284.8013748,0.0,0.0,1361.3
2025-03-03 14:30:00,FLAT,364006284.8013748,364006284.8013748,0.0,0.0,1361.1
2025-03-04 09:00:00,FLAT,364006284.8013748,364006284.8013748,0.0,0.0,1354.8
2025-03-04 09:15:00,FLAT,364006284.8013748,364006284.8013748,0.0,0.0,1356.5
2025-03-04 09:30:00,FLAT,364006284.8013748,364006284.8013748,0.0,0.0,1357.0
2025-03-04 09:45:00,FLAT,364006284.8013748,364006284.8013748,0.0,0.0,1356.7
2025-03-04 10:00:00,FLAT,364006284.8013748,364006284.8013748,0.0,0.0,1356.1
2025-03-04 10:15:00,FLAT,364006284.8013748,364006284.8013748,0.0,0.0,1355.7
2025-03-04 10:30:00,FLAT,364006284.8013748,364006284.8013748,0.0,0.0,1354.9
2025-03-04 10:45:00,FLAT,364006284.8013748,364006284.8013748,0.0,0.0,1354.0
2025-03-04 11:00:00,FLAT,364006284.8013748,364006284.8013748,0.0,0.0,1354.7
2025-03-04 11:15:00,FLAT,364006284.8013748,364006284.8013748,0.0,0.0,1354.8
2025-03-04 13:00:00,FLAT,364006284.8013748,364006284.8013748,0.0,0.0,1355.4
2025-03-04 13:15:00,FLAT,364006284.8013748,364006284.8013748,0.0,0.0,1357.5
2025-03-04 13:30:00,FLAT,364006284.8013748,364006284.8013748,0.0,0.0,1364.2
2025-03-04 13:45:00,FLAT,364006284.8013748,364006284.8013748,0.0,0.0,1364.5
2025-03-04 14:00:00,FLAT,364006284.8013748,364006284.8013748,0.0,0.0,1368.4
2025-03-04 14:15:00,FLAT,364006284.8013748,364006284.8013748,0.0,0.0,1366.2
2025-03-04 14:30:00,FLAT,364006284.8013748,364006284.8013748,0.0,0.0,1366.6
2025-03-05 09:00:00,FLAT,364006284.8013748,364006284.8013748,0.0,0.0,1366.4
2025-03-05 09:15:00,FLAT,364006284.8013748,364006284.8013748,0.0,0.0,1368.7
2025-03-05 09:30:00,FLAT,364006284.8013748,364006284.8013748,0.0,0.0,1372.4
2025-03-05 09:45:00,LONG,363800710.06962425,363802498.399478,1788.329853752657,0.0,1370.5
2025-03-05 10:00:00,LONG,363800710.06962425,362402498.3994779,-1398211.6701463382,0.0,1369.1
2025-03-05 10:15:00,LONG,363800710.06962425,363302498.399478,-498211.6701462474,0.0,1370.0
2025-03-05 10:30:00,LONG,363800710.06962425,363902498.3994779,101788.32985366171,0.0,1370.6
2025-03-05 10:45:00,LONG,363800710.06962425,363102498.39947796,-698211.6701462928,0.0,1369.8
2025-03-05 11:00:00,LONG,363800710.06962425,362302498.399478,-1498211.6701462474,0.0,1369.0
2025-03-05 11:15:00,LONG,363800710.06962425,363202498.3994781,-598211.6701461563,0.0,1369.9
2025-03-05 13:00:00,LONG,363800710.06962425,362502498.399478,-1298211.670146202,0.0,1369.2
2025-03-05 13:15:00,LONG,363800710.06962425,363702498.3994781,-98211.6701461564,0.0,1370.4
2025-03-05 13:30:00,FLAT,360997313.3994781,360997313.3994781,0.0,0.0,1368.4
2025-03-05 13:45:00,FLAT,360997313.3994781,360997313.3994781,0.0,0.0,1367.4
2025-03-05 14:00:00,FLAT,360997313.3994781,360997313.3994781,0.0,0.0,1367.1
2025-03-05 14:15:00,FLAT,360997313.3994781,360997313.3994781,0.0,0.0,1366.5
2025-03-05 14:30:00,FLAT,360997313.3994781,360997313.3994781,0.0,0.0,1367.0
2025-03-06 09:00:00,FLAT,360997313.3994781,360997313.3994781,0.0,0.0,1368.4
2025-03-06 09:15:00,FLAT,360997313.3994781,360997313.3994781,0.0,0.0,1370.2
2025-03-06 09:30:00,FLAT,360997313.3994781,360997313.3994781,0.0,0.0,1368.8
2025-03-06 09:45:00,FLAT,360997313.3994781,360997313.3994781,0.0,0.0,1371.8
2025-03-06 10:00:00,FLAT,360997313.3994781,360997313.3994781,0.0,0.0,1371.8
2025-03-06 10:15:00,FLAT,360997313.3994781,360997313.3994781,0.0,0.0,1372.7
2025-03-06 10:30:00,FLAT,360997313.3994781,360997313.3994781,0.0,0.0,1372.7
2025-03-06 10:45:00,FLAT,360997313.3994781,360997313.3994781,0.0,0.0,1372.7
2025-03-06 11:00:00,FLAT,360997313.3994781,360997313.3994781,0.0,0.0,1372.1
2025-03-06 11:15:00,FLAT,360997313.3994781,360997313.3994781,0.0,0.0,1373.0
2025-03-06 13:00:00,FLAT,360997313.3994781,360997313.3994781,0.0,0.0,1374.4
2025-03-06 13:15:00,FLAT,360997313.3994781,360997313.3994781,0.0,0.0,1371.9
2025-03-06 13:30:00,FLAT,360997313.3994781,360997313.3994781,0.0,0.0,1370.9
2025-03-06 13:45:00,FLAT,360997313.3994781,360997313.3994781,0.0,0.0,1372.7
2025-03-06 14:00:00,FLAT,360997313.3994781,360997313.3994781,0.0,0.0,1373.8
2025-03-06 14:15:00,FLAT,360997313.3994781,360997313.3994781,0.0,0.0,1375.8
2025-03-06 14:30:00,FLAT,360997313.3994781,360997313.3994781,0.0,0.0,1377.0
2025-03-07 09:00:00,FLAT,360997313.3994781,360997313.3994781,0.0,0.0,1374.9
2025-03-07 09:15:00,FLAT,360997313.3994781,360997313.3994781,0.0,0.0,1374.9
2025-03-07 09:30:00,FLAT,360997313.3994781,360997313.3994781,0.0,0.0,1376.5
2025-03-07 09:45:00,FLAT,360997313.3994781,360997313.3994781,0.0,0.0,1374.8
2025-03-07 10:00:00,FLAT,360997313.3994781,360997313.3994781,0.0,0.0,1375.6
2025-03-07 10:15:00,FLAT,360997313.3994781,360997313.3994781,0.0,0.0,1376.1
2025-03-07 10:30:00,FLAT,360997313.3994781,360997313.3994781,0.0,0.0,1377.7
2025-03-07 10:45:00,FLAT,360997313.3994781,360997313.3994781,0.0,0.0,1378.4
2025-03-07 11:00:00,LONG,360790628.0494014,360088294.2050357,-702333.8443657394,0.0,1377.2
2025-03-07 11:15:00,LONG,360790628.0494014,360188294.20503557,-602333.8443658304,0.0,1377.3
2025-03-07 13:00:00,LONG,360790628.0494014,359788294.2050357,-1002333.844365694,0.0,1376.9
2025-03-07 13:15:00,LONG,360790628.0494014,361488294.2050355,697666.1556341242,0.0,1378.6
2025-03-07 13:30:00,LONG,360790628.0494014,361588294.2050357,797666.1556342606,0.0,1378.7
2025-03-07 13:45:00,LONG,360790628.0494014,362288294.2050357,1497666.1556343061,0.0,1379.4
2025-03-07 14:00:00,LONG,360790628.0494014,363688294.20503557,2897666.1556341695,0.0,1380.8
2025-03-07 14:15:00,FLAT,368836897.52872974,368836897.52872974,0.0,0.0,1384.9
2025-03-07 14:30:00,FLAT,368836897.52872974,368836897.52872974,0.0,0.0,1387.9
2025-03-10 09:00:00,FLAT,368836897.52872974,368836897.52872974,0.0,0.0,1391.8
2025-03-10 09:15:00,FLAT,368836897.52872974,368836897.52872974,0.0,0.0,1391.5
2025-03-10 09:30:00,FLAT,368836897.52872974,368836897.52872974,0.0,0.0,1391.8
2025-03-10 09:45:00,FLAT,368836897.52872974,368836897.52872974,0.0,0.0,1392.3
2025-03-10 10:00:00,FLAT,368836897.52872974,368836897.52872974,0.0,0.0,1391.6
2025-03-10 10:15:00,FLAT,368836897.52872974,368836897.52872974,0.0,0.0,1390.8
2025-03-10 10:30:00,FLAT,368836897.52872974,368836897.52872974,0.0,0.0,1390.4
2025-03-10 10:45:00,FLAT,368836897.52872974,368836897.52872974,0.0,0.0,1390.8
2025-03-10 11:00:00,FLAT,368836897.52872974,368836897.52872974,0.0,0.0,1391.0
2025-03-10 11:15:00,FLAT,368836897.52872974,368836897.52872974,0.0,0.0,1391.4
2025-03-10 13:00:00,FLAT,368836897.52872974,368836897.52872974,0.0,0.0,1390.8
2025-03-10 13:15:00,FLAT,368836897.52872974,368836897.52872974,0.0,0.0,1391.2
2025-03-10 13:30:00,FLAT,368836897.52872974,368836897.52872974,0.0,0.0,1390.9
2025-03-10 13:45:00,FLAT,368836897.52872974,368836897.52872974,0.0,0.0,1389.0
2025-03-10 14:00:00,FLAT,368836897.52872974,368836897.52872974,0.0,0.0,1386.3
2025-03-10 14:15:00,FLAT,367843357.22312105,367843357.22312105,0.0,0.0,1388.3
2025-03-10 14:30:00,FLAT,367843357.22312105,367843357.22312105,0.0,0.0,1388.6
2025-03-11 09:00:00,FLAT,367843357.22312105,367843357.22312105,0.0,0.0,1377.8
2025-03-11 09:15:00,FLAT,367843357.22312105,367843357.22312105,0.0,0.0,1377.7
2025-03-11 09:30:00,FLAT,367843357.22312105,367843357.22312105,0.0,0.0,1377.4
2025-03-11 09:45:00,FLAT,367843357.22312105,367843357.22312105,0.0,0.0,1378.6
2025-03-11 10:00:00,FLAT,367843357.22312105,367843357.22312105,0.0,0.0,1378.2
2025-03-11 10:15:00,FLAT,367843357.22312105,367843357.22312105,0.0,0.0,1378.1
2025-03-11 10:30:00,FLAT,367843357.22312105,367843357.22312105,0.0,0.0,1380.6
2025-03-11 10:45:00,FLAT,367843357.22312105,367843357.22312105,0.0,0.0,1383.5
2025-03-11 11:00:00,FLAT,367843357.22312105,367843357.22312105,0.0,0.0,1382.7
2025-03-11 11:15:00,FLAT,367843357.22312105,367843357.22312105,0.0,0.0,1382.8
2025-03-11 13:00:00,FLAT,367843357.22312105,367843357.22312105,0.0,0.0,1384.5
2025-03-11 13:15:00,FLAT,367843357.22312105,367843357.22312105,0.0,0.0,1385.4
2025-03-11 13:30:00,FLAT,367843357.22312105,367843357.22312105,0.0,0.0,1386.0
2025-03-11 13:45:00,FLAT,367843357.22312105,367843357.22312105,0.0,0.0,1388.5
2025-03-11 14:00:00,LONG,367635323.2385856,366542093.0022926,-1093230.2362930386,0.0,1385.8
2025-03-11 14:15:00,FLAT,369733713.00229263,369733713.00229263,0.0,0.0,1389.7
2025-03-11 14:30:00,FLAT,369733713.00229263,369733713.00229263,0.0,0.0,1391.0
2025-03-12 09:00:00,FLAT,369733713.00229263,369733713.00229263,0.0,0.0,1393.6
2025-03-12 09:15:00,FLAT,369733713.00229263,369733713.00229263,0.0,0.0,1393.4
2025-03-12 09:30:00,FLAT,369733713.00229263,369733713.00229263,0.0,0.0,1393.5
2025-03-12 09:45:00,FLAT,369733713.00229263,369733713.00229263,0.0,0.0,1392.5
2025-03-12 10:00:00,FLAT,369733713.00229263,369733713.00229263,0.0,0.0,1389.5
2025-03-12 10:15:00,FLAT,369733713.00229263,369733713.00229263,0.0,0.0,1387.9
2025-03-12 10:30:00,FLAT,369733713.00229263,369733713.00229263,0.0,0.0,1389.2
2025-03-12 10:45:00,FLAT,369733713.00229263,369733713.00229263,0.0,0.0,1389.6
2025-03-12 11:00:00,SHORT,369525181.6707483,368834058.6331663,-691123.0375819742,0.0,1390.9
2025-03-12 11:15:00,SHORT,369525181.6707483,369234058.63316643,-291123.0375818832,0.0,1390.5
2025-03-12 13:00:00,SHORT,369525181.6707483,370834058.6331663,1308876.9624180258,0.0,1388.9
2025-03-12 13:15:00,SHORT,369525181.6707483,368934058.63316643,-591123.0375818377,0.0,1390.8
2025-03-12 13:30:00,SHORT,369525181.6707483,371234058.63316643,1708876.9624181169,0.0,1388.5
2025-03-12 13:45:00,SHORT,369525181.6707483,368734058.63316643,-791123.0375818831,0.0,1391.0
2025-03-12 14:00:00,FLAT,366925168.6331665,366925168.6331665,0.0,0.0,1391.0
2025-03-12 14:15:00,FLAT,366925168.6331665,366925168.6331665,0.0,0.0,1390.7
2025-03-12 14:30:00,FLAT,366925168.6331665,366925168.6331665,0.0,0.0,1389.9
2025-03-13 09:00:00,FLAT,366925168.6331665,366925168.6331665,0.0,0.0,1389.0
2025-03-13 09:15:00,FLAT,366925168.6331665,366925168.6331665,0.0,0.0,1385.2
2025-03-13 09:30:00,FLAT,366925168.6331665,366925168.6331665,0.0,0.0,1387.5
2025-03-13 09:45:00,FLAT,366925168.6331665,366925168.6331665,0.0,0.0,1386.3
2025-03-13 10:00:00,FLAT,366925168.6331665,366925168.6331665,0.0,0.0,1388.2
2025-03-13 10:15:00,FLAT,366925168.6331665,366925168.6331665,0.0,0.0,1391.8
2025-03-13 10:30:00,FLAT,366925168.6331665,366925168.6331665,0.0,0.0,1391.3
2025-03-13 10:45:00,FLAT,366925168.6331665,366925168.6331665,0.0,0.0,1388.0
2025-03-13 11:00:00,FLAT,366925168.6331665,366925168.6331665,0.0,0.0,1388.4
2025-03-13 11:15:00,FLAT,366925168.6331665,366925168.6331665,0.0,0.0,1387.3
2025-03-13 13:00:00,FLAT,366925168.6331665,366925168.6331665,0.0,0.0,1388.0
2025-03-13 13:15:00,FLAT,366925168.6331665,366925168.6331665,0.0,0.0,1387.9
2025-03-13 13:30:00,FLAT,366925168.6331665,366925168.6331665,0.0,0.0,1390.0
2025-03-13 13:45:00,FLAT,366925168.6331665,366925168.6331665,0.0,0.0,1388.8
2025-03-13 14:00:00,FLAT,366925168.6331665,366925168.6331665,0.0,0.0,1389.4
2025-03-13 14:15:00,FLAT,366925168.6331665,366925168.6331665,0.0,0.0,1386.6
2025-03-13 14:30:00,FLAT,366925168.6331665,366925168.6331665,0.0,0.0,1388.0
2025-03-14 09:00:00,FLAT,366925168.6331665,366925168.6331665,0.0,0.0,1385.1
2025-03-14 09:15:00,FLAT,366925168.6331665,366925168.6331665,0.0,0.0,1386.5
2025-03-14 09:30:00,FLAT,366925168.6331665,366925168.6331665,0.0,0.0,1386.3
2025-03-14 09:45:00,FLAT,366925168.6331665,366925168.6331665,0.0,0.0,1386.9
2025-03-14 10:00:00,FLAT,366925168.6331665,366925168.6331665,0.0,0.0,1388.3
2025-03-14 10:15:00,FLAT,366925168.6331665,366925168.6331665,0.0,0.0,1390.1
2025-03-14 10:30:00,FLAT,366925168.6331665,366925168.6331665,0.0,0.0,1389.6
2025-03-14 10:45:00,FLAT,366925168.6331665,366925168.6331665,0.0,0.0,1391.0
2025-03-14 11:00:00,FLAT,366925168.6331665,366925168.6331665,0.0,0.0,1391.5
2025-03-14 11:15:00,FLAT,366925168.6331665,366925168.6331665,0.0,0.0,1389.3
2025-03-14 13:00:00,FLAT,366925168.6331665,366925168.6331665,0.0,0.0,1389.9
2025-03-14 13:15:00,FLAT,366925168.6331665,366925168.6331665,0.0,0.0,1390.4
2025-03-14 13:30:00,FLAT,366925168.6331665,366925168.6331665,0.0,0.0,1387.8
2025-03-14 13:45:00,FLAT,366925168.6331665,366925168.6331665,0.0,0.0,1385.8
2025-03-14 14:00:00,FLAT,366925168.6331665,366925168.6331665,0.0,0.0,1385.7
2025-03-14 14:15:00,FLAT,366952146.16790247,366952146.16790247,0.0,0.0,1385.0
2025-03-14 14:30:00,FLAT,366952146.16790247,366952146.16790247,0.0,0.0,1385.1
2025-03-17 09:00:00,FLAT,366952146.16790247,366952146.16790247,0.0,0.0,1389.2
2025-03-17 09:15:00,FLAT,366952146.16790247,366952146.16790247,0.0,0.0,1389.0
2025-03-17 09:30:00,FLAT,366952146.16790247,366952146.16790247,0.0,0.0,1391.3
2025-03-17 09:45:00,FLAT,366952146.16790247,366952146.16790247,0.0,0.0,1389.7
2025-03-17 10:00:00,FLAT,366952146.16790247,366952146.16790247,0.0,0.0,1388.7
2025-03-17 10:15:00,FLAT,366952146.16790247,366952146.16790247,0.0,0.0,1389.9
2025-03-17 10:30:00,FLAT,366952146.16790247,366952146.16790247,0.0,0.0,1388.7
2025-03-17 10:45:00,FLAT,366952146.16790247,366952146.16790247,0.0,0.0,1388.2
2025-03-17 11:00:00,FLAT,366952146.16790247,366952146.16790247,0.0,0.0,1388.0
2025-03-17 11:15:00,FLAT,366952146.16790247,366952146.16790247,0.0,0.0,1389.0
2025-03-17 13:00:00,FLAT,366952146.16790247,366952146.16790247,0.0,0.0,1388.5
2025-03-17 13:15:00,FLAT,366952146.16790247,366952146.16790247,0.0,0.0,1389.1
2025-03-17 13:30:00,FLAT,366952146.16790247,366952146.16790247,0.0,0.0,1389.5
2025-03-17 13:45:00,FLAT,366952146.16790247,366952146.16790247,0.0,0.0,1389.6
2025-03-17 14:00:00,FLAT,366952146.16790247,366952146.16790247,0.0,0.0,1390.5
2025-03-17 14:15:00,FLAT,366952146.16790247,366952146.16790247,0.0,0.0,1389.9
2025-03-17 14:30:00,FLAT,366952146.16790247,366952146.16790247,0.0,0.0,1390.2
2025-03-18 09:00:00,FLAT,366952146.16790247,366952146.16790247,0.0,0.0,1394.6
2025-03-18 09:15:00,FLAT,366952146.16790247,366952146.16790247,0.0,0.0,1393.8
2025-03-18 09:30:00,FLAT,366952146.16790247,366952146.16790247,0.0,0.0,1392.4
2025-03-18 09:45:00,FLAT,366952146.16790247,366952146.16790247,0.0,0.0,1392.9
2025-03-18 10:00:00,FLAT,366952146.16790247,366952146.16790247,0.0,0.0,1391.5
2025-03-18 10:15:00,SHORT,366743422.8727864,366232056.9800111,-511365.89277530217,0.0,1392.0
2025-03-18 10:30:00,SHORT,366743422.8727864,366932056.98001117,188634.1072247433,0.0,1391.3
2025-03-18 10:45:00,SHORT,366743422.8727864,367532056.98001105,788634.1072246523,0.0,1390.7
2025-03-18 11:00:00,SHORT,366743422.8727864,368232056.9800111,1488634.1072246977,0.0,1390.0
2025-03-18 11:15:00,SHORT,366743422.8727864,367732056.9800111,988634.1072246978,0.0,1390.5
2025-03-18 13:00:00,SHORT,366743422.8727864,367632056.98001117,888634.1072247887,0.0,1390.6
2025-03-18 13:15:00,SHORT,366743422.8727864,369132056.98001117,2388634.1072247885,0.0,1389.1
2025-03-18 13:30:00,SHORT,366743422.8727864,366832056.980011,88634.10722460685,0.0,1391.4
2025-03-18 13:45:00,SHORT,366743422.8727864,368932056.98001117,2188634.1072247433,0.0,1389.3
2025-03-18 14:00:00,SHORT,366743422.8727864,368932056.98001117,2188634.1072247433,0.0,1389.3
2025-03-18 14:15:00,FLAT,370523931.9800111,370523931.9800111,0.0,0.0,1387.0
2025-03-18 14:30:00,FLAT,370523931.9800111,370523931.9800111,0.0,0.0,1387.4
2025-03-19 09:00:00,FLAT,370523931.9800111,370523931.9800111,0.0,0.0,1384.3
2025-03-19 09:15:00,FLAT,370523931.9800111,370523931.9800111,0.0,0.0,1384.1
2025-03-19 09:30:00,FLAT,370523931.9800111,370523931.9800111,0.0,0.0,1380.7
2025-03-19 09:45:00,SHORT,370316782.2668697,371214869.8761398,898087.6092700782,0.0,1380.1
2025-03-19 10:00:00,SHORT,370316782.2668697,369114869.87613964,-1201912.390730058,0.0,1382.2
2025-03-19 10:15:00,SHORT,370316782.2668697,370314869.8761397,-1912.390730012703,0.0,1381.0
2025-03-19 10:30:00,SHORT,370316782.2668697,369314869.8761397,-1001912.3907300127,0.0,1382.0
2025-03-19 10:45:00,SHORT,370316782.2668697,369914869.87613964,-401912.39073010365,0.0,1381.4
2025-03-19 11:00:00,SHORT,370316782.2668697,370814869.8761397,498087.6092699873,0.0,1380.5
2025-03-19 11:15:00,SHORT,370316782.2668697,372914869.87613964,2598087.6092698965,0.0,1378.4
2025-03-19 13:00:00,SHORT,370316782.2668697,372314869.8761397,1998087.6092699873,0.0,1379.0
2025-03-19 13:15:00,SHORT,370316782.2668697,374214869.8761398,3898087.609270078,0.0,1377.1
2025-03-19 13:30:00,SHORT,370316782.2668697,371114869.87613964,798087.6092699418,0.0,1380.2
2025-03-19 13:45:00,SHORT,370316782.2668697,372814869.8761397,2498087.6092699873,0.0,1378.5
2025-03-19 14:00:00,SHORT,370316782.2668697,372614869.87613964,2298087.6092699417,0.0,1378.7
2025-03-19 14:15:00,FLAT,372008004.8761398,372008004.8761398,0.0,0.0,1378.6
2025-03-19 14:30:00,FLAT,372008004.8761398,372008004.8761398,0.0,0.0,1378.0
2025-03-20 09:00:00,FLAT,372008004.8761398,372008004.8761398,0.0,0.0,1380.5
2025-03-20 09:15:00,FLAT,372008004.8761398,372008004.8761398,0.0,0.0,1381.3
2025-03-20 09:30:00,FLAT,372008004.8761398,372008004.8761398,0.0,0.0,1381.2
2025-03-20 09:45:00,FLAT,372008004.8761398,372008004.8761398,0.0,0.0,1381.4
2025-03-20 10:00:00,FLAT,372008004.8761398,372008004.8761398,0.0,0.0,1380.6
2025-03-20 10:15:00,FLAT,372008004.8761398,372008004.8761398,0.0,0.0,1377.0
2025-03-20 10:30:00,FLAT,372008004.8761398,372008004.8761398,0.0,0.0,1377.1
2025-03-20 10:45:00,FLAT,372008004.8761398,372008004.8761398,0.0,0.0,1376.7
2025-03-20 11:00:00,SHORT,371801533.27352333,375578884.05022913,3777350.7767058164,0.0,1372.7
2025-03-20 11:15:00,SHORT,371801533.27352333,375678884.0502293,3877350.776705953,0.0,1372.6
2025-03-20 13:00:00,SHORT,371801533.27352333,374578884.05022913,2777350.7767058164,0.0,1373.7
2025-03-20 13:15:00,SHORT,371801533.27352333,374778884.0502292,2977350.776705862,0.0,1373.5
2025-03-20 13:30:00,SHORT,371801533.27352333,374478884.05022925,2677350.776705907,0.0,1373.8
2025-03-20 13:45:00,FLAT,370114947.61812264,370114947.61812264,0.0,0.0,1380.0
2025-03-20 14:00:00,FLAT,370114947.61812264,370114947.61812264,0.0,0.0,1378.7
2025-03-20 14:15:00,FLAT,370114947.61812264,370114947.61812264,0.0,0.0,1376.6
2025-03-20 14:30:00,FLAT,370114947.61812264,370114947.61812264,0.0,0.0,1376.3
2025-03-21 09:00:00,FLAT,370114947.61812264,370114947.61812264,0.0,0.0,1374.2
2025-03-21 09:15:00,FLAT,370114947.61812264,370114947.61812264,0.0,0.0,1373.0
2025-03-21 09:30:00,FLAT,370114947.61812264,370114947.61812264,0.0,0.0,1370.4
2025-03-21 09:45:00,SHORT,369909302.450139,369277089.0076579,-632213.4424810883,0.0,1371.6
2025-03-21 10:00:00,FLAT,367471109.00765777,367471109.00765777,0.0,0.0,1373.7
2025-03-21 10:15:00,FLAT,367471109.00765777,367471109.00765777,0.0,0.0,1374.5
2025-03-21 10:30:00,FLAT,367471109.00765777,367471109.00765777,0.0,0.0,1373.7
2025-03-21 10:45:00,FLAT,367471109.00765777,367471109.00765777,0.0,0.0,1373.4
2025-03-21 11:00:00,FLAT,367471109.00765777,367471109.00765777,0.0,0.0,1373.7
2025-03-21 11:15:00,FLAT,367471109.00765777,367471109.00765777,0.0,0.0,1374.2
2025-03-21 13:00:00,FLAT,367471109.00765777,367471109.00765777,0.0,0.0,1374.0
2025-03-21 13:15:00,FLAT,367471109.00765777,367471109.00765777,0.0,0.0,1374.0
2025-03-21 13:30:00,FLAT,367471109.00765777,367471109.00765777,0.0,0.0,1374.6
2025-03-21 13:45:00,FLAT,367471109.00765777,367471109.00765777,0.0,0.0,1374.6
2025-03-21 14:00:00,FLAT,367471109.00765777,367471109.00765777,0.0,0.0,1373.4
2025-03-21 14:15:00,FLAT,367471109.00765777,367471109.00765777,0.0,0.0,1373.9
2025-03-21 14:30:00,FLAT,367471109.00765777,367471109.00765777,0.0,0.0,1374.1
2025-03-24 09:00:00,FLAT,367471109.00765777,367471109.00765777,0.0,0.0,1376.7
2025-03-24 09:15:00,FLAT,367471109.00765777,367471109.00765777,0.0,0.0,1375.0
2025-03-24 09:30:00,FLAT,367471109.00765777,367471109.00765777,0.0,0.0,1377.1
2025-03-24 09:45:00,FLAT,367471109.00765777,367471109.00765777,0.0,0.0,1374.4
2025-03-24 10:00:00,FLAT,367471109.00765777,367471109.00765777,0.0,0.0,1371.3
2025-03-24 10:15:00,FLAT,367471109.00765777,367471109.00765777,0.0,0.0,1371.3
2025-03-24 10:30:00,FLAT,367471109.00765777,367471109.00765777,0.0,0.0,1370.1
2025-03-24 10:45:00,FLAT,367471109.00765777,367471109.00765777,0.0,0.0,1373.6
2025-03-24 11:00:00,FLAT,367471109.00765777,367471109.00765777,0.0,0.0,1373.5
2025-03-24 11:15:00,FLAT,367471109.00765777,367471109.00765777,0.0,0.0,1374.2
2025-03-24 13:00:00,FLAT,367471109.00765777,367471109.00765777,0.0,0.0,1373.7
2025-03-24 13:15:00,FLAT,367471109.00765777,367471109.00765777,0.0,0.0,1377.4
2025-03-24 13:30:00,FLAT,367471109.00765777,367471109.00765777,0.0,0.0,1378.1
2025-03-24 13:45:00,LONG,367264571.78815,367149775.0695973,-114796.718552725,0.0,1376.8
2025-03-24 14:00:00,LONG,367264571.78815,372049775.06959736,4785203.281447366,0.0,1381.7
2025-03-24 14:15:00,FLAT,374885872.84971756,374885872.84971756,0.0,0.0,1386.3
2025-03-24 14:30:00,FLAT,374885872.84971756,374885872.84971756,0.0,0.0,1388.0
2025-03-25 09:00:00,FLAT,374885872.84971756,374885872.84971756,0.0,0.0,1391.4
2025-03-25 09:15:00,FLAT,374885872.84971756,374885872.84971756,0.0,0.0,1389.4
2025-03-25 09:30:00,FLAT,374885872.84971756,374885872.84971756,0.0,0.0,1389.5
2025-03-25 09:45:00,FLAT,374885872.84971756,374885872.84971756,0.0,0.0,1388.7
2025-03-25 10:00:00,SHORT,374677642.4808346,372780101.7004632,-1897540.7803714005,0.0,1390.1
2025-03-25 10:15:00,FLAT,372171526.7004631,372171526.7004631,0.0,0.0,1390.4
2025-03-25 10:30:00,FLAT,372171526.7004631,372171526.7004631,0.0,0.0,1389.0
2025-03-25 10:45:00,FLAT,372171526.7004631,372171526.7004631,0.0,0.0,1388.2
2025-03-25 11:00:00,FLAT,372171526.7004631,372171526.7004631,0.0,0.0,1387.2
2025-03-25 11:15:00,FLAT,372171526.7004631,372171526.7004631,0.0,0.0,1387.6
2025-03-25 13:00:00,FLAT,372171526.7004631,372171526.7004631,0.0,0.0,1387.4
2025-03-25 13:15:00,FLAT,372171526.7004631,372171526.7004631,0.0,0.0,1388.6
2025-03-25 13:30:00,FLAT,372171526.7004631,372171526.7004631,0.0,0.0,1389.7
2025-03-25 13:45:00,FLAT,372171526.7004631,372171526.7004631,0.0,0.0,1387.3
2025-03-25 14:00:00,FLAT,372171526.7004631,372171526.7004631,0.0,0.0,1387.8
2025-03-25 14:15:00,FLAT,372171526.7004631,372171526.7004631,0.0,0.0,1386.4
2025-03-25 14:30:00,FLAT,372171526.7004631,372171526.7004631,0.0,0.0,1386.9
2025-03-26 09:00:00,FLAT,372171526.7004631,372171526.7004631,0.0,0.0,1388.4
2025-03-26 09:15:00,FLAT,372171526.7004631,372171526.7004631,0.0,0.0,1390.5
2025-03-26 09:30:00,FLAT,372171526.7004631,372171526.7004631,0.0,0.0,1389.6
2025-03-26 09:45:00,FLAT,372171526.7004631,372171526.7004631,0.0,0.0,1391.9
2025-03-26 10:00:00,LONG,371962842.6737744,370635998.0825213,-1326844.5912531207,0.0,1389.9
2025-03-26 10:15:00,FLAT,369527648.0825212,369527648.0825212,0.0,0.0,1387.7
2025-03-26 10:30:00,FLAT,369527648.0825212,369527648.0825212,0.0,0.0,1387.2
2025-03-26 10:45:00,FLAT,369527648.0825212,369527648.0825212,0.0,0.0,1385.6
2025-03-26 11:00:00,FLAT,369527648.0825212,369527648.0825212,0.0,0.0,1386.0
2025-03-26 11:15:00,FLAT,369527648.0825212,369527648.0825212,0.0,0.0,1382.5
2025-03-26 13:00:00,FLAT,369527648.0825212,369527648.0825212,0.0,0.0,1383.0
2025-03-26 13:15:00,FLAT,369527648.0825212,369527648.0825212,0.0,0.0,1383.2
2025-03-26 13:30:00,FLAT,369527648.0825212,369527648.0825212,0.0,0.0,1385.5
2025-03-26 13:45:00,FLAT,369527648.0825212,369527648.0825212,0.0,0.0,1383.3
2025-03-26 14:00:00,FLAT,369527648.0825212,369527648.0825212,0.0,0.0,1381.4
2025-03-26 14:15:00,FLAT,369527648.0825212,369527648.0825212,0.0,0.0,1379.5
2025-03-26 14:30:00,FLAT,369527648.0825212,369527648.0825212,0.0,0.0,1378.6
2025-03-27 09:00:00,FLAT,369527648.0825212,369527648.0825212,0.0,0.0,1375.7
2025-03-27 09:15:00,FLAT,369527648.0825212,369527648.0825212,0.0,0.0,1377.2
2025-03-27 09:30:00,FLAT,369527648.0825212,369527648.0825212,0.0,0.0,1376.9
2025-03-27 09:45:00,FLAT,369527648.0825212,369527648.0825212,0.0,0.0,1376.5
2025-03-27 10:00:00,FLAT,369527648.0825212,369527648.0825212,0.0,0.0,1376.7
2025-03-27 10:15:00,FLAT,369527648.0825212,369527648.0825212,0.0,0.0,1375.4
2025-03-27 10:30:00,FLAT,369527648.0825212,369527648.0825212,0.0,0.0,1378.0
2025-03-27 10:45:00,LONG,369320908.2945685,368555655.2764133,-765253.0181551356,0.0,1377.5
2025-03-27 11:00:00,FLAT,366749270.27641344,366749270.27641344,0.0,0.0,1378.0
2025-03-27 11:15:00,LONG,366542535.72844875,365812215.963706,-730319.7647427169,0.0,1377.5
2025-03-27 13:00:00,LONG,366542535.72844875,365612215.96370596,-930319.7647427623,0.0,1377.3
2025-03-27 13:15:00,LONG,366542535.72844875,365612215.96370596,-930319.7647427623,0.0,1377.3
2025-03-27 13:30:00,FLAT,364005830.96370614,364005830.96370614,0.0,0.0,1374.9
2025-03-27 13:45:00,FLAT,364005830.96370614,364005830.96370614,0.0,0.0,1377.0
2025-03-27 14:00:00,FLAT,364005830.96370614,364005830.96370614,0.0,0.0,1376.9
2025-03-27 14:15:00,FLAT,364005830.96370614,364005830.96370614,0.0,0.0,1375.3
2025-03-27 14:30:00,FLAT,364005830.96370614,364005830.96370614,0.0,0.0,1375.9
2025-03-28 09:00:00,FLAT,364005830.96370614,364005830.96370614,0.0,0.0,1374.4
2025-03-28 09:15:00,FLAT,364005830.96370614,364005830.96370614,0.0,0.0,1374.4
2025-03-28 09:30:00,FLAT,364005830.96370614,364005830.96370614,0.0,0.0,1371.8
2025-03-28 09:45:00,FLAT,364005830.96370614,364005830.96370614,0.0,0.0,1372.0
2025-03-28 10:00:00,FLAT,364005830.96370614,364005830.96370614,0.0,0.0,1371.3
2025-03-28 10:15:00,FLAT,364005830.96370614,364005830.96370614,0.0,0.0,1369.8
2025-03-28 10:30:00,FLAT,364005830.96370614,364005830.96370614,0.0,0.0,1368.3
2025-03-28 10:45:00,FLAT,364005830.96370614,364005830.96370614,0.0,0.0,1370.5
2025-03-28 11:00:00,FLAT,364005830.96370614,364005830.96370614,0.0,0.0,1369.8
2025-03-28 11:15:00,FLAT,364005830.96370614,364005830.96370614,0.0,0.0,1368.7
2025-03-28 13:00:00,FLAT,364005830.96370614,364005830.96370614,0.0,0.0,1370.2
2025-03-28 13:15:00,FLAT,364005830.96370614,364005830.96370614,0.0,0.0,1368.5
2025-03-28 13:30:00,FLAT,364005830.96370614,364005830.96370614,0.0,0.0,1368.3
2025-03-28 13:45:00,FLAT,364005830.96370614,364005830.96370614,0.0,0.0,1369.5
2025-03-28 14:00:00,FLAT,364005830.96370614,364005830.96370614,0.0,0.0,1367.3
2025-03-28 14:15:00,FLAT,364005830.96370614,364005830.96370614,0.0,0.0,1369.0
2025-03-28 14:30:00,FLAT,364005830.96370614,364005830.96370614,0.0,0.0,1367.1
2025-03-31 09:00:00,FLAT,364005830.96370614,364005830.96370614,0.0,0.0,1358.1
2025-03-31 09:15:00,FLAT,364005830.96370614,364005830.96370614,0.0,0.0,1358.0
2025-03-31 09:30:00,FLAT,364005830.96370614,364005830.96370614,0.0,0.0,1357.6
2025-03-31 09:45:00,FLAT,364005830.96370614,364005830.96370614,0.0,0.0,1359.2
2025-03-31 10:00:00,FLAT,364005830.96370614,364005830.96370614,0.0,0.0,1358.8
2025-03-31 10:15:00,FLAT,364005830.96370614,364005830.96370614,0.0,0.0,1359.6
2025-03-31 10:30:00,FLAT,364005830.96370614,364005830.96370614,0.0,0.0,1358.4
2025-03-31 10:45:00,FLAT,364005830.96370614,364005830.96370614,0.0,0.0,1358.9
2025-03-31 11:00:00,FLAT,364005830.96370614,364005830.96370614,0.0,0.0,1358.4
2025-03-31 11:15:00,FLAT,364005830.96370614,364005830.96370614,0.0,0.0,1357.8
2025-03-31 13:00:00,FLAT,364005830.96370614,364005830.96370614,0.0,0.0,1358.3
2025-03-31 13:15:00,FLAT,364005830.96370614,364005830.96370614,0.0,0.0,1357.7
2025-03-31 13:30:00,FLAT,364005830.96370614,364005830.96370614,0.0,0.0,1358.0
2025-03-31 13:45:00,FLAT,364005830.96370614,364005830.96370614,0.0,0.0,1358.8
2025-03-31 14:00:00,FLAT,364005830.96370614,364005830.96370614,0.0,0.0,1356.4
2025-03-31 14:15:00,FLAT,364005830.96370614,364005830.96370614,0.0,0.0,1358.1
2025-03-31 14:30:00,FLAT,364005830.96370614,364005830.96370614,0.0,0.0,1359.5
2025-04-01 09:00:00,FLAT,364005830.96370614,364005830.96370614,0.0,0.0,1365.0
2025-04-01 09:15:00,FLAT,364005830.96370614,364005830.96370614,0.0,0.0,1364.2
2025-04-01 09:30:00,FLAT,364005830.96370614,364005830.96370614,0.0,0.0,1363.6
2025-04-01 09:45:00,FLAT,364005830.96370614,364005830.96370614,0.0,0.0,1363.8
2025-04-01 10:00:00,FLAT,364005830.96370614,364005830.96370614,0.0,0.0,1364.0
2025-04-01 10:15:00,FLAT,364005830.96370614,364005830.96370614,0.0,0.0,1363.4
2025-04-01 10:30:00,FLAT,364005830.96370614,364005830.96370614,0.0,0.0,1364.2
2025-04-01 10:45:00,FLAT,364005830.96370614,364005830.96370614,0.0,0.0,1364.3
2025-04-01 11:00:00,FLAT,364005830.96370614,364005830.96370614,0.0,0.0,1363.9
2025-04-01 11:15:00,FLAT,364005830.96370614,364005830.96370614,0.0,0.0,1363.8
2025-04-01 13:00:00,FLAT,364005830.96370614,364005830.96370614,0.0,0.0,1363.5
2025-04-01 13:15:00,FLAT,364005830.96370614,364005830.96370614,0.0,0.0,1362.3
2025-04-01 13:30:00,FLAT,364005830.96370614,364005830.96370614,0.0,0.0,1361.5
2025-04-01 13:45:00,FLAT,364005830.96370614,364005830.96370614,0.0,0.0,1361.3
2025-04-01 14:00:00,FLAT,364005830.96370614,364005830.96370614,0.0,0.0,1361.0
2025-04-01 14:15:00,FLAT,364005830.96370614,364005830.96370614,0.0,0.0,1367.4
2025-04-01 14:30:00,FLAT,364005830.96370614,364005830.96370614,0.0,0.0,1367.3
2025-04-02 09:00:00,FLAT,364005830.96370614,364005830.96370614,0.0,0.0,1369.5
2025-04-02 09:15:00,FLAT,364005830.96370614,364005830.96370614,0.0,0.0,1368.9
2025-04-02 09:30:00,FLAT,364005830.96370614,364005830.96370614,0.0,0.0,1370.2
2025-04-02 09:45:00,FLAT,364005830.96370614,364005830.96370614,0.0,0.0,1372.4
2025-04-02 10:00:00,FLAT,364005830.96370614,364005830.96370614,0.0,0.0,1372.2
2025-04-02 10:15:00,LONG,363799971.3009213,363202219.4019942,-597751.8989270721,0.0,1371.8
2025-04-02 10:30:00,LONG,363799971.3009213,362702219.4019942,-1097751.898927072,0.0,1371.3
2025-04-02 10:45:00,LONG,363799971.3009213,362602219.40199435,-1197751.898926981,0.0,1371.2
2025-04-02 11:00:00,LONG,363799971.3009213,362702219.4019942,-1097751.898927072,0.0,1371.3
2025-04-02 11:15:00,LONG,363799971.3009213,363502219.4019942,-297751.8989271175,0.0,1372.1
2025-04-02 13:00:00,FLAT,361496674.4019942,361496674.4019942,0.0,0.0,1370.8
2025-04-02 13:15:00,FLAT,361496674.4019942,361496674.4019942,0.0,0.0,1371.3
2025-04-02 13:30:00,FLAT,361496674.4019942,361496674.4019942,0.0,0.0,1372.0
2025-04-02 13:45:00,FLAT,361496674.4019942,361496674.4019942,0.0,0.0,1373.8
2025-04-02 14:00:00,FLAT,361496674.4019942,361496674.4019942,0.0,0.0,1373.8
2025-04-02 14:15:00,FLAT,361496674.4019942,361496674.4019942,0.0,0.0,1370.9
2025-04-02 14:30:00,FLAT,361496674.4019942,361496674.4019942,0.0,0.0,1370.8
2025-04-03 09:00:00,FLAT,361496674.4019942,361496674.4019942,0.0,0.0,1331.5
2025-04-03 09:15:00,FLAT,361496674.4019942,361496674.4019942,0.0,0.0,1332.7
2025-04-03 09:30:00,FLAT,361496674.4019942,361496674.4019942,0.0,0.0,1320.0
2025-04-03 09:45:00,FLAT,361496674.4019942,361496674.4019942,0.0,0.0,1323.0
2025-04-03 10:00:00,FLAT,361496674.4019942,361496674.4019942,0.0,0.0,1320.7
2025-04-03 10:15:00,FLAT,361496674.4019942,361496674.4019942,0.0,0.0,1316.6
2025-04-03 10:30:00,FLAT,361496674.4019942,361496674.4019942,0.0,0.0,1302.8
2025-04-03 10:45:00,FLAT,361496674.4019942,361496674.4019942,0.0,0.0,1302.0
2025-04-03 11:00:00,FLAT,361496674.4019942,361496674.4019942,0.0,0.0,1301.0
2025-04-03 11:15:00,FLAT,361496674.4019942,361496674.4019942,0.0,0.0,1298.0
2025-04-03 13:00:00,FLAT,361496674.4019942,361496674.4019942,0.0,0.0,1287.3
2025-04-03 13:15:00,FLAT,361496674.4019942,361496674.4019942,0.0,0.0,1283.2
2025-04-03 13:30:00,FLAT,361496674.4019942,361496674.4019942,0.0,0.0,1281.8
2025-04-03 13:45:00,FLAT,361496674.4019942,361496674.4019942,0.0,0.0,1279.5
2025-04-03 14:00:00,FLAT,361496674.4019942,361496674.4019942,0.0,0.0,1276.7
2025-04-03 14:15:00,FLAT,361496674.4019942,361496674.4019942,0.0,0.0,1275.6
2025-04-04 09:00:00,FLAT,361496674.4019942,361496674.4019942,0.0,0.0,1231.2
2025-04-04 09:15:00,FLAT,361496674.4019942,361496674.4019942,0.0,0.0,1224.5
2025-04-04 09:30:00,FLAT,361496674.4019942,361496674.4019942,0.0,0.0,1237.0
2025-04-04 09:45:00,FLAT,361496674.4019942,361496674.4019942,0.0,0.0,1242.4
2025-04-04 10:00:00,FLAT,361496674.4019942,361496674.4019942,0.0,0.0,1254.2
2025-04-04 10:15:00,FLAT,361496674.4019942,361496674.4019942,0.0,0.0,1256.1
2025-04-04 10:30:00,FLAT,361496674.4019942,361496674.4019942,0.0,0.0,1252.3
2025-04-04 10:45:00,FLAT,361496674.4019942,361496674.4019942,0.0,0.0,1239.8
2025-04-04 11:00:00,FLAT,361496674.4019942,361496674.4019942,0.0,0.0,1234.7
2025-04-04 11:15:00,FLAT,361496674.4019942,361496674.4019942,0.0,0.0,1235.6
2025-04-04 13:00:00,FLAT,361496674.4019942,361496674.4019942,0.0,0.0,1242.2
2025-04-04 13:15:00,FLAT,361496674.4019942,361496674.4019942,0.0,0.0,1246.6
2025-04-04 13:30:00,FLAT,361496674.4019942,361496674.4019942,0.0,0.0,1247.5
2025-04-04 13:45:00,FLAT,361496674.4019942,361496674.4019942,0.0,0.0,1255.5
2025-04-04 14:00:00,LONG,361384239.70314604,364039580.71537876,2655341.012232748,0.0,1253.7
2025-04-04 14:15:00,FLAT,371605595.71537876,371605595.71537876,0.0,0.0,1267.0
2025-04-04 14:30:00,FLAT,371605595.71537876,371605595.71537876,0.0,0.0,1265.1
2025-04-08 09:00:00,FLAT,371605595.71537876,371605595.71537876,0.0,0.0,1235.6
2025-04-08 09:15:00,FLAT,371605595.71537876,371605595.71537876,0.0,0.0,1212.4
2025-04-08 09:30:00,FLAT,371605595.71537876,371605595.71537876,0.0,0.0,1218.0
2025-04-08 09:45:00,FLAT,371605595.71537876,371605595.71537876,0.0,0.0,1211.4
2025-04-08 10:00:00,FLAT,371605595.71537876,371605595.71537876,0.0,0.0,1196.1
2025-04-08 10:15:00,FLAT,371605595.71537876,371605595.71537876,0.0,0.0,1185.8
2025-04-08 10:30:00,FLAT,371605595.71537876,371605595.71537876,0.0,0.0,1182.0
2025-04-08 10:45:00,FLAT,371605595.71537876,371605595.71537876,0.0,0.0,1187.1
2025-04-08 11:00:00,FLAT,371605595.71537876,371605595.71537876,0.0,0.0,1195.2
2025-04-08 11:15:00,FLAT,371605595.71537876,371605595.71537876,0.0,0.0,1205.0
2025-04-08 13:00:00,FLAT,371605595.71537876,371605595.71537876,0.0,0.0,1193.9
2025-04-08 13:15:00,FLAT,371605595.71537876,371605595.71537876,0.0,0.0,1188.8
2025-04-08 13:30:00,FLAT,371605595.71537876,371605595.71537876,0.0,0.0,1193.7
2025-04-08 13:45:00,FLAT,371605595.71537876,371605595.71537876,0.0,0.0,1187.4
2025-04-08 14:00:00,FLAT,371605595.71537876,371605595.71537876,0.0,0.0,1178.5
2025-04-08 14:15:00,FLAT,371605595.71537876,371605595.71537876,0.0,0.0,1178.5
2025-04-09 09:00:00,FLAT,371605595.71537876,371605595.71537876,0.0,0.0,1130.3
2025-04-09 09:15:00,FLAT,371605595.71537876,371605595.71537876,0.0,0.0,1148.9
2025-04-09 09:30:00,FLAT,371605595.71537876,371605595.71537876,0.0,0.0,1167.0
2025-04-09 09:45:00,FLAT,371605595.71537876,371605595.71537876,0.0,0.0,1190.3
2025-04-09 10:00:00,FLAT,371605595.71537876,371605595.71537876,0.0,0.0,1188.4
2025-04-09 10:15:00,FLAT,371605595.71537876,371605595.71537876,0.0,0.0,1181.7
2025-04-09 10:30:00,FLAT,371605595.71537876,371605595.71537876,0.0,0.0,1176.6
2025-04-09 10:45:00,FLAT,371605595.71537876,371605595.71537876,0.0,0.0,1174.1
2025-04-09 11:00:00,FLAT,371605595.71537876,371605595.71537876,0.0,0.0,1184.4
2025-04-09 11:15:00,FLAT,371605595.71537876,371605595.71537876,0.0,0.0,1160.9
2025-04-09 13:00:00,FLAT,371605595.71537876,371605595.71537876,0.0,0.0,1186.0
2025-04-09 13:15:00,FLAT,371605595.71537876,371605595.71537876,0.0,0.0,1189.1
2025-04-09 13:30:00,FLAT,371605595.71537876,371605595.71537876,0.0,0.0,1185.2
2025-04-09 13:45:00,FLAT,371605595.71537876,371605595.71537876,0.0,0.0,1187.0
2025-04-09 14:00:00,FLAT,371605595.71537876,371605595.71537876,0.0,0.0,1169.7
2025-04-09 14:15:00,FLAT,371605595.71537876,371605595.71537876,0.0,0.0,1162.0
2025-04-09 14:30:00,FLAT,371605595.71537876,371605595.71537876,0.0,0.0,1165.0
2025-04-10 09:00:00,FLAT,371605595.71537876,371605595.71537876,0.0,0.0,1260.3
2025-04-10 09:15:00,FLAT,371605595.71537876,371605595.71537876,0.0,0.0,1260.4
2025-04-11 09:00:00,FLAT,371605595.71537876,371605595.71537876,0.0,0.0,1265.2
2025-04-11 09:15:00,FLAT,371605595.71537876,371605595.71537876,0.0,0.0,1272.2
2025-04-11 09:30:00,FLAT,371605595.71537876,371605595.71537876,0.0,0.0,1269.9
2025-04-11 09:45:00,FLAT,371605595.71537876,371605595.71537876,0.0,0.0,1271.1
2025-04-11 10:00:00,FLAT,371605595.71537876,371605595.71537876,0.0,0.0,1285.1
2025-04-11 10:15:00,FLAT,371605595.71537876,371605595.71537876,0.0,0.0,1284.3
2025-04-11 10:30:00,FLAT,371605595.71537876,371605595.71537876,0.0,0.0,1287.6
2025-04-11 10:45:00,FLAT,371605595.71537876,371605595.71537876,0.0,0.0,1285.3
2025-04-11 11:00:00,FLAT,371605595.71537876,371605595.71537876,0.0,0.0,1288.1
2025-04-11 11:15:00,FLAT,371605595.71537876,371605595.71537876,0.0,0.0,1285.1
2025-04-11 13:00:00,FLAT,371605595.71537876,371605595.71537876,0.0,0.0,1291.4
2025-04-11 13:15:00,FLAT,371605595.71537876,371605595.71537876,0.0,0.0,1294.5
2025-04-11 13:30:00,FLAT,371605595.71537876,371605595.71537876,0.0,0.0,1291.5
2025-04-11 13:45:00,FLAT,371605595.71537876,371605595.71537876,0.0,0.0,1296.0
2025-04-11 14:00:00,FLAT,371605595.71537876,371605595.71537876,0.0,0.0,1297.7
2025-04-11 14:15:00,FLAT,371605595.71537876,371605595.71537876,0.0,0.0,1302.4
2025-04-11 14:30:00,FLAT,371605595.71537876,371605595.71537876,0.0,0.0,1305.2
2025-04-14 09:00:00,FLAT,371605595.71537876,371605595.71537876,0.0,0.0,1315.1
2025-04-14 09:15:00,FLAT,371605595.71537876,371605595.71537876,0.0,0.0,1310.7
2025-04-14 09:30:00,FLAT,371605595.71537876,371605595.71537876,0.0,0.0,1310.9
2025-04-14 09:45:00,FLAT,371605595.71537876,371605595.71537876,0.0,0.0,1313.0
2025-04-14 10:00:00,FLAT,371605595.71537876,371605595.71537876,0.0,0.0,1312.9
2025-04-14 10:15:00,FLAT,371605595.71537876,371605595.71537876,0.0,0.0,1313.5
2025-04-14 10:30:00,FLAT,371605595.71537876,371605595.71537876,0.0,0.0,1313.6
2025-04-14 10:45:00,FLAT,371605595.71537876,371605595.71537876,0.0,0.0,1312.3
2025-04-14 11:00:00,FLAT,371605595.71537876,371605595.71537876,0.0,0.0,1310.2
2025-04-14 11:15:00,FLAT,371605595.71537876,371605595.71537876,0.0,0.0,1311.3
2025-04-14 13:00:00,FLAT,371605595.71537876,371605595.71537876,0.0,0.0,1314.2
2025-04-14 13:15:00,FLAT,371605595.71537876,371605595.71537876,0.0,0.0,1314.9
2025-04-14 13:30:00,FLAT,371605595.71537876,371605595.71537876,0.0,0.0,1316.0
2025-04-14 13:45:00,FLAT,371605595.71537876,371605595.71537876,0.0,0.0,1316.1
2025-04-14 14:00:00,FLAT,371605595.71537876,371605595.71537876,0.0,0.0,1319.0
2025-04-14 14:15:00,FLAT,371605595.71537876,371605595.71537876,0.0,0.0,1319.3
2025-04-14 14:30:00,FLAT,371605595.71537876,371605595.71537876,0.0,0.0,1320.0
2025-04-15 09:00:00,FLAT,371605595.71537876,371605595.71537876,0.0,0.0,1302.5
2025-04-15 09:15:00,FLAT,371605595.71537876,371605595.71537876,0.0,0.0,1305.3
2025-04-15 09:30:00,FLAT,371605595.71537876,371605595.71537876,0.0,0.0,1309.8
2025-04-15 09:45:00,FLAT,371605595.71537876,371605595.71537876,0.0,0.0,1307.9
2025-04-15 10:00:00,FLAT,371605595.71537876,371605595.71537876,0.0,0.0,1313.7
2025-04-15 10:15:00,FLAT,371605595.71537876,371605595.71537876,0.0,0.0,1313.0
2025-04-15 10:30:00,FLAT,371605595.71537876,371605595.71537876,0.0,0.0,1310.7
2025-04-15 10:45:00,FLAT,371605595.71537876,371605595.71537876,0.0,0.0,1307.4
2025-04-15 11:00:00,FLAT,371605595.71537876,371605595.71537876,0.0,0.0,1307.9
2025-04-15 11:15:00,FLAT,371605595.71537876,371605595.71537876,0.0,0.0,1305.2
2025-04-15 13:00:00,FLAT,371605595.71537876,371605595.71537876,0.0,0.0,1304.9
2025-04-15 13:15:00,FLAT,371605595.71537876,371605595.71537876,0.0,0.0,1307.1
2025-04-15 13:30:00,FLAT,371605595.71537876,371605595.71537876,0.0,0.0,1306.3
2025-04-15 13:45:00,FLAT,371605595.71537876,371605595.71537876,0.0,0.0,1309.0
2025-04-15 14:00:00,FLAT,371605595.71537876,371605595.71537876,0.0,0.0,1309.6
2025-04-15 14:15:00,FLAT,371605595.71537876,371605595.71537876,0.0,0.0,1307.8
2025-04-15 14:30:00,FLAT,371605595.71537876,371605595.71537876,0.0,0.0,1308.4
2025-04-16 09:00:00,FLAT,371605595.71537876,371605595.71537876,0.0,0.0,1304.8
2025-04-16 09:15:00,FLAT,371605595.71537876,371605595.71537876,0.0,0.0,1307.5
2025-04-16 09:30:00,FLAT,371605595.71537876,371605595.71537876,0.0,0.0,1306.8
2025-04-16 09:45:00,FLAT,371605595.71537876,371605595.71537876,0.0,0.0,1309.8
2025-04-16 10:00:00,FLAT,371605595.71537876,371605595.71537876,0.0,0.0,1309.9
2025-04-16 10:15:00,FLAT,371605595.71537876,371605595.71537876,0.0,0.0,1311.9
2025-04-16 10:30:00,FLAT,371605595.71537876,371605595.71537876,0.0,0.0,1310.1
2025-04-16 10:45:00,FLAT,371605595.71537876,371605595.71537876,0.0,0.0,1310.1
2025-04-16 11:00:00,FLAT,371605595.71537876,371605595.71537876,0.0,0.0,1309.1
2025-04-16 11:15:00,FLAT,371605595.71537876,371605595.71537876,0.0,0.0,1308.4
2025-04-16 13:00:00,FLAT,371605595.71537876,371605595.71537876,0.0,0.0,1304.7
2025-04-16 13:15:00,FLAT,371605595.71537876,371605595.71537876,0.0,0.0,1301.2
2025-04-16 13:30:00,FLAT,371605595.71537876,371605595.71537876,0.0,0.0,1296.9
2025-04-16 13:45:00,SHORT,371449751.6161845,371770412.911418,320661.295233549,0.0,1298.3
2025-04-16 14:00:00,SHORT,371449751.6161845,378810412.91141796,7360661.295233512,0.0,1289.5
2025-04-16 14:15:00,FLAT,380175900.9114181,380175900.9114181,0.0,0.0,1287.1
2025-04-16 14:30:00,FLAT,380175900.9114181,380175900.9114181,0.0,0.0,1286.5
2025-04-17 09:00:00,FLAT,380175900.9114181,380175900.9114181,0.0,0.0,1287.1
2025-04-17 09:15:00,FLAT,380175900.9114181,380175900.9114181,0.0,0.0,1294.6
2025-04-17 09:30:00,LONG,380020654.23279154,378722796.72265023,-1297857.5101413298,0.0,1292.1
2025-04-17 09:45:00,LONG,380020654.23279154,376962796.72265035,-3057857.5101411846,0.0,1289.9
2025-04-17 10:00:00,FLAT,375928140.72265023,375928140.72265023,0.0,0.0,1289.1
2025-04-17 10:15:00,FLAT,375928140.72265023,375928140.72265023,0.0,0.0,1286.8
2025-04-17 10:30:00,FLAT,375928140.72265023,375928140.72265023,0.0,0.0,1289.4
2025-04-17 10:45:00,FLAT,375928140.72265023,375928140.72265023,0.0,0.0,1289.7
2025-04-17 11:00:00,FLAT,375928140.72265023,375928140.72265023,0.0,0.0,1288.2
2025-04-17 11:15:00,FLAT,375928140.72265023,375928140.72265023,0.0,0.0,1288.0
2025-04-17 13:00:00,FLAT,375928140.72265023,375928140.72265023,0.0,0.0,1291.2
2025-04-17 13:15:00,FLAT,375928140.72265023,375928140.72265023,0.0,0.0,1290.0
2025-04-17 13:30:00,FLAT,375928140.72265023,375928140.72265023,0.0,0.0,1291.6
2025-04-17 13:45:00,FLAT,375928140.72265023,375928140.72265023,0.0,0.0,1290.2
2025-04-17 14:00:00,FLAT,375928140.72265023,375928140.72265023,0.0,0.0,1288.3
2025-04-17 14:15:00,FLAT,375928140.72265023,375928140.72265023,0.0,0.0,1295.8
2025-04-17 14:30:00,FLAT,375928140.72265023,375928140.72265023,0.0,0.0,1296.0
2025-04-18 09:00:00,FLAT,375928140.72265023,375928140.72265023,0.0,0.0,1308.3
2025-04-18 09:15:00,FLAT,375928140.72265023,375928140.72265023,0.0,0.0,1307.9
2025-04-18 09:30:00,FLAT,375928140.72265023,375928140.72265023,0.0,0.0,1309.0
2025-04-18 09:45:00,FLAT,375928140.72265023,375928140.72265023,0.0,0.0,1308.5
2025-04-18 10:00:00,FLAT,375928140.72265023,375928140.72265023,0.0,0.0,1308.8
2025-04-18 10:15:00,FLAT,375928140.72265023,375928140.72265023,0.0,0.0,1307.3
2025-04-18 10:30:00,FLAT,375928140.72265023,375928140.72265023,0.0,0.0,1307.4
2025-04-18 10:45:00,FLAT,375928140.72265023,375928140.72265023,0.0,0.0,1310.0
2025-04-18 11:00:00,FLAT,375928140.72265023,375928140.72265023,0.0,0.0,1309.7
2025-04-18 11:15:00,FLAT,375928140.72265023,375928140.72265023,0.0,0.0,1309.9
2025-04-18 13:00:00,FLAT,375928140.72265023,375928140.72265023,0.0,0.0,1311.8
2025-04-18 13:15:00,FLAT,375928140.72265023,375928140.72265023,0.0,0.0,1312.4
2025-04-18 13:30:00,FLAT,375928140.72265023,375928140.72265023,0.0,0.0,1312.8
2025-04-18 13:45:00,FLAT,375928140.72265023,375928140.72265023,0.0,0.0,1318.0
2025-04-18 14:00:00,LONG,375730685.7659616,376764307.84178656,1033622.075824951,0.0,1317.4
2025-04-18 14:15:00,FLAT,371767417.8417864,371767417.8417864,0.0,0.0,1307.5
2025-04-18 14:30:00,FLAT,371767417.8417864,371767417.8417864,0.0,0.0,1307.0
2025-04-21 09:00:00,FLAT,371767417.8417864,371767417.8417864,0.0,0.0,1297.5
2025-04-21 09:15:00,FLAT,371767417.8417864,371767417.8417864,0.0,0.0,1294.1
2025-04-21 09:30:00,FLAT,371767417.8417864,371767417.8417864,0.0,0.0,1295.7
2025-04-21 09:45:00,FLAT,371767417.8417864,371767417.8417864,0.0,0.0,1295.3
2025-04-21 10:00:00,FLAT,371767417.8417864,371767417.8417864,0.0,0.0,1291.8
2025-04-21 10:15:00,FLAT,371767417.8417864,371767417.8417864,0.0,0.0,1292.3
2025-04-21 10:30:00,FLAT,371767417.8417864,371767417.8417864,0.0,0.0,1290.3
2025-04-21 10:45:00,FLAT,371767417.8417864,371767417.8417864,0.0,0.0,1290.9
2025-04-21 11:00:00,FLAT,371767417.8417864,371767417.8417864,0.0,0.0,1288.8
2025-04-21 11:15:00,FLAT,371767417.8417864,371767417.8417864,0.0,0.0,1289.2
2025-04-21 13:00:00,FLAT,371767417.8417864,371767417.8417864,0.0,0.0,1291.0
2025-04-21 13:15:00,FLAT,371767417.8417864,371767417.8417864,0.0,0.0,1291.7
2025-04-21 13:30:00,FLAT,371767417.8417864,371767417.8417864,0.0,0.0,1291.5
2025-04-21 13:45:00,FLAT,371767417.8417864,371767417.8417864,0.0,0.0,1293.7
2025-04-21 14:00:00,FLAT,371767417.8417864,371767417.8417864,0.0,0.0,1289.6
2025-04-21 14:15:00,FLAT,371767417.8417864,371767417.8417864,0.0,0.0,1289.0
2025-04-21 14:30:00,FLAT,371767417.8417864,371767417.8417864,0.0,0.0,1287.0
2025-04-22 09:00:00,FLAT,371767417.8417864,371767417.8417864,0.0,0.0,1284.2
2025-04-22 09:15:00,FLAT,371767417.8417864,371767417.8417864,0.0,0.0,1284.0
2025-04-22 09:30:00,FLAT,371767417.8417864,371767417.8417864,0.0,0.0,1284.1
2025-04-22 09:45:00,FLAT,371767417.8417864,371767417.8417864,0.0,0.0,1284.5
2025-04-22 10:00:00,FLAT,371767417.8417864,371767417.8417864,0.0,0.0,1284.0
2025-04-22 10:15:00,FLAT,371767417.8417864,371767417.8417864,0.0,0.0,1285.7
2025-04-22 10:30:00,FLAT,371767417.8417864,371767417.8417864,0.0,0.0,1285.9
2025-04-22 10:45:00,FLAT,371767417.8417864,371767417.8417864,0.0,0.0,1286.3
2025-04-22 11:00:00,FLAT,371767417.8417864,371767417.8417864,0.0,0.0,1284.1
2025-04-22 11:15:00,FLAT,371767417.8417864,371767417.8417864,0.0,0.0,1275.7
2025-04-22 13:00:00,FLAT,371767417.8417864,371767417.8417864,0.0,0.0,1255.6
2025-04-22 13:15:00,FLAT,371767417.8417864,371767417.8417864,0.0,0.0,1233.8
2025-04-22 13:30:00,FLAT,371767417.8417864,371767417.8417864,0.0,0.0,1238.0
2025-04-22 13:45:00,FLAT,371767417.8417864,371767417.8417864,0.0,0.0,1248.0
2025-04-22 14:00:00,FLAT,371767417.8417864,371767417.8417864,0.0,0.0,1254.0
2025-04-22 14:15:00,FLAT,371767417.8417864,371767417.8417864,0.0,0.0,1293.0
2025-04-22 14:30:00,FLAT,371767417.8417864,371767417.8417864,0.0,0.0,1297.0
2025-04-23 09:00:00,FLAT,371767417.8417864,371767417.8417864,0.0,0.0,1315.3
2025-04-23 09:15:00,FLAT,371767417.8417864,371767417.8417864,0.0,0.0,1306.9
2025-04-23 09:30:00,FLAT,371767417.8417864,371767417.8417864,0.0,0.0,1306.0
2025-04-23 09:45:00,FLAT,371767417.8417864,371767417.8417864,0.0,0.0,1302.6
2025-04-23 10:00:00,FLAT,371767417.8417864,371767417.8417864,0.0,0.0,1298.0
2025-04-23 10:15:00,SHORT,371650093.40774256,372792987.03320205,1142893.6254594645,0.0,1301.7
2025-04-23 10:30:00,SHORT,371650093.40774256,370632987.03320205,-1017106.3745404808,0.0,1305.3
2025-04-23 10:45:00,SHORT,371650093.40774256,369732987.03320205,-1917106.3745404808,0.0,1306.8
2025-04-23 11:00:00,SHORT,371650093.40774256,372852987.0332021,1202893.6254595465,0.0,1301.6
2025-04-23 11:15:00,SHORT,371650093.40774256,370332987.03320205,-1317106.3745404808,0.0,1305.8
2025-04-23 13:00:00,SHORT,371650093.40774256,371112987.03320205,-537106.3745405081,0.0,1304.5
2025-04-23 13:15:00,SHORT,371650093.40774256,372192987.03320205,542893.6254594646,0.0,1302.7
2025-04-23 13:30:00,SHORT,371650093.40774256,370392987.03320205,-1257106.3745405355,0.0,1305.7
2025-04-23 13:45:00,SHORT,371650093.40774256,369792987.03320205,-1857106.3745405355,0.0,1306.7
2025-04-23 14:00:00,SHORT,371650093.40774256,372432987.03320205,782893.6254595192,0.0,1302.3
2025-04-23 14:15:00,FLAT,372075744.03320205,372075744.03320205,0.0,0.0,1302.2
2025-04-23 14:30:00,FLAT,372075744.03320205,372075744.03320205,0.0,0.0,1304.5
2025-04-24 09:00:00,FLAT,372075744.03320205,372075744.03320205,0.0,0.0,1302.2
2025-04-24 09:15:00,FLAT,372075744.03320205,372075744.03320205,0.0,0.0,1304.6
2025-04-24 09:30:00,FLAT,372075744.03320205,372075744.03320205,0.0,0.0,1305.5
2025-04-24 09:45:00,FLAT,372075744.03320205,372075744.03320205,0.0,0.0,1302.1
2025-04-24 10:00:00,FLAT,372075744.03320205,372075744.03320205,0.0,0.0,1303.4
2025-04-24 10:15:00,FLAT,372075744.03320205,372075744.03320205,0.0,0.0,1299.2
2025-04-24 10:30:00,FLAT,372075744.03320205,372075744.03320205,0.0,0.0,1297.9
2025-04-24 10:45:00,FLAT,372075744.03320205,372075744.03320205,0.0,0.0,1298.1
2025-04-24 11:00:00,FLAT,372075744.03320205,372075744.03320205,0.0,0.0,1301.5
2025-04-24 11:15:00,FLAT,372075744.03320205,372075744.03320205,0.0,0.0,1300.4
2025-04-24 13:00:00,FLAT,372075744.03320205,372075744.03320205,0.0,0.0,1302.8
2025-04-24 13:15:00,FLAT,372075744.03320205,372075744.03320205,0.0,0.0,1303.4
2025-04-24 13:30:00,FLAT,372075744.03320205,372075744.03320205,0.0,0.0,1302.5
2025-04-24 13:45:00,FLAT,372075744.03320205,372075744.03320205,0.0,0.0,1302.0
2025-04-24 14:00:00,FLAT,372075744.03320205,372075744.03320205,0.0,0.0,1306.2
2025-04-24 14:15:00,FLAT,372075744.03320205,372075744.03320205,0.0,0.0,1307.0
2025-04-24 14:30:00,FLAT,372075744.03320205,372075744.03320205,0.0,0.0,1305.6
2025-04-25 09:00:00,FLAT,372075744.03320205,372075744.03320205,0.0,0.0,1311.6
2025-04-25 09:15:00,FLAT,372075744.03320205,372075744.03320205,0.0,0.0,1312.0
2025-04-25 09:30:00,FLAT,372075744.03320205,372075744.03320205,0.0,0.0,1311.4
2025-04-25 09:45:00,FLAT,372075744.03320205,372075744.03320205,0.0,0.0,1311.7
2025-04-25 10:00:00,FLAT,372075744.03320205,372075744.03320205,0.0,0.0,1309.1
2025-04-25 10:15:00,FLAT,372075744.03320205,372075744.03320205,0.0,0.0,1309.5
2025-04-25 10:30:00,FLAT,372075744.03320205,372075744.03320205,0.0,0.0,1307.6
2025-04-25 10:45:00,FLAT,372075744.03320205,372075744.03320205,0.0,0.0,1308.0
2025-04-25 11:00:00,FLAT,372075744.03320205,372075744.03320205,0.0,0.0,1308.2
2025-04-25 11:15:00,FLAT,372075744.03320205,372075744.03320205,0.0,0.0,1309.1
2025-04-25 13:00:00,FLAT,372075744.03320205,372075744.03320205,0.0,0.0,1310.4
2025-04-25 13:15:00,FLAT,372075744.03320205,372075744.03320205,0.0,0.0,1311.7
2025-04-25 13:30:00,FLAT,372075744.03320205,372075744.03320205,0.0,0.0,1311.5
2025-04-25 13:45:00,FLAT,372075744.03320205,372075744.03320205,0.0,0.0,1310.2
2025-04-25 14:00:00,FLAT,372075744.03320205,372075744.03320205,0.0,0.0,1310.9
2025-04-25 14:15:00,FLAT,372075744.03320205,372075744.03320205,0.0,0.0,1310.1
2025-04-25 14:30:00,FLAT,372075744.03320205,372075744.03320205,0.0,0.0,1311.0
2025-04-28 09:00:00,FLAT,372075744.03320205,372075744.03320205,0.0,0.0,1313.9
2025-04-28 09:15:00,FLAT,372075744.03320205,372075744.03320205,0.0,0.0,1309.8
2025-04-28 09:30:00,FLAT,372075744.03320205,372075744.03320205,0.0,0.0,1309.7
2025-04-28 09:45:00,FLAT,372075744.03320205,372075744.03320205,0.0,0.0,1309.1
2025-04-28 10:00:00,FLAT,372075744.03320205,372075744.03320205,0.0,0.0,1308.7
2025-04-28 10:15:00,FLAT,372075744.03320205,372075744.03320205,0.0,0.0,1309.0
2025-04-28 10:30:00,FLAT,372075744.03320205,372075744.03320205,0.0,0.0,1308.3
2025-04-28 10:45:00,FLAT,372075744.03320205,372075744.03320205,0.0,0.0,1307.2
2025-04-28 11:00:00,FLAT,372075744.03320205,372075744.03320205,0.0,0.0,1307.9
2025-04-28 11:15:00,FLAT,372075744.03320205,372075744.03320205,0.0,0.0,1308.6
2025-04-28 13:00:00,FLAT,372075744.03320205,372075744.03320205,0.0,0.0,1308.8
2025-04-28 13:15:00,FLAT,372075744.03320205,372075744.03320205,0.0,0.0,1309.6
2025-04-28 13:30:00,FLAT,372075744.03320205,372075744.03320205,0.0,0.0,1310.8
2025-04-28 13:45:00,FLAT,372075744.03320205,372075744.03320205,0.0,0.0,1311.4
2025-04-28 14:00:00,FLAT,372075744.03320205,372075744.03320205,0.0,0.0,1309.9
2025-04-28 14:15:00,FLAT,372075744.03320205,372075744.03320205,0.0,0.0,1311.2
2025-04-28 14:30:00,FLAT,372075744.03320205,372075744.03320205,0.0,0.0,1311.9
2025-04-29 09:00:00,FLAT,372075744.03320205,372075744.03320205,0.0,0.0,1310.4
2025-04-29 09:15:00,FLAT,372075744.03320205,372075744.03320205,0.0,0.0,1308.2
2025-04-29 09:30:00,FLAT,372075744.03320205,372075744.03320205,0.0,0.0,1307.9
2025-04-29 09:45:00,FLAT,372075744.03320205,372075744.03320205,0.0,0.0,1309.5
2025-04-29 10:00:00,FLAT,372075744.03320205,372075744.03320205,0.0,0.0,1309.7
2025-04-29 10:15:00,FLAT,372075744.03320205,372075744.03320205,0.0,0.0,1308.8
2025-04-29 10:30:00,FLAT,372075744.03320205,372075744.03320205,0.0,0.0,1308.4
2025-04-29 10:45:00,FLAT,372075744.03320205,372075744.03320205,0.0,0.0,1309.0
2025-04-29 11:00:00,FLAT,372075744.03320205,372075744.03320205,0.0,0.0,1308.8
2025-04-29 11:15:00,FLAT,372075744.03320205,372075744.03320205,0.0,0.0,1308.9
2025-04-29 13:00:00,FLAT,372075744.03320205,372075744.03320205,0.0,0.0,1309.2
2025-04-29 13:15:00,FLAT,372075744.03320205,372075744.03320205,0.0,0.0,1310.0
2025-04-29 13:30:00,FLAT,372075744.03320205,372075744.03320205,0.0,0.0,1311.3
2025-04-29 13:45:00,FLAT,372075744.03320205,372075744.03320205,0.0,0.0,1311.7
2025-04-29 14:00:00,FLAT,372075744.03320205,372075744.03320205,0.0,0.0,1311.5
2025-04-29 14:15:00,FLAT,372075744.03320205,372075744.03320205,0.0,0.0,1309.3
2025-04-29 14:30:00,FLAT,372075744.03320205,372075744.03320205,0.0,0.0,1309.1
2025-05-05 09:00:00,FLAT,372075744.03320205,372075744.03320205,0.0,0.0,1311.9
2025-05-05 09:15:00,FLAT,372075744.03320205,372075744.03320205,0.0,0.0,1309.0
2025-05-05 09:30:00,FLAT,369169520.64256483,369169520.64256483,0.0,0.0,1309.7
2025-05-05 09:45:00,FLAT,369169520.64256483,369169520.64256483,0.0,0.0,1309.5
2025-05-05 10:00:00,FLAT,369169520.64256483,369169520.64256483,0.0,0.0,1310.2
2025-05-05 10:15:00,FLAT,369169520.64256483,369169520.64256483,0.0,0.0,1309.3
2025-05-05 10:30:00,SHORT,368973170.64256483,369173170.6425649,200000.00000004546,0.0,1308.8
2025-05-05 10:45:00,SHORT,368973170.64256483,368573170.6425647,-400000.0000000909,0.0,1309.4
2025-05-05 11:00:00,SHORT,368973170.64256483,367873170.64256495,-1099999.999999909,0.0,1310.1
2025-05-05 11:15:00,SHORT,368973170.64256483,367773170.6425648,-1200000.0000000454,0.0,1310.2
2025-05-05 13:00:00,FLAT,366476475.6425649,366476475.6425649,0.0,0.0,1311.4
2025-05-05 13:15:00,FLAT,366476475.6425649,366476475.6425649,0.0,0.0,1311.3
2025-05-05 13:30:00,FLAT,366476475.6425649,366476475.6425649,0.0,0.0,1311.1
2025-05-05 13:45:00,FLAT,366476475.6425649,366476475.6425649,0.0,0.0,1314.0
2025-05-05 14:00:00,FLAT,366476475.6425649,366476475.6425649,0.0,0.0,1315.4
2025-05-05 14:15:00,FLAT,366476475.6425649,366476475.6425649,0.0,0.0,1315.4
2025-05-05 14:30:00,FLAT,366476475.6425649,366476475.6425649,0.0,0.0,1314.5
2025-05-06 09:00:00,FLAT,366476475.6425649,366476475.6425649,0.0,0.0,1319.5
2025-05-06 09:15:00,FLAT,366476475.6425649,366476475.6425649,0.0,0.0,1321.2
2025-05-06 09:30:00,FLAT,366476475.6425649,366476475.6425649,0.0,0.0,1319.7
2025-05-06 09:45:00,FLAT,366476475.6425649,366476475.6425649,0.0,0.0,1320.7
2025-05-06 10:00:00,FLAT,366476475.6425649,366476475.6425649,0.0,0.0,1323.2
2025-05-06 10:15:00,LONG,366278140.89473873,367046488.7202147,768347.8254759848,0.0,1323.0
2025-05-06 10:30:00,LONG,366278140.89473873,368446488.7202148,2168347.8254760755,0.0,1324.4
2025-05-06 10:45:00,LONG,366278140.89473873,366246488.7202148,-31652.174523969734,0.0,1322.2
2025-05-06 11:00:00,LONG,366278140.89473873,366446488.7202148,168347.82547607576,0.0,1322.4
2025-05-06 11:15:00,LONG,366278140.89473873,367246488.7202148,968347.8254760302,0.0,1323.2
2025-05-06 13:00:00,LONG,366278140.89473873,367446488.7202148,1168347.8254760758,0.0,1323.4
2025-05-06 13:15:00,LONG,366278140.89473873,370846488.72021466,4568347.82547594,0.0,1326.8
2025-05-06 13:30:00,FLAT,374475142.93373066,374475142.93373066,0.0,0.0,1329.8
2025-05-06 13:45:00,FLAT,374475142.93373066,374475142.93373066,0.0,0.0,1325.8
2025-05-06 14:00:00,FLAT,374475142.93373066,374475142.93373066,0.0,0.0,1322.3
2025-05-06 14:15:00,FLAT,374475142.93373066,374475142.93373066,0.0,0.0,1318.7
2025-05-06 14:30:00,FLAT,374475142.93373066,374475142.93373066,0.0,0.0,1317.0
2025-05-07 09:00:00,FLAT,374475142.93373066,374475142.93373066,0.0,0.0,1318.0
2025-05-07 09:15:00,FLAT,374475142.93373066,374475142.93373066,0.0,0.0,1320.0
2025-05-07 09:30:00,FLAT,374475142.93373066,374475142.93373066,0.0,0.0,1321.2
2025-05-07 09:45:00,FLAT,374475142.93373066,374475142.93373066,0.0,0.0,1320.8
2025-05-07 10:00:00,FLAT,374475142.93373066,374475142.93373066,0.0,0.0,1320.9
2025-05-07 10:15:00,FLAT,374475142.93373066,374475142.93373066,0.0,0.0,1321.2
2025-05-07 10:30:00,FLAT,374475142.93373066,374475142.93373066,0.0,0.0,1320.9
2025-05-07 10:45:00,FLAT,374475142.93373066,374475142.93373066,0.0,0.0,1319.7
2025-05-07 11:00:00,FLAT,374475142.93373066,374475142.93373066,0.0,0.0,1320.7
2025-05-07 11:15:00,FLAT,374475142.93373066,374475142.93373066,0.0,0.0,1320.2
2025-05-07 13:00:00,FLAT,374475142.93373066,374475142.93373066,0.0,0.0,1324.2
2025-05-07 13:15:00,FLAT,374475142.93373066,374475142.93373066,0.0,0.0,1321.6
2025-05-07 13:30:00,FLAT,374475142.93373066,374475142.93373066,0.0,0.0,1322.4
2025-05-07 13:45:00,FLAT,374475142.93373066,374475142.93373066,0.0,0.0,1322.9
2025-05-07 14:00:00,FLAT,374475142.93373066,374475142.93373066,0.0,0.0,1324.0
2025-05-07 14:15:00,FLAT,374475142.93373066,374475142.93373066,0.0,0.0,1324.6
2025-05-07 14:30:00,FLAT,374475142.93373066,374475142.93373066,0.0,0.0,1326.0
2025-05-08 09:00:00,FLAT,374475142.93373066,374475142.93373066,0.0,0.0,1327.9
2025-05-08 09:15:00,FLAT,374475142.93373066,374475142.93373066,0.0,0.0,1328.3
2025-05-08 09:30:00,FLAT,374475142.93373066,374475142.93373066,0.0,0.0,1326.7
2025-05-08 09:45:00,FLAT,374475142.93373066,374475142.93373066,0.0,0.0,1328.1
2025-05-08 10:00:00,FLAT,374475142.93373066,374475142.93373066,0.0,0.0,1327.1
2025-05-08 10:15:00,FLAT,374475142.93373066,374475142.93373066,0.0,0.0,1328.2
2025-05-08 10:30:00,FLAT,374475142.93373066,374475142.93373066,0.0,0.0,1327.2
2025-05-08 10:45:00,FLAT,374475142.93373066,374475142.93373066,0.0,0.0,1326.8
2025-05-08 11:00:00,FLAT,374475142.93373066,374475142.93373066,0.0,0.0,1326.9
2025-05-08 11:15:00,FLAT,374475142.93373066,374475142.93373066,0.0,0.0,1327.4
2025-05-08 13:00:00,FLAT,374475142.93373066,374475142.93373066,0.0,0.0,1329.5
2025-05-08 13:15:00,FLAT,374475142.93373066,374475142.93373066,0.0,0.0,1336.5
2025-05-08 13:30:00,FLAT,374475142.93373066,374475142.93373066,0.0,0.0,1337.9
2025-05-08 13:45:00,FLAT,374475142.93373066,374475142.93373066,0.0,0.0,1345.7
2025-05-08 14:00:00,FLAT,374475142.93373066,374475142.93373066,0.0,0.0,1345.8
2025-05-08 14:15:00,FLAT,374475142.93373066,374475142.93373066,0.0,0.0,1354.4
2025-05-08 14:30:00,FLAT,374475142.93373066,374475142.93373066,0.0,0.0,1356.2
2025-05-09 09:00:00,FLAT,374475142.93373066,374475142.93373066,0.0,0.0,1351.4
2025-05-09 09:15:00,FLAT,374475142.93373066,374475142.93373066,0.0,0.0,1352.7
2025-05-09 09:30:00,FLAT,374475142.93373066,374475142.93373066,0.0,0.0,1349.9
2025-05-09 09:45:00,FLAT,374475142.93373066,374475142.93373066,0.0,0.0,1347.9
2025-05-09 10:00:00,SHORT,374272905.4050223,373523096.7940408,-749808.6109815176,0.0,1349.0
2025-05-09 10:15:00,SHORT,374272905.4050223,373223096.79404086,-1049808.610981472,0.0,1349.3
2025-05-09 10:30:00,FLAT,371220431.7940409,371220431.7940409,0.0,0.0,1350.6
2025-05-09 10:45:00,FLAT,371220431.7940409,371220431.7940409,0.0,0.0,1349.6
2025-05-09 11:00:00,FLAT,371220431.7940409,371220431.7940409,0.0,0.0,1350.3
2025-05-09 11:15:00,FLAT,371220431.7940409,371220431.7940409,0.0,0.0,1352.6
2025-05-09 13:00:00,FLAT,371220431.7940409,371220431.7940409,0.0,0.0,1356.7
2025-05-09 13:15:00,FLAT,371220431.7940409,371220431.7940409,0.0,0.0,1354.7
2025-05-09 13:30:00,FLAT,371220431.7940409,371220431.7940409,0.0,0.0,1352.0
2025-05-09 13:45:00,FLAT,371220431.7940409,371220431.7940409,0.0,0.0,1350.8
2025-05-09 14:00:00,FLAT,371220431.7940409,371220431.7940409,0.0,0.0,1350.4
2025-05-09 14:15:00,FLAT,371220431.7940409,371220431.7940409,0.0,0.0,1349.9
2025-05-09 14:30:00,FLAT,371220431.7940409,371220431.7940409,0.0,0.0,1351.0
2025-05-12 09:00:00,FLAT,371220431.7940409,371220431.7940409,0.0,0.0,1357.9
2025-05-12 09:15:00,FLAT,371220431.7940409,371220431.7940409,0.0,0.0,1363.6
2025-05-12 09:30:00,FLAT,371220431.7940409,371220431.7940409,0.0,0.0,1363.7
2025-05-12 09:45:00,FLAT,371220431.7940409,371220431.7940409,0.0,0.0,1363.1
2025-05-12 10:00:00,LONG,371016136.63182485,369048388.5247841,-1967748.1070407338,0.0,1360.0
2025-05-12 10:15:00,FLAT,367744553.5247842,367744553.5247842,0.0,0.0,1356.8
2025-05-12 10:30:00,FLAT,367744553.5247842,367744553.5247842,0.0,0.0,1354.7
2025-05-12 10:45:00,FLAT,367744553.5247842,367744553.5247842,0.0,0.0,1355.9
2025-05-12 11:00:00,FLAT,367744553.5247842,367744553.5247842,0.0,0.0,1358.2
2025-05-12 11:15:00,FLAT,367744553.5247842,367744553.5247842,0.0,0.0,1362.8
2025-05-12 13:00:00,FLAT,367744553.5247842,367744553.5247842,0.0,0.0,1362.7
2025-05-12 13:15:00,FLAT,367744553.5247842,367744553.5247842,0.0,0.0,1362.5
2025-05-12 13:30:00,FLAT,367744553.5247842,367744553.5247842,0.0,0.0,1364.6
2025-05-12 13:45:00,FLAT,367744553.5247842,367744553.5247842,0.0,0.0,1363.1
2025-05-12 14:00:00,FLAT,367744553.5247842,367744553.5247842,0.0,0.0,1375.5
2025-05-12 14:15:00,FLAT,367744553.5247842,367744553.5247842,0.0,0.0,1375.5
2025-05-12 14:30:00,FLAT,367744553.5247842,367744553.5247842,0.0,0.0,1375.3
2025-05-13 09:00:00,FLAT,367744553.5247842,367744553.5247842,0.0,0.0,1377.9
2025-05-13 09:15:00,FLAT,367744553.5247842,367744553.5247842,0.0,0.0,1373.2
2025-05-13 09:30:00,FLAT,367744553.5247842,367744553.5247842,0.0,0.0,1374.2
2025-05-13 09:45:00,FLAT,367744553.5247842,367744553.5247842,0.0,0.0,1375.0
2025-05-13 10:00:00,FLAT,367744553.5247842,367744553.5247842,0.0,0.0,1376.4
2025-05-13 10:15:00,FLAT,367744553.5247842,367744553.5247842,0.0,0.0,1376.4
2025-05-13 10:30:00,FLAT,367744553.5247842,367744553.5247842,0.0,0.0,1376.0
2025-05-13 10:45:00,FLAT,367744553.5247842,367744553.5247842,0.0,0.0,1375.8
2025-05-13 11:00:00,FLAT,367744553.5247842,367744553.5247842,0.0,0.0,1377.3
2025-05-13 11:15:00,FLAT,367744553.5247842,367744553.5247842,0.0,0.0,1376.4
2025-05-13 13:00:00,FLAT,367744553.5247842,367744553.5247842,0.0,0.0,1375.6
2025-05-13 13:15:00,FLAT,367744553.5247842,367744553.5247842,0.0,0.0,1376.3
2025-05-13 13:30:00,FLAT,367744553.5247842,367744553.5247842,0.0,0.0,1375.5
2025-05-13 13:45:00,FLAT,367744553.5247842,367744553.5247842,0.0,0.0,1377.2
2025-05-13 14:00:00,FLAT,367744553.5247842,367744553.5247842,0.0,0.0,1374.4
2025-05-13 14:15:00,FLAT,367744553.5247842,367744553.5247842,0.0,0.0,1376.0
2025-05-13 14:30:00,FLAT,367744553.5247842,367744553.5247842,0.0,0.0,1376.5
2025-05-14 09:00:00,FLAT,367744553.5247842,367744553.5247842,0.0,0.0,1378.4
2025-05-14 09:15:00,FLAT,367744553.5247842,367744553.5247842,0.0,0.0,1385.0
2025-05-14 09:30:00,FLAT,367744553.5247842,367744553.5247842,0.0,0.0,1387.3
2025-05-14 09:45:00,FLAT,367744553.5247842,367744553.5247842,0.0,0.0,1392.0
2025-05-14 10:00:00,FLAT,367744553.5247842,367744553.5247842,0.0,0.0,1393.2
2025-05-14 10:15:00,FLAT,367744553.5247842,367744553.5247842,0.0,0.0,1389.4
2025-05-14 10:30:00,FLAT,367744553.5247842,367744553.5247842,0.0,0.0,1389.8
2025-05-14 10:45:00,FLAT,367744553.5247842,367744553.5247842,0.0,0.0,1391.7
2025-05-14 11:00:00,FLAT,367744553.5247842,367744553.5247842,0.0,0.0,1391.8
2025-05-14 11:15:00,FLAT,367744553.5247842,367744553.5247842,0.0,0.0,1393.3
2025-05-14 13:00:00,FLAT,367744553.5247842,367744553.5247842,0.0,0.0,1393.6
2025-05-14 13:15:00,FLAT,367744553.5247842,367744553.5247842,0.0,0.0,1394.5
2025-05-14 13:30:00,FLAT,367744553.5247842,367744553.5247842,0.0,0.0,1392.6
2025-05-14 13:45:00,FLAT,367744553.5247842,367744553.5247842,0.0,0.0,1395.1
2025-05-14 14:00:00,FLAT,367744553.5247842,367744553.5247842,0.0,0.0,1395.5
2025-05-14 14:15:00,FLAT,367744553.5247842,367744553.5247842,0.0,0.0,1396.0
2025-05-14 14:30:00,FLAT,367744553.5247842,367744553.5247842,0.0,0.0,1396.5
2025-05-15 09:00:00,FLAT,367744553.5247842,367744553.5247842,0.0,0.0,1396.6
2025-05-15 09:15:00,FLAT,367744553.5247842,367744553.5247842,0.0,0.0,1395.8
2025-05-15 09:30:00,FLAT,367744553.5247842,367744553.5247842,0.0,0.0,1395.3
2025-05-15 09:45:00,FLAT,367744553.5247842,367744553.5247842,0.0,0.0,1393.4
2025-05-15 10:00:00,FLAT,367744553.5247842,367744553.5247842,0.0,0.0,1392.4
2025-05-15 10:15:00,FLAT,367744553.5247842,367744553.5247842,0.0,0.0,1391.5
2025-05-15 10:30:00,FLAT,367744553.5247842,367744553.5247842,0.0,0.0,1390.5
2025-05-15 10:45:00,FLAT,367744553.5247842,367744553.5247842,0.0,0.0,1389.0
2025-05-15 11:00:00,FLAT,367744553.5247842,367744553.5247842,0.0,0.0,1390.4
2025-05-15 11:15:00,FLAT,367744553.5247842,367744553.5247842,0.0,0.0,1391.2
2025-05-15 13:00:00,FLAT,367744553.5247842,367744553.5247842,0.0,0.0,1391.8
2025-05-15 13:15:00,FLAT,367744553.5247842,367744553.5247842,0.0,0.0,1394.7
2025-05-15 13:30:00,FLAT,367744553.5247842,367744553.5247842,0.0,0.0,1394.6
2025-05-15 13:45:00,FLAT,367744553.5247842,367744553.5247842,0.0,0.0,1396.8
2025-05-15 14:00:00,LONG,367535238.27479726,367300238.36168003,-234999.91311723535,0.0,1395.2
2025-05-15 14:15:00,FLAT,372190193.3616799,372190193.3616799,0.0,0.0,1400.8
2025-05-15 14:30:00,FLAT,372190193.3616799,372190193.3616799,0.0,0.0,1401.2
2025-05-16 09:00:00,FLAT,372190193.3616799,372190193.3616799,0.0,0.0,1395.0
2025-05-16 09:15:00,FLAT,372190193.3616799,372190193.3616799,0.0,0.0,1394.4
2025-05-16 09:30:00,FLAT,372190193.3616799,372190193.3616799,0.0,0.0,1391.7
2025-05-16 09:45:00,FLAT,372190193.3616799,372190193.3616799,0.0,0.0,1393.8
2025-05-16 10:00:00,FLAT,372190193.3616799,372190193.3616799,0.0,0.0,1392.0
2025-05-16 10:15:00,FLAT,372190193.3616799,372190193.3616799,0.0,0.0,1395.0
2025-05-16 10:30:00,FLAT,372190193.3616799,372190193.3616799,0.0,0.0,1393.2
2025-05-16 10:45:00,FLAT,372190193.3616799,372190193.3616799,0.0,0.0,1389.0
2025-05-16 11:00:00,FLAT,372190193.3616799,372190193.3616799,0.0,0.0,1386.0
2025-05-16 11:15:00,FLAT,372190193.3616799,372190193.3616799,0.0,0.0,1389.4
2025-05-16 13:00:00,FLAT,372190193.3616799,372190193.3616799,0.0,0.0,1388.5
2025-05-16 13:15:00,FLAT,372190193.3616799,372190193.3616799,0.0,0.0,1388.6
2025-05-16 13:30:00,FLAT,372190193.3616799,372190193.3616799,0.0,0.0,1386.4
2025-05-16 13:45:00,FLAT,372190193.3616799,372190193.3616799,0.0,0.0,1388.0
2025-05-16 14:00:00,FLAT,372190193.3616799,372190193.3616799,0.0,0.0,1388.0
2025-05-16 14:15:00,FLAT,372190193.3616799,372190193.3616799,0.0,0.0,1387.2
2025-05-16 14:30:00,FLAT,372190193.3616799,372190193.3616799,0.0,0.0,1388.0
2025-05-19 09:00:00,FLAT,372190193.3616799,372190193.3616799,0.0,0.0,1375.9
2025-05-19 09:15:00,FLAT,372190193.3616799,372190193.3616799,0.0,0.0,1377.5
2025-05-19 09:30:00,FLAT,372190193.3616799,372190193.3616799,0.0,0.0,1378.7
2025-05-19 09:45:00,FLAT,372190193.3616799,372190193.3616799,0.0,0.0,1376.5
2025-05-19 10:00:00,FLAT,372190193.3616799,372190193.3616799,0.0,0.0,1381.0
2025-05-19 10:15:00,FLAT,372190193.3616799,372190193.3616799,0.0,0.0,1381.7
2025-05-19 10:30:00,FLAT,372190193.3616799,372190193.3616799,0.0,0.0,1383.3
2025-05-19 10:45:00,LONG,371982639.07675487,375187406.2430502,3204767.166295369,0.0,1386.9
2025-05-19 11:00:00,LONG,371982639.07675487,375787406.24305016,3804767.166295278,0.0,1387.5
2025-05-19 11:15:00,LONG,371982639.07675487,374187406.2430502,2204767.166295369,0.0,1385.9
2025-05-19 13:00:00,LONG,371982639.07675487,374487406.2430502,2504767.1662953235,0.0,1386.2
2025-05-19 13:15:00,LONG,371982639.07675487,376187406.2430502,4204767.166295369,0.0,1387.9
2025-05-19 13:30:00,LONG,371982639.07675487,374487406.2430502,2504767.1662953235,0.0,1386.2
2025-05-19 13:45:00,LONG,371982639.07675487,370787406.24305016,-1195232.833704722,0.0,1382.5
2025-05-19 14:00:00,LONG,371982639.07675487,372587406.2430501,604767.1662952325,0.0,1384.3
2025-05-19 14:15:00,FLAT,368580331.24305016,368580331.24305016,0.0,0.0,1381.5
2025-05-19 14:30:00,FLAT,368580331.24305016,368580331.24305016,0.0,0.0,1382.6
2025-05-20 09:00:00,FLAT,368580331.24305016,368580331.24305016,0.0,0.0,1382.4
2025-05-20 09:15:00,FLAT,368580331.24305016,368580331.24305016,0.0,0.0,1389.4
2025-05-20 09:30:00,LONG,368371943.1421608,367917937.2129179,-454005.9292428396,0.0,1388.8
2025-05-20 09:45:00,LONG,368371943.1421608,367317937.21291804,-1054005.9292427485,0.0,1388.2
2025-05-20 10:00:00,LONG,368371943.1421608,369217937.21291786,845994.070757115,0.0,1390.1
2025-05-20 10:15:00,LONG,368371943.1421608,375017937.21291804,6645994.070757297,0.0,1395.9
2025-05-20 10:30:00,LONG,368371943.1421608,375617937.212918,7245994.070757206,0.0,1396.5
2025-05-20 10:45:00,LONG,368371943.1421608,378617937.212918,10245994.070757207,0.0,1399.5
2025-05-20 11:00:00,LONG,368371943.1421608,378217937.21291786,9845994.070757115,0.0,1399.1
2025-05-20 11:15:00,FLAT,381038223.77898794,381038223.77898794,0.0,0.0,1402.1
2025-05-20 13:00:00,FLAT,381038223.77898794,381038223.77898794,0.0,0.0,1406.0
2025-05-20 13:15:00,FLAT,381038223.77898794,381038223.77898794,0.0,0.0,1401.3
2025-05-20 13:30:00,FLAT,381038223.77898794,381038223.77898794,0.0,0.0,1405.2
2025-05-20 13:45:00,FLAT,381038223.77898794,381038223.77898794,0.0,0.0,1404.8
2025-05-20 14:00:00,FLAT,381038223.77898794,381038223.77898794,0.0,0.0,1403.6
2025-05-20 14:15:00,FLAT,381038223.77898794,381038223.77898794,0.0,0.0,1406.5
2025-05-20 14:30:00,FLAT,381038223.77898794,381038223.77898794,0.0,0.0,1407.7
2025-05-21 09:00:00,FLAT,381038223.77898794,381038223.77898794,0.0,0.0,1418.5
2025-05-21 09:15:00,FLAT,381038223.77898794,381038223.77898794,0.0,0.0,1416.9
2025-05-21 09:30:00,FLAT,381038223.77898794,381038223.77898794,0.0,0.0,1421.6
2025-05-21 09:45:00,FLAT,381038223.77898794,381038223.77898794,0.0,0.0,1414.3
2025-05-21 10:00:00,FLAT,381038223.77898794,381038223.77898794,0.0,0.0,1411.3
2025-05-21 10:15:00,FLAT,381038223.77898794,381038223.77898794,0.0,0.0,1412.7
2025-05-21 10:30:00,FLAT,381038223.77898794,381038223.77898794,0.0,0.0,1413.2
2025-05-21 10:45:00,FLAT,381038223.77898794,381038223.77898794,0.0,0.0,1413.0
2025-05-21 11:00:00,FLAT,381038223.77898794,381038223.77898794,0.0,0.0,1411.8
2025-05-21 11:15:00,FLAT,381038223.77898794,381038223.77898794,0.0,0.0,1411.4
2025-05-21 13:00:00,FLAT,381038223.77898794,381038223.77898794,0.0,0.0,1412.6
2025-05-21 13:15:00,FLAT,381038223.77898794,381038223.77898794,0.0,0.0,1412.5
2025-05-21 13:30:00,FLAT,381038223.77898794,381038223.77898794,0.0,0.0,1413.9
2025-05-21 13:45:00,FLAT,381038223.77898794,381038223.77898794,0.0,0.0,1413.8
2025-05-21 14:00:00,FLAT,381038223.77898794,381038223.77898794,0.0,0.0,1413.6
2025-05-21 14:15:00,FLAT,381038223.77898794,381038223.77898794,0.0,0.0,1414.5
2025-05-21 14:30:00,FLAT,381038223.77898794,381038223.77898794,0.0,0.0,1413.5
2025-05-22 09:00:00,FLAT,381038223.77898794,381038223.77898794,0.0,0.0,1407.5
2025-05-22 09:15:00,FLAT,381038223.77898794,381038223.77898794,0.0,0.0,1411.8
2025-05-22 09:30:00,FLAT,381038223.77898794,381038223.77898794,0.0,0.0,1411.2
2025-05-22 09:45:00,FLAT,381038223.77898794,381038223.77898794,0.0,0.0,1410.1
2025-05-22 10:00:00,FLAT,381038223.77898794,381038223.77898794,0.0,0.0,1413.1
2025-05-22 10:15:00,LONG,380826292.8133961,380853188.86782104,26896.054424923932,0.0,1412.9
2025-05-22 10:30:00,LONG,380826292.8133961,381653188.867821,826896.0544248784,0.0,1413.7
2025-05-22 10:45:00,LONG,380826292.8133961,383953188.8678209,3126896.054424833,0.0,1416.0
2025-05-22 11:00:00,LONG,380826292.8133961,384853188.86782104,4026896.054424924,0.0,1416.9
2025-05-22 11:15:00,LONG,380826292.8133961,387553188.86782086,6726896.054424742,0.0,1419.6
2025-05-22 13:00:00,LONG,380826292.8133961,383553188.86782086,2726896.0544247422,0.0,1415.6
2025-05-22 13:15:00,LONG,380826292.8133961,383953188.8678209,3126896.054424833,0.0,1416.0
2025-05-22 13:30:00,LONG,380826292.8133961,381853188.86782104,1026896.054424924,0.0,1413.9
2025-05-22 13:45:00,LONG,380826292.8133961,383153188.867821,2326896.0544248787,0.0,1415.2
2025-05-22 14:00:00,FLAT,378514798.68948174,378514798.68948174,0.0,0.0,1409.0
2025-05-22 14:15:00,FLAT,378514798.68948174,378514798.68948174,0.0,0.0,1409.5
2025-05-22 14:30:00,FLAT,378514798.68948174,378514798.68948174,0.0,0.0,1408.0
2025-05-23 09:00:00,FLAT,378514798.68948174,378514798.68948174,0.0,0.0,1405.5
2025-05-23 09:15:00,FLAT,378514798.68948174,378514798.68948174,0.0,0.0,1405.3
2025-05-23 09:30:00,FLAT,378514798.68948174,378514798.68948174,0.0,0.0,1407.1
2025-05-23 09:45:00,FLAT,378514798.68948174,378514798.68948174,0.0,0.0,1407.8
2025-05-23 10:00:00,FLAT,378514798.68948174,378514798.68948174,0.0,0.0,1405.5
2025-05-23 10:15:00,FLAT,378514798.68948174,378514798.68948174,0.0,0.0,1401.6
2025-05-23 10:30:00,FLAT,378514798.68948174,378514798.68948174,0.0,0.0,1403.9
2025-05-23 10:45:00,FLAT,378514798.68948174,378514798.68948174,0.0,0.0,1406.1
2025-05-23 11:00:00,FLAT,378514798.68948174,378514798.68948174,0.0,0.0,1406.4
2025-05-23 11:15:00,FLAT,378514798.68948174,378514798.68948174,0.0,0.0,1406.3
2025-05-23 13:00:00,FLAT,378514798.68948174,378514798.68948174,0.0,0.0,1405.9
2025-05-23 13:15:00,FLAT,378514798.68948174,378514798.68948174,0.0,0.0,1405.1
2025-05-23 13:30:00,FLAT,378514798.68948174,378514798.68948174,0.0,0.0,1405.5
2025-05-23 13:45:00,FLAT,378514798.68948174,378514798.68948174,0.0,0.0,1403.2
2025-05-23 14:00:00,FLAT,378514798.68948174,378514798.68948174,0.0,0.0,1405.1
2025-05-23 14:15:00,FLAT,378514798.68948174,378514798.68948174,0.0,0.0,1406.3
2025-05-23 14:30:00,FLAT,378514798.68948174,378514798.68948174,0.0,0.0,1407.6
2025-05-26 09:00:00,FLAT,378514798.68948174,378514798.68948174,0.0,0.0,1407.9
2025-05-26 09:15:00,FLAT,378514798.68948174,378514798.68948174,0.0,0.0,1400.7
2025-05-26 09:30:00,FLAT,378514798.68948174,378514798.68948174,0.0,0.0,1381.9
2025-05-26 09:45:00,FLAT,378514798.68948174,378514798.68948174,0.0,0.0,1391.9
2025-05-26 10:00:00,FLAT,378514798.68948174,378514798.68948174,0.0,0.0,1390.0
2025-05-26 10:15:00,FLAT,378514798.68948174,378514798.68948174,0.0,0.0,1391.2
2025-05-26 10:30:00,FLAT,378514798.68948174,378514798.68948174,0.0,0.0,1390.8
2025-05-26 10:45:00,FLAT,378514798.68948174,378514798.68948174,0.0,0.0,1391.6
2025-05-26 11:00:00,FLAT,378514798.68948174,378514798.68948174,0.0,0.0,1395.2
2025-05-26 11:15:00,FLAT,378514798.68948174,378514798.68948174,0.0,0.0,1394.9
2025-05-26 13:00:00,FLAT,378514798.68948174,378514798.68948174,0.0,0.0,1397.7
2025-05-26 13:15:00,FLAT,378514798.68948174,378514798.68948174,0.0,0.0,1398.5
2025-05-26 13:30:00,FLAT,378514798.68948174,378514798.68948174,0.0,0.0,1403.2
2025-05-26 13:45:00,LONG,378346374.9809268,377681651.2813454,-664723.6995813728,0.0,1402.7
2025-05-26 14:00:00,LONG,378346374.9809268,382321651.2813454,3975276.3004185907,0.0,1408.5
2025-05-26 14:15:00,FLAT,388311707.2813454,388311707.2813454,0.0,0.0,1416.7
2025-05-26 14:30:00,FLAT,388311707.2813454,388311707.2813454,0.0,0.0,1417.0
2025-05-27 09:00:00,FLAT,388311707.2813454,388311707.2813454,0.0,0.0,1417.0
2025-05-27 09:15:00,FLAT,388311707.2813454,388311707.2813454,0.0,0.0,1410.6
2025-05-27 09:30:00,FLAT,388311707.2813454,388311707.2813454,0.0,0.0,1410.9
2025-05-27 09:45:00,FLAT,388311707.2813454,388311707.2813454,0.0,0.0,1410.7
2025-05-27 10:00:00,FLAT,388311707.2813454,388311707.2813454,0.0,0.0,1413.0
2025-05-27 10:15:00,FLAT,388311707.2813454,388311707.2813454,0.0,0.0,1414.0
2025-05-27 10:30:00,FLAT,388311707.2813454,388311707.2813454,0.0,0.0,1411.7
2025-05-27 10:45:00,FLAT,388311707.2813454,388311707.2813454,0.0,0.0,1413.8
2025-05-27 11:00:00,FLAT,388311707.2813454,388311707.2813454,0.0,0.0,1413.1
2025-05-27 11:15:00,FLAT,388311707.2813454,388311707.2813454,0.0,0.0,1414.9
2025-05-27 13:00:00,FLAT,388311707.2813454,388311707.2813454,0.0,0.0,1412.7
2025-05-27 13:15:00,FLAT,388311707.2813454,388311707.2813454,0.0,0.0,1413.8
2025-05-27 13:30:00,FLAT,388311707.2813454,388311707.2813454,0.0,0.0,1413.7
2025-05-27 13:45:00,FLAT,388311707.2813454,388311707.2813454,0.0,0.0,1415.0
2025-05-27 14:00:00,FLAT,388311707.2813454,388311707.2813454,0.0,0.0,1412.0
2025-05-27 14:15:00,FLAT,388311707.2813454,388311707.2813454,0.0,0.0,1413.0
2025-05-27 14:30:00,FLAT,388311707.2813454,388311707.2813454,0.0,0.0,1411.2
2025-05-28 09:00:00,FLAT,388311707.2813454,388311707.2813454,0.0,0.0,1422.9
2025-05-28 09:15:00,FLAT,388311707.2813454,388311707.2813454,0.0,0.0,1419.1
2025-05-28 09:30:00,FLAT,388311707.2813454,388311707.2813454,0.0,0.0,1423.6
2025-05-28 09:45:00,FLAT,388311707.2813454,388311707.2813454,0.0,0.0,1421.8
2025-05-28 10:00:00,FLAT,388311707.2813454,388311707.2813454,0.0,0.0,1421.9
2025-05-28 10:15:00,FLAT,388311707.2813454,388311707.2813454,0.0,0.0,1424.6
2025-05-28 10:30:00,FLAT,388311707.2813454,388311707.2813454,0.0,0.0,1425.0
2025-05-28 10:45:00,FLAT,388311707.2813454,388311707.2813454,0.0,0.0,1427.0
2025-05-28 11:00:00,FLAT,388311707.2813454,388311707.2813454,0.0,0.0,1427.3
2025-05-28 11:15:00,FLAT,388311707.2813454,388311707.2813454,0.0,0.0,1425.8
2025-05-28 13:00:00,FLAT,388311707.2813454,388311707.2813454,0.0,0.0,1426.4
2025-05-28 13:15:00,FLAT,388311707.2813454,388311707.2813454,0.0,0.0,1423.7
2025-05-28 13:30:00,FLAT,388311707.2813454,388311707.2813454,0.0,0.0,1426.1
2025-05-28 13:45:00,FLAT,388311707.2813454,388311707.2813454,0.0,0.0,1423.7
2025-05-28 14:00:00,FLAT,388311707.2813454,388311707.2813454,0.0,0.0,1422.8
2025-05-28 14:15:00,FLAT,388311707.2813454,388311707.2813454,0.0,0.0,1423.1
2025-05-28 14:30:00,FLAT,388311707.2813454,388311707.2813454,0.0,0.0,1423.4
2025-05-29 09:00:00,FLAT,388311707.2813454,388311707.2813454,0.0,0.0,1428.2
2025-05-29 09:15:00,FLAT,388311707.2813454,388311707.2813454,0.0,0.0,1426.0
2025-05-29 09:30:00,FLAT,388311707.2813454,388311707.2813454,0.0,0.0,1426.7
2025-05-29 09:45:00,FLAT,388311707.2813454,388311707.2813454,0.0,0.0,1426.6
2025-05-29 10:00:00,FLAT,388311707.2813454,388311707.2813454,0.0,0.0,1426.8
2025-05-29 10:15:00,FLAT,388311707.2813454,388311707.2813454,0.0,0.0,1426.2
2025-05-29 10:30:00,FLAT,388311707.2813454,388311707.2813454,0.0,0.0,1426.3
2025-05-29 10:45:00,FLAT,388311707.2813454,388311707.2813454,0.0,0.0,1427.0
2025-05-29 11:00:00,FLAT,388311707.2813454,388311707.2813454,0.0,0.0,1423.1
2025-05-29 11:15:00,FLAT,388311707.2813454,388311707.2813454,0.0,0.0,1418.0
2025-05-29 13:00:00,FLAT,388311707.2813454,388311707.2813454,0.0,0.0,1420.0
2025-05-29 13:15:00,FLAT,388311707.2813454,388311707.2813454,0.0,0.0,1420.1
2025-05-29 13:30:00,FLAT,388311707.2813454,388311707.2813454,0.0,0.0,1423.5
2025-05-29 13:45:00,FLAT,388311707.2813454,388311707.2813454,0.0,0.0,1420.8
2025-05-29 14:00:00,FLAT,388311707.2813454,388311707.2813454,0.0,0.0,1423.5
2025-05-29 14:15:00,FLAT,388311707.2813454,388311707.2813454,0.0,0.0,1421.2
2025-05-29 14:30:00,FLAT,388311707.2813454,388311707.2813454,0.0,0.0,1421.9
2025-05-30 09:00:00,FLAT,388311707.2813454,388311707.2813454,0.0,0.0,1419.7
2025-05-30 09:15:00,FLAT,388311707.2813454,388311707.2813454,0.0,0.0,1420.0
2025-05-30 09:30:00,FLAT,388311707.2813454,388311707.2813454,0.0,0.0,1421.0
2025-05-30 09:45:00,FLAT,388311707.2813454,388311707.2813454,0.0,0.0,1420.0
2025-05-30 10:00:00,FLAT,388311707.2813454,388311707.2813454,0.0,0.0,1419.2
2025-05-30 10:15:00,FLAT,388311707.2813454,388311707.2813454,0.0,0.0,1420.1
2025-05-30 10:30:00,FLAT,388311707.2813454,388311707.2813454,0.0,0.0,1419.4
2025-05-30 10:45:00,FLAT,388311707.2813454,388311707.2813454,0.0,0.0,1419.0
2025-05-30 11:00:00,FLAT,388311707.2813454,388311707.2813454,0.0,0.0,1417.0
2025-05-30 11:15:00,FLAT,388311707.2813454,388311707.2813454,0.0,0.0,1418.3
2025-05-30 13:00:00,FLAT,388311707.2813454,388311707.2813454,0.0,0.0,1419.0
2025-05-30 13:15:00,FLAT,388311707.2813454,388311707.2813454,0.0,0.0,1419.6
2025-05-30 13:30:00,FLAT,388311707.2813454,388311707.2813454,0.0,0.0,1418.7
2025-05-30 13:45:00,FLAT,388311707.2813454,388311707.2813454,0.0,0.0,1421.5
2025-05-30 14:00:00,FLAT,388311707.2813454,388311707.2813454,0.0,0.0,1417.7
2025-05-30 14:15:00,FLAT,388311707.2813454,388311707.2813454,0.0,0.0,1419.5
2025-05-30 14:30:00,FLAT,388311707.2813454,388311707.2813454,0.0,0.0,1419.6
2025-06-02 09:00:00,FLAT,388311707.2813454,388311707.2813454,0.0,0.0,1412.7
2025-06-02 09:15:00,FLAT,388311707.2813454,388311707.2813454,0.0,0.0,1410.6
2025-06-02 09:30:00,FLAT,388311707.2813454,388311707.2813454,0.0,0.0,1411.8
2025-06-02 09:45:00,FLAT,388311707.2813454,388311707.2813454,0.0,0.0,1413.6
2025-06-02 10:00:00,FLAT,388311707.2813454,388311707.2813454,0.0,0.0,1411.6
2025-06-02 10:15:00,FLAT,388311707.2813454,388311707.2813454,0.0,0.0,1413.3
2025-06-02 10:30:00,FLAT,388311707.2813454,388311707.2813454,0.0,0.0,1414.5
2025-06-02 10:45:00,FLAT,388311707.2813454,388311707.2813454,0.0,0.0,1412.1
2025-06-02 11:00:00,FLAT,388311707.2813454,388311707.2813454,0.0,0.0,1413.4
2025-06-02 11:15:00,FLAT,388311707.2813454,388311707.2813454,0.0,0.0,1409.2
2025-06-02 13:00:00,FLAT,388311707.2813454,388311707.2813454,0.0,0.0,1410.5
2025-06-02 13:15:00,FLAT,388311707.2813454,388311707.2813454,0.0,0.0,1411.1
2025-06-02 13:30:00,FLAT,388311707.2813454,388311707.2813454,0.0,0.0,1410.8
2025-06-02 13:45:00,FLAT,388311707.2813454,388311707.2813454,0.0,0.0,1414.3
2025-06-02 14:00:00,LONG,388099582.35077745,387233378.56430733,-866203.7864701233,0.0,1413.3
2025-06-02 14:15:00,FLAT,390520858.56430733,390520858.56430733,0.0,0.0,1417.3
2025-06-02 14:30:00,FLAT,390520858.56430733,390520858.56430733,0.0,0.0,1418.0
2025-06-03 09:00:00,FLAT,390520858.56430733,390520858.56430733,0.0,0.0,1421.1
2025-06-03 09:15:00,FLAT,390520858.56430733,390520858.56430733,0.0,0.0,1420.8
2025-06-03 09:30:00,FLAT,390520858.56430733,390520858.56430733,0.0,0.0,1427.1
2025-06-03 09:45:00,FLAT,390520858.56430733,390520858.56430733,0.0,0.0,1427.1
2025-06-03 10:00:00,FLAT,390520858.56430733,390520858.56430733,0.0,0.0,1427.6
2025-06-03 10:15:00,FLAT,390520858.56430733,390520858.56430733,0.0,0.0,1427.4
2025-06-03 10:30:00,FLAT,390520858.56430733,390520858.56430733,0.0,0.0,1425.8
2025-06-03 10:45:00,FLAT,390520858.56430733,390520858.56430733,0.0,0.0,1427.8
2025-06-03 11:00:00,FLAT,390520858.56430733,390520858.56430733,0.0,0.0,1433.4
2025-06-03 11:15:00,FLAT,390520858.56430733,390520858.56430733,0.0,0.0,1435.0
2025-06-03 13:00:00,FLAT,390520858.56430733,390520858.56430733,0.0,0.0,1433.8
2025-06-03 13:15:00,FLAT,390520858.56430733,390520858.56430733,0.0,0.0,1435.3
2025-06-03 13:30:00,FLAT,390520858.56430733,390520858.56430733,0.0,0.0,1435.6
2025-06-03 13:45:00,FLAT,390520858.56430733,390520858.56430733,0.0,0.0,1437.8
2025-06-03 14:00:00,FLAT,390520858.56430733,390520858.56430733,0.0,0.0,1437.2
2025-06-03 14:15:00,FLAT,390520858.56430733,390520858.56430733,0.0,0.0,1432.9
2025-06-03 14:30:00,FLAT,390520858.56430733,390520858.56430733,0.0,0.0,1435.8
2025-06-04 09:00:00,FLAT,390520858.56430733,390520858.56430733,0.0,0.0,1434.8
2025-06-04 09:15:00,FLAT,390520858.56430733,390520858.56430733,0.0,0.0,1433.6
2025-06-04 09:30:00,FLAT,390520858.56430733,390520858.56430733,0.0,0.0,1433.6
2025-06-04 09:45:00,FLAT,390520858.56430733,390520858.56430733,0.0,0.0,1434.0
2025-06-04 10:00:00,FLAT,390520858.56430733,390520858.56430733,0.0,0.0,1433.7
2025-06-04 10:15:00,FLAT,390520858.56430733,390520858.56430733,0.0,0.0,1434.1
2025-06-04 10:30:00,FLAT,390520858.56430733,390520858.56430733,0.0,0.0,1435.2
2025-06-04 10:45:00,FLAT,390520858.56430733,390520858.56430733,0.0,0.0,1434.1
2025-06-04 11:00:00,FLAT,390520858.56430733,390520858.56430733,0.0,0.0,1434.3
2025-06-04 11:15:00,FLAT,390520858.56430733,390520858.56430733,0.0,0.0,1434.4
2025-06-04 13:00:00,FLAT,390520858.56430733,390520858.56430733,0.0,0.0,1434.8
2025-06-04 13:15:00,FLAT,390520858.56430733,390520858.56430733,0.0,0.0,1435.5
2025-06-04 13:30:00,FLAT,390520858.56430733,390520858.56430733,0.0,0.0,1433.9
2025-06-04 13:45:00,FLAT,390520858.56430733,390520858.56430733,0.0,0.0,1431.0
2025-06-04 14:00:00,FLAT,390520858.56430733,390520858.56430733,0.0,0.0,1429.9
2025-06-04 14:15:00,FLAT,390520858.56430733,390520858.56430733,0.0,0.0,1429.0
2025-06-04 14:30:00,FLAT,390520858.56430733,390520858.56430733,0.0,0.0,1429.0
2025-06-05 09:00:00,FLAT,390520858.56430733,390520858.56430733,0.0,0.0,1431.2
2025-06-05 09:15:00,FLAT,390520858.56430733,390520858.56430733,0.0,0.0,1429.8
2025-06-05 09:30:00,FLAT,390520858.56430733,390520858.56430733,0.0,0.0,1428.7
2025-06-05 09:45:00,FLAT,390520858.56430733,390520858.56430733,0.0,0.0,1427.9
2025-06-05 10:00:00,FLAT,390520858.56430733,390520858.56430733,0.0,0.0,1426.9
2025-06-05 10:15:00,FLAT,390520858.56430733,390520858.56430733,0.0,0.0,1426.5
2025-06-05 10:30:00,FLAT,390520858.56430733,390520858.56430733,0.0,0.0,1427.2
2025-06-05 10:45:00,FLAT,390520858.56430733,390520858.56430733,0.0,0.0,1427.3
2025-06-05 11:00:00,FLAT,390520858.56430733,390520858.56430733,0.0,0.0,1429.5
2025-06-05 11:15:00,FLAT,390520858.56430733,390520858.56430733,0.0,0.0,1429.3
2025-06-05 13:00:00,FLAT,390520858.56430733,390520858.56430733,0.0,0.0,1429.4
2025-06-05 13:15:00,FLAT,390520858.56430733,390520858.56430733,0.0,0.0,1427.7
2025-06-05 13:30:00,FLAT,390520858.56430733,390520858.56430733,0.0,0.0,1427.9
2025-06-05 13:45:00,FLAT,390520858.56430733,390520858.56430733,0.0,0.0,1427.9
2025-06-05 14:00:00,FLAT,390520858.56430733,390520858.56430733,0.0,0.0,1428.6
2025-06-05 14:15:00,FLAT,390520858.56430733,390520858.56430733,0.0,0.0,1428.5
2025-06-05 14:30:00,FLAT,390520858.56430733,390520858.56430733,0.0,0.0,1429.0
2025-06-06 09:00:00,FLAT,390520858.56430733,390520858.56430733,0.0,0.0,1419.8
2025-06-06 09:15:00,FLAT,390520858.56430733,390520858.56430733,0.0,0.0,1420.9
2025-06-06 09:30:00,FLAT,390520858.56430733,390520858.56430733,0.0,0.0,1422.2
2025-06-06 09:45:00,FLAT,390520858.56430733,390520858.56430733,0.0,0.0,1419.3
2025-06-06 10:00:00,FLAT,390520858.56430733,390520858.56430733,0.0,0.0,1416.9
2025-06-06 10:15:00,FLAT,390520858.56430733,390520858.56430733,0.0,0.0,1414.7
2025-06-06 10:30:00,FLAT,390520858.56430733,390520858.56430733,0.0,0.0,1414.6
2025-06-06 10:45:00,FLAT,390520858.56430733,390520858.56430733,0.0,0.0,1415.0
2025-06-06 11:00:00,FLAT,390520858.56430733,390520858.56430733,0.0,0.0,1415.0
2025-06-06 11:15:00,FLAT,390520858.56430733,390520858.56430733,0.0,0.0,1417.2
2025-06-06 13:00:00,FLAT,390520858.56430733,390520858.56430733,0.0,0.0,1416.3
2025-06-06 13:15:00,FLAT,390520858.56430733,390520858.56430733,0.0,0.0,1412.7
2025-06-06 13:30:00,FLAT,390520858.56430733,390520858.56430733,0.0,0.0,1414.1
2025-06-06 13:45:00,FLAT,390520858.56430733,390520858.56430733,0.0,0.0,1414.0
2025-06-06 14:00:00,FLAT,390520858.56430733,390520858.56430733,0.0,0.0,1414.6
2025-06-06 14:15:00,FLAT,390520858.56430733,390520858.56430733,0.0,0.0,1413.3
2025-06-06 14:30:00,FLAT,390520858.56430733,390520858.56430733,0.0,0.0,1413.6
2025-06-09 09:00:00,FLAT,390520858.56430733,390520858.56430733,0.0,0.0,1415.5
2025-06-09 09:15:00,FLAT,390520858.56430733,390520858.56430733,0.0,0.0,1411.1
2025-06-09 09:30:00,FLAT,390520858.56430733,390520858.56430733,0.0,0.0,1411.9
2025-06-09 09:45:00,FLAT,390520858.56430733,390520858.56430733,0.0,0.0,1407.9
2025-06-09 10:00:00,FLAT,390520858.56430733,390520858.56430733,0.0,0.0,1407.7
2025-06-09 10:15:00,FLAT,390520858.56430733,390520858.56430733,0.0,0.0,1408.8
2025-06-09 10:30:00,FLAT,390520858.56430733,390520858.56430733,0.0,0.0,1407.0
2025-06-09 10:45:00,FLAT,390520858.56430733,390520858.56430733,0.0,0.0,1408.4
2025-06-09 11:00:00,FLAT,390520858.56430733,390520858.56430733,0.0,0.0,1409.5
2025-06-09 11:15:00,FLAT,390520858.56430733,390520858.56430733,0.0,0.0,1408.2
2025-06-09 13:00:00,FLAT,390520858.56430733,390520858.56430733,0.0,0.0,1407.3
2025-06-09 13:15:00,FLAT,390520858.56430733,390520858.56430733,0.0,0.0,1406.5
2025-06-09 13:30:00,FLAT,390520858.56430733,390520858.56430733,0.0,0.0,1406.3
2025-06-09 13:45:00,FLAT,390520858.56430733,390520858.56430733,0.0,0.0,1406.5
2025-06-09 14:00:00,FLAT,390520858.56430733,390520858.56430733,0.0,0.0,1403.7
2025-06-09 14:15:00,FLAT,390520858.56430733,390520858.56430733,0.0,0.0,1401.6
2025-06-09 14:30:00,FLAT,390520858.56430733,390520858.56430733,0.0,0.0,1402.0
2025-06-10 09:00:00,FLAT,390520858.56430733,390520858.56430733,0.0,0.0,1394.3
2025-06-10 09:15:00,FLAT,390520858.56430733,390520858.56430733,0.0,0.0,1396.9
2025-06-10 09:30:00,FLAT,390520858.56430733,390520858.56430733,0.0,0.0,1399.2
2025-06-10 09:45:00,LONG,390310921.68421423,393531721.0634371,3220799.3792228536,0.0,1402.8
2025-06-10 10:00:00,LONG,390310921.68421423,394331721.06343704,4020799.379222808,0.0,1403.6
2025-06-10 10:15:00,LONG,390310921.68421423,398131721.0634372,7820799.37922299,0.0,1407.4
2025-06-10 10:30:00,LONG,390310921.68421423,399031721.0634371,8720799.379222853,0.0,1408.3
2025-06-10 10:45:00,LONG,390310921.68421423,396031721.0634371,5720799.379222853,0.0,1405.3
2025-06-10 11:00:00,LONG,390310921.68421423,396731721.0634371,6420799.379222899,0.0,1406.0
2025-06-10 11:15:00,LONG,390310921.68421423,397131721.0634372,6820799.37922299,0.0,1406.4
2025-06-10 13:00:00,LONG,390310921.68421423,399631721.0634372,9320799.37922299,0.0,1408.9
2025-06-10 13:15:00,LONG,390310921.68421423,398331721.06343704,8020799.379222808,0.0,1407.6
2025-06-10 13:30:00,FLAT,401641085.1160154,401641085.1160154,0.0,0.0,1409.6
2025-06-10 13:45:00,FLAT,401641085.1160154,401641085.1160154,0.0,0.0,1405.5
2025-06-10 14:00:00,FLAT,401641085.1160154,401641085.1160154,0.0,0.0,1404.0
2025-06-10 14:15:00,FLAT,401641085.1160154,401641085.1160154,0.0,0.0,1395.7
2025-06-10 14:30:00,FLAT,401641085.1160154,401641085.1160154,0.0,0.0,1395.5
2025-06-11 09:00:00,FLAT,401641085.1160154,401641085.1160154,0.0,0.0,1402.3
2025-06-11 09:15:00,FLAT,401641085.1160154,401641085.1160154,0.0,0.0,1399.3
2025-06-11 09:30:00,FLAT,401641085.1160154,401641085.1160154,0.0,0.0,1400.4
2025-06-11 09:45:00,FLAT,401641085.1160154,401641085.1160154,0.0,0.0,1396.7
2025-06-11 10:00:00,FLAT,401641085.1160154,401641085.1160154,0.0,0.0,1397.5
2025-06-11 10:15:00,FLAT,401641085.1160154,401641085.1160154,0.0,0.0,1398.0
2025-06-11 10:30:00,FLAT,401641085.1160154,401641085.1160154,0.0,0.0,1399.0
2025-06-11 10:45:00,FLAT,401641085.1160154,401641085.1160154,0.0,0.0,1397.9
2025-06-11 11:00:00,FLAT,401641085.1160154,401641085.1160154,0.0,0.0,1400.5
2025-06-11 11:15:00,FLAT,401641085.1160154,401641085.1160154,0.0,0.0,1400.8
2025-06-11 13:00:00,FLAT,401641085.1160154,401641085.1160154,0.0,0.0,1401.7
2025-06-11 13:15:00,FLAT,401641085.1160154,401641085.1160154,0.0,0.0,1399.7
2025-06-11 13:30:00,FLAT,401641085.1160154,401641085.1160154,0.0,0.0,1398.0
2025-06-11 13:45:00,FLAT,401641085.1160154,401641085.1160154,0.0,0.0,1398.6
2025-06-11 14:00:00,FLAT,401641085.1160154,401641085.1160154,0.0,0.0,1400.7
2025-06-11 14:15:00,FLAT,401641085.1160154,401641085.1160154,0.0,0.0,1400.1
2025-06-11 14:30:00,FLAT,401641085.1160154,401641085.1160154,0.0,0.0,1401.9
2025-06-12 09:00:00,FLAT,401641085.1160154,401641085.1160154,0.0,0.0,1413.5
2025-06-12 09:15:00,FLAT,401641085.1160154,401641085.1160154,0.0,0.0,1414.8
2025-06-12 09:30:00,FLAT,401641085.1160154,401641085.1160154,0.0,0.0,1414.9
2025-06-12 09:45:00,FLAT,401641085.1160154,401641085.1160154,0.0,0.0,1416.3
2025-06-12 10:00:00,FLAT,401641085.1160154,401641085.1160154,0.0,0.0,1415.8
2025-06-12 10:15:00,FLAT,401641085.1160154,401641085.1160154,0.0,0.0,1416.0
2025-06-12 10:30:00,FLAT,401641085.1160154,401641085.1160154,0.0,0.0,1413.1
2025-06-12 10:45:00,FLAT,401641085.1160154,401641085.1160154,0.0,0.0,1414.4
2025-06-12 11:00:00,FLAT,401641085.1160154,401641085.1160154,0.0,0.0,1415.1
2025-06-12 11:15:00,FLAT,401641085.1160154,401641085.1160154,0.0,0.0,1414.4
2025-06-12 13:00:00,FLAT,401641085.1160154,401641085.1160154,0.0,0.0,1415.5
2025-06-12 13:15:00,FLAT,401641085.1160154,401641085.1160154,0.0,0.0,1414.6
2025-06-12 13:30:00,FLAT,401641085.1160154,401641085.1160154,0.0,0.0,1413.5
2025-06-12 13:45:00,FLAT,401641085.1160154,401641085.1160154,0.0,0.0,1409.6
2025-06-12 14:00:00,SHORT,401429612.75949645,406345322.8856504,4915710.126153953,0.0,1404.9
2025-06-12 14:15:00,FLAT,402934107.8856506,402934107.8856506,0.0,0.0,1407.6
2025-06-12 14:30:00,FLAT,402934107.8856506,402934107.8856506,0.0,0.0,1408.0
2025-06-13 09:00:00,FLAT,402934107.8856506,402934107.8856506,0.0,0.0,1396.5
2025-06-13 09:15:00,FLAT,402934107.8856506,402934107.8856506,0.0,0.0,1397.5
2025-06-13 09:30:00,FLAT,402934107.8856506,402934107.8856506,0.0,0.0,1396.4
2025-06-13 09:45:00,FLAT,402934107.8856506,402934107.8856506,0.0,0.0,1391.2
2025-06-13 10:00:00,FLAT,399059324.09090805,399059324.09090805,0.0,0.0,1398.1
2025-06-13 10:15:00,FLAT,399059324.09090805,399059324.09090805,0.0,0.0,1397.1
2025-06-13 10:30:00,FLAT,399059324.09090805,399059324.09090805,0.0,0.0,1397.4
2025-06-13 10:45:00,FLAT,399059324.09090805,399059324.09090805,0.0,0.0,1398.7
2025-06-13 11:00:00,FLAT,399059324.09090805,399059324.09090805,0.0,0.0,1394.7
2025-06-13 11:15:00,FLAT,399059324.09090805,399059324.09090805,0.0,0.0,1391.4
2025-06-13 13:00:00,FLAT,399059324.09090805,399059324.09090805,0.0,0.0,1392.9
2025-06-13 13:15:00,FLAT,399059324.09090805,399059324.09090805,0.0,0.0,1389.7
2025-06-13 13:30:00,FLAT,399059324.09090805,399059324.09090805,0.0,0.0,1387.0
2025-06-13 13:45:00,FLAT,399059324.09090805,399059324.09090805,0.0,0.0,1385.9
2025-06-13 14:00:00,SHORT,398851377.54610646,400961676.2232547,2110298.6771481936,0.0,1384.2
2025-06-13 14:15:00,FLAT,394953176.2232547,394953176.2232547,0.0,0.0,1393.7
2025-06-13 14:30:00,FLAT,394953176.2232547,394953176.2232547,0.0,0.0,1392.3
2025-06-16 09:00:00,FLAT,394953176.2232547,394953176.2232547,0.0,0.0,1394.7
2025-06-16 09:15:00,FLAT,394953176.2232547,394953176.2232547,0.0,0.0,1396.8
2025-06-16 09:30:00,FLAT,394953176.2232547,394953176.2232547,0.0,0.0,1401.7
2025-06-16 09:45:00,FLAT,394953176.2232547,394953176.2232547,0.0,0.0,1400.3
2025-06-16 10:00:00,FLAT,394953176.2232547,394953176.2232547,0.0,0.0,1402.4
2025-06-16 10:15:00,FLAT,394953176.2232547,394953176.2232547,0.0,0.0,1403.8
2025-06-16 10:30:00,LONG,394742678.7974197,393826506.5645512,-916172.2328685755,0.0,1402.4
2025-06-16 10:45:00,LONG,394742678.7974197,393226506.564551,-1516172.232868712,0.0,1401.8
2025-06-16 11:00:00,LONG,394742678.7974197,394126506.5645511,-616172.232868621,0.0,1402.7
2025-06-16 11:15:00,LONG,394742678.7974197,394226506.564551,-516172.23286871193,0.0,1402.8
2025-06-16 13:00:00,LONG,394742678.7974197,394926506.56455106,183827.76713133353,0.0,1403.5
2025-06-16 13:15:00,LONG,394742678.7974197,395026506.564551,283827.76713124255,0.0,1403.6
2025-06-16 13:30:00,LONG,394742678.7974197,395126506.5645511,383827.767131379,0.0,1403.7
2025-06-16 13:45:00,LONG,394742678.7974197,396426506.56455106,1683827.7671313335,0.0,1405.0
2025-06-16 14:00:00,LONG,394742678.7974197,403526506.564551,8783827.767131243,0.0,1412.1
2025-06-16 14:15:00,FLAT,406714181.56455106,406714181.56455106,0.0,0.0,1416.0
2025-06-16 14:30:00,FLAT,406714181.56455106,406714181.56455106,0.0,0.0,1416.6
2025-06-17 09:00:00,FLAT,406714181.56455106,406714181.56455106,0.0,0.0,1418.0
2025-06-17 09:15:00,FLAT,406714181.56455106,406714181.56455106,0.0,0.0,1418.2
2025-06-17 09:30:00,FLAT,406714181.56455106,406714181.56455106,0.0,0.0,1418.4
2025-06-17 09:45:00,FLAT,406714181.56455106,406714181.56455106,0.0,0.0,1421.0
2025-06-17 10:00:00,FLAT,406714181.56455106,406714181.56455106,0.0,0.0,1427.0
2025-06-17 10:15:00,FLAT,406714181.56455106,406714181.56455106,0.0,0.0,1425.5
2025-06-17 10:30:00,FLAT,406714181.56455106,406714181.56455106,0.0,0.0,1422.6
2025-06-17 10:45:00,FLAT,406714181.56455106,406714181.56455106,0.0,0.0,1424.4
2025-06-17 11:00:00,FLAT,406714181.56455106,406714181.56455106,0.0,0.0,1422.1
2025-06-17 11:15:00,FLAT,406714181.56455106,406714181.56455106,0.0,0.0,1423.3
2025-06-17 13:00:00,FLAT,406714181.56455106,406714181.56455106,0.0,0.0,1420.4
2025-06-17 13:15:00,FLAT,406714181.56455106,406714181.56455106,0.0,0.0,1421.3
2025-06-17 13:30:00,FLAT,406714181.56455106,406714181.56455106,0.0,0.0,1424.0
2025-06-17 13:45:00,FLAT,406714181.56455106,406714181.56455106,0.0,0.0,1425.5
2025-06-17 14:00:00,FLAT,406714181.56455106,406714181.56455106,0.0,0.0,1423.1
2025-06-17 14:15:00,FLAT,406714181.56455106,406714181.56455106,0.0,0.0,1424.4
2025-06-17 14:30:00,FLAT,406714181.56455106,406714181.56455106,0.0,0.0,1424.3
2025-06-18 09:00:00,FLAT,406714181.56455106,406714181.56455106,0.0,0.0,1422.8
2025-06-18 09:15:00,FLAT,406714181.56455106,406714181.56455106,0.0,0.0,1422.5
2025-06-18 09:30:00,FLAT,406714181.56455106,406714181.56455106,0.0,0.0,1424.1
2025-06-18 09:45:00,FLAT,406714181.56455106,406714181.56455106,0.0,0.0,1428.0
2025-06-18 10:00:00,FLAT,406714181.56455106,406714181.56455106,0.0,0.0,1432.3
2025-06-18 10:15:00,FLAT,406714181.56455106,406714181.56455106,0.0,0.0,1428.0
2025-06-18 10:30:00,FLAT,406714181.56455106,406714181.56455106,0.0,0.0,1429.0
2025-06-18 10:45:00,FLAT,406714181.56455106,406714181.56455106,0.0,0.0,1430.6
2025-06-18 13:00:00,FLAT,406714181.56455106,406714181.56455106,0.0,0.0,1428.4
2025-06-18 13:15:00,FLAT,406714181.56455106,406714181.56455106,0.0,0.0,1426.3
2025-06-18 13:30:00,FLAT,406714181.56455106,406714181.56455106,0.0,0.0,1426.8
2025-06-18 13:45:00,FLAT,406714181.56455106,406714181.56455106,0.0,0.0,1425.4
2025-06-18 14:00:00,FLAT,406714181.56455106,406714181.56455106,0.0,0.0,1425.0
2025-06-18 14:15:00,FLAT,406714181.56455106,406714181.56455106,0.0,0.0,1428.4
2025-06-18 14:30:00,FLAT,406714181.56455106,406714181.56455106,0.0,0.0,1429.5
2025-06-19 09:00:00,FLAT,406714181.56455106,406714181.56455106,0.0,0.0,1428.0
2025-06-19 09:15:00,FLAT,406714181.56455106,406714181.56455106,0.0,0.0,1431.0
2025-06-19 09:30:00,FLAT,406714181.56455106,406714181.56455106,0.0,0.0,1432.9
2025-06-19 09:45:00,LONG,406499300.82692426,405761049.9815941,-738250.8453301853,0.0,1431.8
2025-06-19 10:00:00,LONG,406499300.82692426,404661049.98159415,-1838250.8453300942,0.0,1430.7
2025-06-19 10:15:00,LONG,406499300.82692426,405061049.981594,-1438250.8453302307,0.0,1431.1
2025-06-19 10:30:00,LONG,406499300.82692426,404561049.981594,-1938250.8453302307,0.0,1430.6
2025-06-19 10:45:00,LONG,406499300.82692426,405961049.98159415,-538250.8453301397,0.0,1432.0
2025-06-19 11:00:00,LONG,406499300.82692426,404661049.98159415,-1838250.8453300942,0.0,1430.7
2025-06-19 11:15:00,LONG,406499300.82692426,404261049.9815941,-2238250.8453301853,0.0,1430.3
2025-06-19 13:00:00,FLAT,403146639.9815942,403146639.9815942,0.0,0.0,1430.3
2025-06-19 13:15:00,FLAT,403146639.9815942,403146639.9815942,0.0,0.0,1430.9
2025-06-19 13:30:00,FLAT,403146639.9815942,403146639.9815942,0.0,0.0,1431.9
2025-06-19 13:45:00,FLAT,403146639.9815942,403146639.9815942,0.0,0.0,1433.4
2025-06-19 14:00:00,FLAT,403146639.9815942,403146639.9815942,0.0,0.0,1436.2
2025-06-19 14:15:00,FLAT,403146639.9815942,403146639.9815942,0.0,0.0,1440.5
2025-06-19 14:30:00,FLAT,403146639.9815942,403146639.9815942,0.0,0.0,1440.8
2025-06-20 09:00:00,FLAT,403146639.9815942,403146639.9815942,0.0,0.0,1428.0
2025-06-20 09:15:00,FLAT,403146639.9815942,403146639.9815942,0.0,0.0,1427.5
2025-06-20 09:30:00,FLAT,403146639.9815942,403146639.9815942,0.0,0.0,1425.0
2025-06-20 09:45:00,FLAT,403146639.9815942,403146639.9815942,0.0,0.0,1426.0
2025-06-20 10:00:00,FLAT,403146639.9815942,403146639.9815942,0.0,0.0,1427.0
2025-06-20 10:15:00,FLAT,403146639.9815942,403146639.9815942,0.0,0.0,1429.2
2025-06-20 10:30:00,FLAT,403146639.9815942,403146639.9815942,0.0,0.0,1428.1
2025-06-20 10:45:00,FLAT,403146639.9815942,403146639.9815942,0.0,0.0,1427.8
2025-06-20 11:00:00,FLAT,403146639.9815942,403146639.9815942,0.0,0.0,1426.9
2025-06-20 11:15:00,FLAT,403146639.9815942,403146639.9815942,0.0,0.0,1425.7
2025-06-20 13:00:00,FLAT,403146639.9815942,403146639.9815942,0.0,0.0,1425.7
2025-06-20 13:15:00,FLAT,403146639.9815942,403146639.9815942,0.0,0.0,1427.7
2025-06-20 13:30:00,FLAT,403146639.9815942,403146639.9815942,0.0,0.0,1426.8
2025-06-20 13:45:00,FLAT,403146639.9815942,403146639.9815942,0.0,0.0,1427.1
2025-06-20 14:00:00,FLAT,403146639.9815942,403146639.9815942,0.0,0.0,1426.0
2025-06-20 14:15:00,FLAT,403146639.9815942,403146639.9815942,0.0,0.0,1424.8
2025-06-20 14:30:00,FLAT,403146639.9815942,403146639.9815942,0.0,0.0,1424.2
2025-06-23 09:00:00,FLAT,403146639.9815942,403146639.9815942,0.0,0.0,1417.7
2025-06-23 09:15:00,FLAT,403146639.9815942,403146639.9815942,0.0,0.0,1418.2
2025-06-23 09:30:00,FLAT,403146639.9815942,403146639.9815942,0.0,0.0,1422.4
2025-06-23 09:45:00,LONG,402933345.4772783,403469983.371186,536637.8939077094,0.0,1422.5
2025-06-23 10:00:00,LONG,402933345.4772783,402269983.37118596,-663362.106092336,0.0,1421.3
2025-06-23 10:15:00,FLAT,399757133.371186,399757133.371186,0.0,0.0,1418.9
2025-06-23 10:30:00,FLAT,399757133.371186,399757133.371186,0.0,0.0,1419.8
2025-06-23 10:45:00,FLAT,399757133.371186,399757133.371186,0.0,0.0,1421.0
2025-06-23 11:00:00,FLAT,399757133.371186,399757133.371186,0.0,0.0,1419.5
2025-06-23 11:15:00,FLAT,399757133.371186,399757133.371186,0.0,0.0,1419.5
2025-06-23 13:00:00,FLAT,399757133.371186,399757133.371186,0.0,0.0,1424.7
2025-06-23 13:15:00,FLAT,399757133.371186,399757133.371186,0.0,0.0,1426.4
2025-06-23 13:30:00,FLAT,399757133.371186,399757133.371186,0.0,0.0,1430.1
2025-06-23 13:45:00,FLAT,399757133.371186,399757133.371186,0.0,0.0,1431.4
2025-06-23 14:00:00,FLAT,399757133.371186,399757133.371186,0.0,0.0,1434.8
2025-06-23 14:15:00,FLAT,399757133.371186,399757133.371186,0.0,0.0,1435.0
2025-06-23 14:30:00,FLAT,399757133.371186,399757133.371186,0.0,0.0,1435.4
2025-06-24 09:00:00,FLAT,399757133.371186,399757133.371186,0.0,0.0,1447.0
2025-06-24 09:15:00,FLAT,399757133.371186,399757133.371186,0.0,0.0,1443.8
2025-06-24 09:30:00,FLAT,399757133.371186,399757133.371186,0.0,0.0,1445.2
2025-06-24 09:45:00,FLAT,399757133.371186,399757133.371186,0.0,0.0,1446.1
2025-06-24 10:00:00,FLAT,399757133.371186,399757133.371186,0.0,0.0,1453.9
2025-06-24 10:15:00,FLAT,399757133.371186,399757133.371186,0.0,0.0,1453.5
2025-06-24 10:30:00,FLAT,399757133.371186,399757133.371186,0.0,0.0,1455.2
2025-06-24 10:45:00,FLAT,399757133.371186,399757133.371186,0.0,0.0,1457.2
2025-06-24 11:00:00,FLAT,399757133.371186,399757133.371186,0.0,0.0,1458.1
2025-06-24 11:15:00,FLAT,399757133.371186,399757133.371186,0.0,0.0,1457.0
2025-06-24 13:00:00,FLAT,399757133.371186,399757133.371186,0.0,0.0,1458.8
2025-06-24 13:15:00,FLAT,399757133.371186,399757133.371186,0.0,0.0,1456.6
2025-06-24 13:30:00,FLAT,399757133.371186,399757133.371186,0.0,0.0,1454.5
2025-06-24 13:45:00,FLAT,399757133.371186,399757133.371186,0.0,0.0,1454.7
2025-06-24 14:00:00,FLAT,399757133.371186,399757133.371186,0.0,0.0,1453.7
2025-06-24 14:15:00,FLAT,399757133.371186,399757133.371186,0.0,0.0,1449.5
2025-06-24 14:30:00,FLAT,399757133.371186,399757133.371186,0.0,0.0,1448.5
2025-06-25 09:00:00,FLAT,399757133.371186,399757133.371186,0.0,0.0,1450.3
2025-06-25 09:15:00,FLAT,399757133.371186,399757133.371186,0.0,0.0,1452.5
2025-06-25 09:30:00,FLAT,399757133.371186,399757133.371186,0.0,0.0,1451.5
2025-06-25 09:45:00,FLAT,399757133.371186,399757133.371186,0.0,0.0,1448.6
2025-06-25 10:00:00,FLAT,399757133.371186,399757133.371186,0.0,0.0,1449.9
2025-06-25 10:15:00,FLAT,399757133.371186,399757133.371186,0.0,0.0,1451.8
2025-06-25 10:30:00,FLAT,399757133.371186,399757133.371186,0.0,0.0,1450.8
2025-06-25 10:45:00,FLAT,399757133.371186,399757133.371186,0.0,0.0,1450.7
2025-06-25 11:00:00,FLAT,399757133.371186,399757133.371186,0.0,0.0,1453.0
2025-06-25 11:15:00,FLAT,399757133.371186,399757133.371186,0.0,0.0,1452.5
2025-06-25 13:00:00,FLAT,399757133.371186,399757133.371186,0.0,0.0,1453.4
2025-06-25 13:15:00,FLAT,399757133.371186,399757133.371186,0.0,0.0,1455.8
2025-06-25 13:30:00,FLAT,399757133.371186,399757133.371186,0.0,0.0,1454.9
2025-06-25 13:45:00,FLAT,399757133.371186,399757133.371186,0.0,0.0,1452.8
2025-06-25 14:00:00,FLAT,399757133.371186,399757133.371186,0.0,0.0,1451.4
2025-06-25 14:15:00,FLAT,399757133.371186,399757133.371186,0.0,0.0,1449.8
2025-06-25 14:30:00,FLAT,399757133.371186,399757133.371186,0.0,0.0,1450.4
2025-06-26 09:00:00,FLAT,399757133.371186,399757133.371186,0.0,0.0,1455.8
2025-06-26 09:15:00,FLAT,399757133.371186,399757133.371186,0.0,0.0,1454.5
2025-06-26 09:30:00,FLAT,399757133.371186,399757133.371186,0.0,0.0,1455.0
2025-06-26 09:45:00,FLAT,399757133.371186,399757133.371186,0.0,0.0,1454.3
2025-06-26 10:00:00,FLAT,399757133.371186,399757133.371186,0.0,0.0,1451.6
2025-06-26 10:15:00,FLAT,399757133.371186,399757133.371186,0.0,0.0,1450.6
2025-06-26 10:30:00,FLAT,399757133.371186,399757133.371186,0.0,0.0,1450.1
2025-06-26 10:45:00,FLAT,399757133.371186,399757133.371186,0.0,0.0,1449.1
2025-06-26 11:00:00,FLAT,399757133.371186,399757133.371186,0.0,0.0,1449.6
2025-06-26 11:15:00,FLAT,399757133.371186,399757133.371186,0.0,0.0,1448.7
2025-06-26 13:00:00,FLAT,399757133.371186,399757133.371186,0.0,0.0,1450.6
2025-06-26 13:15:00,FLAT,399757133.371186,399757133.371186,0.0,0.0,1452.5
2025-06-26 13:30:00,FLAT,399757133.371186,399757133.371186,0.0,0.0,1452.6
2025-06-26 13:45:00,FLAT,399757133.371186,399757133.371186,0.0,0.0,1451.2
2025-06-26 14:00:00,FLAT,399757133.371186,399757133.371186,0.0,0.0,1450.9
2025-06-26 14:15:00,FLAT,399757133.371186,399757133.371186,0.0,0.0,1451.1
2025-06-26 14:30:00,FLAT,399757133.371186,399757133.371186,0.0,0.0,1452.0
2025-06-27 09:00:00,FLAT,399757133.371186,399757133.371186,0.0,0.0,1455.7
2025-06-27 09:15:00,FLAT,399757133.371186,399757133.371186,0.0,0.0,1453.6
2025-06-27 09:30:00,FLAT,399757133.371186,399757133.371186,0.0,0.0,1452.8
2025-06-27 09:45:00,FLAT,399757133.371186,399757133.371186,0.0,0.0,1450.4
2025-06-27 10:00:00,SHORT,399539607.59018415,399111480.93577814,-428126.6544060145,0.0,1450.6
2025-06-27 10:15:00,SHORT,399539607.59018415,398211480.935778,-1328126.6544061054,0.0,1451.5
2025-06-27 10:30:00,SHORT,399539607.59018415,397911480.9357781,-1628126.65440606,0.0,1451.8
2025-06-27 10:45:00,FLAT,396693560.9357781,396693560.9357781,0.0,0.0,1452.7
2025-06-27 11:00:00,FLAT,396693560.9357781,396693560.9357781,0.0,0.0,1454.3
2025-06-27 11:15:00,FLAT,396693560.9357781,396693560.9357781,0.0,0.0,1454.4
2025-06-27 13:00:00,FLAT,396693560.9357781,396693560.9357781,0.0,0.0,1457.0
2025-06-27 13:15:00,FLAT,396693560.9357781,396693560.9357781,0.0,0.0,1459.1
2025-06-27 13:30:00,FLAT,396693560.9357781,396693560.9357781,0.0,0.0,1459.1
2025-06-27 13:45:00,FLAT,396693560.9357781,396693560.9357781,0.0,0.0,1457.3
2025-06-27 14:00:00,FLAT,396693560.9357781,396693560.9357781,0.0,0.0,1458.7
2025-06-27 14:15:00,FLAT,396693560.9357781,396693560.9357781,0.0,0.0,1463.1
2025-06-27 14:30:00,FLAT,396693560.9357781,396693560.9357781,0.0,0.0,1463.6
2025-06-30 09:00:00,FLAT,396693560.9357781,396693560.9357781,0.0,0.0,1467.2
2025-06-30 09:15:00,FLAT,396693560.9357781,396693560.9357781,0.0,0.0,1465.0
2025-06-30 09:30:00,FLAT,396693560.9357781,396693560.9357781,0.0,0.0,1465.5
2025-06-30 09:45:00,FLAT,396693560.9357781,396693560.9357781,0.0,0.0,1465.2
2025-06-30 10:00:00,FLAT,396693560.9357781,396693560.9357781,0.0,0.0,1465.3
2025-06-30 10:15:00,FLAT,396693560.9357781,396693560.9357781,0.0,0.0,1465.7
2025-06-30 10:30:00,FLAT,396693560.9357781,396693560.9357781,0.0,0.0,1464.0
2025-06-30 10:45:00,FLAT,396693560.9357781,396693560.9357781,0.0,0.0,1464.9
2025-06-30 11:00:00,FLAT,396693560.9357781,396693560.9357781,0.0,0.0,1466.0
2025-06-30 11:15:00,FLAT,396693560.9357781,396693560.9357781,0.0,0.0,1465.9
2025-06-30 13:00:00,FLAT,396693560.9357781,396693560.9357781,0.0,0.0,1465.5
2025-06-30 13:15:00,FLAT,396693560.9357781,396693560.9357781,0.0,0.0,1466.3
2025-06-30 13:30:00,FLAT,396693560.9357781,396693560.9357781,0.0,0.0,1465.2
2025-06-30 13:45:00,FLAT,396693560.9357781,396693560.9357781,0.0,0.0,1465.6
2025-06-30 14:00:00,FLAT,396693560.9357781,396693560.9357781,0.0,0.0,1464.3
2025-06-30 14:15:00,FLAT,396693560.9357781,396693560.9357781,0.0,0.0,1463.9
2025-06-30 14:30:00,FLAT,396693560.9357781,396693560.9357781,0.0,0.0,1463.6
2025-07-01 09:00:00,FLAT,396693560.9357781,396693560.9357781,0.0,0.0,1462.9
2025-07-01 09:15:00,FLAT,396693560.9357781,396693560.9357781,0.0,0.0,1463.5
2025-07-01 09:30:00,FLAT,396693560.9357781,396693560.9357781,0.0,0.0,1465.7
2025-07-01 09:45:00,LONG,396473634.46947736,395897192.4648007,-576442.0046766645,0.0,1465.6
2025-07-01 10:00:00,LONG,396473634.46947736,398097192.4648007,1623557.995323381,0.0,1467.8
2025-07-01 10:15:00,LONG,396473634.46947736,396897192.4648007,423557.9953233355,0.0,1466.6
2025-07-01 10:30:00,FLAT,393977607.4648009,393977607.4648009,0.0,0.0,1464.1
2025-07-01 10:45:00,FLAT,393977607.4648009,393977607.4648009,0.0,0.0,1462.9
2025-07-01 11:00:00,FLAT,393977607.4648009,393977607.4648009,0.0,0.0,1461.6
2025-07-01 11:15:00,FLAT,393977607.4648009,393977607.4648009,0.0,0.0,1460.9
2025-07-01 13:00:00,FLAT,393977607.4648009,393977607.4648009,0.0,0.0,1460.2
2025-07-01 13:15:00,FLAT,393977607.4648009,393977607.4648009,0.0,0.0,1461.3
2025-07-01 13:30:00,FLAT,393977607.4648009,393977607.4648009,0.0,0.0,1462.1
2025-07-01 13:45:00,FLAT,393977607.4648009,393977607.4648009,0.0,0.0,1461.9
2025-07-01 14:00:00,FLAT,393977607.4648009,393977607.4648009,0.0,0.0,1458.8
2025-07-01 14:15:00,FLAT,393977607.4648009,393977607.4648009,0.0,0.0,1461.0
2025-07-01 14:30:00,FLAT,393977607.4648009,393977607.4648009,0.0,0.0,1462.3
2025-07-02 09:00:00,FLAT,393977607.4648009,393977607.4648009,0.0,0.0,1460.8
2025-07-02 09:15:00,FLAT,393977607.4648009,393977607.4648009,0.0,0.0,1463.3
2025-07-02 09:30:00,FLAT,393977607.4648009,393977607.4648009,0.0,0.0,1461.4
2025-07-02 09:45:00,FLAT,393977607.4648009,393977607.4648009,0.0,0.0,1459.5
2025-07-02 10:00:00,FLAT,393977607.4648009,393977607.4648009,0.0,0.0,1460.3
2025-07-02 10:15:00,FLAT,393977607.4648009,393977607.4648009,0.0,0.0,1461.3
2025-07-02 10:30:00,FLAT,393977607.4648009,393977607.4648009,0.0,0.0,1461.9
2025-07-02 10:45:00,FLAT,393977607.4648009,393977607.4648009,0.0,0.0,1463.7
2025-07-02 11:00:00,FLAT,393977607.4648009,393977607.4648009,0.0,0.0,1463.6
2025-07-02 11:15:00,FLAT,393977607.4648009,393977607.4648009,0.0,0.0,1465.0
2025-07-02 13:00:00,FLAT,393977607.4648009,393977607.4648009,0.0,0.0,1467.5
2025-07-02 13:15:00,FLAT,393977607.4648009,393977607.4648009,0.0,0.0,1465.9
2025-07-02 13:30:00,FLAT,393977607.4648009,393977607.4648009,0.0,0.0,1466.3
2025-07-02 13:45:00,FLAT,393977607.4648009,393977607.4648009,0.0,0.0,1467.8
2025-07-02 14:00:00,FLAT,393977607.4648009,393977607.4648009,0.0,0.0,1467.5
2025-07-02 14:15:00,FLAT,393977607.4648009,393977607.4648009,0.0,0.0,1470.0
2025-07-02 14:30:00,FLAT,393977607.4648009,393977607.4648009,0.0,0.0,1470.5
2025-07-03 09:00:00,FLAT,393977607.4648009,393977607.4648009,0.0,0.0,1460.0
2025-07-03 09:15:00,FLAT,393977607.4648009,393977607.4648009,0.0,0.0,1472.2
2025-07-03 09:30:00,FLAT,393977607.4648009,393977607.4648009,0.0,0.0,1470.9
2025-07-03 09:45:00,FLAT,393977607.4648009,393977607.4648009,0.0,0.0,1471.1
2025-07-03 10:00:00,FLAT,393977607.4648009,393977607.4648009,0.0,0.0,1471.7
2025-07-03 10:15:00,FLAT,393977607.4648009,393977607.4648009,0.0,0.0,1471.0
2025-07-03 10:30:00,FLAT,393977607.4648009,393977607.4648009,0.0,0.0,1473.4
2025-07-03 10:45:00,FLAT,393977607.4648009,393977607.4648009,0.0,0.0,1474.2
2025-07-03 11:00:00,FLAT,393977607.4648009,393977607.4648009,0.0,0.0,1475.3
2025-07-03 11:15:00,FLAT,393977607.4648009,393977607.4648009,0.0,0.0,1477.0
2025-07-03 13:00:00,FLAT,393977607.4648009,393977607.4648009,0.0,0.0,1478.9
2025-07-03 13:15:00,FLAT,393977607.4648009,393977607.4648009,0.0,0.0,1477.2
2025-07-03 13:30:00,FLAT,393977607.4648009,393977607.4648009,0.0,0.0,1476.0
2025-07-03 13:45:00,FLAT,393977607.4648009,393977607.4648009,0.0,0.0,1472.9
2025-07-03 14:00:00,SHORT,393756706.9256934,394226967.64242345,470260.7167300812,0.0,1472.2
2025-07-03 14:15:00,FLAT,396206467.6424235,396206467.6424235,0.0,0.0,1469.5
2025-07-03 14:30:00,FLAT,396206467.6424235,396206467.6424235,0.0,0.0,1470.8
2025-07-04 09:00:00,FLAT,396206467.6424235,396206467.6424235,0.0,0.0,1473.1
2025-07-04 09:15:00,FLAT,396206467.6424235,396206467.6424235,0.0,0.0,1472.8
2025-07-04 09:30:00,FLAT,396206467.6424235,396206467.6424235,0.0,0.0,1470.9
2025-07-04 09:45:00,FLAT,396206467.6424235,396206467.6424235,0.0,0.0,1470.6
2025-07-04 10:00:00,FLAT,396206467.6424235,396206467.6424235,0.0,0.0,1471.0
2025-07-04 10:15:00,FLAT,396206467.6424235,396206467.6424235,0.0,0.0,1471.6
2025-07-04 10:30:00,FLAT,396206467.6424235,396206467.6424235,0.0,0.0,1470.2
2025-07-04 10:45:00,FLAT,396206467.6424235,396206467.6424235,0.0,0.0,1472.0
2025-07-04 11:00:00,FLAT,396206467.6424235,396206467.6424235,0.0,0.0,1472.9
2025-07-04 11:15:00,FLAT,396206467.6424235,396206467.6424235,0.0,0.0,1472.8
2025-07-04 13:00:00,FLAT,396206467.6424235,396206467.6424235,0.0,0.0,1473.4
2025-07-04 13:15:00,FLAT,396206467.6424235,396206467.6424235,0.0,0.0,1472.9
2025-07-04 13:30:00,FLAT,396206467.6424235,396206467.6424235,0.0,0.0,1470.9
2025-07-04 13:45:00,FLAT,396206467.6424235,396206467.6424235,0.0,0.0,1471.6
2025-07-04 14:00:00,FLAT,396206467.6424235,396206467.6424235,0.0,0.0,1471.5
2025-07-04 14:15:00,FLAT,396206467.6424235,396206467.6424235,0.0,0.0,1472.9
2025-07-04 14:30:00,FLAT,396206467.6424235,396206467.6424235,0.0,0.0,1472.9
2025-07-07 09:00:00,FLAT,396206467.6424235,396206467.6424235,0.0,0.0,1479.8
2025-07-07 09:15:00,FLAT,396206467.6424235,396206467.6424235,0.0,0.0,1479.2
2025-07-07 09:30:00,FLAT,396206467.6424235,396206467.6424235,0.0,0.0,1484.7
2025-07-07 09:45:00,FLAT,393008165.02830255,393008165.02830255,0.0,0.0,1482.0
2025-07-07 10:00:00,FLAT,393008165.02830255,393008165.02830255,0.0,0.0,1481.6
2025-07-07 10:15:00,FLAT,393008165.02830255,393008165.02830255,0.0,0.0,1482.2
2025-07-07 10:30:00,FLAT,393008165.02830255,393008165.02830255,0.0,0.0,1482.4
2025-07-07 10:45:00,FLAT,393008165.02830255,393008165.02830255,0.0,0.0,1483.3
2025-07-07 11:00:00,FLAT,393008165.02830255,393008165.02830255,0.0,0.0,1484.9
2025-07-07 11:15:00,FLAT,393008165.02830255,393008165.02830255,0.0,0.0,1485.1
2025-07-07 13:00:00,FLAT,393008165.02830255,393008165.02830255,0.0,0.0,1484.8
2025-07-07 13:15:00,FLAT,393008165.02830255,393008165.02830255,0.0,0.0,1485.0
2025-07-07 13:30:00,FLAT,393008165.02830255,393008165.02830255,0.0,0.0,1485.0
2025-07-07 13:45:00,FLAT,393008165.02830255,393008165.02830255,0.0,0.0,1482.8
2025-07-07 14:00:00,FLAT,393008165.02830255,393008165.02830255,0.0,0.0,1484.8
2025-07-07 14:15:00,FLAT,393008165.02830255,393008165.02830255,0.0,0.0,1490.5
2025-07-07 14:30:00,FLAT,393008165.02830255,393008165.02830255,0.0,0.0,1494.8
2025-07-08 09:00:00,FLAT,393008165.02830255,393008165.02830255,0.0,0.0,1493.4
2025-07-08 09:15:00,FLAT,393008165.02830255,393008165.02830255,0.0,0.0,1494.2
2025-07-08 09:30:00,FLAT,393008165.02830255,393008165.02830255,0.0,0.0,1494.9
2025-07-08 09:45:00,FLAT,393008165.02830255,393008165.02830255,0.0,0.0,1494.8
2025-07-08 10:00:00,FLAT,393008165.02830255,393008165.02830255,0.0,0.0,1498.9
2025-07-08 10:15:00,FLAT,393008165.02830255,393008165.02830255,0.0,0.0,1498.6
2025-07-08 10:30:00,FLAT,393008165.02830255,393008165.02830255,0.0,0.0,1500.4
2025-07-08 10:45:00,FLAT,393008165.02830255,393008165.02830255,0.0,0.0,1499.3
2025-07-08 11:00:00,LONG,392783547.72560287,391334863.0611136,-1448684.664489292,0.0,1496.0
2025-07-08 11:15:00,FLAT,389710673.0611135,389710673.0611135,0.0,0.0,1494.8
2025-07-08 13:00:00,FLAT,389710673.0611135,389710673.0611135,0.0,0.0,1497.5
2025-07-08 13:15:00,FLAT,389710673.0611135,389710673.0611135,0.0,0.0,1498.5
2025-07-08 13:30:00,FLAT,389710673.0611135,389710673.0611135,0.0,0.0,1497.5
2025-07-08 13:45:00,FLAT,389710673.0611135,389710673.0611135,0.0,0.0,1499.0
2025-07-08 14:00:00,FLAT,389710673.0611135,389710673.0611135,0.0,0.0,1502.1
2025-07-08 14:15:00,FLAT,389710673.0611135,389710673.0611135,0.0,0.0,1509.3
2025-07-08 14:30:00,FLAT,389710673.0611135,389710673.0611135,0.0,0.0,1510.0
2025-07-09 09:00:00,FLAT,389710673.0611135,389710673.0611135,0.0,0.0,1516.7
2025-07-09 09:15:00,FLAT,389710673.0611135,389710673.0611135,0.0,0.0,1517.3
2025-07-09 09:30:00,FLAT,389710673.0611135,389710673.0611135,0.0,0.0,1520.2
2025-07-09 09:45:00,FLAT,389710673.0611135,389710673.0611135,0.0,0.0,1528.0
2025-07-09 10:00:00,FLAT,389710673.0611135,389710673.0611135,0.0,0.0,1524.7
2025-07-09 10:15:00,FLAT,389710673.0611135,389710673.0611135,0.0,0.0,1524.0
2025-07-09 10:30:00,FLAT,389710673.0611135,389710673.0611135,0.0,0.0,1525.9
2025-07-09 10:45:00,FLAT,389710673.0611135,389710673.0611135,0.0,0.0,1525.9
2025-07-09 11:00:00,FLAT,389710673.0611135,389710673.0611135,0.0,0.0,1530.3
2025-07-09 11:15:00,FLAT,389710673.0611135,389710673.0611135,0.0,0.0,1526.4
2025-07-09 13:00:00,FLAT,389710673.0611135,389710673.0611135,0.0,0.0,1529.7
2025-07-09 13:15:00,FLAT,389710673.0611135,389710673.0611135,0.0,0.0,1531.5
2025-07-09 13:30:00,FLAT,389710673.0611135,389710673.0611135,0.0,0.0,1532.9
2025-07-09 13:45:00,FLAT,389710673.0611135,389710673.0611135,0.0,0.0,1527.3
2025-07-09 14:00:00,FLAT,389710673.0611135,389710673.0611135,0.0,0.0,1526.1
2025-07-09 14:15:00,FLAT,389710673.0611135,389710673.0611135,0.0,0.0,1530.5
2025-07-09 14:30:00,FLAT,389710673.0611135,389710673.0611135,0.0,0.0,1531.8
2025-07-10 09:00:00,FLAT,389710673.0611135,389710673.0611135,0.0,0.0,1538.3
2025-07-10 09:15:00,FLAT,389710673.0611135,389710673.0611135,0.0,0.0,1537.2
2025-07-10 09:30:00,FLAT,389710673.0611135,389710673.0611135,0.0,0.0,1541.0
2025-07-10 09:45:00,FLAT,389710673.0611135,389710673.0611135,0.0,0.0,1540.2
2025-07-10 10:00:00,FLAT,389710673.0611135,389710673.0611135,0.0,0.0,1542.3
2025-07-10 10:15:00,LONG,389479321.55284935,389735933.1252769,256611.57242757326,0.0,1542.6
2025-07-10 10:30:00,LONG,389479321.55284935,391435933.125277,1956611.5724276188,0.0,1544.3
2025-07-10 10:45:00,LONG,389479321.55284935,397335933.12527704,7856611.57242771,0.0,1550.2
2025-07-10 11:00:00,LONG,389479321.55284935,394035933.1252771,4556611.572427755,0.0,1546.9
2025-07-10 11:15:00,LONG,389479321.55284935,393735933.1252769,4256611.572427574,0.0,1546.6
2025-07-10 13:00:00,LONG,389479321.55284935,393635933.12527704,4156611.5724276644,0.0,1546.5
2025-07-10 13:15:00,LONG,389479321.55284935,392635933.12527704,3156611.5724276644,0.0,1545.5
2025-07-10 13:30:00,LONG,389479321.55284935,396635933.12527704,7156611.572427664,0.0,1549.5
2025-07-10 13:45:00,LONG,389479321.55284935,399335933.12527704,9856611.57242771,0.0,1552.2
2025-07-10 14:00:00,LONG,389479321.55284935,401735933.1252769,12256611.572427573,0.0,1554.6
2025-07-10 14:15:00,FLAT,403042358.65265256,403042358.65265256,0.0,0.0,1566.1
2025-07-10 14:30:00,FLAT,403042358.65265256,403042358.65265256,0.0,0.0,1567.2
2025-07-11 09:00:00,FLAT,403042358.65265256,403042358.65265256,0.0,0.0,1575.7
2025-07-11 09:15:00,FLAT,403042358.65265256,403042358.65265256,0.0,0.0,1581.0
2025-07-11 09:30:00,FLAT,403042358.65265256,403042358.65265256,0.0,0.0,1578.8
2025-07-11 09:45:00,FLAT,403042358.65265256,403042358.65265256,0.0,0.0,1574.0
2025-07-11 10:00:00,FLAT,403042358.65265256,403042358.65265256,0.0,0.0,1577.2
2025-07-11 10:15:00,FLAT,403042358.65265256,403042358.65265256,0.0,0.0,1577.0
2025-07-11 10:30:00,FLAT,403042358.65265256,403042358.65265256,0.0,0.0,1579.0
2025-07-11 10:45:00,FLAT,403042358.65265256,403042358.65265256,0.0,0.0,1584.5
2025-07-11 11:00:00,FLAT,403042358.65265256,403042358.65265256,0.0,0.0,1588.8
2025-07-11 11:15:00,FLAT,403042358.65265256,403042358.65265256,0.0,0.0,1585.9
2025-07-11 13:00:00,FLAT,403042358.65265256,403042358.65265256,0.0,0.0,1585.0
2025-07-11 13:15:00,FLAT,403042358.65265256,403042358.65265256,0.0,0.0,1592.5
2025-07-11 13:30:00,FLAT,403042358.65265256,403042358.65265256,0.0,0.0,1587.3
2025-07-11 13:45:00,FLAT,403042358.65265256,403042358.65265256,0.0,0.0,1589.1
2025-07-11 14:00:00,FLAT,403042358.65265256,403042358.65265256,0.0,0.0,1596.7
2025-07-11 14:15:00,FLAT,406570285.29370177,406570285.29370177,0.0,0.0,1599.2
2025-07-11 14:30:00,FLAT,406570285.29370177,406570285.29370177,0.0,0.0,1597.1
2025-07-14 09:00:00,FLAT,406570285.29370177,406570285.29370177,0.0,0.0,1606.7
2025-07-14 09:15:00,FLAT,406570285.29370177,406570285.29370177,0.0,0.0,1602.0
2025-07-14 09:30:00,FLAT,406570285.29370177,406570285.29370177,0.0,0.0,1587.8
2025-07-14 09:45:00,SHORT,406403011.47089964,405551830.1518786,-851181.3190210206,0.0,1594.3
2025-07-14 10:00:00,SHORT,406403011.47089964,411501830.1518786,5098818.68097898,0.0,1585.8
2025-07-14 10:15:00,SHORT,406403011.47089964,408071830.15187854,1668818.680978916,0.0,1590.7
2025-07-14 10:30:00,SHORT,406403011.47089964,404361830.1518786,-2041181.3190210522,0.0,1596.0
2025-07-14 10:45:00,FLAT,401953914.15187854,401953914.15187854,0.0,0.0,1601.4
2025-07-14 11:00:00,FLAT,401953914.15187854,401953914.15187854,0.0,0.0,1595.6
2025-07-14 11:15:00,FLAT,401953914.15187854,401953914.15187854,0.0,0.0,1596.9
2025-07-14 13:00:00,FLAT,401953914.15187854,401953914.15187854,0.0,0.0,1596.0
2025-07-14 13:15:00,FLAT,401953914.15187854,401953914.15187854,0.0,0.0,1595.9
2025-07-14 13:30:00,FLAT,401953914.15187854,401953914.15187854,0.0,0.0,1595.8
2025-07-14 13:45:00,FLAT,401953914.15187854,401953914.15187854,0.0,0.0,1597.4
2025-07-14 14:00:00,FLAT,401953914.15187854,401953914.15187854,0.0,0.0,1600.8
2025-07-14 14:15:00,FLAT,401953914.15187854,401953914.15187854,0.0,0.0,1598.0
2025-07-14 14:30:00,FLAT,401953914.15187854,401953914.15187854,0.0,0.0,1597.2
2025-07-15 09:00:00,FLAT,401953914.15187854,401953914.15187854,0.0,0.0,1605.0
2025-07-15 09:15:00,FLAT,401953914.15187854,401953914.15187854,0.0,0.0,1602.9
2025-07-15 09:30:00,FLAT,401953914.15187854,401953914.15187854,0.0,0.0,1604.5
2025-07-15 09:45:00,FLAT,401953914.15187854,401953914.15187854,0.0,0.0,1603.9
2025-07-15 10:00:00,FLAT,401953914.15187854,401953914.15187854,0.0,0.0,1606.1
2025-07-15 10:15:00,FLAT,401953914.15187854,401953914.15187854,0.0,0.0,1606.8
2025-07-15 10:30:00,FLAT,401953914.15187854,401953914.15187854,0.0,0.0,1603.7
2025-07-15 10:45:00,FLAT,401953914.15187854,401953914.15187854,0.0,0.0,1605.4
2025-07-15 11:00:00,FLAT,401953914.15187854,401953914.15187854,0.0,0.0,1607.8
2025-07-15 11:15:00,FLAT,401953914.15187854,401953914.15187854,0.0,0.0,1605.3
2025-07-15 13:00:00,FLAT,401953914.15187854,401953914.15187854,0.0,0.0,1605.2
2025-07-15 13:15:00,FLAT,401953914.15187854,401953914.15187854,0.0,0.0,1606.4
2025-07-15 13:30:00,FLAT,401953914.15187854,401953914.15187854,0.0,0.0,1606.3
2025-07-15 13:45:00,FLAT,401953914.15187854,401953914.15187854,0.0,0.0,1604.8
2025-07-15 14:00:00,FLAT,401953914.15187854,401953914.15187854,0.0,0.0,1606.8
2025-07-15 14:15:00,FLAT,401953914.15187854,401953914.15187854,0.0,0.0,1596.8
2025-07-15 14:30:00,FLAT,401953914.15187854,401953914.15187854,0.0,0.0,1595.1
2025-07-16 09:00:00,FLAT,401953914.15187854,401953914.15187854,0.0,0.0,1595.5
2025-07-16 09:15:00,FLAT,401953914.15187854,401953914.15187854,0.0,0.0,1594.5
2025-07-16 09:30:00,FLAT,401953914.15187854,401953914.15187854,0.0,0.0,1595.4
2025-07-16 09:45:00,FLAT,401953914.15187854,401953914.15187854,0.0,0.0,1596.0
2025-07-16 10:00:00,FLAT,401953914.15187854,401953914.15187854,0.0,0.0,1594.7
2025-07-16 10:15:00,FLAT,401953914.15187854,401953914.15187854,0.0,0.0,1594.0
2025-07-16 10:30:00,FLAT,401953914.15187854,401953914.15187854,0.0,0.0,1596.3
2025-07-16 10:45:00,FLAT,401953914.15187854,401953914.15187854,0.0,0.0,1596.3
2025-07-16 11:00:00,FLAT,401953914.15187854,401953914.15187854,0.0,0.0,1595.6
2025-07-16 11:15:00,FLAT,401953914.15187854,401953914.15187854,0.0,0.0,1595.7
2025-07-16 13:00:00,FLAT,401953914.15187854,401953914.15187854,0.0,0.0,1597.9
2025-07-16 13:15:00,FLAT,401953914.15187854,401953914.15187854,0.0,0.0,1598.6
2025-07-16 13:30:00,FLAT,401953914.15187854,401953914.15187854,0.0,0.0,1602.5
2025-07-16 13:45:00,LONG,401713521.7703472,402297644.89453834,584123.1241911373,0.0,1603.2
2025-07-16 14:00:00,LONG,401713521.7703472,410397644.8945382,8684123.124191046,0.0,1611.3
2025-07-16 14:15:00,FLAT,414355319.8945383,414355319.8945383,0.0,0.0,1616.0
2025-07-16 14:30:00,FLAT,414355319.8945383,414355319.8945383,0.0,0.0,1618.0
2025-07-17 09:00:00,FLAT,414355319.8945383,414355319.8945383,0.0,0.0,1623.3
2025-07-17 09:15:00,FLAT,414355319.8945383,414355319.8945383,0.0,0.0,1623.7
2025-07-17 09:30:00,FLAT,414355319.8945383,414355319.8945383,0.0,0.0,1625.8
2025-07-17 09:45:00,FLAT,414355319.8945383,414355319.8945383,0.0,0.0,1624.4
2025-07-17 10:00:00,FLAT,414355319.8945383,414355319.8945383,0.0,0.0,1628.8
2025-07-17 10:15:00,FLAT,414355319.8945383,414355319.8945383,0.0,0.0,1628.3
2025-07-17 10:30:00,FLAT,414355319.8945383,414355319.8945383,0.0,0.0,1629.6
2025-07-17 10:45:00,FLAT,414355319.8945383,414355319.8945383,0.0,0.0,1634.2
2025-07-17 11:00:00,FLAT,414355319.8945383,414355319.8945383,0.0,0.0,1637.8
2025-07-17 11:15:00,FLAT,414355319.8945383,414355319.8945383,0.0,0.0,1639.8
2025-07-17 13:00:00,FLAT,414355319.8945383,414355319.8945383,0.0,0.0,1637.7
2025-07-17 13:15:00,FLAT,414355319.8945383,414355319.8945383,0.0,0.0,1641.0
2025-07-17 13:30:00,FLAT,414355319.8945383,414355319.8945383,0.0,0.0,1641.8
2025-07-17 13:45:00,FLAT,414355319.8945383,414355319.8945383,0.0,0.0,1639.5
2025-07-17 14:00:00,FLAT,414355319.8945383,414355319.8945383,0.0,0.0,1636.3
2025-07-17 14:15:00,FLAT,414355319.8945383,414355319.8945383,0.0,0.0,1638.4
2025-07-18 09:00:00,FLAT,414355319.8945383,414355319.8945383,0.0,0.0,1632.9
2025-07-18 09:15:00,FLAT,414355319.8945383,414355319.8945383,0.0,0.0,1629.1
2025-07-18 09:30:00,FLAT,414355319.8945383,414355319.8945383,0.0,0.0,1629.7
2025-07-18 09:45:00,FLAT,414355319.8945383,414355319.8945383,0.0,0.0,1630.6
2025-07-18 10:00:00,FLAT,414355319.8945383,414355319.8945383,0.0,0.0,1631.8
2025-07-18 10:15:00,FLAT,414355319.8945383,414355319.8945383,0.0,0.0,1633.0
2025-07-18 10:30:00,FLAT,414355319.8945383,414355319.8945383,0.0,0.0,1635.0
2025-07-18 10:45:00,FLAT,414355319.8945383,414355319.8945383,0.0,0.0,1632.0
2025-07-18 11:00:00,FLAT,414355319.8945383,414355319.8945383,0.0,0.0,1627.6
2025-07-18 11:15:00,FLAT,414355319.8945383,414355319.8945383,0.0,0.0,1621.4
2025-07-18 13:00:00,FLAT,414355319.8945383,414355319.8945383,0.0,0.0,1626.2
2025-07-18 13:15:00,FLAT,414355319.8945383,414355319.8945383,0.0,0.0,1626.5
2025-07-18 13:30:00,FLAT,414355319.8945383,414355319.8945383,0.0,0.0,1629.5
2025-07-18 13:45:00,FLAT,414355319.8945383,414355319.8945383,0.0,0.0,1630.0
2025-07-18 14:00:00,FLAT,414355319.8945383,414355319.8945383,0.0,0.0,1632.2
2025-07-18 14:15:00,FLAT,414355319.8945383,414355319.8945383,0.0,0.0,1636.0
2025-07-18 14:30:00,FLAT,414355319.8945383,414355319.8945383,0.0,0.0,1636.9
2025-07-21 09:00:00,FLAT,414355319.8945383,414355319.8945383,0.0,0.0,1646.9
2025-07-21 09:15:00,FLAT,414355319.8945383,414355319.8945383,0.0,0.0,1641.7
2025-07-21 09:30:00,FLAT,414355319.8945383,414355319.8945383,0.0,0.0,1641.6
2025-07-21 09:45:00,FLAT,414355319.8945383,414355319.8945383,0.0,0.0,1644.9
2025-07-21 10:00:00,FLAT,414355319.8945383,414355319.8945383,0.0,0.0,1639.0
2025-07-21 10:15:00,FLAT,414355319.8945383,414355319.8945383,0.0,0.0,1640.8
2025-07-21 10:30:00,FLAT,414355319.8945383,414355319.8945383,0.0,0.0,1639.8
2025-07-21 10:45:00,FLAT,414355319.8945383,414355319.8945383,0.0,0.0,1637.6
2025-07-21 11:00:00,FLAT,414355319.8945383,414355319.8945383,0.0,0.0,1634.6
2025-07-21 11:15:00,FLAT,414355319.8945383,414355319.8945383,0.0,0.0,1631.2
2025-07-21 13:00:00,FLAT,414355319.8945383,414355319.8945383,0.0,0.0,1636.7
2025-07-21 13:15:00,FLAT,414355319.8945383,414355319.8945383,0.0,0.0,1636.0
2025-07-21 13:30:00,FLAT,414355319.8945383,414355319.8945383,0.0,0.0,1632.0
2025-07-21 13:45:00,FLAT,414355319.8945383,414355319.8945383,0.0,0.0,1633.8
2025-07-21 14:00:00,FLAT,414355319.8945383,414355319.8945383,0.0,0.0,1640.5
2025-07-21 14:15:00,FLAT,414355319.8945383,414355319.8945383,0.0,0.0,1624.1
2025-07-21 14:30:00,FLAT,414355319.8945383,414355319.8945383,0.0,0.0,1622.9
2025-07-22 09:00:00,FLAT,414355319.8945383,414355319.8945383,0.0,0.0,1622.1
2025-07-22 09:15:00,FLAT,414355319.8945383,414355319.8945383,0.0,0.0,1613.5
2025-07-22 09:30:00,FLAT,414355319.8945383,414355319.8945383,0.0,0.0,1616.4
2025-07-22 09:45:00,FLAT,414355319.8945383,414355319.8945383,0.0,0.0,1617.0
2025-07-22 10:00:00,FLAT,414355319.8945383,414355319.8945383,0.0,0.0,1620.0
2025-07-22 10:15:00,FLAT,414355319.8945383,414355319.8945383,0.0,0.0,1623.1
2025-07-22 10:30:00,FLAT,414355319.8945383,414355319.8945383,0.0,0.0,1625.2
2025-07-22 10:45:00,FLAT,414355319.8945383,414355319.8945383,0.0,0.0,1624.4
2025-07-22 11:00:00,FLAT,414355319.8945383,414355319.8945383,0.0,0.0,1625.1
2025-07-22 11:15:00,FLAT,414355319.8945383,414355319.8945383,0.0,0.0,1622.8
2025-07-22 13:00:00,FLAT,414355319.8945383,414355319.8945383,0.0,0.0,1625.8
2025-07-22 13:15:00,FLAT,414355319.8945383,414355319.8945383,0.0,0.0,1624.9
2025-07-22 13:30:00,FLAT,414355319.8945383,414355319.8945383,0.0,0.0,1626.7
2025-07-22 13:45:00,FLAT,414355319.8945383,414355319.8945383,0.0,0.0,1630.3
2025-07-22 14:00:00,FLAT,414355319.8945383,414355319.8945383,0.0,0.0,1633.6
2025-07-23 09:00:00,FLAT,414355319.8945383,414355319.8945383,0.0,0.0,1663.0
2025-07-23 09:15:00,FLAT,414355319.8945383,414355319.8945383,0.0,0.0,1655.4
2025-07-23 09:30:00,FLAT,414355319.8945383,414355319.8945383,0.0,0.0,1651.0
2025-07-23 09:45:00,FLAT,414355319.8945383,414355319.8945383,0.0,0.0,1655.1
2025-07-23 10:00:00,FLAT,414355319.8945383,414355319.8945383,0.0,0.0,1655.0
2025-07-23 10:15:00,FLAT,414355319.8945383,414355319.8945383,0.0,0.0,1654.2
2025-07-23 10:30:00,FLAT,409427609.93712634,409427609.93712634,0.0,0.0,1658.6
2025-07-23 10:45:00,FLAT,409427609.93712634,409427609.93712634,0.0,0.0,1662.0
2025-07-23 11:00:00,FLAT,409427609.93712634,409427609.93712634,0.0,0.0,1654.4
2025-07-23 11:15:00,SHORT,409204298.1222166,415739730.85409033,6535432.731873766,0.0,1646.9
2025-07-23 13:00:00,SHORT,409204298.1222166,411059730.8540905,1855432.7318739297,0.0,1652.1
2025-07-23 13:15:00,SHORT,409204298.1222166,410519730.8540904,1315432.731873807,0.0,1652.7
2025-07-23 13:30:00,SHORT,409204298.1222166,409799730.85409045,595432.7318738479,0.0,1653.5
2025-07-23 13:45:00,SHORT,409204298.1222166,417449730.85409045,8245432.731873848,0.0,1645.0
2025-07-23 14:00:00,SHORT,409204298.1222166,411149730.85409045,1945432.7318738478,0.0,1652.0
2025-07-23 14:15:00,FLAT,410026575.85409045,410026575.85409045,0.0,0.0,1652.5
2025-07-23 14:30:00,FLAT,410026575.85409045,410026575.85409045,0.0,0.0,1653.8
2025-07-24 09:00:00,FLAT,410026575.85409045,410026575.85409045,0.0,0.0,1655.3
2025-07-24 09:15:00,FLAT,410026575.85409045,410026575.85409045,0.0,0.0,1654.6
2025-07-24 09:30:00,FLAT,410026575.85409045,410026575.85409045,0.0,0.0,1652.0
2025-07-24 09:45:00,FLAT,410026575.85409045,410026575.85409045,0.0,0.0,1653.0
2025-07-24 10:00:00,FLAT,410026575.85409045,410026575.85409045,0.0,0.0,1650.0
2025-07-24 10:15:00,FLAT,410026575.85409045,410026575.85409045,0.0,0.0,1649.8
2025-07-24 10:30:00,FLAT,410026575.85409045,410026575.85409045,0.0,0.0,1647.9
2025-07-24 10:45:00,FLAT,410026575.85409045,410026575.85409045,0.0,0.0,1647.0
2025-07-24 11:00:00,FLAT,410026575.85409045,410026575.85409045,0.0,0.0,1646.7
2025-07-24 11:15:00,FLAT,410026575.85409045,410026575.85409045,0.0,0.0,1646.0
2025-07-24 13:00:00,FLAT,410026575.85409045,410026575.85409045,0.0,0.0,1646.6
2025-07-24 13:15:00,FLAT,410026575.85409045,410026575.85409045,0.0,0.0,1644.6
2025-07-24 13:30:00,FLAT,410026575.85409045,410026575.85409045,0.0,0.0,1644.0
2025-07-24 13:45:00,FLAT,410026575.85409045,410026575.85409045,0.0,0.0,1650.8
2025-07-24 14:00:00,FLAT,410026575.85409045,410026575.85409045,0.0,0.0,1647.7
2025-07-24 14:15:00,FLAT,410026575.85409045,410026575.85409045,0.0,0.0,1656.5
2025-07-24 14:30:00,FLAT,410026575.85409045,410026575.85409045,0.0,0.0,1656.0
2025-07-25 09:00:00,FLAT,410026575.85409045,410026575.85409045,0.0,0.0,1652.4
2025-07-25 09:15:00,FLAT,410026575.85409045,410026575.85409045,0.0,0.0,1654.5
2025-07-25 09:30:00,FLAT,410026575.85409045,410026575.85409045,0.0,0.0,1651.9
2025-07-25 09:45:00,FLAT,410026575.85409045,410026575.85409045,0.0,0.0,1653.6
2025-07-25 10:00:00,FLAT,410026575.85409045,410026575.85409045,0.0,0.0,1655.0
2025-07-25 10:15:00,FLAT,410026575.85409045,410026575.85409045,0.0,0.0,1658.5
2025-07-25 10:30:00,FLAT,410026575.85409045,410026575.85409045,0.0,0.0,1656.1
2025-07-25 10:45:00,FLAT,410026575.85409045,410026575.85409045,0.0,0.0,1656.5
2025-07-25 11:00:00,FLAT,410026575.85409045,410026575.85409045,0.0,0.0,1655.1
2025-07-25 11:15:00,FLAT,410026575.85409045,410026575.85409045,0.0,0.0,1654.5
2025-07-25 13:00:00,FLAT,410026575.85409045,410026575.85409045,0.0,0.0,1658.0
2025-07-25 13:15:00,FLAT,410026575.85409045,410026575.85409045,0.0,0.0,1659.6
2025-07-25 13:30:00,FLAT,410026575.85409045,410026575.85409045,0.0,0.0,1666.5
2025-07-25 13:45:00,LONG,409777165.55736625,411441854.0625422,1664688.5051759453,0.0,1664.4
2025-07-25 14:00:00,LONG,409777165.55736625,414541854.0625421,4764688.505175854,0.0,1667.5
2025-07-25 14:15:00,FLAT,420890739.062542,420890739.062542,0.0,0.0,1674.6
2025-07-25 14:30:00,FLAT,420890739.062542,420890739.062542,0.0,0.0,1676.0
2025-07-28 09:00:00,FLAT,420890739.062542,420890739.062542,0.0,0.0,1675.2
2025-07-28 09:15:00,FLAT,420890739.062542,420890739.062542,0.0,0.0,1674.3
2025-07-28 09:30:00,FLAT,420890739.062542,420890739.062542,0.0,0.0,1674.3
2025-07-28 09:45:00,FLAT,420890739.062542,420890739.062542,0.0,0.0,1673.5
2025-07-28 10:00:00,FLAT,420890739.062542,420890739.062542,0.0,0.0,1675.9
2025-07-28 10:15:00,FLAT,420890739.062542,420890739.062542,0.0,0.0,1676.8
2025-07-28 10:30:00,FLAT,420890739.062542,420890739.062542,0.0,0.0,1674.9
2025-07-28 10:45:00,FLAT,420890739.062542,420890739.062542,0.0,0.0,1677.6
2025-07-28 11:00:00,FLAT,420890739.062542,420890739.062542,0.0,0.0,1681.4
2025-07-28 11:15:00,FLAT,420890739.062542,420890739.062542,0.0,0.0,1681.0
2025-07-28 13:00:00,FLAT,420890739.062542,420890739.062542,0.0,0.0,1683.9
2025-07-28 13:15:00,FLAT,420890739.062542,420890739.062542,0.0,0.0,1689.1
2025-07-28 13:30:00,LONG,420637403.79563934,418935624.44459033,-1701779.3510490265,0.0,1687.2
2025-07-28 13:45:00,LONG,420637403.79563934,419235624.4445903,-1401779.3510490719,0.0,1687.5
2025-07-28 14:00:00,LONG,420637403.79563934,420835624.44459015,198220.64895083715,0.0,1689.1
2025-07-28 14:15:00,FLAT,424281704.4445902,424281704.4445902,0.0,0.0,1693.3
2025-07-28 14:30:00,FLAT,424281704.4445902,424281704.4445902,0.0,0.0,1693.5
2025-07-29 09:00:00,FLAT,424281704.4445902,424281704.4445902,0.0,0.0,1683.4
2025-07-29 09:15:00,FLAT,424281704.4445902,424281704.4445902,0.0,0.0,1677.4
2025-07-29 09:30:00,FLAT,424281704.4445902,424281704.4445902,0.0,0.0,1674.5
2025-07-29 09:45:00,SHORT,424030202.6252903,421408997.95838165,-2621204.666908625,0.0,1679.3
2025-07-29 10:00:00,SHORT,424030202.6252903,428208997.9583816,4178795.33309133,0.0,1672.5
2025-07-29 10:15:00,FLAT,442813121.0658042,442813121.0658042,0.0,0.0,1665.1
2025-07-29 10:30:00,FLAT,442813121.0658042,442813121.0658042,0.0,0.0,1661.7
2025-07-29 10:45:00,FLAT,442813121.0658042,442813121.0658042,0.0,0.0,1669.8
2025-07-29 11:00:00,FLAT,442813121.0658042,442813121.0658042,0.0,0.0,1660.3
2025-07-29 11:15:00,FLAT,442813121.0658042,442813121.0658042,0.0,0.0,1666.8
2025-07-29 13:00:00,FLAT,442813121.0658042,442813121.0658042,0.0,0.0,1669.7
2025-07-29 13:15:00,FLAT,442813121.0658042,442813121.0658042,0.0,0.0,1660.8
2025-07-29 13:30:00,FLAT,442813121.0658042,442813121.0658042,0.0,0.0,1661.0
2025-07-29 13:45:00,FLAT,442813121.0658042,442813121.0658042,0.0,0.0,1662.1
2025-07-29 14:00:00,FLAT,442813121.0658042,442813121.0658042,0.0,0.0,1651.8
2025-07-29 14:15:00,FLAT,442813121.0658042,442813121.0658042,0.0,0.0,1628.5
2025-07-29 14:30:00,FLAT,442813121.0658042,442813121.0658042,0.0,0.0,1628.1
2025-07-30 09:00:00,FLAT,442813121.0658042,442813121.0658042,0.0,0.0,1629.0
2025-07-30 09:15:00,FLAT,442813121.0658042,442813121.0658042,0.0,0.0,1628.0
2025-07-30 09:30:00,FLAT,442813121.0658042,442813121.0658042,0.0,0.0,1627.0
2025-07-30 09:45:00,FLAT,442813121.0658042,442813121.0658042,0.0,0.0,1627.3
2025-07-30 10:00:00,FLAT,442813121.0658042,442813121.0658042,0.0,0.0,1629.5
2025-07-30 10:15:00,FLAT,442813121.0658042,442813121.0658042,0.0,0.0,1629.9
2025-07-30 10:30:00,FLAT,442813121.0658042,442813121.0658042,0.0,0.0,1632.1
2025-07-30 10:45:00,FLAT,442813121.0658042,442813121.0658042,0.0,0.0,1628.3
2025-07-30 11:00:00,FLAT,442813121.0658042,442813121.0658042,0.0,0.0,1624.4
2025-07-30 11:15:00,FLAT,442813121.0658042,442813121.0658042,0.0,0.0,1607.0
2025-07-30 13:00:00,FLAT,442813121.0658042,442813121.0658042,0.0,0.0,1609.0
2025-07-30 13:15:00,FLAT,442813121.0658042,442813121.0658042,0.0,0.0,1619.2
2025-07-30 13:30:00,FLAT,442813121.0658042,442813121.0658042,0.0,0.0,1615.1
2025-07-30 13:45:00,FLAT,442813121.0658042,442813121.0658042,0.0,0.0,1618.4
2025-07-30 14:00:00,FLAT,442813121.0658042,442813121.0658042,0.0,0.0,1628.6
2025-07-30 14:15:00,FLAT,445618756.40393496,445618756.40393496,0.0,0.0,1625.7
2025-07-30 14:30:00,FLAT,445618756.40393496,445618756.40393496,0.0,0.0,1623.8
2025-07-31 09:00:00,FLAT,445618756.40393496,445618756.40393496,0.0,0.0,1625.6
2025-07-31 09:15:00,FLAT,445618756.40393496,445618756.40393496,0.0,0.0,1621.3
2025-07-31 09:30:00,FLAT,445618756.40393496,445618756.40393496,0.0,0.0,1616.3
2025-07-31 09:45:00,SHORT,445448825.12720287,448174003.34104383,2725178.213840945,0.0,1614.5
2025-07-31 10:00:00,SHORT,445448825.12720287,446914003.34104383,1465178.213840977,0.0,1616.3
2025-07-31 10:15:00,SHORT,445448825.12720287,451674003.34104383,6225178.213840946,0.0,1609.5
2025-07-31 10:30:00,SHORT,445448825.12720287,452024003.34104383,6575178.213840946,0.0,1609.0
2025-07-31 10:45:00,SHORT,445448825.12720287,455174003.34104383,9725178.213840945,0.0,1604.5
2025-07-31 11:00:00,SHORT,445448825.12720287,457134003.3410438,11685178.213840913,0.0,1601.7
2025-07-31 11:15:00,SHORT,445448825.12720287,457064003.34104383,11615178.213840976,0.0,1601.8
2025-07-31 13:00:00,SHORT,445448825.12720287,453704003.3410439,8255178.213841009,0.0,1606.6
2025-07-31 13:15:00,SHORT,445448825.12720287,451884003.3410438,6435178.213840913,0.0,1609.2
2025-07-31 13:30:00,SHORT,445448825.12720287,450414003.34104383,4965178.213840977,0.0,1611.3
2025-07-31 13:45:00,SHORT,445448825.12720287,448384003.3410438,2935178.2138409135,0.0,1614.2
2025-07-31 14:00:00,SHORT,445448825.12720287,457764003.34104383,12315178.213840976,0.0,1600.8
2025-07-31 14:15:00,FLAT,450804900.84104383,450804900.84104383,0.0,0.0,1610.0
2025-07-31 14:30:00,FLAT,450804900.84104383,450804900.84104383,0.0,0.0,1608.1
2025-08-01 09:00:00,FLAT,450804900.84104383,450804900.84104383,0.0,0.0,1610.1
2025-08-01 09:15:00,FLAT,450804900.84104383,450804900.84104383,0.0,0.0,1608.8
2025-08-01 09:30:00,FLAT,450804900.84104383,450804900.84104383,0.0,0.0,1608.5
2025-08-01 09:45:00,FLAT,450804900.84104383,450804900.84104383,0.0,0.0,1607.3
2025-08-01 10:00:00,FLAT,450804900.84104383,450804900.84104383,0.0,0.0,1608.7
2025-08-01 10:15:00,FLAT,450804900.84104383,450804900.84104383,0.0,0.0,1607.3
2025-08-01 10:30:00,FLAT,450804900.84104383,450804900.84104383,0.0,0.0,1605.5
2025-08-01 10:45:00,FLAT,450804900.84104383,450804900.84104383,0.0,0.0,1606.2
2025-08-01 11:00:00,FLAT,450804900.84104383,450804900.84104383,0.0,0.0,1605.0
2025-08-01 11:15:00,FLAT,450804900.84104383,450804900.84104383,0.0,0.0,1601.3
2025-08-01 13:00:00,FLAT,450804900.84104383,450804900.84104383,0.0,0.0,1602.0
2025-08-01 13:15:00,FLAT,450804900.84104383,450804900.84104383,0.0,0.0,1602.1
2025-08-01 13:30:00,FLAT,450804900.84104383,450804900.84104383,0.0,0.0,1602.0
2025-08-01 13:45:00,FLAT,450804900.84104383,450804900.84104383,0.0,0.0,1595.0
2025-08-01 14:00:00,FLAT,450804900.84104383,450804900.84104383,0.0,0.0,1603.5
2025-08-01 14:15:00,FLAT,450804900.84104383,450804900.84104383,0.0,0.0,1608.4
2025-08-01 14:30:00,FLAT,450804900.84104383,450804900.84104383,0.0,0.0,1609.0
2025-08-04 09:00:00,FLAT,450804900.84104383,450804900.84104383,0.0,0.0,1605.5
2025-08-04 09:15:00,FLAT,450804900.84104383,450804900.84104383,0.0,0.0,1608.5
2025-08-04 09:30:00,FLAT,450804900.84104383,450804900.84104383,0.0,0.0,1616.3
2025-08-04 09:45:00,FLAT,450804900.84104383,450804900.84104383,0.0,0.0,1616.2
2025-08-04 10:00:00,FLAT,450804900.84104383,450804900.84104383,0.0,0.0,1619.3
2025-08-04 10:15:00,FLAT,450804900.84104383,450804900.84104383,0.0,0.0,1623.4
2025-08-04 10:30:00,FLAT,450804900.84104383,450804900.84104383,0.0,0.0,1628.3
2025-08-04 10:45:00,FLAT,450804900.84104383,450804900.84104383,0.0,0.0,1623.6
2025-08-04 11:00:00,FLAT,450804900.84104383,450804900.84104383,0.0,0.0,1619.8
2025-08-04 11:15:00,FLAT,450804900.84104383,450804900.84104383,0.0,0.0,1621.4
2025-08-04 13:00:00,FLAT,450804900.84104383,450804900.84104383,0.0,0.0,1623.6
2025-08-04 13:15:00,FLAT,450804900.84104383,450804900.84104383,0.0,0.0,1627.5
2025-08-04 13:30:00,FLAT,450804900.84104383,450804900.84104383,0.0,0.0,1634.5
2025-08-04 13:45:00,LONG,450584741.72922343,456337329.5932153,5752587.8639918575,0.0,1637.2
2025-08-04 14:00:00,LONG,450584741.72922343,460657329.5932152,10072587.863991816,0.0,1642.0
2025-08-04 14:15:00,FLAT,471367433.5206006,471367433.5206006,0.0,0.0,1654.1
2025-08-04 14:30:00,FLAT,471367433.5206006,471367433.5206006,0.0,0.0,1654.6
2025-08-05 09:00:00,FLAT,471367433.5206006,471367433.5206006,0.0,0.0,1667.3
2025-08-05 09:15:00,FLAT,471367433.5206006,471367433.5206006,0.0,0.0,1664.4
2025-08-05 09:30:00,FLAT,471367433.5206006,471367433.5206006,0.0,0.0,1673.2
2025-08-05 09:45:00,FLAT,471367433.5206006,471367433.5206006,0.0,0.0,1670.5
2025-08-05 10:00:00,FLAT,471367433.5206006,471367433.5206006,0.0,0.0,1677.3
2025-08-05 10:15:00,FLAT,471367433.5206006,471367433.5206006,0.0,0.0,1685.7
2025-08-05 10:30:00,FLAT,471367433.5206006,471367433.5206006,0.0,0.0,1691.1
2025-08-05 10:45:00,FLAT,471367433.5206006,471367433.5206006,0.0,0.0,1694.9
2025-08-05 11:00:00,FLAT,471367433.5206006,471367433.5206006,0.0,0.0,1695.6
2025-08-05 11:15:00,FLAT,471367433.5206006,471367433.5206006,0.0,0.0,1692.0
2025-08-05 13:00:00,FLAT,471367433.5206006,471367433.5206006,0.0,0.0,1706.8
2025-08-05 13:15:00,FLAT,471367433.5206006,471367433.5206006,0.0,0.0,1705.2
2025-08-05 13:30:00,FLAT,471367433.5206006,471367433.5206006,0.0,0.0,1717.0
2025-08-05 13:45:00,FLAT,471367433.5206006,471367433.5206006,0.0,0.0,1728.5
2025-08-05 14:00:00,FLAT,465862757.13246256,465862757.13246256,0.0,0.0,1708.2
2025-08-05 14:15:00,FLAT,465862757.13246256,465862757.13246256,0.0,0.0,1672.2
2025-08-05 14:30:00,FLAT,465862757.13246256,465862757.13246256,0.0,0.0,1675.2
2025-08-06 09:00:00,FLAT,465862757.13246256,465862757.13246256,0.0,0.0,1693.1
2025-08-06 09:15:00,FLAT,465862757.13246256,465862757.13246256,0.0,0.0,1694.1
2025-08-06 09:30:00,FLAT,465862757.13246256,465862757.13246256,0.0,0.0,1688.5
2025-08-06 09:45:00,FLAT,465862757.13246256,465862757.13246256,0.0,0.0,1693.8
2025-08-06 10:00:00,FLAT,465862757.13246256,465862757.13246256,0.0,0.0,1692.5
2025-08-06 10:15:00,FLAT,465862757.13246256,465862757.13246256,0.0,0.0,1688.4
2025-08-06 10:30:00,FLAT,465862757.13246256,465862757.13246256,0.0,0.0,1688.5
2025-08-06 10:45:00,FLAT,465862757.13246256,465862757.13246256,0.0,0.0,1692.9
2025-08-06 11:00:00,FLAT,465862757.13246256,465862757.13246256,0.0,0.0,1697.4
2025-08-06 11:15:00,FLAT,465862757.13246256,465862757.13246256,0.0,0.0,1718.1
2025-08-06 13:00:00,FLAT,465862757.13246256,465862757.13246256,0.0,0.0,1719.5
2025-08-06 13:15:00,FLAT,465862757.13246256,465862757.13246256,0.0,0.0,1710.9
2025-08-06 13:30:00,FLAT,465862757.13246256,465862757.13246256,0.0,0.0,1716.0
2025-08-06 13:45:00,FLAT,465862757.13246256,465862757.13246256,0.0,0.0,1714.9
2025-08-06 14:00:00,FLAT,465862757.13246256,465862757.13246256,0.0,0.0,1717.8
2025-08-06 14:15:00,FLAT,465862757.13246256,465862757.13246256,0.0,0.0,1716.8
2025-08-06 14:30:00,FLAT,465862757.13246256,465862757.13246256,0.0,0.0,1718.8
2025-08-07 09:00:00,FLAT,465862757.13246256,465862757.13246256,0.0,0.0,1729.4
2025-08-07 09:15:00,FLAT,465862757.13246256,465862757.13246256,0.0,0.0,1723.0
2025-08-07 09:30:00,FLAT,465862757.13246256,465862757.13246256,0.0,0.0,1726.7
2025-08-07 09:45:00,FLAT,465862757.13246256,465862757.13246256,0.0,0.0,1716.3
2025-08-07 10:00:00,FLAT,465862757.13246256,465862757.13246256,0.0,0.0,1716.9
2025-08-07 10:15:00,FLAT,465862757.13246256,465862757.13246256,0.0,0.0,1720.9
2025-08-07 10:30:00,FLAT,465862757.13246256,465862757.13246256,0.0,0.0,1715.3
2025-08-07 10:45:00,FLAT,465862757.13246256,465862757.13246256,0.0,0.0,1713.7
2025-08-07 11:00:00,FLAT,465862757.13246256,465862757.13246256,0.0,0.0,1717.5
2025-08-07 11:15:00,FLAT,465862757.13246256,465862757.13246256,0.0,0.0,1717.0
2025-08-07 13:00:00,FLAT,465862757.13246256,465862757.13246256,0.0,0.0,1718.6
2025-08-07 13:15:00,FLAT,465862757.13246256,465862757.13246256,0.0,0.0,1721.6
2025-08-07 13:30:00,FLAT,465862757.13246256,465862757.13246256,0.0,0.0,1716.8
2025-08-07 13:45:00,FLAT,465862757.13246256,465862757.13246256,0.0,0.0,1717.4
2025-08-07 14:00:00,FLAT,465862757.13246256,465862757.13246256,0.0,0.0,1722.3
2025-08-07 14:15:00,FLAT,465862757.13246256,465862757.13246256,0.0,0.0,1737.0
2025-08-07 14:30:00,FLAT,465862757.13246256,465862757.13246256,0.0,0.0,1736.1
2025-08-08 09:00:00,FLAT,465862757.13246256,465862757.13246256,0.0,0.0,1727.1
2025-08-08 09:15:00,FLAT,465862757.13246256,465862757.13246256,0.0,0.0,1726.7
2025-08-08 09:30:00,FLAT,465862757.13246256,465862757.13246256,0.0,0.0,1723.4
2025-08-08 09:45:00,FLAT,465862757.13246256,465862757.13246256,0.0,0.0,1722.5
2025-08-08 10:00:00,FLAT,465862757.13246256,465862757.13246256,0.0,0.0,1723.0
2025-08-08 10:15:00,FLAT,465862757.13246256,465862757.13246256,0.0,0.0,1724.8
2025-08-08 10:30:00,FLAT,465862757.13246256,465862757.13246256,0.0,0.0,1720.8
2025-08-08 10:45:00,FLAT,465862757.13246256,465862757.13246256,0.0,0.0,1720.9
2025-08-08 11:00:00,FLAT,465862757.13246256,465862757.13246256,0.0,0.0,1719.8
2025-08-08 11:15:00,FLAT,465862757.13246256,465862757.13246256,0.0,0.0,1708.6
2025-08-08 13:00:00,FLAT,465862757.13246256,465862757.13246256,0.0,0.0,1710.1
2025-08-08 13:15:00,FLAT,465862757.13246256,465862757.13246256,0.0,0.0,1713.5
2025-08-08 13:30:00,FLAT,465862757.13246256,465862757.13246256,0.0,0.0,1717.4
2025-08-08 13:45:00,FLAT,465862757.13246256,465862757.13246256,0.0,0.0,1716.2
2025-08-08 14:00:00,FLAT,465862757.13246256,465862757.13246256,0.0,0.0,1726.1
2025-08-08 14:15:00,FLAT,465862757.13246256,465862757.13246256,0.0,0.0,1725.7
2025-08-08 14:30:00,FLAT,465862757.13246256,465862757.13246256,0.0,0.0,1726.0
2025-08-11 09:00:00,FLAT,465862757.13246256,465862757.13246256,0.0,0.0,1727.8
2025-08-11 09:15:00,FLAT,465862757.13246256,465862757.13246256,0.0,0.0,1726.7
2025-08-11 09:30:00,FLAT,465862757.13246256,465862757.13246256,0.0,0.0,1733.0
2025-08-11 09:45:00,FLAT,465862757.13246256,465862757.13246256,0.0,0.0,1737.5
2025-08-11 10:00:00,FLAT,465862757.13246256,465862757.13246256,0.0,0.0,1732.2
2025-08-11 10:15:00,FLAT,465862757.13246256,465862757.13246256,0.0,0.0,1740.9
2025-08-11 10:30:00,FLAT,465862757.13246256,465862757.13246256,0.0,0.0,1741.8
2025-08-11 10:45:00,FLAT,465862757.13246256,465862757.13246256,0.0,0.0,1741.3
2025-08-11 11:00:00,FLAT,465862757.13246256,465862757.13246256,0.0,0.0,1740.6
2025-08-11 11:15:00,FLAT,465862757.13246256,465862757.13246256,0.0,0.0,1744.0
2025-08-11 13:00:00,FLAT,465862757.13246256,465862757.13246256,0.0,0.0,1740.9
2025-08-11 13:15:00,FLAT,465862757.13246256,465862757.13246256,0.0,0.0,1740.2
2025-08-11 13:30:00,FLAT,465862757.13246256,465862757.13246256,0.0,0.0,1735.7
2025-08-11 13:45:00,FLAT,465862757.13246256,465862757.13246256,0.0,0.0,1738.4
2025-08-11 14:00:00,FLAT,465862757.13246256,465862757.13246256,0.0,0.0,1740.9
2025-08-11 14:15:00,FLAT,465862757.13246256,465862757.13246256,0.0,0.0,1740.5
2025-08-11 14:30:00,FLAT,465862757.13246256,465862757.13246256,0.0,0.0,1742.0
2025-08-12 09:00:00,FLAT,465862757.13246256,465862757.13246256,0.0,0.0,1741.8
2025-08-12 09:15:00,FLAT,465862757.13246256,465862757.13246256,0.0,0.0,1744.4
2025-08-12 09:30:00,FLAT,465862757.13246256,465862757.13246256,0.0,0.0,1743.6
2025-08-12 09:45:00,FLAT,465862757.13246256,465862757.13246256,0.0,0.0,1745.7
2025-08-12 10:00:00,FLAT,465862757.13246256,465862757.13246256,0.0,0.0,1744.3
2025-08-12 10:15:00,FLAT,465862757.13246256,465862757.13246256,0.0,0.0,1744.8
2025-08-12 10:30:00,FLAT,465862757.13246256,465862757.13246256,0.0,0.0,1749.4
2025-08-12 10:45:00,LONG,465626552.0129241,464485755.08956665,-1140796.9233574476,0.0,1748.4
2025-08-12 11:00:00,FLAT,460290315.0895665,460290315.0895665,0.0,0.0,1745.3
2025-08-12 11:15:00,FLAT,460290315.0895665,460290315.0895665,0.0,0.0,1738.0
2025-08-12 13:00:00,FLAT,460290315.0895665,460290315.0895665,0.0,0.0,1740.5
2025-08-12 13:15:00,FLAT,460290315.0895665,460290315.0895665,0.0,0.0,1740.0
2025-08-12 13:30:00,FLAT,460290315.0895665,460290315.0895665,0.0,0.0,1740.4
2025-08-12 13:45:00,FLAT,460290315.0895665,460290315.0895665,0.0,0.0,1743.9
2025-08-12 14:00:00,FLAT,460290315.0895665,460290315.0895665,0.0,0.0,1743.3
2025-08-12 14:15:00,FLAT,460290315.0895665,460290315.0895665,0.0,0.0,1745.8
2025-08-12 14:30:00,FLAT,460290315.0895665,460290315.0895665,0.0,0.0,1746.3
2025-08-13 09:00:00,FLAT,460290315.0895665,460290315.0895665,0.0,0.0,1755.0
2025-08-13 09:15:00,FLAT,460290315.0895665,460290315.0895665,0.0,0.0,1749.6
2025-08-13 09:30:00,FLAT,460290315.0895665,460290315.0895665,0.0,0.0,1748.6
2025-08-13 09:45:00,SHORT,460054231.41511434,463175394.42961365,3121163.0144993253,0.0,1745.3
2025-08-13 10:00:00,SHORT,460054231.41511434,472175394.42961365,12121163.014499325,0.0,1735.3
2025-08-13 10:15:00,SHORT,460054231.41511434,467045394.42961365,6991163.014499284,0.0,1741.0
2025-08-13 10:30:00,SHORT,460054231.41511434,467315394.4296136,7261163.014499243,0.0,1740.7
2025-08-13 10:45:00,SHORT,460054231.41511434,470375394.42961365,10321163.014499325,0.0,1737.3
2025-08-13 11:00:00,FLAT,480056962.75146943,480056962.75146943,0.0,0.0,1734.5
2025-08-13 11:15:00,FLAT,480056962.75146943,480056962.75146943,0.0,0.0,1722.5
2025-08-13 13:00:00,FLAT,480056962.75146943,480056962.75146943,0.0,0.0,1723.0
2025-08-13 13:15:00,FLAT,480056962.75146943,480056962.75146943,0.0,0.0,1731.6
2025-08-13 13:30:00,FLAT,480056962.75146943,480056962.75146943,0.0,0.0,1739.0
2025-08-13 13:45:00,LONG,479822816.8932167,483950428.54193515,4127611.6487184027,0.0,1739.0
2025-08-13 14:00:00,LONG,479822816.8932167,485210428.5419352,5387611.648718485,0.0,1740.4
2025-08-13 14:15:00,FLAT,487765056.04193515,487765056.04193515,0.0,0.0,1744.0
2025-08-13 14:30:00,FLAT,487765056.04193515,487765056.04193515,0.0,0.0,1745.0
2025-08-14 09:00:00,FLAT,487765056.04193515,487765056.04193515,0.0,0.0,1756.0
2025-08-14 09:15:00,FLAT,487765056.04193515,487765056.04193515,0.0,0.0,1755.1
2025-08-14 09:30:00,FLAT,487765056.04193515,487765056.04193515,0.0,0.0,1760.8
2025-08-14 09:45:00,FLAT,487765056.04193515,487765056.04193515,0.0,0.0,1764.9
2025-08-14 10:00:00,FLAT,487765056.04193515,487765056.04193515,0.0,0.0,1779.6
2025-08-14 10:15:00,FLAT,487765056.04193515,487765056.04193515,0.0,0.0,1777.2
2025-08-14 10:30:00,FLAT,487765056.04193515,487765056.04193515,0.0,0.0,1780.0
2025-08-14 10:45:00,FLAT,487765056.04193515,487765056.04193515,0.0,0.0,1778.3
2025-08-14 11:00:00,FLAT,487765056.04193515,487765056.04193515,0.0,0.0,1778.6
2025-08-14 11:15:00,FLAT,487765056.04193515,487765056.04193515,0.0,0.0,1777.2
2025-08-14 13:00:00,FLAT,487765056.04193515,487765056.04193515,0.0,0.0,1783.2
2025-08-14 13:15:00,FLAT,487765056.04193515,487765056.04193515,0.0,0.0,1782.8
2025-08-14 13:30:00,FLAT,487765056.04193515,487765056.04193515,0.0,0.0,1775.6
2025-08-14 13:45:00,FLAT,487765056.04193515,487765056.04193515,0.0,0.0,1784.0
2025-08-14 14:00:00,FLAT,487765056.04193515,487765056.04193515,0.0,0.0,1782.5
2025-08-14 14:15:00,FLAT,487765056.04193515,487765056.04193515,0.0,0.0,1785.6
2025-08-14 14:30:00,FLAT,487765056.04193515,487765056.04193515,0.0,0.0,1789.8
2025-08-15 09:00:00,FLAT,487765056.04193515,487765056.04193515,0.0,0.0,1811.3
2025-08-15 09:15:00,FLAT,487765056.04193515,487765056.04193515,0.0,0.0,1809.5
2025-08-15 09:30:00,FLAT,487765056.04193515,487765056.04193515,0.0,0.0,1802.6
2025-08-15 09:45:00,FLAT,487765056.04193515,487765056.04193515,0.0,0.0,1805.0
2025-08-15 10:00:00,FLAT,487765056.04193515,487765056.04193515,0.0,0.0,1804.0
2025-08-15 10:15:00,FLAT,487765056.04193515,487765056.04193515,0.0,0.0,1805.5
2025-08-15 10:30:00,FLAT,487765056.04193515,487765056.04193515,0.0,0.0,1797.3
2025-08-15 10:45:00,FLAT,487765056.04193515,487765056.04193515,0.0,0.0,1791.3
2025-08-15 11:00:00,FLAT,487765056.04193515,487765056.04193515,0.0,0.0,1790.0
2025-08-15 11:15:00,FLAT,487765056.04193515,487765056.04193515,0.0,0.0,1786.4
2025-08-15 13:00:00,FLAT,487765056.04193515,487765056.04193515,0.0,0.0,1786.6
2025-08-15 13:15:00,FLAT,487765056.04193515,487765056.04193515,0.0,0.0,1784.1
2025-08-15 13:30:00,FLAT,487765056.04193515,487765056.04193515,0.0,0.0,1784.3
2025-08-15 13:45:00,FLAT,487765056.04193515,487765056.04193515,0.0,0.0,1788.9
2025-08-15 14:00:00,FLAT,487765056.04193515,487765056.04193515,0.0,0.0,1787.4
2025-08-15 14:15:00,FLAT,487765056.04193515,487765056.04193515,0.0,0.0,1780.0
2025-08-15 14:30:00,FLAT,487765056.04193515,487765056.04193515,0.0,0.0,1780.0
2025-08-18 09:00:00,FLAT,487765056.04193515,487765056.04193515,0.0,0.0,1782.3
2025-08-18 09:15:00,FLAT,487765056.04193515,487765056.04193515,0.0,0.0,1781.2
2025-08-18 09:30:00,FLAT,487765056.04193515,487765056.04193515,0.0,0.0,1775.7
2025-08-18 09:45:00,SHORT,487552029.2551854,484450607.5865372,-3101421.668648254,0.0,1779.1
2025-08-18 10:00:00,FLAT,482236815.5865372,482236815.5865372,0.0,0.0,1779.0
2025-08-18 10:15:00,FLAT,482236815.5865372,482236815.5865372,0.0,0.0,1780.7
2025-08-18 10:30:00,FLAT,482236815.5865372,482236815.5865372,0.0,0.0,1784.9
2025-08-18 10:45:00,FLAT,482236815.5865372,482236815.5865372,0.0,0.0,1784.0
2025-08-18 11:00:00,FLAT,482236815.5865372,482236815.5865372,0.0,0.0,1778.0
2025-08-18 11:15:00,FLAT,482236815.5865372,482236815.5865372,0.0,0.0,1776.1
2025-08-18 13:00:00,FLAT,482236815.5865372,482236815.5865372,0.0,0.0,1772.9
2025-08-18 13:15:00,FLAT,482236815.5865372,482236815.5865372,0.0,0.0,1774.6
2025-08-18 13:30:00,FLAT,482236815.5865372,482236815.5865372,0.0,0.0,1775.2
2025-08-18 13:45:00,FLAT,482236815.5865372,482236815.5865372,0.0,0.0,1773.0
2025-08-18 14:00:00,FLAT,482236815.5865372,482236815.5865372,0.0,0.0,1776.2
2025-08-18 14:15:00,FLAT,482236815.5865372,482236815.5865372,0.0,0.0,1784.0
2025-08-18 14:30:00,FLAT,482236815.5865372,482236815.5865372,0.0,0.0,1782.6
2025-08-19 09:00:00,FLAT,482236815.5865372,482236815.5865372,0.0,0.0,1784.6
2025-08-19 09:15:00,FLAT,482236815.5865372,482236815.5865372,0.0,0.0,1797.7
2025-08-19 09:30:00,FLAT,482236815.5865372,482236815.5865372,0.0,0.0,1801.3
2025-08-19 09:45:00,FLAT,482236815.5865372,482236815.5865372,0.0,0.0,1800.1
2025-08-19 10:00:00,FLAT,482236815.5865372,482236815.5865372,0.0,0.0,1799.4
2025-08-19 10:15:00,FLAT,482236815.5865372,482236815.5865372,0.0,0.0,1799.7
2025-08-19 10:30:00,FLAT,482236815.5865372,482236815.5865372,0.0,0.0,1798.6
2025-08-19 10:45:00,FLAT,482236815.5865372,482236815.5865372,0.0,0.0,1793.8
2025-08-19 11:00:00,FLAT,482236815.5865372,482236815.5865372,0.0,0.0,1796.5
2025-08-19 11:15:00,FLAT,482236815.5865372,482236815.5865372,0.0,0.0,1801.6
2025-08-19 13:00:00,FLAT,482236815.5865372,482236815.5865372,0.0,0.0,1807.0
2025-08-19 13:15:00,FLAT,482236815.5865372,482236815.5865372,0.0,0.0,1805.3
2025-08-19 13:30:00,FLAT,482236815.5865372,482236815.5865372,0.0,0.0,1801.2
2025-08-19 13:45:00,FLAT,482236815.5865372,482236815.5865372,0.0,0.0,1805.0
2025-08-19 14:00:00,FLAT,482236815.5865372,482236815.5865372,0.0,0.0,1818.5
2025-08-19 14:15:00,FLAT,476667453.48300076,476667453.48300076,0.0,0.0,1812.0
2025-08-19 14:30:00,FLAT,476667453.48300076,476667453.48300076,0.0,0.0,1818.0
2025-08-20 09:00:00,FLAT,476667453.48300076,476667453.48300076,0.0,0.0,1819.5
2025-08-20 09:15:00,FLAT,476667453.48300076,476667453.48300076,0.0,0.0,1816.8
2025-08-20 09:30:00,FLAT,476667453.48300076,476667453.48300076,0.0,0.0,1814.0
2025-08-20 09:45:00,FLAT,476667453.48300076,476667453.48300076,0.0,0.0,1819.2
2025-08-20 10:00:00,FLAT,476667453.48300076,476667453.48300076,0.0,0.0,1813.9
2025-08-20 10:15:00,FLAT,476667453.48300076,476667453.48300076,0.0,0.0,1805.7
2025-08-20 10:30:00,SHORT,476450623.6982078,484782522.3181283,8331898.619920502,0.0,1796.5
2025-08-20 10:45:00,FLAT,498705085.0905206,498705085.0905206,0.0,0.0,1790.8
2025-08-20 11:00:00,FLAT,498705085.0905206,498705085.0905206,0.0,0.0,1789.5
2025-08-20 11:15:00,FLAT,498705085.0905206,498705085.0905206,0.0,0.0,1789.7
2025-08-20 13:00:00,FLAT,498705085.0905206,498705085.0905206,0.0,0.0,1796.9
2025-08-20 13:15:00,FLAT,498705085.0905206,498705085.0905206,0.0,0.0,1808.0
2025-08-20 13:30:00,LONG,498515414.8300425,505037011.6422791,6521596.812236612,0.0,1815.7
2025-08-20 13:45:00,LONG,498515414.8300425,503707011.642279,5191596.812236548,0.0,1813.8
2025-08-20 14:00:00,LONG,498515414.8300425,506717011.64227897,8201596.812236517,0.0,1818.1
2025-08-20 14:15:00,FLAT,511215407.642279,511215407.642279,0.0,0.0,1825.3
2025-08-20 14:30:00,FLAT,511215407.642279,511215407.642279,0.0,0.0,1826.7
2025-08-21 09:00:00,FLAT,511215407.642279,511215407.642279,0.0,0.0,1834.5
2025-08-21 09:15:00,FLAT,511215407.642279,511215407.642279,0.0,0.0,1839.8
2025-08-21 09:30:00,FLAT,511215407.642279,511215407.642279,0.0,0.0,1846.9
2025-08-21 09:45:00,LONG,511021498.246809,515182195.1134743,4160696.8666653074,0.0,1852.7
2025-08-21 10:00:00,LONG,511021498.246809,517282195.1134743,6260696.866665307,0.0,1855.7
2025-08-21 10:15:00,LONG,511021498.246809,514272195.11347437,3250696.866665339,0.0,1851.4
2025-08-21 10:30:00,LONG,511021498.246809,517212195.1134742,6190696.8666652115,0.0,1855.6
2025-08-21 10:45:00,LONG,511021498.246809,516022195.11347437,5000696.866665339,0.0,1853.9
2025-08-21 11:00:00,LONG,511021498.246809,514482195.1134743,3460696.8666653074,0.0,1851.7
2025-08-21 11:15:00,LONG,511021498.246809,517842195.1134743,6820696.866665276,0.0,1856.5
2025-08-21 13:00:00,LONG,511021498.246809,520782195.1134743,9760696.866665307,0.0,1860.7
2025-08-21 13:15:00,LONG,511021498.246809,520292195.1134743,9270696.866665276,0.0,1860.0
2025-08-21 13:30:00,LONG,511021498.246809,518682195.1134743,7660696.866665307,0.0,1857.7
2025-08-21 13:45:00,LONG,511021498.246809,518402195.11347425,7380696.866665244,0.0,1857.3
2025-08-21 14:00:00,LONG,511021498.246809,527292195.1134743,16270696.866665276,0.0,1870.0
2025-08-21 14:15:00,FLAT,531645162.61347425,531645162.61347425,0.0,0.0,1877.0
2025-08-21 14:30:00,FLAT,531645162.61347425,531645162.61347425,0.0,0.0,1877.0
2025-08-22 09:00:00,FLAT,531645162.61347425,531645162.61347425,0.0,0.0,1836.0
2025-08-22 09:15:00,FLAT,531645162.61347425,531645162.61347425,0.0,0.0,1836.3
2025-08-22 09:30:00,FLAT,531645162.61347425,531645162.61347425,0.0,0.0,1844.8
2025-08-22 09:45:00,FLAT,531645162.61347425,531645162.61347425,0.0,0.0,1840.0
2025-08-22 10:00:00,FLAT,531645162.61347425,531645162.61347425,0.0,0.0,1842.6
2025-08-22 10:15:00,FLAT,531645162.61347425,531645162.61347425,0.0,0.0,1816.9
2025-08-22 10:30:00,SHORT,531453512.37071013,532601797.46480566,1148285.0940955358,0.0,1823.6
2025-08-22 10:45:00,SHORT,531453512.37071013,549121797.4648056,17668285.094095472,0.0,1800.0
2025-08-22 11:00:00,SHORT,531453512.37071013,543101797.4648057,11648285.094095536,0.0,1808.6
2025-08-22 11:15:00,SHORT,531453512.37071013,543101797.4648057,11648285.094095536,0.0,1808.6
2025-08-22 13:00:00,SHORT,531453512.37071013,541071797.4648056,9618285.094095472,0.0,1811.5
2025-08-22 13:15:00,SHORT,531453512.37071013,538061797.4648056,6608285.094095504,0.0,1815.8
2025-08-22 13:30:00,SHORT,531453512.37071013,544151797.4648057,12698285.094095536,0.0,1807.1
2025-08-22 13:45:00,FLAT,556278229.2774855,556278229.2774855,0.0,0.0,1809.3
2025-08-22 14:00:00,FLAT,556278229.2774855,556278229.2774855,0.0,0.0,1835.0
2025-08-22 14:15:00,FLAT,556278229.2774855,556278229.2774855,0.0,0.0,1812.0
2025-08-22 14:30:00,FLAT,556278229.2774855,556278229.2774855,0.0,0.0,1810.0
2025-08-25 09:00:00,FLAT,556278229.2774855,556278229.2774855,0.0,0.0,1819.0
2025-08-25 09:15:00,FLAT,556278229.2774855,556278229.2774855,0.0,0.0,1814.4
2025-08-25 09:30:00,FLAT,556278229.2774855,556278229.2774855,0.0,0.0,1815.0
2025-08-25 09:45:00,FLAT,556278229.2774855,556278229.2774855,0.0,0.0,1817.1
2025-08-25 10:00:00,FLAT,556278229.2774855,556278229.2774855,0.0,0.0,1821.4
2025-08-25 10:15:00,FLAT,556278229.2774855,556278229.2774855,0.0,0.0,1812.2
2025-08-25 10:30:00,FLAT,556278229.2774855,556278229.2774855,0.0,0.0,1805.8
2025-08-25 10:45:00,FLAT,556278229.2774855,556278229.2774855,0.0,0.0,1806.6
2025-08-25 11:00:00,FLAT,556278229.2774855,556278229.2774855,0.0,0.0,1798.7
2025-08-25 11:15:00,FLAT,556278229.2774855,556278229.2774855,0.0,0.0,1800.4
2025-08-25 13:00:00,FLAT,556278229.2774855,556278229.2774855,0.0,0.0,1801.6
2025-08-25 13:15:00,FLAT,556278229.2774855,556278229.2774855,0.0,0.0,1793.3
2025-08-25 13:30:00,FLAT,556278229.2774855,556278229.2774855,0.0,0.0,1792.5
2025-08-25 13:45:00,FLAT,556278229.2774855,556278229.2774855,0.0,0.0,1793.1
2025-08-25 14:00:00,FLAT,556278229.2774855,556278229.2774855,0.0,0.0,1792.8
2025-08-25 14:15:00,FLAT,556278229.2774855,556278229.2774855,0.0,0.0,1782.7
2025-08-25 14:30:00,FLAT,556278229.2774855,556278229.2774855,0.0,0.0,1782.0
2025-08-26 09:00:00,FLAT,556278229.2774855,556278229.2774855,0.0,0.0,1778.4
2025-08-26 09:15:00,FLAT,556278229.2774855,556278229.2774855,0.0,0.0,1785.0
2025-08-26 09:30:00,FLAT,556278229.2774855,556278229.2774855,0.0,0.0,1785.0
2025-08-26 09:45:00,FLAT,556278229.2774855,556278229.2774855,0.0,0.0,1793.4
2025-08-26 10:00:00,FLAT,556278229.2774855,556278229.2774855,0.0,0.0,1792.5
2025-08-26 10:15:00,FLAT,556278229.2774855,556278229.2774855,0.0,0.0,1803.8
2025-08-26 10:30:00,FLAT,556278229.2774855,556278229.2774855,0.0,0.0,1802.2
2025-08-26 10:45:00,FLAT,556278229.2774855,556278229.2774855,0.0,0.0,1798.0
2025-08-26 11:00:00,FLAT,556278229.2774855,556278229.2774855,0.0,0.0,1796.2
2025-08-26 11:15:00,FLAT,556278229.2774855,556278229.2774855,0.0,0.0,1794.3
2025-08-26 13:00:00,FLAT,556278229.2774855,556278229.2774855,0.0,0.0,1807.6
2025-08-26 13:15:00,FLAT,556278229.2774855,556278229.2774855,0.0,0.0,1815.0
2025-08-26 13:30:00,FLAT,556278229.2774855,556278229.2774855,0.0,0.0,1823.3
2025-08-26 13:45:00,LONG,556114323.147386,562486789.1502956,6372466.002909642,0.0,1831.8
2025-08-26 14:00:00,LONG,556114323.147386,564406789.1502956,8292466.002909669,0.0,1835.0
2025-08-26 14:15:00,FLAT,573540244.1502956,573540244.1502956,0.0,0.0,1851.0
2025-08-26 14:30:00,FLAT,573540244.1502956,573540244.1502956,0.0,0.0,1854.0
2025-08-27 09:00:00,FLAT,573540244.1502956,573540244.1502956,0.0,0.0,1851.6
2025-08-27 09:15:00,FLAT,573540244.1502956,573540244.1502956,0.0,0.0,1854.0
2025-08-27 09:30:00,FLAT,573540244.1502956,573540244.1502956,0.0,0.0,1864.8
2025-08-27 09:45:00,FLAT,573540244.1502956,573540244.1502956,0.0,0.0,1855.7
2025-08-27 10:00:00,FLAT,573540244.1502956,573540244.1502956,0.0,0.0,1854.7
2025-08-27 10:15:00,FLAT,573540244.1502956,573540244.1502956,0.0,0.0,1849.1
2025-08-27 10:30:00,FLAT,573540244.1502956,573540244.1502956,0.0,0.0,1855.2
2025-08-27 10:45:00,FLAT,573540244.1502956,573540244.1502956,0.0,0.0,1853.0
2025-08-27 11:00:00,FLAT,573540244.1502956,573540244.1502956,0.0,0.0,1849.3
2025-08-27 11:15:00,FLAT,573540244.1502956,573540244.1502956,0.0,0.0,1854.4
2025-08-27 13:00:00,FLAT,573540244.1502956,573540244.1502956,0.0,0.0,1846.5
2025-08-27 13:15:00,FLAT,573540244.1502956,573540244.1502956,0.0,0.0,1852.7
2025-08-27 13:30:00,FLAT,573540244.1502956,573540244.1502956,0.0,0.0,1849.9
2025-08-27 13:45:00,FLAT,573540244.1502956,573540244.1502956,0.0,0.0,1851.6
2025-08-27 14:00:00,FLAT,573540244.1502956,573540244.1502956,0.0,0.0,1857.0
2025-08-27 14:15:00,FLAT,573540244.1502956,573540244.1502956,0.0,0.0,1848.1
2025-08-27 14:30:00,FLAT,573540244.1502956,573540244.1502956,0.0,0.0,1851.0
2025-08-28 09:00:00,FLAT,573540244.1502956,573540244.1502956,0.0,0.0,1850.8
2025-08-28 09:15:00,FLAT,573540244.1502956,573540244.1502956,0.0,0.0,1862.2
2025-08-28 09:30:00,FLAT,573540244.1502956,573540244.1502956,0.0,0.0,1855.0
2025-08-28 09:45:00,FLAT,573540244.1502956,573540244.1502956,0.0,0.0,1855.3
2025-08-28 10:00:00,FLAT,573540244.1502956,573540244.1502956,0.0,0.0,1844.8
2025-08-28 10:15:00,FLAT,573540244.1502956,573540244.1502956,0.0,0.0,1829.6
2025-08-28 10:30:00,FLAT,573540244.1502956,573540244.1502956,0.0,0.0,1833.7
2025-08-28 10:45:00,FLAT,573540244.1502956,573540244.1502956,0.0,0.0,1836.3
2025-08-28 11:00:00,FLAT,573540244.1502956,573540244.1502956,0.0,0.0,1840.7
2025-08-28 11:15:00,FLAT,573540244.1502956,573540244.1502956,0.0,0.0,1844.2
2025-08-28 13:00:00,FLAT,573540244.1502956,573540244.1502956,0.0,0.0,1842.5
2025-08-28 13:15:00,FLAT,573540244.1502956,573540244.1502956,0.0,0.0,1851.8
2025-08-28 13:30:00,FLAT,573540244.1502956,573540244.1502956,0.0,0.0,1861.6
2025-08-28 13:45:00,FLAT,573540244.1502956,573540244.1502956,0.0,0.0,1859.2
2025-08-28 14:00:00,LONG,573345445.3274943,571716626.651623,-1628818.6758712071,0.0,1852.9
2025-08-28 14:15:00,FLAT,578171074.651623,578171074.651623,0.0,0.0,1862.9
2025-08-28 14:30:00,FLAT,578171074.651623,578171074.651623,0.0,0.0,1862.6
2025-08-29 09:00:00,FLAT,578171074.651623,578171074.651623,0.0,0.0,1866.2
2025-08-29 09:15:00,FLAT,578171074.651623,578171074.651623,0.0,0.0,1865.0
2025-08-29 09:30:00,FLAT,578171074.651623,578171074.651623,0.0,0.0,1859.7
2025-08-29 09:45:00,FLAT,578171074.651623,578171074.651623,0.0,0.0,1864.1
2025-08-29 10:00:00,FLAT,578171074.651623,578171074.651623,0.0,0.0,1865.9
2025-08-29 10:15:00,FLAT,578171074.651623,578171074.651623,0.0,0.0,1870.7
2025-08-29 10:30:00,FLAT,578171074.651623,578171074.651623,0.0,0.0,1873.0
2025-08-29 10:45:00,FLAT,578171074.651623,578171074.651623,0.0,0.0,1873.7
2025-08-29 11:00:00,FLAT,578171074.651623,578171074.651623,0.0,0.0,1873.0
2025-08-29 11:15:00,FLAT,578171074.651623,578171074.651623,0.0,0.0,1875.0
2025-08-29 13:00:00,FLAT,578171074.651623,578171074.651623,0.0,0.0,1875.4
2025-08-29 13:15:00,FLAT,578171074.651623,578171074.651623,0.0,0.0,1875.0
2025-08-29 13:30:00,FLAT,578171074.651623,578171074.651623,0.0,0.0,1867.7
2025-08-29 13:45:00,FLAT,578171074.651623,578171074.651623,0.0,0.0,1869.0
2025-08-29 14:00:00,FLAT,578171074.651623,578171074.651623,0.0,0.0,1871.0
2025-08-29 14:15:00,FLAT,578171074.651623,578171074.651623,0.0,0.0,1868.7
2025-08-29 14:30:00,FLAT,578171074.651623,578171074.651623,0.0,0.0,1866.0
2025-09-03 09:00:00,FLAT,578171074.651623,578171074.651623,0.0,0.0,1853.9
2025-09-03 09:15:00,FLAT,578171074.651623,578171074.651623,0.0,0.0,1852.7
2025-09-03 09:30:00,FLAT,578171074.651623,578171074.651623,0.0,0.0,1852.0
2025-09-03 09:45:00,FLAT,578171074.651623,578171074.651623,0.0,0.0,1854.7
2025-09-03 10:00:00,FLAT,578171074.651623,578171074.651623,0.0,0.0,1856.6
2025-09-03 10:15:00,FLAT,578171074.651623,578171074.651623,0.0,0.0,1858.5
2025-09-03 10:30:00,FLAT,578171074.651623,578171074.651623,0.0,0.0,1845.7
2025-09-03 10:45:00,SHORT,577921817.351619,575987150.7119834,-1934666.639635566,0.0,1848.5
2025-09-03 11:00:00,SHORT,577921817.351619,578057150.7119834,135333.36036439321,0.0,1846.2
2025-09-03 11:15:00,SHORT,577921817.351619,575087150.7119834,-2834666.6396355657,0.0,1849.5
2025-09-03 13:00:00,FLAT,571686995.7119834,571686995.7119834,0.0,0.0,1853.8
2025-09-03 13:15:00,FLAT,571686995.7119834,571686995.7119834,0.0,0.0,1853.6
2025-09-03 13:30:00,FLAT,571686995.7119834,571686995.7119834,0.0,0.0,1853.2
2025-09-03 13:45:00,FLAT,571686995.7119834,571686995.7119834,0.0,0.0,1854.0
2025-09-03 14:00:00,FLAT,571686995.7119834,571686995.7119834,0.0,0.0,1852.9
2025-09-03 14:15:00,FLAT,571686995.7119834,571686995.7119834,0.0,0.0,1856.5
2025-09-03 14:30:00,FLAT,571686995.7119834,571686995.7119834,0.0,0.0,1855.0
2025-09-04 09:00:00,FLAT,571686995.7119834,571686995.7119834,0.0,0.0,1860.7
2025-09-04 09:15:00,FLAT,571686995.7119834,571686995.7119834,0.0,0.0,1857.2
2025-09-04 09:30:00,FLAT,571686995.7119834,571686995.7119834,0.0,0.0,1858.9
2025-09-04 09:45:00,FLAT,571686995.7119834,571686995.7119834,0.0,0.0,1857.4
2025-09-04 10:00:00,FLAT,571686995.7119834,571686995.7119834,0.0,0.0,1858.2
2025-09-04 10:15:00,FLAT,571686995.7119834,571686995.7119834,0.0,0.0,1859.0
2025-09-04 10:30:00,FLAT,571686995.7119834,571686995.7119834,0.0,0.0,1853.0
2025-09-04 10:45:00,FLAT,571686995.7119834,571686995.7119834,0.0,0.0,1849.3
2025-09-04 11:00:00,FLAT,571686995.7119834,571686995.7119834,0.0,0.0,1845.5
2025-09-04 11:15:00,FLAT,571686995.7119834,571686995.7119834,0.0,0.0,1850.8
2025-09-04 13:00:00,FLAT,571686995.7119834,571686995.7119834,0.0,0.0,1856.7
2025-09-04 13:15:00,FLAT,571686995.7119834,571686995.7119834,0.0,0.0,1858.5
2025-09-04 13:30:00,FLAT,571686995.7119834,571686995.7119834,0.0,0.0,1864.5
2025-09-04 13:45:00,LONG,571407550.9439759,571742430.8941492,334879.95017321734,0.0,1863.3
2025-09-04 14:00:00,LONG,571407550.9439759,579842430.8941493,8434879.950173354,0.0,1871.4
2025-09-04 14:15:00,FLAT,590060145.8941493,590060145.8941493,0.0,0.0,1882.4
2025-09-04 14:30:00,FLAT,590060145.8941493,590060145.8941493,0.0,0.0,1883.8
2025-09-05 09:00:00,FLAT,590060145.8941493,590060145.8941493,0.0,0.0,1888.0
2025-09-05 09:15:00,FLAT,590060145.8941493,590060145.8941493,0.0,0.0,1887.3
2025-09-05 09:30:00,FLAT,590060145.8941493,590060145.8941493,0.0,0.0,1886.3
2025-09-05 09:45:00,FLAT,590060145.8941493,590060145.8941493,0.0,0.0,1885.0
2025-09-05 10:00:00,FLAT,590060145.8941493,590060145.8941493,0.0,0.0,1887.1
2025-09-05 10:15:00,FLAT,590060145.8941493,590060145.8941493,0.0,0.0,1893.4
2025-09-05 10:30:00,FLAT,590060145.8941493,590060145.8941493,0.0,0.0,1895.9
2025-09-05 10:45:00,FLAT,590060145.8941493,590060145.8941493,0.0,0.0,1893.9
2025-09-05 11:00:00,FLAT,590060145.8941493,590060145.8941493,0.0,0.0,1892.6
2025-09-05 11:15:00,FLAT,590060145.8941493,590060145.8941493,0.0,0.0,1893.8
2025-09-05 13:00:00,FLAT,590060145.8941493,590060145.8941493,0.0,0.0,1893.3
2025-09-05 13:15:00,FLAT,590060145.8941493,590060145.8941493,0.0,0.0,1891.0
2025-09-05 13:30:00,FLAT,590060145.8941493,590060145.8941493,0.0,0.0,1884.5
2025-09-05 13:45:00,FLAT,590060145.8941493,590060145.8941493,0.0,0.0,1878.6
2025-09-05 14:00:00,FLAT,590060145.8941493,590060145.8941493,0.0,0.0,1878.9
2025-09-05 14:15:00,FLAT,590060145.8941493,590060145.8941493,0.0,0.0,1852.7
2025-09-05 14:30:00,FLAT,590060145.8941493,590060145.8941493,0.0,0.0,1848.4
2025-09-08 09:00:00,FLAT,590060145.8941493,590060145.8941493,0.0,0.0,1839.2
2025-09-08 09:15:00,FLAT,590060145.8941493,590060145.8941493,0.0,0.0,1840.6
2025-09-08 09:30:00,FLAT,590060145.8941493,590060145.8941493,0.0,0.0,1836.4
2025-09-08 09:45:00,FLAT,590060145.8941493,590060145.8941493,0.0,0.0,1839.0
2025-09-08 10:00:00,FLAT,590060145.8941493,590060145.8941493,0.0,0.0,1837.9
2025-09-08 10:15:00,FLAT,590060145.8941493,590060145.8941493,0.0,0.0,1837.2
2025-09-08 10:30:00,FLAT,590060145.8941493,590060145.8941493,0.0,0.0,1833.4
2025-09-08 10:45:00,FLAT,590060145.8941493,590060145.8941493,0.0,0.0,1831.0
2025-09-08 11:00:00,FLAT,590060145.8941493,590060145.8941493,0.0,0.0,1821.5
2025-09-08 11:15:00,FLAT,590060145.8941493,590060145.8941493,0.0,0.0,1830.4
2025-09-08 13:00:00,FLAT,590060145.8941493,590060145.8941493,0.0,0.0,1827.7
2025-09-08 13:15:00,FLAT,590060145.8941493,590060145.8941493,0.0,0.0,1829.4
2025-09-08 13:30:00,FLAT,590060145.8941493,590060145.8941493,0.0,0.0,1835.0
2025-09-08 13:45:00,FLAT,590060145.8941493,590060145.8941493,0.0,0.0,1830.3
2025-09-08 14:00:00,FLAT,590060145.8941493,590060145.8941493,0.0,0.0,1831.4
2025-09-08 14:15:00,FLAT,590060145.8941493,590060145.8941493,0.0,0.0,1806.2
2025-09-08 14:30:00,FLAT,590060145.8941493,590060145.8941493,0.0,0.0,1803.0
2025-09-09 09:00:00,FLAT,590060145.8941493,590060145.8941493,0.0,0.0,1807.8
2025-09-09 09:15:00,FLAT,590060145.8941493,590060145.8941493,0.0,0.0,1804.6
2025-09-09 09:30:00,FLAT,590060145.8941493,590060145.8941493,0.0,0.0,1807.5
2025-09-09 09:45:00,FLAT,590060145.8941493,590060145.8941493,0.0,0.0,1809.6
2025-09-09 10:00:00,FLAT,590060145.8941493,590060145.8941493,0.0,0.0,1805.5
2025-09-09 10:15:00,FLAT,590060145.8941493,590060145.8941493,0.0,0.0,1800.5
2025-09-09 10:30:00,FLAT,590060145.8941493,590060145.8941493,0.0,0.0,1805.5
2025-09-09 10:45:00,FLAT,590060145.8941493,590060145.8941493,0.0,0.0,1800.3
2025-09-09 11:00:00,FLAT,590060145.8941493,590060145.8941493,0.0,0.0,1805.1
2025-09-09 11:15:00,FLAT,590060145.8941493,590060145.8941493,0.0,0.0,1810.6
2025-09-09 13:00:00,FLAT,590060145.8941493,590060145.8941493,0.0,0.0,1814.9
2025-09-09 13:15:00,FLAT,590060145.8941493,590060145.8941493,0.0,0.0,1816.8
2025-09-09 13:30:00,FLAT,590060145.8941493,590060145.8941493,0.0,0.0,1820.0
2025-09-09 13:45:00,FLAT,590060145.8941493,590060145.8941493,0.0,0.0,1811.0
2025-09-09 14:00:00,FLAT,590060145.8941493,590060145.8941493,0.0,0.0,1808.5
2025-09-09 14:15:00,FLAT,590060145.8941493,590060145.8941493,0.0,0.0,1820.0
2025-09-09 14:30:00,FLAT,590060145.8941493,590060145.8941493,0.0,0.0,1821.0
2025-09-10 09:00:00,FLAT,590060145.8941493,590060145.8941493,0.0,0.0,1826.6
2025-09-10 09:15:00,FLAT,590060145.8941493,590060145.8941493,0.0,0.0,1824.0
2025-09-10 09:30:00,FLAT,590060145.8941493,590060145.8941493,0.0,0.0,1823.8
2025-09-10 09:45:00,FLAT,590060145.8941493,590060145.8941493,0.0,0.0,1826.3
2025-09-10 10:00:00,FLAT,590060145.8941493,590060145.8941493,0.0,0.0,1824.9
2025-09-10 10:15:00,FLAT,590060145.8941493,590060145.8941493,0.0,0.0,1817.6
2025-09-10 10:30:00,FLAT,590060145.8941493,590060145.8941493,0.0,0.0,1812.5
2025-09-10 10:45:00,FLAT,590060145.8941493,590060145.8941493,0.0,0.0,1809.3
2025-09-10 11:00:00,FLAT,590060145.8941493,590060145.8941493,0.0,0.0,1813.3
2025-09-10 11:15:00,FLAT,590060145.8941493,590060145.8941493,0.0,0.0,1815.9
2025-09-10 13:00:00,FLAT,590060145.8941493,590060145.8941493,0.0,0.0,1814.3
2025-09-10 13:15:00,FLAT,590060145.8941493,590060145.8941493,0.0,0.0,1808.1
2025-09-10 13:30:00,FLAT,590060145.8941493,590060145.8941493,0.0,0.0,1811.7
2025-09-10 13:45:00,FLAT,590060145.8941493,590060145.8941493,0.0,0.0,1813.4
2025-09-10 14:00:00,FLAT,590060145.8941493,590060145.8941493,0.0,0.0,1809.2
2025-09-10 14:15:00,FLAT,590060145.8941493,590060145.8941493,0.0,0.0,1822.1
2025-09-10 14:30:00,FLAT,590060145.8941493,590060145.8941493,0.0,0.0,1818.0
2025-09-11 09:00:00,FLAT,590060145.8941493,590060145.8941493,0.0,0.0,1818.7
2025-09-11 09:15:00,FLAT,590060145.8941493,590060145.8941493,0.0,0.0,1809.8
2025-09-11 09:30:00,FLAT,590060145.8941493,590060145.8941493,0.0,0.0,1801.0
2025-09-11 09:45:00,FLAT,590060145.8941493,590060145.8941493,0.0,0.0,1785.9
2025-09-11 10:00:00,FLAT,590060145.8941493,590060145.8941493,0.0,0.0,1783.5
2025-09-11 10:15:00,FLAT,590060145.8941493,590060145.8941493,0.0,0.0,1790.0
2025-09-11 10:30:00,FLAT,590060145.8941493,590060145.8941493,0.0,0.0,1794.5
2025-09-11 10:45:00,FLAT,590060145.8941493,590060145.8941493,0.0,0.0,1797.3
2025-09-11 11:00:00,FLAT,590060145.8941493,590060145.8941493,0.0,0.0,1799.3
2025-09-11 11:15:00,FLAT,583623440.1915184,583623440.1915184,0.0,0.0,1820.6
2025-09-11 13:00:00,FLAT,583623440.1915184,583623440.1915184,0.0,0.0,1814.9
2025-09-11 13:15:00,FLAT,583623440.1915184,583623440.1915184,0.0,0.0,1823.1
2025-09-11 13:30:00,FLAT,583623440.1915184,583623440.1915184,0.0,0.0,1835.5
2025-09-11 13:45:00,FLAT,583623440.1915184,583623440.1915184,0.0,0.0,1847.2
2025-09-11 14:00:00,FLAT,583623440.1915184,583623440.1915184,0.0,0.0,1858.1
2025-09-11 14:15:00,FLAT,583623440.1915184,583623440.1915184,0.0,0.0,1853.9
2025-09-11 14:30:00,FLAT,583623440.1915184,583623440.1915184,0.0,0.0,1860.0
2025-09-12 09:00:00,FLAT,583623440.1915184,583623440.1915184,0.0,0.0,1852.9
2025-09-12 09:15:00,FLAT,583623440.1915184,583623440.1915184,0.0,0.0,1854.8
2025-09-12 09:30:00,FLAT,583623440.1915184,583623440.1915184,0.0,0.0,1847.9
2025-09-12 09:45:00,FLAT,583623440.1915184,583623440.1915184,0.0,0.0,1849.2
2025-09-12 10:00:00,FLAT,583623440.1915184,583623440.1915184,0.0,0.0,1836.6
2025-09-12 10:15:00,FLAT,577690353.4500123,577690353.4500123,0.0,0.0,1851.8
2025-09-12 10:30:00,FLAT,577690353.4500123,577690353.4500123,0.0,0.0,1855.4
2025-09-12 10:45:00,FLAT,577690353.4500123,577690353.4500123,0.0,0.0,1856.9
2025-09-12 11:00:00,FLAT,577690353.4500123,577690353.4500123,0.0,0.0,1852.5
2025-09-12 11:15:00,FLAT,577690353.4500123,577690353.4500123,0.0,0.0,1851.0
2025-09-12 13:00:00,FLAT,577690353.4500123,577690353.4500123,0.0,0.0,1855.1
2025-09-12 13:15:00,FLAT,577690353.4500123,577690353.4500123,0.0,0.0,1852.7
2025-09-12 13:30:00,FLAT,577690353.4500123,577690353.4500123,0.0,0.0,1858.8
2025-09-12 13:45:00,FLAT,577690353.4500123,577690353.4500123,0.0,0.0,1864.8
2025-09-12 14:00:00,FLAT,577690353.4500123,577690353.4500123,0.0,0.0,1869.5
2025-09-12 14:15:00,FLAT,571821029.1665891,571821029.1665891,0.0,0.0,1862.1
2025-09-12 14:30:00,FLAT,571821029.1665891,571821029.1665891,0.0,0.0,1859.2
2025-09-15 09:00:00,FLAT,571821029.1665891,571821029.1665891,0.0,0.0,1853.6
2025-09-15 09:15:00,FLAT,571821029.1665891,571821029.1665891,0.0,0.0,1858.4
2025-09-15 09:30:00,FLAT,571821029.1665891,571821029.1665891,0.0,0.0,1858.5
2025-09-15 09:45:00,FLAT,571821029.1665891,571821029.1665891,0.0,0.0,1858.5
2025-09-15 10:00:00,FLAT,571821029.1665891,571821029.1665891,0.0,0.0,1858.5
2025-09-15 10:15:00,FLAT,571821029.1665891,571821029.1665891,0.0,0.0,1854.9
2025-09-15 10:30:00,FLAT,571821029.1665891,571821029.1665891,0.0,0.0,1856.6
2025-09-15 10:45:00,FLAT,571821029.1665891,571821029.1665891,0.0,0.0,1860.5
2025-09-15 11:00:00,FLAT,571821029.1665891,571821029.1665891,0.0,0.0,1861.5
2025-09-15 11:15:00,FLAT,571821029.1665891,571821029.1665891,0.0,0.0,1859.5
2025-09-15 13:00:00,FLAT,571821029.1665891,571821029.1665891,0.0,0.0,1860.7
2025-09-15 13:15:00,FLAT,571821029.1665891,571821029.1665891,0.0,0.0,1863.1
2025-09-15 13:30:00,FLAT,571821029.1665891,571821029.1665891,0.0,0.0,1859.7
2025-09-15 13:45:00,FLAT,571821029.1665891,571821029.1665891,0.0,0.0,1867.9
2025-09-15 14:00:00,FLAT,571821029.1665891,571821029.1665891,0.0,0.0,1868.1
2025-09-15 14:15:00,FLAT,571821029.1665891,571821029.1665891,0.0,0.0,1876.1
2025-09-15 14:30:00,FLAT,571821029.1665891,571821029.1665891,0.0,0.0,1876.7
2025-09-16 09:00:00,FLAT,571821029.1665891,571821029.1665891,0.0,0.0,1885.0
2025-09-16 09:15:00,FLAT,571821029.1665891,571821029.1665891,0.0,0.0,1885.8
2025-09-16 09:30:00,FLAT,571821029.1665891,571821029.1665891,0.0,0.0,1883.0
2025-09-16 09:45:00,FLAT,571821029.1665891,571821029.1665891,0.0,0.0,1883.1
2025-09-16 10:00:00,FLAT,571821029.1665891,571821029.1665891,0.0,0.0,1879.3
2025-09-16 10:15:00,FLAT,571821029.1665891,571821029.1665891,0.0,0.0,1876.1
2025-09-16 10:30:00,SHORT,571567701.3667644,570129700.1980914,-1438001.1686730313,0.0,1878.1
2025-09-16 10:45:00,SHORT,571567701.3667644,567339700.1980913,-4228001.168673154,0.0,1881.2
2025-09-16 11:00:00,SHORT,571567701.3667644,569319700.1980913,-2248001.168673113,0.0,1879.0
2025-09-16 11:15:00,SHORT,571567701.3667644,569769700.1980913,-1798001.1686731132,0.0,1878.5
2025-09-16 13:00:00,SHORT,571567701.3667644,570759700.1980913,-808001.1686731951,0.0,1877.4
2025-09-16 13:15:00,FLAT,565645522.1980914,565645522.1980914,0.0,0.0,1886.7
2025-09-16 13:30:00,FLAT,565645522.1980914,565645522.1980914,0.0,0.0,1889.6
2025-09-16 13:45:00,FLAT,565645522.1980914,565645522.1980914,0.0,0.0,1880.0
2025-09-16 14:00:00,FLAT,565645522.1980914,565645522.1980914,0.0,0.0,1871.5
2025-09-16 14:15:00,FLAT,565645522.1980914,565645522.1980914,0.0,0.0,1875.5
2025-09-16 14:30:00,FLAT,565645522.1980914,565645522.1980914,0.0,0.0,1878.3
2025-09-17 09:00:00,FLAT,565645522.1980914,565645522.1980914,0.0,0.0,1870.6
2025-09-17 09:15:00,FLAT,565645522.1980914,565645522.1980914,0.0,0.0,1874.4
2025-09-17 09:30:00,FLAT,565645522.1980914,565645522.1980914,0.0,0.0,1877.0
2025-09-17 09:45:00,FLAT,565645522.1980914,565645522.1980914,0.0,0.0,1874.9
2025-09-17 10:00:00,FLAT,565645522.1980914,565645522.1980914,0.0,0.0,1875.3
2025-09-17 10:15:00,FLAT,565645522.1980914,565645522.1980914,0.0,0.0,1879.6
2025-09-17 10:30:00,FLAT,565645522.1980914,565645522.1980914,0.0,0.0,1878.1
2025-09-17 10:45:00,FLAT,565645522.1980914,565645522.1980914,0.0,0.0,1876.3
2025-09-17 11:00:00,FLAT,565645522.1980914,565645522.1980914,0.0,0.0,1875.5
2025-09-17 11:15:00,FLAT,565645522.1980914,565645522.1980914,0.0,0.0,1879.7
2025-09-17 13:00:00,FLAT,565645522.1980914,565645522.1980914,0.0,0.0,1877.2
2025-09-17 13:15:00,FLAT,565645522.1980914,565645522.1980914,0.0,0.0,1880.9
2025-09-17 13:30:00,FLAT,565645522.1980914,565645522.1980914,0.0,0.0,1882.3
2025-09-17 13:45:00,FLAT,565645522.1980914,565645522.1980914,0.0,0.0,1881.4
2025-09-17 14:00:00,FLAT,565645522.1980914,565645522.1980914,0.0,0.0,1880.8
2025-09-17 14:15:00,FLAT,565645522.1980914,565645522.1980914,0.0,0.0,1874.0
2025-09-17 14:30:00,FLAT,565645522.1980914,565645522.1980914,0.0,0.0,1879.3
2025-09-18 09:00:00,FLAT,565645522.1980914,565645522.1980914,0.0,0.0,1873.7
2025-09-18 09:15:00,FLAT,565645522.1980914,565645522.1980914,0.0,0.0,1869.1
2025-09-18 09:30:00,FLAT,565645522.1980914,565645522.1980914,0.0,0.0,1873.0
2025-09-18 09:45:00,FLAT,565645522.1980914,565645522.1980914,0.0,0.0,1869.9
2025-09-18 10:00:00,FLAT,565645522.1980914,565645522.1980914,0.0,0.0,1870.8
2025-09-18 10:15:00,FLAT,565645522.1980914,565645522.1980914,0.0,0.0,1869.3
2025-09-18 10:30:00,FLAT,565645522.1980914,565645522.1980914,0.0,0.0,1864.2
2025-09-18 10:45:00,FLAT,565645522.1980914,565645522.1980914,0.0,0.0,1861.3
2025-09-18 11:00:00,FLAT,565645522.1980914,565645522.1980914,0.0,0.0,1865.3
2025-09-18 11:15:00,FLAT,565645522.1980914,565645522.1980914,0.0,0.0,1865.0
2025-09-18 13:00:00,FLAT,565645522.1980914,565645522.1980914,0.0,0.0,1861.3
2025-09-18 13:15:00,FLAT,565645522.1980914,565645522.1980914,0.0,0.0,1862.6
2025-09-18 13:30:00,FLAT,565645522.1980914,565645522.1980914,0.0,0.0,1856.4
2025-09-18 13:45:00,FLAT,565645522.1980914,565645522.1980914,0.0,0.0,1860.7
2025-09-18 14:00:00,FLAT,565645522.1980914,565645522.1980914,0.0,0.0,1863.6
2025-09-18 14:15:00,FLAT,565645522.1980914,565645522.1980914,0.0,0.0,1856.7
2025-09-18 14:30:00,FLAT,565645522.1980914,565645522.1980914,0.0,0.0,1857.0
2025-09-19 09:00:00,FLAT,565645522.1980914,565645522.1980914,0.0,0.0,1855.1
2025-09-19 09:15:00,FLAT,565645522.1980914,565645522.1980914,0.0,0.0,1851.9
2025-09-19 09:30:00,FLAT,565645522.1980914,565645522.1980914,0.0,0.0,1846.8
2025-09-19 09:45:00,FLAT,565645522.1980914,565645522.1980914,0.0,0.0,1844.1
2025-09-19 10:00:00,SHORT,565368805.6127294,564646041.3590838,-722764.2536456642,0.0,1845.5
2025-09-19 10:15:00,SHORT,565368805.6127294,567346041.3590838,1977235.7463543813,0.0,1842.8
2025-09-19 10:30:00,SHORT,565368805.6127294,566946041.3590838,1577235.7463542903,0.0,1843.2
2025-09-19 10:45:00,SHORT,565368805.6127294,569946041.3590838,4577235.74635429,0.0,1840.2
2025-09-19 11:00:00,SHORT,565368805.6127294,568346041.3590838,2977235.746354381,0.0,1841.8
2025-09-19 11:15:00,SHORT,565368805.6127294,569546041.3590839,4177235.7463544267,0.0,1840.6
2025-09-19 13:00:00,SHORT,565368805.6127294,569746041.3590837,4377235.746354245,0.0,1840.4
2025-09-19 13:15:00,SHORT,565368805.6127294,564646041.3590838,-722764.2536456642,0.0,1845.5
2025-09-19 13:30:00,FLAT,559768526.3590839,559768526.3590839,0.0,0.0,1851.4
2025-09-19 13:45:00,FLAT,559768526.3590839,559768526.3590839,0.0,0.0,1849.0
2025-09-19 14:00:00,FLAT,559768526.3590839,559768526.3590839,0.0,0.0,1853.0
2025-09-19 14:15:00,FLAT,559768526.3590839,559768526.3590839,0.0,0.0,1848.9
2025-09-19 14:30:00,FLAT,559768526.3590839,559768526.3590839,0.0,0.0,1848.0
2025-09-22 09:00:00,FLAT,559768526.3590839,559768526.3590839,0.0,0.0,1847.0
2025-09-22 09:15:00,FLAT,559768526.3590839,559768526.3590839,0.0,0.0,1843.7
2025-09-22 09:30:00,FLAT,559768526.3590839,559768526.3590839,0.0,0.0,1835.0
2025-09-22 09:45:00,FLAT,559768526.3590839,559768526.3590839,0.0,0.0,1834.6
2025-09-22 10:00:00,FLAT,559768526.3590839,559768526.3590839,0.0,0.0,1829.1
2025-09-22 10:15:00,FLAT,559768526.3590839,559768526.3590839,0.0,0.0,1835.0
2025-09-22 10:30:00,FLAT,559768526.3590839,559768526.3590839,0.0,0.0,1834.5
2025-09-22 10:45:00,FLAT,559768526.3590839,559768526.3590839,0.0,0.0,1832.3
2025-09-22 11:00:00,FLAT,559768526.3590839,559768526.3590839,0.0,0.0,1827.4
2025-09-22 11:15:00,FLAT,559768526.3590839,559768526.3590839,0.0,0.0,1827.0
2025-09-22 13:00:00,FLAT,559768526.3590839,559768526.3590839,0.0,0.0,1823.3
2025-09-22 13:15:00,FLAT,559768526.3590839,559768526.3590839,0.0,0.0,1818.2
2025-09-22 13:30:00,FLAT,559768526.3590839,559768526.3590839,0.0,0.0,1809.9
2025-09-22 13:45:00,FLAT,559768526.3590839,559768526.3590839,0.0,0.0,1801.9
2025-09-22 14:00:00,FLAT,553853286.9616418,553853286.9616418,0.0,0.0,1818.9
2025-09-22 14:15:00,FLAT,553853286.9616418,553853286.9616418,0.0,0.0,1809.2
2025-09-22 14:30:00,FLAT,553853286.9616418,553853286.9616418,0.0,0.0,1809.0
2025-09-23 09:00:00,FLAT,553853286.9616418,553853286.9616418,0.0,0.0,1812.7
2025-09-23 09:15:00,FLAT,553853286.9616418,553853286.9616418,0.0,0.0,1818.2
2025-09-23 09:30:00,FLAT,553853286.9616418,553853286.9616418,0.0,0.0,1821.4
2025-09-23 09:45:00,FLAT,553853286.9616418,553853286.9616418,0.0,0.0,1823.2
2025-09-23 10:00:00,FLAT,553853286.9616418,553853286.9616418,0.0,0.0,1826.5
2025-09-23 10:15:00,FLAT,553853286.9616418,553853286.9616418,0.0,0.0,1822.7
2025-09-23 10:30:00,FLAT,553853286.9616418,553853286.9616418,0.0,0.0,1821.2
2025-09-23 10:45:00,FLAT,553853286.9616418,553853286.9616418,0.0,0.0,1823.8
2025-09-23 11:00:00,FLAT,553853286.9616418,553853286.9616418,0.0,0.0,1824.9
2025-09-23 11:15:00,FLAT,553853286.9616418,553853286.9616418,0.0,0.0,1825.3
2025-09-23 13:00:00,FLAT,553853286.9616418,553853286.9616418,0.0,0.0,1828.8
2025-09-23 13:15:00,FLAT,553853286.9616418,553853286.9616418,0.0,0.0,1831.0
2025-09-23 13:30:00,FLAT,553853286.9616418,553853286.9616418,0.0,0.0,1823.2
2025-09-23 13:45:00,FLAT,553853286.9616418,553853286.9616418,0.0,0.0,1817.5
2025-09-23 14:00:00,FLAT,553853286.9616418,553853286.9616418,0.0,0.0,1816.2
2025-09-23 14:15:00,FLAT,553853286.9616418,553853286.9616418,0.0,0.0,1811.9
2025-09-23 14:30:00,FLAT,553853286.9616418,553853286.9616418,0.0,0.0,1812.0
2025-09-24 09:00:00,FLAT,553853286.9616418,553853286.9616418,0.0,0.0,1811.1
2025-09-24 09:15:00,FLAT,553853286.9616418,553853286.9616418,0.0,0.0,1803.0
2025-09-24 09:30:00,FLAT,553853286.9616418,553853286.9616418,0.0,0.0,1802.8
2025-09-24 09:45:00,FLAT,553853286.9616418,553853286.9616418,0.0,0.0,1805.9
2025-09-24 10:00:00,FLAT,553853286.9616418,553853286.9616418,0.0,0.0,1815.8
2025-09-24 10:15:00,FLAT,553853286.9616418,553853286.9616418,0.0,0.0,1815.9
2025-09-24 10:30:00,FLAT,553853286.9616418,553853286.9616418,0.0,0.0,1804.6
2025-09-24 10:45:00,FLAT,553853286.9616418,553853286.9616418,0.0,0.0,1804.8
2025-09-24 11:00:00,FLAT,553853286.9616418,553853286.9616418,0.0,0.0,1803.8
2025-09-24 11:15:00,FLAT,553853286.9616418,553853286.9616418,0.0,0.0,1801.7
2025-09-24 13:00:00,FLAT,553853286.9616418,553853286.9616418,0.0,0.0,1805.6
2025-09-24 13:15:00,FLAT,553853286.9616418,553853286.9616418,0.0,0.0,1814.1
2025-09-24 13:30:00,FLAT,553853286.9616418,553853286.9616418,0.0,0.0,1819.7
2025-09-24 13:45:00,FLAT,553853286.9616418,553853286.9616418,0.0,0.0,1819.9
2025-09-24 14:00:00,FLAT,553853286.9616418,553853286.9616418,0.0,0.0,1828.0
2025-09-24 14:15:00,FLAT,553853286.9616418,553853286.9616418,0.0,0.0,1846.2
2025-09-24 14:30:00,FLAT,553853286.9616418,553853286.9616418,0.0,0.0,1849.5
2025-09-25 09:00:00,FLAT,553853286.9616418,553853286.9616418,0.0,0.0,1848.5
2025-09-25 09:15:00,FLAT,553853286.9616418,553853286.9616418,0.0,0.0,1849.9
2025-09-25 09:30:00,FLAT,553853286.9616418,553853286.9616418,0.0,0.0,1845.5
2025-09-25 09:45:00,FLAT,553853286.9616418,553853286.9616418,0.0,0.0,1845.5
2025-09-25 10:00:00,FLAT,553853286.9616418,553853286.9616418,0.0,0.0,1845.8
2025-09-25 10:15:00,FLAT,553853286.9616418,553853286.9616418,0.0,0.0,1844.7
2025-09-25 10:30:00,FLAT,553853286.9616418,553853286.9616418,0.0,0.0,1847.0
2025-09-25 10:45:00,FLAT,553853286.9616418,553853286.9616418,0.0,0.0,1846.0
2025-09-25 11:00:00,FLAT,553853286.9616418,553853286.9616418,0.0,0.0,1848.6
2025-09-25 11:15:00,FLAT,553853286.9616418,553853286.9616418,0.0,0.0,1848.8
2025-09-25 13:00:00,FLAT,553853286.9616418,553853286.9616418,0.0,0.0,1854.8
2025-09-25 13:15:00,FLAT,553853286.9616418,553853286.9616418,0.0,0.0,1856.0
2025-09-25 13:30:00,FLAT,553853286.9616418,553853286.9616418,0.0,0.0,1851.7
2025-09-25 13:45:00,FLAT,553853286.9616418,553853286.9616418,0.0,0.0,1853.0
2025-09-25 14:00:00,FLAT,553853286.9616418,553853286.9616418,0.0,0.0,1850.0
2025-09-25 14:15:00,FLAT,553853286.9616418,553853286.9616418,0.0,0.0,1850.2
2025-09-25 14:30:00,FLAT,553853286.9616418,553853286.9616418,0.0,0.0,1849.1
2025-09-26 09:00:00,FLAT,553853286.9616418,553853286.9616418,0.0,0.0,1846.3
2025-09-26 09:15:00,FLAT,553853286.9616418,553853286.9616418,0.0,0.0,1846.4
2025-09-26 09:30:00,FLAT,553853286.9616418,553853286.9616418,0.0,0.0,1848.1
2025-09-26 09:45:00,FLAT,553853286.9616418,553853286.9616418,0.0,0.0,1847.1
2025-09-26 10:00:00,FLAT,553853286.9616418,553853286.9616418,0.0,0.0,1852.9
2025-09-26 10:15:00,FLAT,553853286.9616418,553853286.9616418,0.0,0.0,1851.5
2025-09-26 10:30:00,FLAT,553853286.9616418,553853286.9616418,0.0,0.0,1851.2
2025-09-26 10:45:00,FLAT,553853286.9616418,553853286.9616418,0.0,0.0,1850.5
2025-09-26 11:00:00,FLAT,553853286.9616418,553853286.9616418,0.0,0.0,1845.4
2025-09-26 11:15:00,FLAT,553853286.9616418,553853286.9616418,0.0,0.0,1845.9
2025-09-26 13:00:00,FLAT,553853286.9616418,553853286.9616418,0.0,0.0,1849.3
2025-09-26 13:15:00,FLAT,553853286.9616418,553853286.9616418,0.0,0.0,1849.8
2025-09-26 13:30:00,FLAT,553853286.9616418,553853286.9616418,0.0,0.0,1853.4
2025-09-26 13:45:00,FLAT,553853286.9616418,553853286.9616418,0.0,0.0,1862.0
2025-09-26 14:00:00,FLAT,553853286.9616418,553853286.9616418,0.0,0.0,1861.9
2025-09-26 14:15:00,FLAT,548287846.8333173,548287846.8333173,0.0,0.0,1845.1
2025-09-26 14:30:00,FLAT,548287846.8333173,548287846.8333173,0.0,0.0,1845.0
2025-09-29 09:00:00,FLAT,548287846.8333173,548287846.8333173,0.0,0.0,1839.0
2025-09-29 09:15:00,FLAT,548287846.8333173,548287846.8333173,0.0,0.0,1841.2
2025-09-29 09:30:00,FLAT,548287846.8333173,548287846.8333173,0.0,0.0,1844.8
2025-09-29 09:45:00,FLAT,548287846.8333173,548287846.8333173,0.0,0.0,1847.5
2025-09-29 10:00:00,LONG,548010780.9666475,545705003.1684836,-2305777.798163945,0.0,1844.8
2025-09-29 10:15:00,FLAT,542528718.1684837,542528718.1684837,0.0,0.0,1844.9
2025-09-29 10:30:00,FLAT,542528718.1684837,542528718.1684837,0.0,0.0,1855.6
2025-09-29 10:45:00,FLAT,542528718.1684837,542528718.1684837,0.0,0.0,1855.4
2025-09-29 11:00:00,FLAT,542528718.1684837,542528718.1684837,0.0,0.0,1859.4
2025-09-29 11:15:00,FLAT,542528718.1684837,542528718.1684837,0.0,0.0,1858.5
2025-09-29 13:00:00,FLAT,542528718.1684837,542528718.1684837,0.0,0.0,1857.8
2025-09-29 13:15:00,FLAT,542528718.1684837,542528718.1684837,0.0,0.0,1857.6
2025-09-29 13:30:00,FLAT,542528718.1684837,542528718.1684837,0.0,0.0,1865.0
2025-09-29 13:45:00,FLAT,542528718.1684837,542528718.1684837,0.0,0.0,1862.6
2025-09-29 14:00:00,FLAT,542528718.1684837,542528718.1684837,0.0,0.0,1856.0
2025-09-29 14:15:00,FLAT,542528718.1684837,542528718.1684837,0.0,0.0,1857.6
2025-09-29 14:30:00,FLAT,542528718.1684837,542528718.1684837,0.0,0.0,1859.5
2025-09-30 09:00:00,FLAT,542528718.1684837,542528718.1684837,0.0,0.0,1855.8
2025-09-30 09:15:00,FLAT,542528718.1684837,542528718.1684837,0.0,0.0,1858.6
2025-09-30 09:30:00,FLAT,542528718.1684837,542528718.1684837,0.0,0.0,1857.1
2025-09-30 09:45:00,FLAT,542528718.1684837,542528718.1684837,0.0,0.0,1860.7
2025-09-30 10:00:00,FLAT,542528718.1684837,542528718.1684837,0.0,0.0,1861.9
2025-09-30 10:15:00,FLAT,542528718.1684837,542528718.1684837,0.0,0.0,1859.3
2025-09-30 10:30:00,FLAT,542528718.1684837,542528718.1684837,0.0,0.0,1856.7
2025-09-30 10:45:00,FLAT,542528718.1684837,542528718.1684837,0.0,0.0,1848.3
2025-09-30 11:00:00,FLAT,542528718.1684837,542528718.1684837,0.0,0.0,1847.9
2025-09-30 11:15:00,FLAT,542528718.1684837,542528718.1684837,0.0,0.0,1848.8
2025-09-30 13:00:00,FLAT,542528718.1684837,542528718.1684837,0.0,0.0,1851.2
2025-09-30 13:15:00,FLAT,542528718.1684837,542528718.1684837,0.0,0.0,1848.6
2025-09-30 13:30:00,FLAT,542528718.1684837,542528718.1684837,0.0,0.0,1853.4
2025-09-30 13:45:00,FLAT,542528718.1684837,542528718.1684837,0.0,0.0,1849.0
2025-09-30 14:00:00,FLAT,542528718.1684837,542528718.1684837,0.0,0.0,1860.8
2025-09-30 14:15:00,FLAT,542222756.0783176,542222756.0783176,0.0,0.0,1858.8
2025-09-30 14:30:00,FLAT,542222756.0783176,542222756.0783176,0.0,0.0,1855.0
