datetime,position,equity,cash,unrealized_pnl,close_price
2025-04-02 09:30:00,FLAT,500000000.0,500000000.0,0.0,1370.2
2025-04-02 09:45:00,FLAT,500000000.0,500000000.0,0.0,1372.4
2025-04-02 10:00:00,LONG,498994050.00000006,499794050.0,-799999.9999999545,1372.2
2025-04-02 10:15:00,LONG,498594049.99999994,499794050.0,-1200000.0000000454,1371.8
2025-04-02 10:30:00,FLAT,497342982.27272725,497342982.27272725,0.0,1371.3
2025-04-02 10:45:00,FLAT,497342982.27272725,497342982.27272725,0.0,1371.2
2025-04-02 11:00:00,FLAT,497342982.27272725,497342982.27272725,0.0,1371.3
2025-04-02 11:15:00,FLAT,497342982.27272725,497342982.27272725,0.0,1372.1
2025-04-02 11:30:00,FLAT,497342982.27272725,497342982.27272725,0.0,1372.2
2025-04-02 13:00:00,FLAT,497342982.27272725,497342982.27272725,0.0,1370.8
2025-04-02 13:15:00,FLAT,497342982.27272725,497342982.27272725,0.0,1371.3
2025-04-02 13:30:00,FLAT,497342982.27272725,497342982.27272725,0.0,1372.0
2025-04-02 13:45:00,FLAT,497342982.27272725,497342982.27272725,0.0,1373.8
2025-04-02 14:00:00,FLAT,495053641.13636345,495053641.13636345,0.0,1373.8
2025-04-02 14:15:00,FLAT,495053641.13636345,495053641.13636345,0.0,1370.9
2025-04-02 14:30:00,FLAT,495053641.13636345,495053641.13636345,0.0,1370.8
2025-04-03 09:00:00,FLAT,495053641.13636345,495053641.13636345,0.0,1331.5
2025-04-03 09:15:00,FLAT,495053641.13636345,495053641.13636345,0.0,1332.7
2025-04-03 09:30:00,FLAT,495053641.13636345,495053641.13636345,0.0,1320.0
2025-04-03 09:45:00,FLAT,495053641.13636345,495053641.13636345,0.0,1323.0
2025-04-03 10:00:00,FLAT,495053641.13636345,495053641.13636345,0.0,1320.7
2025-04-03 10:15:00,FLAT,495053641.13636345,495053641.13636345,0.0,1316.6
2025-04-03 10:30:00,FLAT,495053641.13636345,495053641.13636345,0.0,1302.8
2025-04-03 10:45:00,FLAT,495053641.13636345,495053641.13636345,0.0,1302.0
2025-04-03 11:00:00,FLAT,495053641.13636345,495053641.13636345,0.0,1301.0
2025-04-03 11:15:00,FLAT,495053641.13636345,495053641.13636345,0.0,1298.0
2025-04-03 11:30:00,FLAT,495053641.13636345,495053641.13636345,0.0,1297.5
2025-04-03 13:00:00,FLAT,495053641.13636345,495053641.13636345,0.0,1287.3
2025-04-03 13:15:00,FLAT,495053641.13636345,495053641.13636345,0.0,1283.2
2025-04-03 13:30:00,FLAT,495053641.13636345,495053641.13636345,0.0,1281.8
2025-04-03 13:45:00,FLAT,495053641.13636345,495053641.13636345,0.0,1279.5
2025-04-03 14:00:00,FLAT,495053641.13636345,495053641.13636345,0.0,1276.7
2025-04-03 14:15:00,FLAT,495053641.13636345,495053641.13636345,0.0,1275.6
2025-04-04 09:00:00,FLAT,495053641.13636345,495053641.13636345,0.0,1231.2
2025-04-04 09:15:00,FLAT,495053641.13636345,495053641.13636345,0.0,1224.5
2025-04-04 09:30:00,FLAT,495053641.13636345,495053641.13636345,0.0,1237.0
2025-04-04 09:45:00,FLAT,495053641.13636345,495053641.13636345,0.0,1242.4
2025-04-04 10:00:00,FLAT,495053641.13636345,495053641.13636345,0.0,1254.2
2025-04-04 10:15:00,FLAT,495053641.13636345,495053641.13636345,0.0,1256.1
2025-04-04 10:30:00,FLAT,495053641.13636345,495053641.13636345,0.0,1252.3
2025-04-04 10:45:00,FLAT,495053641.13636345,495053641.13636345,0.0,1239.8
2025-04-04 11:00:00,FLAT,495053641.13636345,495053641.13636345,0.0,1234.7
2025-04-04 11:15:00,FLAT,495053641.13636345,495053641.13636345,0.0,1235.6
2025-04-04 11:30:00,FLAT,495053641.13636345,495053641.13636345,0.0,1235.3
2025-04-04 13:00:00,FLAT,495053641.13636345,495053641.13636345,0.0,1242.2
2025-04-04 13:15:00,FLAT,495053641.13636345,495053641.13636345,0.0,1246.6
2025-04-04 13:30:00,FLAT,495053641.13636345,495053641.13636345,0.0,1247.5
2025-04-04 13:45:00,FLAT,495053641.13636345,495053641.13636345,0.0,1255.5
2025-04-04 14:00:00,FLAT,489668651.59090894,489668651.59090894,0.0,1253.7
2025-04-04 14:15:00,FLAT,489668651.59090894,489668651.59090894,0.0,1267.0
2025-04-04 14:30:00,FLAT,489668651.59090894,489668651.59090894,0.0,1265.1
2025-04-08 09:00:00,FLAT,489668651.59090894,489668651.59090894,0.0,1235.6
2025-04-08 09:15:00,FLAT,489668651.59090894,489668651.59090894,0.0,1212.4
2025-04-08 09:30:00,FLAT,489668651.59090894,489668651.59090894,0.0,1218.0
2025-04-08 09:45:00,FLAT,489668651.59090894,489668651.59090894,0.0,1211.4
2025-04-08 10:00:00,FLAT,489668651.59090894,489668651.59090894,0.0,1196.1
2025-04-08 10:15:00,FLAT,489668651.59090894,489668651.59090894,0.0,1185.8
2025-04-08 10:30:00,FLAT,489668651.59090894,489668651.59090894,0.0,1182.0
2025-04-08 10:45:00,FLAT,489668651.59090894,489668651.59090894,0.0,1187.1
2025-04-08 11:00:00,FLAT,489668651.59090894,489668651.59090894,0.0,1195.2
2025-04-08 11:15:00,FLAT,489668651.59090894,489668651.59090894,0.0,1205.0
2025-04-08 11:30:00,FLAT,489668651.59090894,489668651.59090894,0.0,1204.0
2025-04-08 13:00:00,FLAT,489668651.59090894,489668651.59090894,0.0,1193.9
2025-04-08 13:15:00,FLAT,489668651.59090894,489668651.59090894,0.0,1188.8
2025-04-08 13:30:00,FLAT,489668651.59090894,489668651.59090894,0.0,1193.7
2025-04-08 13:45:00,FLAT,489668651.59090894,489668651.59090894,0.0,1187.4
2025-04-08 14:00:00,FLAT,489668651.59090894,489668651.59090894,0.0,1178.5
2025-04-08 14:15:00,FLAT,489668651.59090894,489668651.59090894,0.0,1178.5
2025-04-09 09:00:00,FLAT,489668651.59090894,489668651.59090894,0.0,1130.3
2025-04-09 09:15:00,FLAT,489668651.59090894,489668651.59090894,0.0,1148.9
2025-04-09 09:30:00,FLAT,489668651.59090894,489668651.59090894,0.0,1167.0
2025-04-09 09:45:00,FLAT,489668651.59090894,489668651.59090894,0.0,1190.3
2025-04-09 10:00:00,FLAT,489668651.59090894,489668651.59090894,0.0,1188.4
2025-04-09 10:15:00,FLAT,489668651.59090894,489668651.59090894,0.0,1181.7
2025-04-09 10:30:00,FLAT,489668651.59090894,489668651.59090894,0.0,1176.6
2025-04-09 10:45:00,FLAT,489668651.59090894,489668651.59090894,0.0,1174.1
2025-04-09 11:00:00,FLAT,489668651.59090894,489668651.59090894,0.0,1184.4
2025-04-09 11:15:00,FLAT,489668651.59090894,489668651.59090894,0.0,1160.9
2025-04-09 11:30:00,FLAT,489668651.59090894,489668651.59090894,0.0,1162.0
2025-04-09 13:00:00,FLAT,489668651.59090894,489668651.59090894,0.0,1186.0
2025-04-09 13:15:00,FLAT,489668651.59090894,489668651.59090894,0.0,1189.1
2025-04-09 13:30:00,FLAT,489668651.59090894,489668651.59090894,0.0,1185.2
2025-04-09 13:45:00,FLAT,489668651.59090894,489668651.59090894,0.0,1187.0
2025-04-09 14:00:00,FLAT,489668651.59090894,489668651.59090894,0.0,1169.7
2025-04-09 14:15:00,FLAT,489668651.59090894,489668651.59090894,0.0,1162.0
2025-04-09 14:30:00,FLAT,489668651.59090894,489668651.59090894,0.0,1165.0
2025-04-10 09:00:00,FLAT,489668651.59090894,489668651.59090894,0.0,1260.3
2025-04-10 09:15:00,FLAT,489668651.59090894,489668651.59090894,0.0,1260.4
2025-04-11 09:00:00,FLAT,489668651.59090894,489668651.59090894,0.0,1265.2
2025-04-11 09:15:00,FLAT,489668651.59090894,489668651.59090894,0.0,1272.2
2025-04-11 09:30:00,FLAT,489668651.59090894,489668651.59090894,0.0,1269.9
2025-04-11 09:45:00,FLAT,489668651.59090894,489668651.59090894,0.0,1271.1
2025-04-11 10:00:00,FLAT,489668651.59090894,489668651.59090894,0.0,1285.1
2025-04-11 10:15:00,FLAT,489668651.59090894,489668651.59090894,0.0,1284.3
2025-04-11 10:30:00,FLAT,489668651.59090894,489668651.59090894,0.0,1287.6
2025-04-11 10:45:00,FLAT,489668651.59090894,489668651.59090894,0.0,1285.3
2025-04-11 11:00:00,FLAT,489668651.59090894,489668651.59090894,0.0,1288.1
2025-04-11 11:15:00,FLAT,489668651.59090894,489668651.59090894,0.0,1285.1
2025-04-11 11:30:00,FLAT,489668651.59090894,489668651.59090894,0.0,1285.4
2025-04-11 13:00:00,FLAT,489668651.59090894,489668651.59090894,0.0,1291.4
2025-04-11 13:15:00,FLAT,489668651.59090894,489668651.59090894,0.0,1294.5
2025-04-11 13:30:00,FLAT,489668651.59090894,489668651.59090894,0.0,1291.5
2025-04-11 13:45:00,FLAT,489668651.59090894,489668651.59090894,0.0,1296.0
2025-04-11 14:00:00,FLAT,489668651.59090894,489668651.59090894,0.0,1297.7
2025-04-11 14:15:00,LONG,493373876.59090906,489473876.59090894,3900000.000000091,1302.4
2025-04-11 14:30:00,LONG,496173876.590909,489473876.59090894,6700000.000000046,1305.2
2025-04-14 09:00:00,LONG,506073876.5909088,489473876.59090894,16599999.999999909,1315.1
2025-04-14 09:15:00,LONG,501673876.590909,489473876.59090894,12200000.000000045,1310.7
2025-04-14 09:30:00,LONG,501873876.59090906,489473876.59090894,12400000.000000091,1310.9
2025-04-14 09:45:00,LONG,503973876.59090894,489473876.59090894,14500000.0,1313.0
2025-04-14 10:00:00,LONG,503873876.59090906,489473876.59090894,14400000.000000091,1312.9
2025-04-14 10:15:00,LONG,504473876.59090894,489473876.59090894,15000000.0,1313.5
2025-04-14 10:30:00,LONG,504573876.5909088,489473876.59090894,15099999.999999909,1313.6
2025-04-14 10:45:00,LONG,503273876.5909089,489473876.59090894,13799999.999999955,1312.3
2025-04-14 11:00:00,LONG,501173876.590909,489473876.59090894,11700000.000000045,1310.2
2025-04-14 11:15:00,LONG,502273876.5909089,489473876.59090894,12799999.999999955,1311.3
2025-04-14 13:00:00,LONG,505173876.590909,489473876.59090894,15700000.000000045,1314.2
2025-04-14 13:15:00,LONG,505873876.59090906,489473876.59090894,16400000.000000091,1314.9
2025-04-14 13:30:00,LONG,506973876.59090894,489473876.59090894,17500000.0,1316.0
2025-04-14 13:45:00,LONG,507073876.5909089,489473876.59090894,17599999.99999991,1316.1
2025-04-14 14:00:00,LONG,509973876.59090894,489473876.59090894,20500000.0,1319.0
2025-04-14 14:15:00,LONG,510273876.5909089,489473876.59090894,20799999.999999955,1319.3
2025-04-14 14:30:00,LONG,510973876.59090894,489473876.59090894,21500000.0,1320.0
2025-04-15 09:00:00,LONG,493473876.59090894,489473876.59090894,4000000.0,1302.5
2025-04-15 09:15:00,LONG,496273876.5909089,489473876.59090894,6799999.999999954,1305.3
2025-04-15 09:30:00,LONG,500773876.5909089,489473876.59090894,11299999.999999955,1309.8
2025-04-15 09:45:00,LONG,498873876.59090906,489473876.59090894,9400000.000000091,1307.9
2025-04-15 10:00:00,LONG,504673876.590909,489473876.59090894,15200000.000000045,1313.7
2025-04-15 10:15:00,LONG,503973876.59090894,489473876.59090894,14500000.0,1313.0
2025-04-15 10:30:00,LONG,501673876.590909,489473876.59090894,12200000.000000045,1310.7
2025-04-15 10:45:00,LONG,498373876.59090906,489473876.59090894,8900000.000000091,1307.4
2025-04-15 11:00:00,LONG,498873876.59090906,489473876.59090894,9400000.000000091,1307.9
2025-04-15 11:15:00,LONG,496173876.590909,489473876.59090894,6700000.000000046,1305.2
2025-04-15 11:30:00,LONG,496273876.5909089,489473876.59090894,6799999.999999954,1305.3
2025-04-15 13:00:00,LONG,495873876.59090906,489473876.59090894,6400000.000000091,1304.9
2025-04-15 13:15:00,LONG,498073876.5909088,489473876.59090894,8599999.999999909,1307.1
2025-04-15 13:30:00,LONG,497273876.5909089,489473876.59090894,7799999.999999954,1306.3
2025-04-15 13:45:00,LONG,499973876.59090894,489473876.59090894,10500000.0,1309.0
2025-04-15 14:00:00,LONG,500573876.5909088,489473876.59090894,11099999.999999909,1309.6
2025-04-15 14:15:00,LONG,498773876.5909089,489473876.59090894,9299999.999999955,1307.8
2025-04-15 14:30:00,LONG,499373876.59090906,489473876.59090894,9900000.000000091,1308.4
2025-04-16 09:00:00,LONG,495773876.5909089,489473876.59090894,6299999.999999954,1304.8
2025-04-16 09:15:00,LONG,498473876.59090894,489473876.59090894,9000000.0,1307.5
2025-04-16 09:30:00,LONG,497773876.5909089,489473876.59090894,8299999.999999954,1306.8
2025-04-16 09:45:00,LONG,500773876.5909089,489473876.59090894,11299999.999999955,1309.8
2025-04-16 10:00:00,LONG,500873876.59090906,489473876.59090894,11400000.000000091,1309.9
2025-04-16 10:15:00,LONG,502873876.59090906,489473876.59090894,13400000.000000091,1311.9
2025-04-16 10:30:00,LONG,501073876.5909088,489473876.59090894,11599999.999999909,1310.1
2025-04-16 10:45:00,LONG,501073876.5909088,489473876.59090894,11599999.999999909,1310.1
2025-04-16 11:00:00,LONG,500073876.5909088,489473876.59090894,10599999.999999909,1309.1
2025-04-16 11:15:00,LONG,499373876.59090906,489473876.59090894,9900000.000000091,1308.4
2025-04-16 11:30:00,LONG,499373876.59090906,489473876.59090894,9900000.000000091,1308.4
2025-04-16 13:00:00,LONG,495673876.590909,489473876.59090894,6200000.000000046,1304.7
2025-04-16 13:15:00,LONG,492173876.590909,489473876.59090894,2700000.0000000456,1301.2
2025-04-16 13:30:00,LONG,487873876.59090906,489473876.59090894,-1599999.999999909,1296.9
2025-04-16 13:45:00,FLAT,485138813.6363634,485138813.6363634,0.0,1298.3
2025-04-16 14:00:00,FLAT,485138813.6363634,485138813.6363634,0.0,1289.5
2025-04-16 14:15:00,FLAT,485138813.6363634,485138813.6363634,0.0,1287.1
2025-04-16 14:30:00,FLAT,485138813.6363634,485138813.6363634,0.0,1286.5
2025-04-17 09:00:00,FLAT,485138813.6363634,485138813.6363634,0.0,1287.1
2025-04-17 09:15:00,FLAT,485138813.6363634,485138813.6363634,0.0,1294.6
2025-04-17 09:30:00,FLAT,485138813.6363634,485138813.6363634,0.0,1292.1
2025-04-17 09:45:00,FLAT,485138813.6363634,485138813.6363634,0.0,1289.9
2025-04-17 10:00:00,FLAT,485138813.6363634,485138813.6363634,0.0,1289.1
2025-04-17 10:15:00,FLAT,485138813.6363634,485138813.6363634,0.0,1286.8
2025-04-17 10:30:00,FLAT,485138813.6363634,485138813.6363634,0.0,1289.4
2025-04-17 10:45:00,FLAT,485138813.6363634,485138813.6363634,0.0,1289.7
2025-04-17 11:00:00,FLAT,485138813.6363634,485138813.6363634,0.0,1288.2
2025-04-17 11:15:00,FLAT,485138813.6363634,485138813.6363634,0.0,1288.0
2025-04-17 11:30:00,FLAT,485138813.6363634,485138813.6363634,0.0,1288.1
2025-04-17 13:00:00,FLAT,485138813.6363634,485138813.6363634,0.0,1291.2
2025-04-17 13:15:00,FLAT,485138813.6363634,485138813.6363634,0.0,1290.0
2025-04-17 13:30:00,FLAT,485138813.6363634,485138813.6363634,0.0,1291.6
2025-04-17 13:45:00,FLAT,485138813.6363634,485138813.6363634,0.0,1290.2
2025-04-17 14:00:00,FLAT,485138813.6363634,485138813.6363634,0.0,1288.3
2025-04-17 14:15:00,FLAT,485138813.6363634,485138813.6363634,0.0,1295.8
2025-04-17 14:30:00,LONG,484244308.6363633,484944308.6363634,-700000.0000000455,1296.0
2025-04-18 09:00:00,LONG,496544308.63636327,484944308.6363634,11599999.999999909,1308.3
2025-04-18 09:15:00,LONG,496144308.63636345,484944308.6363634,11200000.000000045,1307.9
2025-04-18 09:30:00,LONG,497244308.6363633,484944308.6363634,12299999.999999955,1309.0
2025-04-18 09:45:00,LONG,496744308.6363633,484944308.6363634,11799999.999999955,1308.5
2025-04-18 10:00:00,LONG,497044308.63636327,484944308.6363634,12099999.999999909,1308.8
2025-04-18 10:15:00,LONG,495544308.63636327,484944308.6363634,10599999.999999909,1307.3
2025-04-18 10:30:00,LONG,495644308.63636345,484944308.6363634,10700000.000000045,1307.4
2025-04-18 10:45:00,LONG,498244308.6363633,484944308.6363634,13299999.999999955,1310.0
2025-04-18 11:00:00,LONG,497944308.6363634,484944308.6363634,13000000.0,1309.7
2025-04-18 11:15:00,LONG,498144308.63636345,484944308.6363634,13200000.000000045,1309.9
2025-04-18 13:00:00,LONG,500044308.63636327,484944308.6363634,15099999.999999909,1311.8
2025-04-18 13:15:00,LONG,500644308.63636345,484944308.6363634,15700000.000000045,1312.4
2025-04-18 13:30:00,LONG,501044308.63636327,484944308.6363634,16099999.999999909,1312.8
2025-04-18 13:45:00,FLAT,502165372.7272723,502165372.7272723,0.0,1318.0
2025-04-18 14:00:00,FLAT,502165372.7272723,502165372.7272723,0.0,1317.4
2025-04-18 14:15:00,FLAT,502165372.7272723,502165372.7272723,0.0,1307.5
2025-04-18 14:30:00,FLAT,502165372.7272723,502165372.7272723,0.0,1307.0
2025-04-21 09:00:00,FLAT,502165372.7272723,502165372.7272723,0.0,1297.5
2025-04-21 09:15:00,FLAT,502165372.7272723,502165372.7272723,0.0,1294.1
2025-04-21 09:30:00,FLAT,502165372.7272723,502165372.7272723,0.0,1295.7
2025-04-21 09:45:00,FLAT,502165372.7272723,502165372.7272723,0.0,1295.3
2025-04-21 10:00:00,FLAT,502165372.7272723,502165372.7272723,0.0,1291.8
2025-04-21 10:15:00,FLAT,502165372.7272723,502165372.7272723,0.0,1292.3
2025-04-21 10:30:00,FLAT,502165372.7272723,502165372.7272723,0.0,1290.3
2025-04-21 10:45:00,FLAT,502165372.7272723,502165372.7272723,0.0,1290.9
2025-04-21 11:00:00,FLAT,502165372.7272723,502165372.7272723,0.0,1288.8
2025-04-21 11:15:00,FLAT,502165372.7272723,502165372.7272723,0.0,1289.2
2025-04-21 11:30:00,FLAT,502165372.7272723,502165372.7272723,0.0,1289.1
2025-04-21 13:00:00,FLAT,502165372.7272723,502165372.7272723,0.0,1291.0
2025-04-21 13:15:00,FLAT,502165372.7272723,502165372.7272723,0.0,1291.7
2025-04-21 13:30:00,FLAT,502165372.7272723,502165372.7272723,0.0,1291.5
2025-04-21 13:45:00,FLAT,502165372.7272723,502165372.7272723,0.0,1293.7
2025-04-21 14:00:00,FLAT,498795651.81818134,498795651.81818134,0.0,1289.6
2025-04-21 14:15:00,FLAT,498795651.81818134,498795651.81818134,0.0,1289.0
2025-04-21 14:30:00,FLAT,498795651.81818134,498795651.81818134,0.0,1287.0
2025-04-22 09:00:00,FLAT,498795651.81818134,498795651.81818134,0.0,1284.2
2025-04-22 09:15:00,FLAT,498795651.81818134,498795651.81818134,0.0,1284.0
2025-04-22 09:30:00,FLAT,498795651.81818134,498795651.81818134,0.0,1284.1
2025-04-22 09:45:00,FLAT,498795651.81818134,498795651.81818134,0.0,1284.5
2025-04-22 10:00:00,FLAT,498795651.81818134,498795651.81818134,0.0,1284.0
2025-04-22 10:15:00,FLAT,498795651.81818134,498795651.81818134,0.0,1285.7
2025-04-22 10:30:00,FLAT,498795651.81818134,498795651.81818134,0.0,1285.9
2025-04-22 10:45:00,FLAT,498795651.81818134,498795651.81818134,0.0,1286.3
2025-04-22 11:00:00,FLAT,498795651.81818134,498795651.81818134,0.0,1284.1
2025-04-22 11:15:00,FLAT,498795651.81818134,498795651.81818134,0.0,1275.7
2025-04-22 11:30:00,FLAT,498795651.81818134,498795651.81818134,0.0,1275.6
2025-04-22 13:00:00,FLAT,498795651.81818134,498795651.81818134,0.0,1255.6
2025-04-22 13:15:00,FLAT,498795651.81818134,498795651.81818134,0.0,1233.8
2025-04-22 13:30:00,FLAT,498795651.81818134,498795651.81818134,0.0,1238.0
2025-04-22 13:45:00,FLAT,498795651.81818134,498795651.81818134,0.0,1248.0
2025-04-22 14:00:00,FLAT,498795651.81818134,498795651.81818134,0.0,1254.0
2025-04-22 14:15:00,FLAT,498795651.81818134,498795651.81818134,0.0,1293.0
2025-04-22 14:30:00,FLAT,498795651.81818134,498795651.81818134,0.0,1297.0
2025-04-23 09:00:00,FLAT,498795651.81818134,498795651.81818134,0.0,1315.3
2025-04-23 09:15:00,FLAT,498795651.81818134,498795651.81818134,0.0,1306.9
2025-04-23 09:30:00,FLAT,498795651.81818134,498795651.81818134,0.0,1306.0
2025-04-23 09:45:00,FLAT,498795651.81818134,498795651.81818134,0.0,1302.6
2025-04-23 10:00:00,FLAT,498795651.81818134,498795651.81818134,0.0,1298.0
2025-04-23 10:15:00,FLAT,498795651.81818134,498795651.81818134,0.0,1301.7
2025-04-23 10:30:00,FLAT,498795651.81818134,498795651.81818134,0.0,1305.3
2025-04-23 10:45:00,FLAT,498795651.81818134,498795651.81818134,0.0,1306.8
2025-04-23 11:00:00,FLAT,498795651.81818134,498795651.81818134,0.0,1301.6
2025-04-23 11:15:00,FLAT,498795651.81818134,498795651.81818134,0.0,1305.8
2025-04-23 11:30:00,FLAT,498795651.81818134,498795651.81818134,0.0,1305.8
2025-04-23 13:00:00,FLAT,498795651.81818134,498795651.81818134,0.0,1304.5
2025-04-23 13:15:00,FLAT,498795651.81818134,498795651.81818134,0.0,1302.7
2025-04-23 13:30:00,FLAT,498795651.81818134,498795651.81818134,0.0,1305.7
2025-04-23 13:45:00,FLAT,498795651.81818134,498795651.81818134,0.0,1306.7
2025-04-23 14:00:00,FLAT,498795651.81818134,498795651.81818134,0.0,1302.3
2025-04-23 14:15:00,FLAT,498795651.81818134,498795651.81818134,0.0,1302.2
2025-04-23 14:30:00,FLAT,498795651.81818134,498795651.81818134,0.0,1304.5
2025-04-24 09:00:00,FLAT,498795651.81818134,498795651.81818134,0.0,1302.2
2025-04-24 09:15:00,FLAT,498795651.81818134,498795651.81818134,0.0,1304.6
2025-04-24 09:30:00,FLAT,498795651.81818134,498795651.81818134,0.0,1305.5
2025-04-24 09:45:00,FLAT,498795651.81818134,498795651.81818134,0.0,1302.1
2025-04-24 10:00:00,FLAT,498795651.81818134,498795651.81818134,0.0,1303.4
2025-04-24 10:15:00,FLAT,498795651.81818134,498795651.81818134,0.0,1299.2
2025-04-24 10:30:00,FLAT,498795651.81818134,498795651.81818134,0.0,1297.9
2025-04-24 10:45:00,FLAT,498795651.81818134,498795651.81818134,0.0,1298.1
2025-04-24 11:00:00,FLAT,498795651.81818134,498795651.81818134,0.0,1301.5
2025-04-24 11:15:00,FLAT,498795651.81818134,498795651.81818134,0.0,1300.4
2025-04-24 11:30:00,FLAT,498795651.81818134,498795651.81818134,0.0,1300.4
2025-04-24 13:00:00,FLAT,498795651.81818134,498795651.81818134,0.0,1302.8
2025-04-24 13:15:00,FLAT,498795651.81818134,498795651.81818134,0.0,1303.4
2025-04-24 13:30:00,FLAT,498795651.81818134,498795651.81818134,0.0,1302.5
2025-04-24 13:45:00,FLAT,498795651.81818134,498795651.81818134,0.0,1302.0
2025-04-24 14:00:00,FLAT,498795651.81818134,498795651.81818134,0.0,1306.2
2025-04-24 14:15:00,LONG,498999661.81818146,498599661.81818134,400000.0000000909,1307.0
2025-04-24 14:30:00,LONG,497599661.81818134,498599661.81818134,-1000000.0,1305.6
2025-04-25 09:00:00,LONG,503599661.81818134,498599661.81818134,5000000.0,1311.6
2025-04-25 09:15:00,LONG,503999661.81818146,498599661.81818134,5400000.000000091,1312.0
2025-04-25 09:30:00,LONG,503399661.8181815,498599661.81818134,4800000.000000182,1311.4
2025-04-25 09:45:00,LONG,503699661.81818146,498599661.81818134,5100000.000000136,1311.7
2025-04-25 10:00:00,LONG,501099661.81818134,498599661.81818134,2500000.0,1309.1
2025-04-25 10:15:00,LONG,501499661.81818146,498599661.81818134,2900000.000000091,1309.5
2025-04-25 10:30:00,LONG,499599661.81818134,498599661.81818134,1000000.0,1307.6
2025-04-25 10:45:00,LONG,499999661.81818146,498599661.81818134,1400000.000000091,1308.0
2025-04-25 11:00:00,LONG,500199661.81818146,498599661.81818134,1600000.0000001364,1308.2
2025-04-25 11:15:00,LONG,501099661.81818134,498599661.81818134,2500000.0,1309.1
2025-04-25 11:30:00,LONG,501299661.8181814,498599661.81818134,2700000.0000000456,1309.3
2025-04-25 13:00:00,LONG,502399661.8181815,498599661.81818134,3800000.000000182,1310.4
2025-04-25 13:15:00,LONG,503699661.81818146,498599661.81818134,5100000.000000136,1311.7
2025-04-25 13:30:00,LONG,503499661.81818146,498599661.81818134,4900000.000000091,1311.5
2025-04-25 13:45:00,LONG,502199661.81818146,498599661.81818134,3600000.0000001364,1310.2
2025-04-25 14:00:00,LONG,502899661.8181815,498599661.81818134,4300000.000000182,1310.9
2025-04-25 14:15:00,LONG,502099661.81818134,498599661.81818134,3500000.0,1310.1
2025-04-25 14:30:00,LONG,502999661.81818146,498599661.81818134,4400000.000000091,1311.0
2025-04-28 09:00:00,LONG,505899661.8181815,498599661.81818134,7300000.000000182,1313.9
2025-04-28 09:15:00,LONG,501799661.8181814,498599661.81818134,3200000.0000000456,1309.8
2025-04-28 09:30:00,LONG,501699661.81818146,498599661.81818134,3100000.0000001364,1309.7
2025-04-28 09:45:00,LONG,501099661.81818134,498599661.81818134,2500000.0,1309.1
2025-04-28 10:00:00,LONG,500699661.81818146,498599661.81818134,2100000.0000001364,1308.7
2025-04-28 10:15:00,LONG,500999661.81818146,498599661.81818134,2400000.000000091,1309.0
2025-04-28 10:30:00,LONG,500299661.8181814,498599661.81818134,1700000.0000000454,1308.3
2025-04-28 10:45:00,LONG,499199661.81818146,498599661.81818134,600000.0000001364,1307.2
2025-04-28 11:00:00,LONG,499899661.8181815,498599661.81818134,1300000.0000001818,1307.9
2025-04-28 11:15:00,LONG,500599661.81818134,498599661.81818134,2000000.0,1308.6
2025-04-28 13:00:00,LONG,500799661.8181814,498599661.81818134,2200000.0000000456,1308.8
2025-04-28 13:15:00,LONG,501599661.81818134,498599661.81818134,3000000.0,1309.6
2025-04-28 13:30:00,LONG,502799661.8181814,498599661.81818134,4200000.000000046,1310.8
2025-04-28 13:45:00,LONG,503399661.8181815,498599661.81818134,4800000.000000182,1311.4
2025-04-28 14:00:00,LONG,501899661.8181815,498599661.81818134,3300000.000000182,1309.9
2025-04-28 14:15:00,LONG,503199661.81818146,498599661.81818134,4600000.000000136,1311.2
2025-04-28 14:30:00,LONG,503899661.8181815,498599661.81818134,5300000.000000182,1311.9
2025-04-29 09:00:00,LONG,502399661.8181815,498599661.81818134,3800000.000000182,1310.4
2025-04-29 09:15:00,LONG,500199661.81818146,498599661.81818134,1600000.0000001364,1308.2
2025-04-29 09:30:00,LONG,499899661.8181815,498599661.81818134,1300000.0000001818,1307.9
2025-04-29 09:45:00,LONG,501499661.81818146,498599661.81818134,2900000.000000091,1309.5
2025-04-29 10:00:00,LONG,501699661.81818146,498599661.81818134,3100000.0000001364,1309.7
2025-04-29 10:15:00,LONG,500799661.8181814,498599661.81818134,2200000.0000000456,1308.8
2025-04-29 10:30:00,LONG,500399661.8181815,498599661.81818134,1800000.0000001818,1308.4
2025-04-29 10:45:00,LONG,500999661.81818146,498599661.81818134,2400000.000000091,1309.0
2025-04-29 11:00:00,LONG,500799661.8181814,498599661.81818134,2200000.0000000456,1308.8
2025-04-29 11:15:00,LONG,500899661.8181815,498599661.81818134,2300000.000000182,1308.9
2025-04-29 11:30:00,LONG,500699661.81818146,498599661.81818134,2100000.0000001364,1308.7
2025-04-29 13:00:00,LONG,501199661.81818146,498599661.81818134,2600000.0000001364,1309.2
2025-04-29 13:15:00,LONG,501999661.81818146,498599661.81818134,3400000.000000091,1310.0
2025-04-29 13:30:00,LONG,503299661.8181814,498599661.81818134,4700000.000000046,1311.3
2025-04-29 13:45:00,LONG,503699661.81818146,498599661.81818134,5100000.000000136,1311.7
2025-04-29 14:00:00,LONG,503499661.81818146,498599661.81818134,4900000.000000091,1311.5
2025-04-29 14:15:00,LONG,501299661.8181814,498599661.81818134,2700000.0000000456,1309.3
2025-04-29 14:30:00,LONG,501099661.81818134,498599661.81818134,2500000.0,1309.1
2025-05-05 09:00:00,LONG,503899661.8181815,498599661.81818134,5300000.000000182,1311.9
2025-05-05 09:15:00,LONG,500999661.81818146,498599661.81818134,2400000.000000091,1309.0
2025-05-05 09:30:00,LONG,501699661.81818146,498599661.81818134,3100000.0000001364,1309.7
2025-05-05 09:45:00,LONG,501499661.81818146,498599661.81818134,2900000.000000091,1309.5
2025-05-05 10:00:00,LONG,502199661.81818146,498599661.81818134,3600000.0000001364,1310.2
2025-05-05 10:15:00,LONG,501299661.8181814,498599661.81818134,2700000.0000000456,1309.3
2025-05-05 10:30:00,LONG,500799661.8181814,498599661.81818134,2200000.0000000456,1308.8
2025-05-05 10:45:00,LONG,501399661.8181815,498599661.81818134,2800000.000000182,1309.4
2025-05-05 11:00:00,LONG,502099661.81818134,498599661.81818134,3500000.0,1310.1
2025-05-05 11:15:00,LONG,502199661.81818146,498599661.81818134,3600000.0000001364,1310.2
2025-05-05 13:00:00,LONG,503399661.8181815,498599661.81818134,4800000.000000182,1311.4
2025-05-05 13:15:00,LONG,503299661.8181814,498599661.81818134,4700000.000000046,1311.3
2025-05-05 13:30:00,LONG,503099661.81818134,498599661.81818134,4500000.0,1311.1
2025-05-05 13:45:00,LONG,505999661.81818146,498599661.81818134,7400000.000000091,1314.0
2025-05-05 14:00:00,LONG,507399661.8181815,498599661.81818134,8800000.000000183,1315.4
2025-05-05 14:15:00,LONG,507399661.8181815,498599661.81818134,8800000.000000183,1315.4
2025-05-05 14:30:00,LONG,506499661.81818146,498599661.81818134,7900000.000000091,1314.5
2025-05-06 09:00:00,LONG,511499661.81818146,498599661.81818134,12900000.000000091,1319.5
2025-05-06 09:15:00,LONG,513199661.81818146,498599661.81818134,14600000.000000136,1321.2
2025-05-06 09:30:00,LONG,511699661.81818146,498599661.81818134,13100000.000000136,1319.7
2025-05-06 09:45:00,LONG,512699661.81818146,498599661.81818134,14100000.000000136,1320.7
2025-05-06 10:00:00,LONG,515199661.81818146,498599661.81818134,16600000.000000136,1323.2
2025-05-06 10:15:00,LONG,514999661.81818146,498599661.81818134,16400000.000000091,1323.0
2025-05-06 10:30:00,FLAT,515682897.7272722,515682897.7272722,0.0,1324.4
2025-05-06 10:45:00,FLAT,515682897.7272722,515682897.7272722,0.0,1322.2
2025-05-06 11:00:00,FLAT,515682897.7272722,515682897.7272722,0.0,1322.4
2025-05-06 11:15:00,FLAT,515682897.7272722,515682897.7272722,0.0,1323.2
2025-05-06 13:00:00,FLAT,515682897.7272722,515682897.7272722,0.0,1323.4
2025-05-06 13:15:00,FLAT,515682897.7272722,515682897.7272722,0.0,1326.8
2025-05-06 13:30:00,FLAT,515682897.7272722,515682897.7272722,0.0,1329.8
2025-05-06 13:45:00,FLAT,515682897.7272722,515682897.7272722,0.0,1325.8
2025-05-06 14:00:00,FLAT,515682897.7272722,515682897.7272722,0.0,1322.3
2025-05-06 14:15:00,FLAT,515682897.7272722,515682897.7272722,0.0,1318.7
2025-05-06 14:30:00,FLAT,515682897.7272722,515682897.7272722,0.0,1317.0
2025-05-07 09:00:00,FLAT,515682897.7272722,515682897.7272722,0.0,1318.0
2025-05-07 09:15:00,FLAT,515682897.7272722,515682897.7272722,0.0,1320.0
2025-05-07 09:30:00,FLAT,515682897.7272722,515682897.7272722,0.0,1321.2
2025-05-07 09:45:00,FLAT,515682897.7272722,515682897.7272722,0.0,1320.8
2025-05-07 10:00:00,FLAT,515682897.7272722,515682897.7272722,0.0,1320.9
2025-05-07 10:15:00,FLAT,515682897.7272722,515682897.7272722,0.0,1321.2
2025-05-07 10:30:00,FLAT,515682897.7272722,515682897.7272722,0.0,1320.9
2025-05-07 10:45:00,FLAT,515682897.7272722,515682897.7272722,0.0,1319.7
2025-05-07 11:00:00,FLAT,515682897.7272722,515682897.7272722,0.0,1320.7
2025-05-07 11:15:00,FLAT,515682897.7272722,515682897.7272722,0.0,1320.2
2025-05-07 13:00:00,FLAT,515682897.7272722,515682897.7272722,0.0,1324.2
2025-05-07 13:15:00,FLAT,515682897.7272722,515682897.7272722,0.0,1321.6
2025-05-07 13:30:00,FLAT,515682897.7272722,515682897.7272722,0.0,1322.4
2025-05-07 13:45:00,FLAT,515682897.7272722,515682897.7272722,0.0,1322.9
2025-05-07 14:00:00,FLAT,515682897.7272722,515682897.7272722,0.0,1324.0
2025-05-07 14:15:00,FLAT,515682897.7272722,515682897.7272722,0.0,1324.6
2025-05-07 14:30:00,FLAT,515682897.7272722,515682897.7272722,0.0,1326.0
2025-05-08 09:00:00,FLAT,515682897.7272722,515682897.7272722,0.0,1327.9
2025-05-08 09:15:00,FLAT,515682897.7272722,515682897.7272722,0.0,1328.3
2025-05-08 09:30:00,FLAT,515682897.7272722,515682897.7272722,0.0,1326.7
2025-05-08 09:45:00,FLAT,515682897.7272722,515682897.7272722,0.0,1328.1
2025-05-08 10:00:00,FLAT,515682897.7272722,515682897.7272722,0.0,1327.1
2025-05-08 10:15:00,FLAT,515682897.7272722,515682897.7272722,0.0,1328.2
2025-05-08 10:30:00,FLAT,515682897.7272722,515682897.7272722,0.0,1327.2
2025-05-08 10:45:00,FLAT,515682897.7272722,515682897.7272722,0.0,1326.8
2025-05-08 11:00:00,FLAT,515682897.7272722,515682897.7272722,0.0,1326.9
2025-05-08 11:15:00,FLAT,515682897.7272722,515682897.7272722,0.0,1327.4
2025-05-08 13:00:00,FLAT,515682897.7272722,515682897.7272722,0.0,1329.5
2025-05-08 13:15:00,FLAT,515682897.7272722,515682897.7272722,0.0,1336.5
2025-05-08 13:30:00,FLAT,515682897.7272722,515682897.7272722,0.0,1337.9
2025-05-08 13:45:00,FLAT,515682897.7272722,515682897.7272722,0.0,1345.7
2025-05-08 14:00:00,FLAT,515682897.7272722,515682897.7272722,0.0,1345.8
2025-05-08 14:15:00,FLAT,515682897.7272722,515682897.7272722,0.0,1354.4
2025-05-08 14:30:00,FLAT,515682897.7272722,515682897.7272722,0.0,1356.2
2025-05-09 09:00:00,FLAT,515682897.7272722,515682897.7272722,0.0,1351.4
2025-05-09 09:15:00,FLAT,515682897.7272722,515682897.7272722,0.0,1352.7
2025-05-09 09:30:00,FLAT,515682897.7272722,515682897.7272722,0.0,1349.9
2025-05-09 09:45:00,FLAT,515682897.7272722,515682897.7272722,0.0,1347.9
2025-05-09 10:00:00,FLAT,515682897.7272722,515682897.7272722,0.0,1349.0
2025-05-09 10:15:00,FLAT,515682897.7272722,515682897.7272722,0.0,1349.3
2025-05-09 10:30:00,FLAT,515682897.7272722,515682897.7272722,0.0,1350.6
2025-05-09 10:45:00,FLAT,515682897.7272722,515682897.7272722,0.0,1349.6
2025-05-09 11:00:00,FLAT,515682897.7272722,515682897.7272722,0.0,1350.3
2025-05-09 11:15:00,FLAT,515682897.7272722,515682897.7272722,0.0,1352.6
2025-05-09 13:00:00,FLAT,515682897.7272722,515682897.7272722,0.0,1356.7
2025-05-09 13:15:00,FLAT,515682897.7272722,515682897.7272722,0.0,1354.7
2025-05-09 13:30:00,FLAT,515682897.7272722,515682897.7272722,0.0,1352.0
2025-05-09 13:45:00,FLAT,515682897.7272722,515682897.7272722,0.0,1350.8
2025-05-09 14:00:00,FLAT,515682897.7272722,515682897.7272722,0.0,1350.4
2025-05-09 14:15:00,FLAT,515682897.7272722,515682897.7272722,0.0,1349.9
2025-05-09 14:30:00,FLAT,515682897.7272722,515682897.7272722,0.0,1351.0
2025-05-12 09:00:00,FLAT,515682897.7272722,515682897.7272722,0.0,1357.9
2025-05-12 09:15:00,FLAT,515682897.7272722,515682897.7272722,0.0,1363.6
2025-05-12 09:30:00,FLAT,515682897.7272722,515682897.7272722,0.0,1363.7
2025-05-12 09:45:00,FLAT,515682897.7272722,515682897.7272722,0.0,1363.1
2025-05-12 10:00:00,FLAT,515682897.7272722,515682897.7272722,0.0,1360.0
2025-05-12 10:15:00,FLAT,515682897.7272722,515682897.7272722,0.0,1356.8
2025-05-12 10:30:00,FLAT,515682897.7272722,515682897.7272722,0.0,1354.7
2025-05-12 10:45:00,FLAT,515682897.7272722,515682897.7272722,0.0,1355.9
2025-05-12 11:00:00,FLAT,515682897.7272722,515682897.7272722,0.0,1358.2
2025-05-12 11:15:00,FLAT,515682897.7272722,515682897.7272722,0.0,1362.8
2025-05-12 13:00:00,FLAT,515682897.7272722,515682897.7272722,0.0,1362.7
2025-05-12 13:15:00,FLAT,515682897.7272722,515682897.7272722,0.0,1362.5
2025-05-12 13:30:00,FLAT,515682897.7272722,515682897.7272722,0.0,1364.6
2025-05-12 13:45:00,FLAT,515682897.7272722,515682897.7272722,0.0,1363.1
2025-05-12 14:00:00,FLAT,515682897.7272722,515682897.7272722,0.0,1375.5
2025-05-12 14:15:00,LONG,515476572.7272722,515476572.7272722,0.0,1375.5
2025-05-12 14:30:00,LONG,515276572.72727215,515476572.7272722,-200000.00000004546,1375.3
2025-05-13 09:00:00,LONG,517876572.72727233,515476572.7272722,2400000.000000091,1377.9
2025-05-13 09:15:00,FLAT,512366137.95454484,512366137.95454484,0.0,1373.2
2025-05-13 09:30:00,FLAT,512366137.95454484,512366137.95454484,0.0,1374.2
2025-05-13 09:45:00,FLAT,512366137.95454484,512366137.95454484,0.0,1375.0
2025-05-13 10:00:00,FLAT,512366137.95454484,512366137.95454484,0.0,1376.4
2025-05-13 10:15:00,FLAT,512366137.95454484,512366137.95454484,0.0,1376.4
2025-05-13 10:30:00,FLAT,512366137.95454484,512366137.95454484,0.0,1376.0
2025-05-13 10:45:00,FLAT,512366137.95454484,512366137.95454484,0.0,1375.8
2025-05-13 11:00:00,FLAT,512366137.95454484,512366137.95454484,0.0,1377.3
2025-05-13 11:15:00,FLAT,512366137.95454484,512366137.95454484,0.0,1376.4
2025-05-13 13:00:00,FLAT,512366137.95454484,512366137.95454484,0.0,1375.6
2025-05-13 13:15:00,FLAT,512366137.95454484,512366137.95454484,0.0,1376.3
2025-05-13 13:30:00,FLAT,512366137.95454484,512366137.95454484,0.0,1375.5
2025-05-13 13:45:00,FLAT,512366137.95454484,512366137.95454484,0.0,1377.2
2025-05-13 14:00:00,FLAT,512366137.95454484,512366137.95454484,0.0,1374.4
2025-05-13 14:15:00,FLAT,512366137.95454484,512366137.95454484,0.0,1376.0
2025-05-13 14:30:00,FLAT,512366137.95454484,512366137.95454484,0.0,1376.5
2025-05-14 09:00:00,FLAT,512366137.95454484,512366137.95454484,0.0,1378.4
2025-05-14 09:15:00,FLAT,512366137.95454484,512366137.95454484,0.0,1385.0
2025-05-14 09:30:00,FLAT,512366137.95454484,512366137.95454484,0.0,1387.3
2025-05-14 09:45:00,FLAT,512366137.95454484,512366137.95454484,0.0,1392.0
2025-05-14 10:00:00,FLAT,512366137.95454484,512366137.95454484,0.0,1393.2
2025-05-14 10:15:00,FLAT,512366137.95454484,512366137.95454484,0.0,1389.4
2025-05-14 10:30:00,LONG,512157667.95454484,512157667.95454484,0.0,1389.8
2025-05-14 10:45:00,LONG,514057667.95454496,512157667.95454484,1900000.000000091,1391.7
2025-05-14 11:00:00,LONG,514157667.95454484,512157667.95454484,2000000.0,1391.8
2025-05-14 11:15:00,LONG,515657667.95454484,512157667.95454484,3500000.0,1393.3
2025-05-14 13:00:00,LONG,515957667.9545448,512157667.95454484,3799999.9999999544,1393.6
2025-05-14 13:15:00,LONG,516857667.9545449,512157667.95454484,4700000.000000046,1394.5
2025-05-14 13:30:00,LONG,514957667.9545448,512157667.95454484,2799999.9999999544,1392.6
2025-05-14 13:45:00,LONG,517457667.9545448,512157667.95454484,5299999.999999954,1395.1
2025-05-14 14:00:00,LONG,517857667.9545449,512157667.95454484,5700000.000000046,1395.5
2025-05-14 14:15:00,LONG,518357667.9545449,512157667.95454484,6200000.000000046,1396.0
2025-05-14 14:30:00,LONG,518857667.9545449,512157667.95454484,6700000.000000046,1396.5
2025-05-15 09:00:00,LONG,518957667.9545448,512157667.95454484,6799999.999999954,1396.6
2025-05-15 09:15:00,LONG,518157667.95454484,512157667.95454484,6000000.0,1395.8
2025-05-15 09:30:00,LONG,517657667.95454484,512157667.95454484,5500000.0,1395.3
2025-05-15 09:45:00,LONG,515757667.95454496,512157667.95454484,3600000.0000001364,1393.4
2025-05-15 10:00:00,LONG,514757667.95454496,512157667.95454484,2600000.0000001364,1392.4
2025-05-15 10:15:00,LONG,513857667.9545449,512157667.95454484,1700000.0000000454,1391.5
2025-05-15 10:30:00,LONG,512857667.9545449,512157667.95454484,700000.0000000455,1390.5
2025-05-15 10:45:00,FLAT,508867842.04545397,508867842.04545397,0.0,1389.0
2025-05-15 11:00:00,FLAT,508867842.04545397,508867842.04545397,0.0,1390.4
2025-05-15 11:15:00,FLAT,508867842.04545397,508867842.04545397,0.0,1391.2
2025-05-15 13:00:00,FLAT,508867842.04545397,508867842.04545397,0.0,1391.8
2025-05-15 13:15:00,FLAT,508867842.04545397,508867842.04545397,0.0,1394.7
2025-05-15 13:30:00,FLAT,508867842.04545397,508867842.04545397,0.0,1394.6
2025-05-15 13:45:00,FLAT,508867842.04545397,508867842.04545397,0.0,1396.8
2025-05-15 14:00:00,FLAT,508867842.04545397,508867842.04545397,0.0,1395.2
2025-05-15 14:15:00,FLAT,508867842.04545397,508867842.04545397,0.0,1400.8
2025-05-15 14:30:00,LONG,508357617.045454,508657617.04545397,-299999.99999995454,1401.2
2025-05-16 09:00:00,FLAT,504148037.045454,504148037.045454,0.0,1395.0
2025-05-16 09:15:00,FLAT,504148037.045454,504148037.045454,0.0,1394.4
2025-05-16 09:30:00,FLAT,504148037.045454,504148037.045454,0.0,1391.7
2025-05-16 09:45:00,FLAT,504148037.045454,504148037.045454,0.0,1393.8
2025-05-16 10:00:00,FLAT,504148037.045454,504148037.045454,0.0,1392.0
2025-05-16 10:15:00,FLAT,504148037.045454,504148037.045454,0.0,1395.0
2025-05-16 10:30:00,FLAT,504148037.045454,504148037.045454,0.0,1393.2
2025-05-16 10:45:00,FLAT,504148037.045454,504148037.045454,0.0,1389.0
2025-05-16 11:00:00,FLAT,504148037.045454,504148037.045454,0.0,1386.0
2025-05-16 11:15:00,FLAT,504148037.045454,504148037.045454,0.0,1389.4
2025-05-16 11:30:00,FLAT,504148037.045454,504148037.045454,0.0,1389.5
2025-05-16 13:00:00,FLAT,504148037.045454,504148037.045454,0.0,1388.5
2025-05-16 13:15:00,FLAT,504148037.045454,504148037.045454,0.0,1388.6
2025-05-16 13:30:00,FLAT,504148037.045454,504148037.045454,0.0,1386.4
2025-05-16 13:45:00,FLAT,504148037.045454,504148037.045454,0.0,1388.0
2025-05-16 14:00:00,FLAT,504148037.045454,504148037.045454,0.0,1388.0
2025-05-16 14:15:00,FLAT,504148037.045454,504148037.045454,0.0,1387.2
2025-05-16 14:30:00,FLAT,504148037.045454,504148037.045454,0.0,1388.0
2025-05-19 09:00:00,FLAT,504148037.045454,504148037.045454,0.0,1375.9
2025-05-19 09:15:00,FLAT,504148037.045454,504148037.045454,0.0,1377.5
2025-05-19 09:30:00,FLAT,504148037.045454,504148037.045454,0.0,1378.7
2025-05-19 09:45:00,FLAT,504148037.045454,504148037.045454,0.0,1376.5
2025-05-19 10:00:00,FLAT,504148037.045454,504148037.045454,0.0,1381.0
2025-05-19 10:15:00,FLAT,504148037.045454,504148037.045454,0.0,1381.7
2025-05-19 10:30:00,LONG,504940692.045454,503940692.045454,1000000.0,1383.3
2025-05-19 10:45:00,LONG,508540692.04545414,503940692.045454,4600000.000000136,1386.9
2025-05-19 11:00:00,LONG,509140692.0454541,503940692.045454,5200000.000000046,1387.5
2025-05-19 11:15:00,LONG,507540692.04545414,503940692.045454,3600000.0000001364,1385.9
2025-05-19 13:00:00,LONG,507840692.04545414,503940692.045454,3900000.000000091,1386.2
2025-05-19 13:15:00,LONG,509540692.04545414,503940692.045454,5600000.000000136,1387.9
2025-05-19 13:30:00,LONG,507840692.04545414,503940692.045454,3900000.000000091,1386.2
2025-05-19 13:45:00,LONG,504140692.0454541,503940692.045454,200000.00000004546,1382.5
2025-05-19 14:00:00,LONG,505940692.045454,503940692.045454,2000000.0,1384.3
2025-05-19 14:15:00,LONG,503140692.0454541,503940692.045454,-799999.9999999545,1381.5
2025-05-19 14:30:00,LONG,504240692.04545397,503940692.045454,299999.99999995454,1382.6
2025-05-20 09:00:00,LONG,504040692.04545414,503940692.045454,100000.00000013642,1382.4
2025-05-20 09:15:00,LONG,511040692.04545414,503940692.045454,7100000.000000136,1389.4
2025-05-20 09:30:00,LONG,510440692.045454,503940692.045454,6500000.0,1388.8
2025-05-20 09:45:00,LONG,509840692.04545414,503940692.045454,5900000.000000091,1388.2
2025-05-20 10:00:00,LONG,511740692.04545397,503940692.045454,7799999.999999954,1390.1
2025-05-20 10:15:00,LONG,517540692.04545414,503940692.045454,13600000.000000136,1395.9
2025-05-20 10:30:00,LONG,518140692.0454541,503940692.045454,14200000.000000045,1396.5
2025-05-20 10:45:00,LONG,521140692.0454541,503940692.045454,17200000.000000045,1399.5
2025-05-20 11:00:00,LONG,520740692.04545397,503940692.045454,16799999.999999955,1399.1
2025-05-20 11:15:00,FLAT,524948346.1363633,524948346.1363633,0.0,1402.1
2025-05-20 11:30:00,FLAT,524948346.1363633,524948346.1363633,0.0,1402.3
2025-05-20 13:00:00,FLAT,524948346.1363633,524948346.1363633,0.0,1406.0
2025-05-20 13:15:00,FLAT,524948346.1363633,524948346.1363633,0.0,1401.3
2025-05-20 13:30:00,FLAT,524948346.1363633,524948346.1363633,0.0,1405.2
2025-05-20 13:45:00,FLAT,524948346.1363633,524948346.1363633,0.0,1404.8
2025-05-20 14:00:00,FLAT,524948346.1363633,524948346.1363633,0.0,1403.6
2025-05-20 14:15:00,FLAT,524948346.1363633,524948346.1363633,0.0,1406.5
2025-05-20 14:30:00,FLAT,524948346.1363633,524948346.1363633,0.0,1407.7
2025-05-21 09:00:00,FLAT,524948346.1363633,524948346.1363633,0.0,1418.5
2025-05-21 09:15:00,FLAT,524948346.1363633,524948346.1363633,0.0,1416.9
2025-05-21 09:30:00,FLAT,524948346.1363633,524948346.1363633,0.0,1421.6
2025-05-21 09:45:00,FLAT,524948346.1363633,524948346.1363633,0.0,1414.3
2025-05-21 10:00:00,FLAT,524948346.1363633,524948346.1363633,0.0,1411.3
2025-05-21 10:15:00,FLAT,524948346.1363633,524948346.1363633,0.0,1412.7
2025-05-21 10:30:00,FLAT,524948346.1363633,524948346.1363633,0.0,1413.2
2025-05-21 10:45:00,FLAT,524948346.1363633,524948346.1363633,0.0,1413.0
2025-05-21 11:00:00,FLAT,524948346.1363633,524948346.1363633,0.0,1411.8
2025-05-21 11:15:00,FLAT,524948346.1363633,524948346.1363633,0.0,1411.4
2025-05-21 11:30:00,FLAT,524948346.1363633,524948346.1363633,0.0,1411.1
2025-05-21 13:00:00,FLAT,524948346.1363633,524948346.1363633,0.0,1412.6
2025-05-21 13:15:00,FLAT,524948346.1363633,524948346.1363633,0.0,1412.5
2025-05-21 13:30:00,FLAT,524948346.1363633,524948346.1363633,0.0,1413.9
2025-05-21 13:45:00,FLAT,524948346.1363633,524948346.1363633,0.0,1413.8
2025-05-21 14:00:00,FLAT,524948346.1363633,524948346.1363633,0.0,1413.6
2025-05-21 14:15:00,FLAT,524948346.1363633,524948346.1363633,0.0,1414.5
2025-05-21 14:30:00,FLAT,524948346.1363633,524948346.1363633,0.0,1413.5
2025-05-22 09:00:00,FLAT,524948346.1363633,524948346.1363633,0.0,1407.5
2025-05-22 09:15:00,FLAT,524948346.1363633,524948346.1363633,0.0,1411.8
2025-05-22 09:30:00,FLAT,524948346.1363633,524948346.1363633,0.0,1411.2
2025-05-22 09:45:00,FLAT,524948346.1363633,524948346.1363633,0.0,1410.1
2025-05-22 10:00:00,FLAT,524948346.1363633,524948346.1363633,0.0,1413.1
2025-05-22 10:15:00,FLAT,524948346.1363633,524948346.1363633,0.0,1412.9
2025-05-22 10:30:00,FLAT,524948346.1363633,524948346.1363633,0.0,1413.7
2025-05-22 10:45:00,FLAT,524948346.1363633,524948346.1363633,0.0,1416.0
2025-05-22 11:00:00,LONG,525235886.1363633,524735886.1363633,500000.0,1416.9
2025-05-22 11:15:00,LONG,527935886.13636315,524735886.1363633,3199999.999999818,1419.6
2025-05-22 11:30:00,LONG,528035886.13636327,524735886.1363633,3299999.9999999544,1419.7
2025-05-22 13:00:00,FLAT,521878368.4090905,521878368.4090905,0.0,1415.6
2025-05-22 13:15:00,FLAT,521878368.4090905,521878368.4090905,0.0,1416.0
2025-05-22 13:30:00,FLAT,521878368.4090905,521878368.4090905,0.0,1413.9
2025-05-22 13:45:00,FLAT,521878368.4090905,521878368.4090905,0.0,1415.2
2025-05-22 14:00:00,FLAT,521878368.4090905,521878368.4090905,0.0,1409.0
2025-05-22 14:15:00,FLAT,521878368.4090905,521878368.4090905,0.0,1409.5
2025-05-22 14:30:00,FLAT,521878368.4090905,521878368.4090905,0.0,1408.0
2025-05-23 09:00:00,FLAT,521878368.4090905,521878368.4090905,0.0,1405.5
2025-05-23 09:15:00,FLAT,521878368.4090905,521878368.4090905,0.0,1405.3
2025-05-23 09:30:00,FLAT,521878368.4090905,521878368.4090905,0.0,1407.1
2025-05-23 09:45:00,FLAT,521878368.4090905,521878368.4090905,0.0,1407.8
2025-05-23 10:00:00,FLAT,521878368.4090905,521878368.4090905,0.0,1405.5
2025-05-23 10:15:00,FLAT,521878368.4090905,521878368.4090905,0.0,1401.6
2025-05-23 10:30:00,FLAT,521878368.4090905,521878368.4090905,0.0,1403.9
2025-05-23 10:45:00,FLAT,521878368.4090905,521878368.4090905,0.0,1406.1
2025-05-23 11:00:00,FLAT,521878368.4090905,521878368.4090905,0.0,1406.4
2025-05-23 11:15:00,FLAT,521878368.4090905,521878368.4090905,0.0,1406.3
2025-05-23 13:00:00,FLAT,521878368.4090905,521878368.4090905,0.0,1405.9
2025-05-23 13:15:00,FLAT,521878368.4090905,521878368.4090905,0.0,1405.1
2025-05-23 13:30:00,FLAT,521878368.4090905,521878368.4090905,0.0,1405.5
2025-05-23 13:45:00,FLAT,521878368.4090905,521878368.4090905,0.0,1403.2
2025-05-23 14:00:00,FLAT,521878368.4090905,521878368.4090905,0.0,1405.1
2025-05-23 14:15:00,FLAT,521878368.4090905,521878368.4090905,0.0,1406.3
2025-05-23 14:30:00,FLAT,521878368.4090905,521878368.4090905,0.0,1407.6
2025-05-26 09:00:00,FLAT,521878368.4090905,521878368.4090905,0.0,1407.9
2025-05-26 09:15:00,FLAT,521878368.4090905,521878368.4090905,0.0,1400.7
2025-05-26 09:30:00,FLAT,521878368.4090905,521878368.4090905,0.0,1381.9
2025-05-26 09:45:00,FLAT,521878368.4090905,521878368.4090905,0.0,1391.9
2025-05-26 10:00:00,FLAT,521878368.4090905,521878368.4090905,0.0,1390.0
2025-05-26 10:15:00,FLAT,521878368.4090905,521878368.4090905,0.0,1391.2
2025-05-26 10:30:00,FLAT,521878368.4090905,521878368.4090905,0.0,1390.8
2025-05-26 10:45:00,FLAT,521878368.4090905,521878368.4090905,0.0,1391.6
2025-05-26 11:00:00,FLAT,521878368.4090905,521878368.4090905,0.0,1395.2
2025-05-26 11:15:00,FLAT,521878368.4090905,521878368.4090905,0.0,1394.9
2025-05-26 13:00:00,FLAT,521878368.4090905,521878368.4090905,0.0,1397.7
2025-05-26 13:15:00,FLAT,521878368.4090905,521878368.4090905,0.0,1398.5
2025-05-26 13:30:00,FLAT,521878368.4090905,521878368.4090905,0.0,1403.2
2025-05-26 13:45:00,FLAT,521878368.4090905,521878368.4090905,0.0,1402.7
2025-05-26 14:00:00,FLAT,521878368.4090905,521878368.4090905,0.0,1408.5
2025-05-26 14:15:00,LONG,529767078.40909064,521667078.4090905,8100000.000000136,1416.7
2025-05-26 14:30:00,LONG,530067078.40909064,521667078.4090905,8400000.000000091,1417.0
2025-05-27 09:00:00,LONG,530067078.40909064,521667078.4090905,8400000.000000091,1417.0
2025-05-27 09:15:00,LONG,523667078.4090905,521667078.4090905,2000000.0,1410.6
2025-05-27 09:30:00,LONG,523967078.4090907,521667078.4090905,2300000.000000182,1410.9
2025-05-27 09:45:00,LONG,523767078.40909064,521667078.4090905,2100000.0000001364,1410.7
2025-05-27 10:00:00,LONG,526067078.40909064,521667078.4090905,4400000.000000091,1413.0
2025-05-27 10:15:00,LONG,527067078.40909064,521667078.4090905,5400000.000000091,1414.0
2025-05-27 10:30:00,LONG,524767078.40909064,521667078.4090905,3100000.0000001364,1411.7
2025-05-27 10:45:00,LONG,526867078.4090906,521667078.4090905,5200000.000000046,1413.8
2025-05-27 11:00:00,LONG,526167078.4090905,521667078.4090905,4500000.0,1413.1
2025-05-27 11:15:00,LONG,527967078.4090907,521667078.4090905,6300000.000000182,1414.9
2025-05-27 13:00:00,LONG,525767078.40909064,521667078.4090905,4100000.0000001364,1412.7
2025-05-27 13:15:00,LONG,526867078.4090906,521667078.4090905,5200000.000000046,1413.8
2025-05-27 13:30:00,LONG,526767078.40909064,521667078.4090905,5100000.000000136,1413.7
2025-05-27 13:45:00,LONG,528067078.40909064,521667078.4090905,6400000.000000091,1415.0
2025-05-27 14:00:00,LONG,525067078.40909064,521667078.4090905,3400000.000000091,1412.0
2025-05-27 14:15:00,LONG,526067078.40909064,521667078.4090905,4400000.000000091,1413.0
2025-05-27 14:30:00,LONG,524267078.40909064,521667078.4090905,2600000.0000001364,1411.2
2025-05-28 09:00:00,LONG,535967078.4090907,521667078.4090905,14300000.000000183,1422.9
2025-05-28 09:15:00,LONG,532167078.4090905,521667078.4090905,10500000.0,1419.1
2025-05-28 09:30:00,LONG,536667078.4090905,521667078.4090905,15000000.0,1423.6
2025-05-28 09:45:00,LONG,534867078.4090906,521667078.4090905,13200000.000000045,1421.8
2025-05-28 10:00:00,LONG,534967078.4090907,521667078.4090905,13300000.000000183,1421.9
2025-05-28 10:15:00,LONG,537667078.4090905,521667078.4090905,16000000.0,1424.6
2025-05-28 10:30:00,LONG,538067078.4090906,521667078.4090905,16400000.000000091,1425.0
2025-05-28 10:45:00,LONG,540067078.4090906,521667078.4090905,18400000.00000009,1427.0
2025-05-28 11:00:00,LONG,540367078.4090905,521667078.4090905,18700000.000000045,1427.3
2025-05-28 11:15:00,LONG,538867078.4090905,521667078.4090905,17200000.000000045,1425.8
2025-05-28 13:00:00,LONG,539467078.4090908,521667078.4090905,17800000.000000183,1426.4
2025-05-28 13:15:00,LONG,536767078.40909064,521667078.4090905,15100000.000000136,1423.7
2025-05-28 13:30:00,LONG,539167078.4090905,521667078.4090905,17500000.0,1426.1
2025-05-28 13:45:00,LONG,536767078.40909064,521667078.4090905,15100000.000000136,1423.7
2025-05-28 14:00:00,LONG,535867078.4090906,521667078.4090905,14200000.000000045,1422.8
2025-05-28 14:15:00,LONG,536167078.4090905,521667078.4090905,14500000.0,1423.1
2025-05-28 14:30:00,LONG,536467078.4090907,521667078.4090905,14800000.000000183,1423.4
2025-05-29 09:00:00,LONG,541267078.4090906,521667078.4090905,19600000.000000138,1428.2
2025-05-29 09:15:00,LONG,539067078.4090906,521667078.4090905,17400000.00000009,1426.0
2025-05-29 09:30:00,LONG,539767078.4090906,521667078.4090905,18100000.000000138,1426.7
2025-05-29 09:45:00,LONG,539667078.4090905,521667078.4090905,18000000.0,1426.6
2025-05-29 10:00:00,LONG,539867078.4090905,521667078.4090905,18200000.000000045,1426.8
2025-05-29 10:15:00,LONG,539267078.4090906,521667078.4090905,17600000.000000138,1426.2
2025-05-29 10:30:00,LONG,539367078.4090905,521667078.4090905,17700000.000000045,1426.3
2025-05-29 10:45:00,LONG,540067078.4090906,521667078.4090905,18400000.00000009,1427.0
2025-05-29 11:00:00,LONG,536167078.4090905,521667078.4090905,14500000.0,1423.1
2025-05-29 11:15:00,LONG,531067078.40909064,521667078.4090905,9400000.000000091,1418.0
2025-05-29 11:30:00,LONG,530167078.4090905,521667078.4090905,8500000.0,1417.1
2025-05-29 13:00:00,LONG,533067078.40909064,521667078.4090905,11400000.000000091,1420.0
2025-05-29 13:15:00,LONG,533167078.4090905,521667078.4090905,11500000.0,1420.1
2025-05-29 13:30:00,LONG,536567078.40909064,521667078.4090905,14900000.000000091,1423.5
2025-05-29 13:45:00,LONG,533867078.4090906,521667078.4090905,12200000.000000045,1420.8
2025-05-29 14:00:00,LONG,536567078.40909064,521667078.4090905,14900000.000000091,1423.5
2025-05-29 14:15:00,LONG,534267078.40909064,521667078.4090905,12600000.000000136,1421.2
2025-05-29 14:30:00,LONG,534967078.4090907,521667078.4090905,13300000.000000183,1421.9
2025-05-30 09:00:00,LONG,532767078.40909064,521667078.4090905,11100000.000000136,1419.7
2025-05-30 09:15:00,LONG,533067078.40909064,521667078.4090905,11400000.000000091,1420.0
2025-05-30 09:30:00,LONG,534067078.40909064,521667078.4090905,12400000.000000091,1421.0
2025-05-30 09:45:00,LONG,533067078.40909064,521667078.4090905,11400000.000000091,1420.0
2025-05-30 10:00:00,LONG,532267078.40909064,521667078.4090905,10600000.000000136,1419.2
2025-05-30 10:15:00,LONG,533167078.4090905,521667078.4090905,11500000.0,1420.1
2025-05-30 10:30:00,LONG,532467078.4090907,521667078.4090905,10800000.000000183,1419.4
2025-05-30 10:45:00,LONG,532067078.40909064,521667078.4090905,10400000.000000091,1419.0
2025-05-30 11:00:00,LONG,530067078.40909064,521667078.4090905,8400000.000000091,1417.0
2025-05-30 11:15:00,LONG,531367078.4090906,521667078.4090905,9700000.000000045,1418.3
2025-05-30 13:00:00,LONG,532067078.40909064,521667078.4090905,10400000.000000091,1419.0
2025-05-30 13:15:00,LONG,532667078.4090905,521667078.4090905,11000000.0,1419.6
2025-05-30 13:30:00,LONG,531767078.40909064,521667078.4090905,10100000.000000136,1418.7
2025-05-30 13:45:00,LONG,534567078.40909064,521667078.4090905,12900000.000000091,1421.5
2025-05-30 14:00:00,LONG,530767078.40909064,521667078.4090905,9100000.000000136,1417.7
2025-05-30 14:15:00,LONG,532567078.40909064,521667078.4090905,10900000.000000091,1419.5
2025-05-30 14:30:00,LONG,532667078.4090905,521667078.4090905,11000000.0,1419.6
2025-06-02 09:00:00,LONG,525767078.40909064,521667078.4090905,4100000.0000001364,1412.7
2025-06-02 09:15:00,LONG,523667078.4090905,521667078.4090905,2000000.0,1410.6
2025-06-02 09:30:00,LONG,524867078.4090906,521667078.4090905,3200000.0000000456,1411.8
2025-06-02 09:45:00,LONG,526667078.4090905,521667078.4090905,5000000.0,1413.6
2025-06-02 10:00:00,LONG,524667078.4090905,521667078.4090905,3000000.0,1411.6
2025-06-02 10:15:00,LONG,526367078.4090906,521667078.4090905,4700000.000000046,1413.3
2025-06-02 10:30:00,LONG,527567078.40909064,521667078.4090905,5900000.000000091,1414.5
2025-06-02 10:45:00,LONG,525167078.4090905,521667078.4090905,3500000.0,1412.1
2025-06-02 11:00:00,LONG,526467078.4090907,521667078.4090905,4800000.000000182,1413.4
2025-06-02 11:15:00,LONG,522267078.40909064,521667078.4090905,600000.0000001364,1409.2
2025-06-02 13:00:00,LONG,523567078.40909064,521667078.4090905,1900000.000000091,1410.5
2025-06-02 13:15:00,LONG,524167078.4090905,521667078.4090905,2500000.0,1411.1
2025-06-02 13:30:00,LONG,523867078.4090906,521667078.4090905,2200000.0000000456,1410.8
2025-06-02 13:45:00,LONG,527367078.4090906,521667078.4090905,5700000.000000046,1414.3
2025-06-02 14:00:00,LONG,526367078.4090906,521667078.4090905,4700000.000000046,1413.3
2025-06-02 14:15:00,LONG,530367078.4090906,521667078.4090905,8700000.000000045,1417.3
2025-06-02 14:30:00,LONG,531067078.40909064,521667078.4090905,9400000.000000091,1418.0
2025-06-03 09:00:00,LONG,534167078.4090905,521667078.4090905,12500000.0,1421.1
2025-06-03 09:15:00,LONG,533867078.4090906,521667078.4090905,12200000.000000045,1420.8
2025-06-03 09:30:00,LONG,540167078.4090905,521667078.4090905,18500000.0,1427.1
2025-06-03 09:45:00,LONG,540167078.4090905,521667078.4090905,18500000.0,1427.1
2025-06-03 10:00:00,LONG,540667078.4090905,521667078.4090905,19000000.0,1427.6
2025-06-03 10:15:00,LONG,540467078.4090908,521667078.4090905,18800000.000000183,1427.4
2025-06-03 10:30:00,LONG,538867078.4090905,521667078.4090905,17200000.000000045,1425.8
2025-06-03 10:45:00,LONG,540867078.4090905,521667078.4090905,19200000.000000045,1427.8
2025-06-03 11:00:00,LONG,546467078.4090908,521667078.4090905,24800000.000000183,1433.4
2025-06-03 11:15:00,LONG,548067078.4090906,521667078.4090905,26400000.00000009,1435.0
2025-06-03 13:00:00,FLAT,549987871.5909089,549987871.5909089,0.0,1433.8
2025-06-03 13:15:00,FLAT,549987871.5909089,549987871.5909089,0.0,1435.3
2025-06-03 13:30:00,FLAT,549987871.5909089,549987871.5909089,0.0,1435.6
2025-06-03 13:45:00,FLAT,549987871.5909089,549987871.5909089,0.0,1437.8
2025-06-03 14:00:00,FLAT,549987871.5909089,549987871.5909089,0.0,1437.2
2025-06-03 14:15:00,FLAT,549987871.5909089,549987871.5909089,0.0,1432.9
2025-06-03 14:30:00,FLAT,549987871.5909089,549987871.5909089,0.0,1435.8
2025-06-04 09:00:00,FLAT,549987871.5909089,549987871.5909089,0.0,1434.8
2025-06-04 09:15:00,FLAT,549987871.5909089,549987871.5909089,0.0,1433.6
2025-06-04 09:30:00,FLAT,549987871.5909089,549987871.5909089,0.0,1433.6
2025-06-04 09:45:00,FLAT,549987871.5909089,549987871.5909089,0.0,1434.0
2025-06-04 10:00:00,FLAT,549987871.5909089,549987871.5909089,0.0,1433.7
2025-06-04 10:15:00,FLAT,549987871.5909089,549987871.5909089,0.0,1434.1
2025-06-04 10:30:00,FLAT,549987871.5909089,549987871.5909089,0.0,1435.2
2025-06-04 10:45:00,FLAT,549987871.5909089,549987871.5909089,0.0,1434.1
2025-06-04 11:00:00,FLAT,549987871.5909089,549987871.5909089,0.0,1434.3
2025-06-04 11:15:00,FLAT,549987871.5909089,549987871.5909089,0.0,1434.4
2025-06-04 13:00:00,FLAT,549987871.5909089,549987871.5909089,0.0,1434.8
2025-06-04 13:15:00,FLAT,549987871.5909089,549987871.5909089,0.0,1435.5
2025-06-04 13:30:00,FLAT,549987871.5909089,549987871.5909089,0.0,1433.9
2025-06-04 13:45:00,FLAT,549987871.5909089,549987871.5909089,0.0,1431.0
2025-06-04 14:00:00,FLAT,549987871.5909089,549987871.5909089,0.0,1429.9
2025-06-04 14:15:00,FLAT,549987871.5909089,549987871.5909089,0.0,1429.0
2025-06-04 14:30:00,FLAT,549987871.5909089,549987871.5909089,0.0,1429.0
2025-06-05 09:00:00,FLAT,549987871.5909089,549987871.5909089,0.0,1431.2
2025-06-05 09:15:00,FLAT,549987871.5909089,549987871.5909089,0.0,1429.8
2025-06-05 09:30:00,FLAT,549987871.5909089,549987871.5909089,0.0,1428.7
2025-06-05 09:45:00,FLAT,549987871.5909089,549987871.5909089,0.0,1427.9
2025-06-05 10:00:00,FLAT,549987871.5909089,549987871.5909089,0.0,1426.9
2025-06-05 10:15:00,FLAT,549987871.5909089,549987871.5909089,0.0,1426.5
2025-06-05 10:30:00,FLAT,549987871.5909089,549987871.5909089,0.0,1427.2
2025-06-05 10:45:00,FLAT,549987871.5909089,549987871.5909089,0.0,1427.3
2025-06-05 11:00:00,FLAT,549987871.5909089,549987871.5909089,0.0,1429.5
2025-06-05 11:15:00,FLAT,549987871.5909089,549987871.5909089,0.0,1429.3
2025-06-05 13:00:00,FLAT,549987871.5909089,549987871.5909089,0.0,1429.4
2025-06-05 13:15:00,FLAT,549987871.5909089,549987871.5909089,0.0,1427.7
2025-06-05 13:30:00,FLAT,549987871.5909089,549987871.5909089,0.0,1427.9
2025-06-05 13:45:00,FLAT,549987871.5909089,549987871.5909089,0.0,1427.9
2025-06-05 14:00:00,FLAT,549987871.5909089,549987871.5909089,0.0,1428.6
2025-06-05 14:15:00,FLAT,549987871.5909089,549987871.5909089,0.0,1428.5
2025-06-05 14:30:00,FLAT,549987871.5909089,549987871.5909089,0.0,1429.0
2025-06-06 09:00:00,FLAT,549987871.5909089,549987871.5909089,0.0,1419.8
2025-06-06 09:15:00,FLAT,549987871.5909089,549987871.5909089,0.0,1420.9
2025-06-06 09:30:00,FLAT,549987871.5909089,549987871.5909089,0.0,1422.2
2025-06-06 09:45:00,FLAT,549987871.5909089,549987871.5909089,0.0,1419.3
2025-06-06 10:00:00,FLAT,549987871.5909089,549987871.5909089,0.0,1416.9
2025-06-06 10:15:00,FLAT,549987871.5909089,549987871.5909089,0.0,1414.7
2025-06-06 10:30:00,FLAT,549987871.5909089,549987871.5909089,0.0,1414.6
2025-06-06 10:45:00,FLAT,549987871.5909089,549987871.5909089,0.0,1415.0
2025-06-06 11:00:00,FLAT,549987871.5909089,549987871.5909089,0.0,1415.0
2025-06-06 11:15:00,FLAT,549987871.5909089,549987871.5909089,0.0,1417.2
2025-06-06 13:00:00,FLAT,549987871.5909089,549987871.5909089,0.0,1416.3
2025-06-06 13:15:00,FLAT,549987871.5909089,549987871.5909089,0.0,1412.7
2025-06-06 13:30:00,FLAT,549987871.5909089,549987871.5909089,0.0,1414.1
2025-06-06 13:45:00,FLAT,549987871.5909089,549987871.5909089,0.0,1414.0
2025-06-06 14:00:00,FLAT,549987871.5909089,549987871.5909089,0.0,1414.6
2025-06-06 14:15:00,FLAT,549987871.5909089,549987871.5909089,0.0,1413.3
2025-06-06 14:30:00,FLAT,549987871.5909089,549987871.5909089,0.0,1413.6
2025-06-09 09:00:00,FLAT,549987871.5909089,549987871.5909089,0.0,1415.5
2025-06-09 09:15:00,FLAT,549987871.5909089,549987871.5909089,0.0,1411.1
2025-06-09 09:30:00,FLAT,549987871.5909089,549987871.5909089,0.0,1411.9
2025-06-09 09:45:00,FLAT,549987871.5909089,549987871.5909089,0.0,1407.9
2025-06-09 10:00:00,FLAT,549987871.5909089,549987871.5909089,0.0,1407.7
2025-06-09 10:15:00,FLAT,549987871.5909089,549987871.5909089,0.0,1408.8
2025-06-09 10:30:00,FLAT,549987871.5909089,549987871.5909089,0.0,1407.0
2025-06-09 10:45:00,FLAT,549987871.5909089,549987871.5909089,0.0,1408.4
2025-06-09 11:00:00,FLAT,549987871.5909089,549987871.5909089,0.0,1409.5
2025-06-09 11:15:00,FLAT,549987871.5909089,549987871.5909089,0.0,1408.2
2025-06-09 13:00:00,FLAT,549987871.5909089,549987871.5909089,0.0,1407.3
2025-06-09 13:15:00,FLAT,549987871.5909089,549987871.5909089,0.0,1406.5
2025-06-09 13:30:00,FLAT,549987871.5909089,549987871.5909089,0.0,1406.3
2025-06-09 13:45:00,FLAT,549987871.5909089,549987871.5909089,0.0,1406.5
2025-06-09 14:00:00,FLAT,549987871.5909089,549987871.5909089,0.0,1403.7
2025-06-09 14:15:00,FLAT,549987871.5909089,549987871.5909089,0.0,1401.6
2025-06-09 14:30:00,FLAT,549987871.5909089,549987871.5909089,0.0,1402.0
2025-06-10 09:00:00,FLAT,549987871.5909089,549987871.5909089,0.0,1394.3
2025-06-10 09:15:00,FLAT,549987871.5909089,549987871.5909089,0.0,1396.9
2025-06-10 09:30:00,FLAT,549987871.5909089,549987871.5909089,0.0,1399.2
2025-06-10 09:45:00,FLAT,549987871.5909089,549987871.5909089,0.0,1402.8
2025-06-10 10:00:00,LONG,550077376.5909089,549777376.5909089,299999.99999995454,1403.6
2025-06-10 10:15:00,LONG,553877376.590909,549777376.5909089,4100000.0000001364,1407.4
2025-06-10 10:30:00,LONG,554777376.5909089,549777376.5909089,5000000.0,1408.3
2025-06-10 10:45:00,LONG,551777376.5909089,549777376.5909089,2000000.0,1405.3
2025-06-10 11:00:00,LONG,552477376.5909089,549777376.5909089,2700000.0000000456,1406.0
2025-06-10 11:15:00,LONG,552877376.590909,549777376.5909089,3100000.0000001364,1406.4
2025-06-10 13:00:00,LONG,555377376.590909,549777376.5909089,5600000.000000136,1408.9
2025-06-10 13:15:00,LONG,554077376.5909089,549777376.5909089,4299999.999999954,1407.6
2025-06-10 13:30:00,LONG,556077376.5909089,549777376.5909089,6299999.999999954,1409.6
2025-06-10 13:45:00,LONG,551977376.5909089,549777376.5909089,2200000.0000000456,1405.5
2025-06-10 14:00:00,LONG,550477376.5909089,549777376.5909089,700000.0000000455,1404.0
2025-06-10 14:15:00,FLAT,546494615.2272725,546494615.2272725,0.0,1395.7
2025-06-10 14:30:00,FLAT,546494615.2272725,546494615.2272725,0.0,1395.5
2025-06-11 09:00:00,FLAT,546494615.2272725,546494615.2272725,0.0,1402.3
2025-06-11 09:15:00,FLAT,546494615.2272725,546494615.2272725,0.0,1399.3
2025-06-11 09:30:00,FLAT,546494615.2272725,546494615.2272725,0.0,1400.4
2025-06-11 09:45:00,FLAT,546494615.2272725,546494615.2272725,0.0,1396.7
2025-06-11 10:00:00,FLAT,546494615.2272725,546494615.2272725,0.0,1397.5
2025-06-11 10:15:00,FLAT,546494615.2272725,546494615.2272725,0.0,1398.0
2025-06-11 10:30:00,FLAT,546494615.2272725,546494615.2272725,0.0,1399.0
2025-06-11 10:45:00,FLAT,546494615.2272725,546494615.2272725,0.0,1397.9
2025-06-11 11:00:00,FLAT,546494615.2272725,546494615.2272725,0.0,1400.5
2025-06-11 11:15:00,FLAT,546494615.2272725,546494615.2272725,0.0,1400.8
2025-06-11 13:00:00,FLAT,546494615.2272725,546494615.2272725,0.0,1401.7
2025-06-11 13:15:00,FLAT,546494615.2272725,546494615.2272725,0.0,1399.7
2025-06-11 13:30:00,FLAT,546494615.2272725,546494615.2272725,0.0,1398.0
2025-06-11 13:45:00,FLAT,546494615.2272725,546494615.2272725,0.0,1398.6
2025-06-11 14:00:00,FLAT,546494615.2272725,546494615.2272725,0.0,1400.7
2025-06-11 14:15:00,FLAT,546494615.2272725,546494615.2272725,0.0,1400.1
2025-06-11 14:30:00,FLAT,546494615.2272725,546494615.2272725,0.0,1401.9
2025-06-12 09:00:00,FLAT,546494615.2272725,546494615.2272725,0.0,1413.5
2025-06-12 09:15:00,FLAT,546494615.2272725,546494615.2272725,0.0,1414.8
2025-06-12 09:30:00,FLAT,546494615.2272725,546494615.2272725,0.0,1414.9
2025-06-12 09:45:00,FLAT,546494615.2272725,546494615.2272725,0.0,1416.3
2025-06-12 10:00:00,FLAT,546494615.2272725,546494615.2272725,0.0,1415.8
2025-06-12 10:15:00,FLAT,546494615.2272725,546494615.2272725,0.0,1416.0
2025-06-12 10:30:00,FLAT,546494615.2272725,546494615.2272725,0.0,1413.1
2025-06-12 10:45:00,FLAT,546494615.2272725,546494615.2272725,0.0,1414.4
2025-06-12 11:00:00,FLAT,546494615.2272725,546494615.2272725,0.0,1415.1
2025-06-12 11:15:00,FLAT,546494615.2272725,546494615.2272725,0.0,1414.4
2025-06-12 13:00:00,FLAT,546494615.2272725,546494615.2272725,0.0,1415.5
2025-06-12 13:15:00,FLAT,546494615.2272725,546494615.2272725,0.0,1414.6
2025-06-12 13:30:00,FLAT,546494615.2272725,546494615.2272725,0.0,1413.5
2025-06-12 13:45:00,FLAT,546494615.2272725,546494615.2272725,0.0,1409.6
2025-06-12 14:00:00,FLAT,546494615.2272725,546494615.2272725,0.0,1404.9
2025-06-12 14:15:00,FLAT,546494615.2272725,546494615.2272725,0.0,1407.6
2025-06-12 14:30:00,FLAT,546494615.2272725,546494615.2272725,0.0,1408.0
2025-06-13 09:00:00,FLAT,546494615.2272725,546494615.2272725,0.0,1396.5
2025-06-13 09:15:00,FLAT,546494615.2272725,546494615.2272725,0.0,1397.5
2025-06-13 09:30:00,FLAT,546494615.2272725,546494615.2272725,0.0,1396.4
2025-06-13 09:45:00,FLAT,546494615.2272725,546494615.2272725,0.0,1391.2
2025-06-13 10:00:00,FLAT,546494615.2272725,546494615.2272725,0.0,1398.1
2025-06-13 10:15:00,FLAT,546494615.2272725,546494615.2272725,0.0,1397.1
2025-06-13 10:30:00,FLAT,546494615.2272725,546494615.2272725,0.0,1397.4
2025-06-13 10:45:00,FLAT,546494615.2272725,546494615.2272725,0.0,1398.7
2025-06-13 11:00:00,FLAT,546494615.2272725,546494615.2272725,0.0,1394.7
2025-06-13 11:15:00,FLAT,546494615.2272725,546494615.2272725,0.0,1391.4
2025-06-13 13:00:00,FLAT,546494615.2272725,546494615.2272725,0.0,1392.9
2025-06-13 13:15:00,FLAT,546494615.2272725,546494615.2272725,0.0,1389.7
2025-06-13 13:30:00,FLAT,546494615.2272725,546494615.2272725,0.0,1387.0
2025-06-13 13:45:00,FLAT,546494615.2272725,546494615.2272725,0.0,1385.9
2025-06-13 14:00:00,FLAT,546494615.2272725,546494615.2272725,0.0,1384.2
2025-06-13 14:15:00,FLAT,546494615.2272725,546494615.2272725,0.0,1393.7
2025-06-13 14:30:00,FLAT,546494615.2272725,546494615.2272725,0.0,1392.3
2025-06-16 09:00:00,FLAT,546494615.2272725,546494615.2272725,0.0,1394.7
2025-06-16 09:15:00,FLAT,546494615.2272725,546494615.2272725,0.0,1396.8
2025-06-16 09:30:00,FLAT,546494615.2272725,546494615.2272725,0.0,1401.7
2025-06-16 09:45:00,FLAT,546494615.2272725,546494615.2272725,0.0,1400.3
2025-06-16 10:00:00,FLAT,546494615.2272725,546494615.2272725,0.0,1402.4
2025-06-16 10:15:00,FLAT,546494615.2272725,546494615.2272725,0.0,1403.8
2025-06-16 10:30:00,FLAT,546494615.2272725,546494615.2272725,0.0,1402.4
2025-06-16 10:45:00,FLAT,546494615.2272725,546494615.2272725,0.0,1401.8
2025-06-16 11:00:00,FLAT,546494615.2272725,546494615.2272725,0.0,1402.7
2025-06-16 11:15:00,FLAT,546494615.2272725,546494615.2272725,0.0,1402.8
2025-06-16 13:00:00,FLAT,546494615.2272725,546494615.2272725,0.0,1403.5
2025-06-16 13:15:00,FLAT,546494615.2272725,546494615.2272725,0.0,1403.6
2025-06-16 13:30:00,FLAT,546494615.2272725,546494615.2272725,0.0,1403.7
2025-06-16 13:45:00,FLAT,546494615.2272725,546494615.2272725,0.0,1405.0
2025-06-16 14:00:00,FLAT,546494615.2272725,546494615.2272725,0.0,1412.1
2025-06-16 14:15:00,LONG,549682725.2272726,546282725.2272725,3400000.000000091,1416.0
2025-06-16 14:30:00,LONG,550282725.2272725,546282725.2272725,4000000.0,1416.6
2025-06-17 09:00:00,LONG,551682725.2272726,546282725.2272725,5400000.000000091,1418.0
2025-06-17 09:15:00,LONG,551882725.2272726,546282725.2272725,5600000.000000136,1418.2
2025-06-17 09:30:00,LONG,552082725.2272727,546282725.2272725,5800000.000000182,1418.4
2025-06-17 09:45:00,LONG,554682725.2272726,546282725.2272725,8400000.000000091,1421.0
2025-06-17 10:00:00,FLAT,560295973.8636361,560295973.8636361,0.0,1427.0
2025-06-17 10:15:00,FLAT,560295973.8636361,560295973.8636361,0.0,1425.5
2025-06-17 10:30:00,FLAT,560295973.8636361,560295973.8636361,0.0,1422.6
2025-06-17 10:45:00,FLAT,560295973.8636361,560295973.8636361,0.0,1424.4
2025-06-17 11:00:00,FLAT,560295973.8636361,560295973.8636361,0.0,1422.1
2025-06-17 11:15:00,FLAT,560295973.8636361,560295973.8636361,0.0,1423.3
2025-06-17 13:00:00,FLAT,560295973.8636361,560295973.8636361,0.0,1420.4
2025-06-17 13:15:00,FLAT,560295973.8636361,560295973.8636361,0.0,1421.3
2025-06-17 13:30:00,FLAT,560295973.8636361,560295973.8636361,0.0,1424.0
2025-06-17 13:45:00,FLAT,560295973.8636361,560295973.8636361,0.0,1425.5
2025-06-17 14:00:00,FLAT,560295973.8636361,560295973.8636361,0.0,1423.1
2025-06-17 14:15:00,FLAT,560295973.8636361,560295973.8636361,0.0,1424.4
2025-06-17 14:30:00,FLAT,560295973.8636361,560295973.8636361,0.0,1424.3
2025-06-18 09:00:00,FLAT,560295973.8636361,560295973.8636361,0.0,1422.8
2025-06-18 09:15:00,FLAT,560295973.8636361,560295973.8636361,0.0,1422.5
2025-06-18 09:30:00,FLAT,560295973.8636361,560295973.8636361,0.0,1424.1
2025-06-18 09:45:00,FLAT,560295973.8636361,560295973.8636361,0.0,1428.0
2025-06-18 10:00:00,LONG,563781683.8636361,560081683.8636361,3700000.0000000456,1432.3
2025-06-18 10:15:00,LONG,559481683.8636363,560081683.8636361,-599999.9999999091,1428.0
2025-06-18 10:30:00,LONG,560481683.8636363,560081683.8636361,400000.0000000909,1429.0
2025-06-18 10:45:00,LONG,562081683.8636361,560081683.8636361,2000000.0,1430.6
2025-06-18 13:00:00,LONG,559881683.8636364,560081683.8636361,-199999.9999998181,1428.4
2025-06-18 13:15:00,FLAT,557076903.4090908,557076903.4090908,0.0,1426.3
2025-06-18 13:30:00,FLAT,557076903.4090908,557076903.4090908,0.0,1426.8
2025-06-18 13:45:00,FLAT,557076903.4090908,557076903.4090908,0.0,1425.4
2025-06-18 14:00:00,FLAT,557076903.4090908,557076903.4090908,0.0,1425.0
2025-06-18 14:15:00,FLAT,557076903.4090908,557076903.4090908,0.0,1428.4
2025-06-18 14:30:00,FLAT,557076903.4090908,557076903.4090908,0.0,1429.5
2025-06-19 09:00:00,FLAT,557076903.4090908,557076903.4090908,0.0,1428.0
2025-06-19 09:15:00,FLAT,557076903.4090908,557076903.4090908,0.0,1431.0
2025-06-19 09:30:00,FLAT,557076903.4090908,557076903.4090908,0.0,1432.9
2025-06-19 09:45:00,FLAT,557076903.4090908,557076903.4090908,0.0,1431.8
2025-06-19 10:00:00,FLAT,557076903.4090908,557076903.4090908,0.0,1430.7
2025-06-19 10:15:00,FLAT,557076903.4090908,557076903.4090908,0.0,1431.1
2025-06-19 10:30:00,FLAT,557076903.4090908,557076903.4090908,0.0,1430.6
2025-06-19 10:45:00,FLAT,557076903.4090908,557076903.4090908,0.0,1432.0
2025-06-19 11:00:00,FLAT,557076903.4090908,557076903.4090908,0.0,1430.7
2025-06-19 11:15:00,FLAT,557076903.4090908,557076903.4090908,0.0,1430.3
2025-06-19 13:00:00,FLAT,557076903.4090908,557076903.4090908,0.0,1430.3
2025-06-19 13:15:00,FLAT,557076903.4090908,557076903.4090908,0.0,1430.9
2025-06-19 13:30:00,FLAT,557076903.4090908,557076903.4090908,0.0,1431.9
2025-06-19 13:45:00,FLAT,557076903.4090908,557076903.4090908,0.0,1433.4
2025-06-19 14:00:00,FLAT,557076903.4090908,557076903.4090908,0.0,1436.2
2025-06-19 14:15:00,LONG,560761413.4090909,556861413.4090908,3900000.000000091,1440.5
2025-06-19 14:30:00,LONG,561061413.4090908,556861413.4090908,4200000.000000046,1440.8
2025-06-20 09:00:00,FLAT,546947378.409091,546947378.409091,0.0,1428.0
2025-06-20 09:15:00,FLAT,546947378.409091,546947378.409091,0.0,1427.5
2025-06-20 09:30:00,FLAT,546947378.409091,546947378.409091,0.0,1425.0
2025-06-20 09:45:00,FLAT,546947378.409091,546947378.409091,0.0,1426.0
2025-06-20 10:00:00,FLAT,546947378.409091,546947378.409091,0.0,1427.0
2025-06-20 10:15:00,FLAT,546947378.409091,546947378.409091,0.0,1429.2
2025-06-20 10:30:00,FLAT,546947378.409091,546947378.409091,0.0,1428.1
2025-06-20 10:45:00,FLAT,546947378.409091,546947378.409091,0.0,1427.8
2025-06-20 11:00:00,FLAT,546947378.409091,546947378.409091,0.0,1426.9
2025-06-20 11:15:00,FLAT,546947378.409091,546947378.409091,0.0,1425.7
2025-06-20 13:00:00,FLAT,546947378.409091,546947378.409091,0.0,1425.7
2025-06-20 13:15:00,FLAT,546947378.409091,546947378.409091,0.0,1427.7
2025-06-20 13:30:00,FLAT,546947378.409091,546947378.409091,0.0,1426.8
2025-06-20 13:45:00,FLAT,546947378.409091,546947378.409091,0.0,1427.1
2025-06-20 14:00:00,FLAT,546947378.409091,546947378.409091,0.0,1426.0
2025-06-20 14:15:00,FLAT,546947378.409091,546947378.409091,0.0,1424.8
2025-06-20 14:30:00,FLAT,546947378.409091,546947378.409091,0.0,1424.2
2025-06-23 09:00:00,FLAT,546947378.409091,546947378.409091,0.0,1417.7
2025-06-23 09:15:00,FLAT,546947378.409091,546947378.409091,0.0,1418.2
2025-06-23 09:30:00,FLAT,546947378.409091,546947378.409091,0.0,1422.4
2025-06-23 09:45:00,FLAT,546947378.409091,546947378.409091,0.0,1422.5
2025-06-23 10:00:00,FLAT,546947378.409091,546947378.409091,0.0,1421.3
2025-06-23 10:15:00,FLAT,546947378.409091,546947378.409091,0.0,1418.9
2025-06-23 10:30:00,FLAT,546947378.409091,546947378.409091,0.0,1419.8
2025-06-23 10:45:00,FLAT,546947378.409091,546947378.409091,0.0,1421.0
2025-06-23 11:00:00,FLAT,546947378.409091,546947378.409091,0.0,1419.5
2025-06-23 11:15:00,FLAT,546947378.409091,546947378.409091,0.0,1419.5
2025-06-23 13:00:00,FLAT,546947378.409091,546947378.409091,0.0,1424.7
2025-06-23 13:15:00,FLAT,546947378.409091,546947378.409091,0.0,1426.4
2025-06-23 13:30:00,FLAT,546947378.409091,546947378.409091,0.0,1430.1
2025-06-23 13:45:00,FLAT,546947378.409091,546947378.409091,0.0,1431.4
2025-06-23 14:00:00,FLAT,546947378.409091,546947378.409091,0.0,1434.8
2025-06-23 14:15:00,FLAT,546947378.409091,546947378.409091,0.0,1435.0
2025-06-23 14:30:00,FLAT,546947378.409091,546947378.409091,0.0,1435.4
2025-06-24 09:00:00,FLAT,546947378.409091,546947378.409091,0.0,1447.0
2025-06-24 09:15:00,FLAT,546947378.409091,546947378.409091,0.0,1443.8
2025-06-24 09:30:00,FLAT,546947378.409091,546947378.409091,0.0,1445.2
2025-06-24 09:45:00,FLAT,546947378.409091,546947378.409091,0.0,1446.1
2025-06-24 10:00:00,FLAT,546947378.409091,546947378.409091,0.0,1453.9
2025-06-24 10:15:00,LONG,545629188.4090911,546729188.409091,-1099999.999999909,1453.5
2025-06-24 10:30:00,LONG,547329188.4090911,546729188.409091,600000.0000001364,1455.2
2025-06-24 10:45:00,LONG,549329188.4090911,546729188.409091,2600000.0000001364,1457.2
2025-06-24 11:00:00,LONG,550229188.409091,546729188.409091,3500000.0,1458.1
2025-06-24 11:15:00,LONG,549129188.4090911,546729188.409091,2400000.000000091,1457.0
2025-06-24 13:00:00,LONG,550929188.409091,546729188.409091,4200000.000000046,1458.8
2025-06-24 13:15:00,LONG,548729188.409091,546729188.409091,2000000.0,1456.6
2025-06-24 13:30:00,LONG,546629188.4090911,546729188.409091,-99999.99999990905,1454.5
2025-06-24 13:45:00,LONG,546829188.4090911,546729188.409091,100000.00000013642,1454.7
2025-06-24 14:00:00,FLAT,542875180.227273,542875180.227273,0.0,1453.7
2025-06-24 14:15:00,FLAT,542875180.227273,542875180.227273,0.0,1449.5
2025-06-24 14:30:00,FLAT,542875180.227273,542875180.227273,0.0,1448.5
2025-06-25 09:00:00,FLAT,542875180.227273,542875180.227273,0.0,1450.3
2025-06-25 09:15:00,FLAT,542875180.227273,542875180.227273,0.0,1452.5
2025-06-25 09:30:00,FLAT,542875180.227273,542875180.227273,0.0,1451.5
2025-06-25 09:45:00,FLAT,542875180.227273,542875180.227273,0.0,1448.6
2025-06-25 10:00:00,FLAT,542875180.227273,542875180.227273,0.0,1449.9
2025-06-25 10:15:00,FLAT,542875180.227273,542875180.227273,0.0,1451.8
2025-06-25 10:30:00,FLAT,542875180.227273,542875180.227273,0.0,1450.8
2025-06-25 10:45:00,FLAT,542875180.227273,542875180.227273,0.0,1450.7
2025-06-25 11:00:00,FLAT,542875180.227273,542875180.227273,0.0,1453.0
2025-06-25 11:15:00,FLAT,542875180.227273,542875180.227273,0.0,1452.5
2025-06-25 13:00:00,FLAT,542875180.227273,542875180.227273,0.0,1453.4
2025-06-25 13:15:00,FLAT,542875180.227273,542875180.227273,0.0,1455.8
2025-06-25 13:30:00,FLAT,542875180.227273,542875180.227273,0.0,1454.9
2025-06-25 13:45:00,FLAT,542875180.227273,542875180.227273,0.0,1452.8
2025-06-25 14:00:00,FLAT,542875180.227273,542875180.227273,0.0,1451.4
2025-06-25 14:15:00,FLAT,542875180.227273,542875180.227273,0.0,1449.8
2025-06-25 14:30:00,FLAT,542875180.227273,542875180.227273,0.0,1450.4
2025-06-26 09:00:00,FLAT,542875180.227273,542875180.227273,0.0,1455.8
2025-06-26 09:15:00,FLAT,542875180.227273,542875180.227273,0.0,1454.5
2025-06-26 09:30:00,FLAT,542875180.227273,542875180.227273,0.0,1455.0
2025-06-26 09:45:00,FLAT,542875180.227273,542875180.227273,0.0,1454.3
2025-06-26 10:00:00,FLAT,542875180.227273,542875180.227273,0.0,1451.6
2025-06-26 10:15:00,FLAT,542875180.227273,542875180.227273,0.0,1450.6
2025-06-26 10:30:00,FLAT,542875180.227273,542875180.227273,0.0,1450.1
2025-06-26 10:45:00,FLAT,542875180.227273,542875180.227273,0.0,1449.1
2025-06-26 11:00:00,FLAT,542875180.227273,542875180.227273,0.0,1449.6
2025-06-26 11:15:00,FLAT,542875180.227273,542875180.227273,0.0,1448.7
2025-06-26 11:30:00,FLAT,542875180.227273,542875180.227273,0.0,1448.6
2025-06-26 13:00:00,FLAT,542875180.227273,542875180.227273,0.0,1450.6
2025-06-26 13:15:00,FLAT,542875180.227273,542875180.227273,0.0,1452.5
2025-06-26 13:30:00,FLAT,542875180.227273,542875180.227273,0.0,1452.6
2025-06-26 13:45:00,FLAT,542875180.227273,542875180.227273,0.0,1451.2
2025-06-26 14:00:00,FLAT,542875180.227273,542875180.227273,0.0,1450.9
2025-06-26 14:15:00,FLAT,542875180.227273,542875180.227273,0.0,1451.1
2025-06-26 14:30:00,FLAT,542875180.227273,542875180.227273,0.0,1452.0
2025-06-27 09:00:00,FLAT,542875180.227273,542875180.227273,0.0,1455.7
2025-06-27 09:15:00,FLAT,542875180.227273,542875180.227273,0.0,1453.6
2025-06-27 09:30:00,FLAT,542875180.227273,542875180.227273,0.0,1452.8
2025-06-27 09:45:00,FLAT,542875180.227273,542875180.227273,0.0,1450.4
2025-06-27 10:00:00,FLAT,542875180.227273,542875180.227273,0.0,1450.6
2025-06-27 10:15:00,FLAT,542875180.227273,542875180.227273,0.0,1451.5
2025-06-27 10:30:00,FLAT,542875180.227273,542875180.227273,0.0,1451.8
2025-06-27 10:45:00,FLAT,542875180.227273,542875180.227273,0.0,1452.7
2025-06-27 11:00:00,FLAT,542875180.227273,542875180.227273,0.0,1454.3
2025-06-27 11:15:00,FLAT,542875180.227273,542875180.227273,0.0,1454.4
2025-06-27 13:00:00,FLAT,542875180.227273,542875180.227273,0.0,1457.0
2025-06-27 13:15:00,FLAT,542875180.227273,542875180.227273,0.0,1459.1
2025-06-27 13:30:00,FLAT,542875180.227273,542875180.227273,0.0,1459.1
2025-06-27 13:45:00,FLAT,542875180.227273,542875180.227273,0.0,1457.3
2025-06-27 14:00:00,FLAT,542875180.227273,542875180.227273,0.0,1458.7
2025-06-27 14:15:00,FLAT,542875180.227273,542875180.227273,0.0,1463.1
2025-06-27 14:30:00,FLAT,542875180.227273,542875180.227273,0.0,1463.6
2025-06-30 09:00:00,FLAT,542875180.227273,542875180.227273,0.0,1467.2
2025-06-30 09:15:00,FLAT,542875180.227273,542875180.227273,0.0,1465.0
2025-06-30 09:30:00,FLAT,542875180.227273,542875180.227273,0.0,1465.5
2025-06-30 09:45:00,FLAT,542875180.227273,542875180.227273,0.0,1465.2
2025-06-30 10:00:00,FLAT,542875180.227273,542875180.227273,0.0,1465.3
2025-06-30 10:15:00,FLAT,542875180.227273,542875180.227273,0.0,1465.7
2025-06-30 10:30:00,FLAT,542875180.227273,542875180.227273,0.0,1464.0
2025-06-30 10:45:00,FLAT,542875180.227273,542875180.227273,0.0,1464.9
2025-06-30 11:00:00,FLAT,542875180.227273,542875180.227273,0.0,1466.0
2025-06-30 11:15:00,FLAT,542875180.227273,542875180.227273,0.0,1465.9
2025-06-30 13:00:00,FLAT,542875180.227273,542875180.227273,0.0,1465.5
2025-06-30 13:15:00,FLAT,542875180.227273,542875180.227273,0.0,1466.3
2025-06-30 13:30:00,FLAT,542875180.227273,542875180.227273,0.0,1465.2
2025-06-30 13:45:00,FLAT,542875180.227273,542875180.227273,0.0,1465.6
2025-06-30 14:00:00,FLAT,542875180.227273,542875180.227273,0.0,1464.3
2025-06-30 14:15:00,FLAT,542875180.227273,542875180.227273,0.0,1463.9
2025-06-30 14:30:00,FLAT,542875180.227273,542875180.227273,0.0,1463.6
2025-07-01 09:00:00,FLAT,542875180.227273,542875180.227273,0.0,1462.9
2025-07-01 09:15:00,FLAT,542875180.227273,542875180.227273,0.0,1463.5
2025-07-01 09:30:00,FLAT,542875180.227273,542875180.227273,0.0,1465.7
2025-07-01 09:45:00,FLAT,542875180.227273,542875180.227273,0.0,1465.6
2025-07-01 10:00:00,FLAT,542875180.227273,542875180.227273,0.0,1467.8
2025-07-01 10:15:00,FLAT,540371333.409091,540371333.409091,0.0,1466.6
2025-07-01 10:30:00,FLAT,540371333.409091,540371333.409091,0.0,1464.1
2025-07-01 10:45:00,FLAT,540371333.409091,540371333.409091,0.0,1462.9
2025-07-01 11:00:00,FLAT,540371333.409091,540371333.409091,0.0,1461.6
2025-07-01 11:15:00,FLAT,540371333.409091,540371333.409091,0.0,1460.9
2025-07-01 11:30:00,FLAT,540371333.409091,540371333.409091,0.0,1461.2
2025-07-01 13:00:00,FLAT,540371333.409091,540371333.409091,0.0,1460.2
2025-07-01 13:15:00,FLAT,540371333.409091,540371333.409091,0.0,1461.3
2025-07-01 13:30:00,FLAT,540371333.409091,540371333.409091,0.0,1462.1
2025-07-01 13:45:00,FLAT,540371333.409091,540371333.409091,0.0,1461.9
2025-07-01 14:00:00,FLAT,540371333.409091,540371333.409091,0.0,1458.8
2025-07-01 14:15:00,FLAT,540371333.409091,540371333.409091,0.0,1461.0
2025-07-01 14:30:00,FLAT,540371333.409091,540371333.409091,0.0,1462.3
2025-07-02 09:00:00,FLAT,540371333.409091,540371333.409091,0.0,1460.8
2025-07-02 09:15:00,FLAT,540371333.409091,540371333.409091,0.0,1463.3
2025-07-02 09:30:00,FLAT,540371333.409091,540371333.409091,0.0,1461.4
2025-07-02 09:45:00,FLAT,540371333.409091,540371333.409091,0.0,1459.5
2025-07-02 10:00:00,FLAT,540371333.409091,540371333.409091,0.0,1460.3
2025-07-02 10:15:00,FLAT,540371333.409091,540371333.409091,0.0,1461.3
2025-07-02 10:30:00,FLAT,540371333.409091,540371333.409091,0.0,1461.9
2025-07-02 10:45:00,FLAT,540371333.409091,540371333.409091,0.0,1463.7
2025-07-02 11:00:00,FLAT,540371333.409091,540371333.409091,0.0,1463.6
2025-07-02 11:15:00,FLAT,540371333.409091,540371333.409091,0.0,1465.0
2025-07-02 13:00:00,FLAT,540371333.409091,540371333.409091,0.0,1467.5
2025-07-02 13:15:00,FLAT,540371333.409091,540371333.409091,0.0,1465.9
2025-07-02 13:30:00,FLAT,540371333.409091,540371333.409091,0.0,1466.3
2025-07-02 13:45:00,FLAT,540371333.409091,540371333.409091,0.0,1467.8
2025-07-02 14:00:00,FLAT,540371333.409091,540371333.409091,0.0,1467.5
2025-07-02 14:15:00,FLAT,540371333.409091,540371333.409091,0.0,1470.0
2025-07-02 14:30:00,LONG,539750698.4090909,540150698.409091,-400000.0000000909,1470.5
2025-07-03 09:00:00,FLAT,528631758.4090908,528631758.4090908,0.0,1460.0
2025-07-03 09:15:00,FLAT,528631758.4090908,528631758.4090908,0.0,1472.2
2025-07-03 09:30:00,FLAT,528631758.4090908,528631758.4090908,0.0,1470.9
2025-07-03 09:45:00,FLAT,528631758.4090908,528631758.4090908,0.0,1471.1
2025-07-03 10:00:00,FLAT,528631758.4090908,528631758.4090908,0.0,1471.7
2025-07-03 10:15:00,FLAT,528631758.4090908,528631758.4090908,0.0,1471.0
2025-07-03 10:30:00,FLAT,528631758.4090908,528631758.4090908,0.0,1473.4
2025-07-03 10:45:00,FLAT,528631758.4090908,528631758.4090908,0.0,1474.2
2025-07-03 11:00:00,FLAT,528631758.4090908,528631758.4090908,0.0,1475.3
2025-07-03 11:15:00,FLAT,528631758.4090908,528631758.4090908,0.0,1477.0
2025-07-03 13:00:00,FLAT,528631758.4090908,528631758.4090908,0.0,1478.9
2025-07-03 13:15:00,FLAT,528631758.4090908,528631758.4090908,0.0,1477.2
2025-07-03 13:30:00,FLAT,528631758.4090908,528631758.4090908,0.0,1476.0
2025-07-03 13:45:00,FLAT,528631758.4090908,528631758.4090908,0.0,1472.9
2025-07-03 14:00:00,FLAT,528631758.4090908,528631758.4090908,0.0,1472.2
2025-07-03 14:15:00,FLAT,528631758.4090908,528631758.4090908,0.0,1469.5
2025-07-03 14:30:00,FLAT,528631758.4090908,528631758.4090908,0.0,1470.8
2025-07-04 09:00:00,FLAT,528631758.4090908,528631758.4090908,0.0,1473.1
2025-07-04 09:15:00,FLAT,528631758.4090908,528631758.4090908,0.0,1472.8
2025-07-04 09:30:00,FLAT,528631758.4090908,528631758.4090908,0.0,1470.9
2025-07-04 09:45:00,FLAT,528631758.4090908,528631758.4090908,0.0,1470.6
2025-07-04 10:00:00,FLAT,528631758.4090908,528631758.4090908,0.0,1471.0
2025-07-04 10:15:00,FLAT,528631758.4090908,528631758.4090908,0.0,1471.6
2025-07-04 10:30:00,FLAT,528631758.4090908,528631758.4090908,0.0,1470.2
2025-07-04 10:45:00,FLAT,528631758.4090908,528631758.4090908,0.0,1472.0
2025-07-04 11:00:00,FLAT,528631758.4090908,528631758.4090908,0.0,1472.9
2025-07-04 11:15:00,FLAT,528631758.4090908,528631758.4090908,0.0,1472.8
2025-07-04 13:00:00,FLAT,528631758.4090908,528631758.4090908,0.0,1473.4
2025-07-04 13:15:00,FLAT,528631758.4090908,528631758.4090908,0.0,1472.9
2025-07-04 13:30:00,FLAT,528631758.4090908,528631758.4090908,0.0,1470.9
2025-07-04 13:45:00,FLAT,528631758.4090908,528631758.4090908,0.0,1471.6
2025-07-04 14:00:00,FLAT,528631758.4090908,528631758.4090908,0.0,1471.5
2025-07-04 14:15:00,FLAT,528631758.4090908,528631758.4090908,0.0,1472.9
2025-07-04 14:30:00,FLAT,528631758.4090908,528631758.4090908,0.0,1472.9
2025-07-07 09:00:00,FLAT,528631758.4090908,528631758.4090908,0.0,1479.8
2025-07-07 09:15:00,FLAT,528631758.4090908,528631758.4090908,0.0,1479.2
2025-07-07 09:30:00,FLAT,528631758.4090908,528631758.4090908,0.0,1484.7
2025-07-07 09:45:00,FLAT,528631758.4090908,528631758.4090908,0.0,1482.0
2025-07-07 10:00:00,FLAT,528631758.4090908,528631758.4090908,0.0,1481.6
2025-07-07 10:15:00,FLAT,528631758.4090908,528631758.4090908,0.0,1482.2
2025-07-07 10:30:00,FLAT,528631758.4090908,528631758.4090908,0.0,1482.4
2025-07-07 10:45:00,FLAT,528631758.4090908,528631758.4090908,0.0,1483.3
2025-07-07 11:00:00,FLAT,528631758.4090908,528631758.4090908,0.0,1484.9
2025-07-07 11:15:00,FLAT,528631758.4090908,528631758.4090908,0.0,1485.1
2025-07-07 13:00:00,FLAT,528631758.4090908,528631758.4090908,0.0,1484.8
2025-07-07 13:15:00,FLAT,528631758.4090908,528631758.4090908,0.0,1485.0
2025-07-07 13:30:00,FLAT,528631758.4090908,528631758.4090908,0.0,1485.0
2025-07-07 13:45:00,FLAT,528631758.4090908,528631758.4090908,0.0,1482.8
2025-07-07 14:00:00,FLAT,528631758.4090908,528631758.4090908,0.0,1484.8
2025-07-07 14:15:00,FLAT,528631758.4090908,528631758.4090908,0.0,1490.5
2025-07-07 14:30:00,LONG,530807898.4090907,528407898.4090908,2399999.9999998636,1494.8
2025-07-08 09:00:00,LONG,529407898.4090908,528407898.4090908,1000000.0,1493.4
2025-07-08 09:15:00,LONG,530207898.40909076,528407898.4090908,1799999.9999999546,1494.2
2025-07-08 09:30:00,LONG,530907898.4090908,528407898.4090908,2500000.0,1494.9
2025-07-08 09:45:00,LONG,530807898.4090907,528407898.4090908,2399999.9999998636,1494.8
2025-07-08 10:00:00,LONG,534907898.4090908,528407898.4090908,6500000.0,1498.9
2025-07-08 10:15:00,LONG,534607898.40909064,528407898.4090908,6199999.999999818,1498.6
2025-07-08 10:30:00,LONG,536407898.4090908,528407898.4090908,8000000.0,1500.4
2025-07-08 10:45:00,LONG,535307898.4090907,528407898.4090908,6899999.999999864,1499.3
2025-07-08 11:00:00,LONG,532007898.4090907,528407898.4090908,3599999.999999909,1496.0
2025-07-08 11:15:00,LONG,530807898.4090907,528407898.4090908,2399999.9999998636,1494.8
2025-07-08 13:00:00,LONG,533507898.4090907,528407898.4090908,5099999.999999909,1497.5
2025-07-08 13:15:00,LONG,534507898.4090907,528407898.4090908,6099999.999999909,1498.5
2025-07-08 13:30:00,LONG,533507898.4090907,528407898.4090908,5099999.999999909,1497.5
2025-07-08 13:45:00,LONG,535007898.4090907,528407898.4090908,6599999.999999909,1499.0
2025-07-08 14:00:00,LONG,538107898.4090906,528407898.4090908,9699999.999999817,1502.1
2025-07-08 14:15:00,FLAT,542009237.0454541,542009237.0454541,0.0,1509.3
2025-07-08 14:30:00,FLAT,542009237.0454541,542009237.0454541,0.0,1510.0
2025-07-09 09:00:00,FLAT,542009237.0454541,542009237.0454541,0.0,1516.7
2025-07-09 09:15:00,FLAT,542009237.0454541,542009237.0454541,0.0,1517.3
2025-07-09 09:30:00,FLAT,542009237.0454541,542009237.0454541,0.0,1520.2
2025-07-09 09:45:00,FLAT,542009237.0454541,542009237.0454541,0.0,1528.0
2025-07-09 10:00:00,FLAT,538405734.3181814,538405734.3181814,0.0,1524.7
2025-07-09 10:15:00,FLAT,538405734.3181814,538405734.3181814,0.0,1524.0
2025-07-09 10:30:00,FLAT,538405734.3181814,538405734.3181814,0.0,1525.9
2025-07-09 10:45:00,FLAT,538405734.3181814,538405734.3181814,0.0,1525.9
2025-07-09 11:00:00,FLAT,538405734.3181814,538405734.3181814,0.0,1530.3
2025-07-09 11:15:00,FLAT,538405734.3181814,538405734.3181814,0.0,1526.4
2025-07-09 13:00:00,FLAT,538405734.3181814,538405734.3181814,0.0,1529.7
2025-07-09 13:15:00,FLAT,538405734.3181814,538405734.3181814,0.0,1531.5
2025-07-09 13:30:00,FLAT,538405734.3181814,538405734.3181814,0.0,1532.9
2025-07-09 13:45:00,FLAT,538405734.3181814,538405734.3181814,0.0,1527.3
2025-07-09 14:00:00,FLAT,538405734.3181814,538405734.3181814,0.0,1526.1
2025-07-09 14:15:00,FLAT,538405734.3181814,538405734.3181814,0.0,1530.5
2025-07-09 14:30:00,FLAT,538405734.3181814,538405734.3181814,0.0,1531.8
2025-07-10 09:00:00,FLAT,538405734.3181814,538405734.3181814,0.0,1538.3
2025-07-10 09:15:00,FLAT,538405734.3181814,538405734.3181814,0.0,1537.2
2025-07-10 09:30:00,FLAT,538405734.3181814,538405734.3181814,0.0,1541.0
2025-07-10 09:45:00,FLAT,538405734.3181814,538405734.3181814,0.0,1540.2
2025-07-10 10:00:00,FLAT,538405734.3181814,538405734.3181814,0.0,1542.3
2025-07-10 10:15:00,FLAT,538405734.3181814,538405734.3181814,0.0,1542.6
2025-07-10 10:30:00,FLAT,538405734.3181814,538405734.3181814,0.0,1544.3
2025-07-10 10:45:00,FLAT,538405734.3181814,538405734.3181814,0.0,1550.2
2025-07-10 11:00:00,FLAT,534659228.4090905,534659228.4090905,0.0,1546.9
2025-07-10 11:15:00,FLAT,534659228.4090905,534659228.4090905,0.0,1546.6
2025-07-10 13:00:00,FLAT,534659228.4090905,534659228.4090905,0.0,1546.5
2025-07-10 13:15:00,FLAT,534659228.4090905,534659228.4090905,0.0,1545.5
2025-07-10 13:30:00,FLAT,534659228.4090905,534659228.4090905,0.0,1549.5
2025-07-10 13:45:00,FLAT,534659228.4090905,534659228.4090905,0.0,1552.2
2025-07-10 14:00:00,FLAT,531062039.9999997,531062039.9999997,0.0,1554.6
2025-07-10 14:15:00,FLAT,531062039.9999997,531062039.9999997,0.0,1566.1
2025-07-10 14:30:00,FLAT,531062039.9999997,531062039.9999997,0.0,1567.2
2025-07-11 09:00:00,FLAT,531062039.9999997,531062039.9999997,0.0,1575.7
2025-07-11 09:15:00,FLAT,531062039.9999997,531062039.9999997,0.0,1581.0
2025-07-11 09:30:00,FLAT,531062039.9999997,531062039.9999997,0.0,1578.8
2025-07-11 09:45:00,FLAT,531062039.9999997,531062039.9999997,0.0,1574.0
2025-07-11 10:00:00,FLAT,531062039.9999997,531062039.9999997,0.0,1577.2
2025-07-11 10:15:00,FLAT,531062039.9999997,531062039.9999997,0.0,1577.0
2025-07-11 10:30:00,FLAT,531062039.9999997,531062039.9999997,0.0,1579.0
2025-07-11 10:45:00,FLAT,531062039.9999997,531062039.9999997,0.0,1584.5
2025-07-11 11:00:00,FLAT,531062039.9999997,531062039.9999997,0.0,1588.8
2025-07-11 11:15:00,LONG,528585173.99999976,530895173.9999997,-2309999.9999999683,1585.9
2025-07-11 11:30:00,LONG,528655173.99999964,530895173.9999997,-2240000.0000000317,1586.0
2025-07-11 13:00:00,LONG,527955173.99999964,530895173.9999997,-2940000.0000000317,1585.0
2025-07-11 13:15:00,LONG,533205173.99999964,530895173.9999997,2309999.9999999683,1592.5
2025-07-11 13:30:00,LONG,529565173.99999964,530895173.9999997,-1330000.0000000636,1587.3
2025-07-11 13:45:00,LONG,530825173.9999996,530895173.9999997,-70000.00000009549,1589.1
2025-07-11 14:00:00,LONG,536145173.9999997,530895173.9999997,5250000.0,1596.7
2025-07-11 14:15:00,LONG,537895173.9999998,530895173.9999997,7000000.0,1599.2
2025-07-11 14:30:00,LONG,536425173.9999996,530895173.9999997,5529999.999999904,1597.1
2025-07-14 09:00:00,LONG,543145173.9999998,530895173.9999997,12250000.0,1606.7
2025-07-14 09:15:00,LONG,539855173.9999996,530895173.9999997,8959999.999999968,1602.0
2025-07-14 09:30:00,FLAT,525335935.1590906,525335935.1590906,0.0,1587.8
2025-07-14 09:45:00,FLAT,525335935.1590906,525335935.1590906,0.0,1594.3
2025-07-14 10:00:00,FLAT,525335935.1590906,525335935.1590906,0.0,1585.8
2025-07-14 10:15:00,FLAT,525335935.1590906,525335935.1590906,0.0,1590.7
2025-07-14 10:30:00,FLAT,525335935.1590906,525335935.1590906,0.0,1596.0
2025-07-14 10:45:00,FLAT,525335935.1590906,525335935.1590906,0.0,1601.4
2025-07-14 11:00:00,FLAT,525335935.1590906,525335935.1590906,0.0,1595.6
2025-07-14 11:15:00,FLAT,525335935.1590906,525335935.1590906,0.0,1596.9
2025-07-14 11:30:00,FLAT,525335935.1590906,525335935.1590906,0.0,1596.6
2025-07-14 13:00:00,FLAT,525335935.1590906,525335935.1590906,0.0,1596.0
2025-07-14 13:15:00,FLAT,525335935.1590906,525335935.1590906,0.0,1595.9
2025-07-14 13:30:00,FLAT,525335935.1590906,525335935.1590906,0.0,1595.8
2025-07-14 13:45:00,FLAT,525335935.1590906,525335935.1590906,0.0,1597.4
2025-07-14 14:00:00,FLAT,525335935.1590906,525335935.1590906,0.0,1600.8
2025-07-14 14:15:00,FLAT,525335935.1590906,525335935.1590906,0.0,1598.0
2025-07-14 14:30:00,FLAT,525335935.1590906,525335935.1590906,0.0,1597.2
2025-07-15 09:00:00,FLAT,525335935.1590906,525335935.1590906,0.0,1605.0
2025-07-15 09:15:00,FLAT,525335935.1590906,525335935.1590906,0.0,1602.9
2025-07-15 09:30:00,FLAT,525335935.1590906,525335935.1590906,0.0,1604.5
2025-07-15 09:45:00,FLAT,525335935.1590906,525335935.1590906,0.0,1603.9
2025-07-15 10:00:00,FLAT,525335935.1590906,525335935.1590906,0.0,1606.1
2025-07-15 10:15:00,FLAT,525335935.1590906,525335935.1590906,0.0,1606.8
2025-07-15 10:30:00,FLAT,525335935.1590906,525335935.1590906,0.0,1603.7
2025-07-15 10:45:00,FLAT,525335935.1590906,525335935.1590906,0.0,1605.4
2025-07-15 11:00:00,FLAT,525335935.1590906,525335935.1590906,0.0,1607.8
2025-07-15 11:15:00,FLAT,525335935.1590906,525335935.1590906,0.0,1605.3
2025-07-15 13:00:00,FLAT,525335935.1590906,525335935.1590906,0.0,1605.2
2025-07-15 13:15:00,FLAT,525335935.1590906,525335935.1590906,0.0,1606.4
2025-07-15 13:30:00,FLAT,525335935.1590906,525335935.1590906,0.0,1606.3
2025-07-15 13:45:00,FLAT,525335935.1590906,525335935.1590906,0.0,1604.8
2025-07-15 14:00:00,FLAT,525335935.1590906,525335935.1590906,0.0,1606.8
2025-07-15 14:15:00,FLAT,525335935.1590906,525335935.1590906,0.0,1596.8
2025-07-15 14:30:00,FLAT,525335935.1590906,525335935.1590906,0.0,1595.1
2025-07-16 09:00:00,FLAT,525335935.1590906,525335935.1590906,0.0,1595.5
2025-07-16 09:15:00,FLAT,525335935.1590906,525335935.1590906,0.0,1594.5
2025-07-16 09:30:00,FLAT,525335935.1590906,525335935.1590906,0.0,1595.4
2025-07-16 09:45:00,FLAT,525335935.1590906,525335935.1590906,0.0,1596.0
2025-07-16 10:00:00,FLAT,525335935.1590906,525335935.1590906,0.0,1594.7
2025-07-16 10:15:00,FLAT,525335935.1590906,525335935.1590906,0.0,1594.0
2025-07-16 10:30:00,FLAT,525335935.1590906,525335935.1590906,0.0,1596.3
2025-07-16 10:45:00,FLAT,525335935.1590906,525335935.1590906,0.0,1596.3
2025-07-16 11:00:00,FLAT,525335935.1590906,525335935.1590906,0.0,1595.6
2025-07-16 11:15:00,FLAT,525335935.1590906,525335935.1590906,0.0,1595.7
2025-07-16 13:00:00,FLAT,525335935.1590906,525335935.1590906,0.0,1597.9
2025-07-16 13:15:00,FLAT,525335935.1590906,525335935.1590906,0.0,1598.6
2025-07-16 13:30:00,FLAT,525335935.1590906,525335935.1590906,0.0,1602.5
2025-07-16 13:45:00,FLAT,525335935.1590906,525335935.1590906,0.0,1603.2
2025-07-16 14:00:00,FLAT,525335935.1590906,525335935.1590906,0.0,1611.3
2025-07-16 14:15:00,LONG,529494195.1590907,525094195.1590906,4400000.000000091,1616.0
2025-07-16 14:30:00,LONG,531494195.1590907,525094195.1590906,6400000.000000091,1618.0
2025-07-17 09:00:00,LONG,536794195.15909064,525094195.1590906,11700000.000000045,1623.3
2025-07-17 09:15:00,LONG,537194195.1590908,525094195.1590906,12100000.000000136,1623.7
2025-07-17 09:30:00,LONG,539294195.1590906,525094195.1590906,14200000.000000045,1625.8
2025-07-17 09:45:00,LONG,537894195.1590908,525094195.1590906,12800000.000000183,1624.4
2025-07-17 10:00:00,LONG,542294195.1590906,525094195.1590906,17200000.000000045,1628.8
2025-07-17 10:15:00,FLAT,543822336.5227269,543822336.5227269,0.0,1628.3
2025-07-17 10:30:00,FLAT,543822336.5227269,543822336.5227269,0.0,1629.6
2025-07-17 10:45:00,FLAT,543822336.5227269,543822336.5227269,0.0,1634.2
2025-07-17 11:00:00,FLAT,543822336.5227269,543822336.5227269,0.0,1637.8
2025-07-17 11:15:00,FLAT,543822336.5227269,543822336.5227269,0.0,1639.8
2025-07-17 13:00:00,FLAT,543822336.5227269,543822336.5227269,0.0,1637.7
2025-07-17 13:15:00,FLAT,543822336.5227269,543822336.5227269,0.0,1641.0
2025-07-17 13:30:00,FLAT,543822336.5227269,543822336.5227269,0.0,1641.8
2025-07-17 13:45:00,FLAT,543822336.5227269,543822336.5227269,0.0,1639.5
2025-07-17 14:00:00,FLAT,543822336.5227269,543822336.5227269,0.0,1636.3
2025-07-17 14:15:00,FLAT,543822336.5227269,543822336.5227269,0.0,1638.4
2025-07-18 09:00:00,FLAT,543822336.5227269,543822336.5227269,0.0,1632.9
2025-07-18 09:15:00,FLAT,543822336.5227269,543822336.5227269,0.0,1629.1
2025-07-18 09:30:00,FLAT,543822336.5227269,543822336.5227269,0.0,1629.7
2025-07-18 09:45:00,FLAT,543822336.5227269,543822336.5227269,0.0,1630.6
2025-07-18 10:00:00,FLAT,543822336.5227269,543822336.5227269,0.0,1631.8
2025-07-18 10:15:00,FLAT,543822336.5227269,543822336.5227269,0.0,1633.0
2025-07-18 10:30:00,FLAT,543822336.5227269,543822336.5227269,0.0,1635.0
2025-07-18 10:45:00,FLAT,543822336.5227269,543822336.5227269,0.0,1632.0
2025-07-18 11:00:00,FLAT,543822336.5227269,543822336.5227269,0.0,1627.6
2025-07-18 11:15:00,FLAT,543822336.5227269,543822336.5227269,0.0,1621.4
2025-07-18 11:30:00,FLAT,543822336.5227269,543822336.5227269,0.0,1621.1
2025-07-18 13:00:00,FLAT,543822336.5227269,543822336.5227269,0.0,1626.2
2025-07-18 13:15:00,FLAT,543822336.5227269,543822336.5227269,0.0,1626.5
2025-07-18 13:30:00,FLAT,543822336.5227269,543822336.5227269,0.0,1629.5
2025-07-18 13:45:00,FLAT,543822336.5227269,543822336.5227269,0.0,1630.0
2025-07-18 14:00:00,FLAT,543822336.5227269,543822336.5227269,0.0,1632.2
2025-07-18 14:15:00,LONG,546977446.522727,543577446.5227269,3400000.000000091,1636.0
2025-07-18 14:30:00,LONG,547877446.5227271,543577446.5227269,4300000.000000182,1636.9
2025-07-21 09:00:00,LONG,557877446.5227271,543577446.5227269,14300000.000000183,1646.9
2025-07-21 09:15:00,LONG,552677446.522727,543577446.5227269,9100000.000000136,1641.7
2025-07-21 09:30:00,LONG,552577446.5227269,543577446.5227269,9000000.0,1641.6
2025-07-21 09:45:00,LONG,555877446.5227271,543577446.5227269,12300000.000000183,1644.9
2025-07-21 10:00:00,LONG,549977446.522727,543577446.5227269,6400000.000000091,1639.0
2025-07-21 10:15:00,LONG,551777446.5227269,543577446.5227269,8200000.000000046,1640.8
2025-07-21 10:30:00,LONG,550777446.5227269,543577446.5227269,7200000.000000046,1639.8
2025-07-21 10:45:00,LONG,548577446.5227269,543577446.5227269,5000000.0,1637.6
2025-07-21 11:00:00,LONG,545577446.5227269,543577446.5227269,2000000.0,1634.6
2025-07-21 11:15:00,FLAT,539742186.0681815,539742186.0681815,0.0,1631.2
2025-07-21 11:30:00,FLAT,539742186.0681815,539742186.0681815,0.0,1631.1
2025-07-21 13:00:00,FLAT,539742186.0681815,539742186.0681815,0.0,1636.7
2025-07-21 13:15:00,FLAT,539742186.0681815,539742186.0681815,0.0,1636.0
2025-07-21 13:30:00,FLAT,539742186.0681815,539742186.0681815,0.0,1632.0
2025-07-21 13:45:00,FLAT,539742186.0681815,539742186.0681815,0.0,1633.8
2025-07-21 14:00:00,FLAT,539742186.0681815,539742186.0681815,0.0,1640.5
2025-07-21 14:15:00,FLAT,535700508.5681816,535700508.5681816,0.0,1624.1
2025-07-21 14:30:00,FLAT,535700508.5681816,535700508.5681816,0.0,1622.9
2025-07-22 09:00:00,FLAT,535700508.5681816,535700508.5681816,0.0,1622.1
2025-07-22 09:15:00,FLAT,535700508.5681816,535700508.5681816,0.0,1613.5
2025-07-22 09:30:00,FLAT,535700508.5681816,535700508.5681816,0.0,1616.4
2025-07-22 09:45:00,FLAT,535700508.5681816,535700508.5681816,0.0,1617.0
2025-07-22 10:00:00,FLAT,535700508.5681816,535700508.5681816,0.0,1620.0
2025-07-22 10:15:00,FLAT,535700508.5681816,535700508.5681816,0.0,1623.1
2025-07-22 10:30:00,FLAT,535700508.5681816,535700508.5681816,0.0,1625.2
2025-07-22 10:45:00,FLAT,535700508.5681816,535700508.5681816,0.0,1624.4
2025-07-22 11:00:00,FLAT,535700508.5681816,535700508.5681816,0.0,1625.1
2025-07-22 11:15:00,FLAT,535700508.5681816,535700508.5681816,0.0,1622.8
2025-07-22 13:00:00,FLAT,535700508.5681816,535700508.5681816,0.0,1625.8
2025-07-22 13:15:00,FLAT,535700508.5681816,535700508.5681816,0.0,1624.9
2025-07-22 13:30:00,FLAT,535700508.5681816,535700508.5681816,0.0,1626.7
2025-07-22 13:45:00,FLAT,535700508.5681816,535700508.5681816,0.0,1630.3
2025-07-22 14:00:00,LONG,537955843.5681815,535455843.5681816,2500000.0,1633.6
2025-07-23 09:00:00,FLAT,565106693.5681816,565106693.5681816,0.0,1663.0
2025-07-23 09:15:00,FLAT,565106693.5681816,565106693.5681816,0.0,1655.4
2025-07-23 09:30:00,FLAT,565106693.5681816,565106693.5681816,0.0,1651.0
2025-07-23 09:45:00,FLAT,565106693.5681816,565106693.5681816,0.0,1655.1
2025-07-23 10:00:00,FLAT,565106693.5681816,565106693.5681816,0.0,1655.0
2025-07-23 10:15:00,FLAT,565106693.5681816,565106693.5681816,0.0,1654.2
2025-07-23 10:30:00,FLAT,565106693.5681816,565106693.5681816,0.0,1658.6
2025-07-23 10:45:00,FLAT,565106693.5681816,565106693.5681816,0.0,1662.0
2025-07-23 11:00:00,FLAT,565106693.5681816,565106693.5681816,0.0,1654.4
2025-07-23 11:15:00,FLAT,565106693.5681816,565106693.5681816,0.0,1646.9
2025-07-23 11:30:00,FLAT,565106693.5681816,565106693.5681816,0.0,1647.0
2025-07-23 13:00:00,FLAT,565106693.5681816,565106693.5681816,0.0,1652.1
2025-07-23 13:15:00,FLAT,565106693.5681816,565106693.5681816,0.0,1652.7
2025-07-23 13:30:00,FLAT,565106693.5681816,565106693.5681816,0.0,1653.5
2025-07-23 13:45:00,FLAT,565106693.5681816,565106693.5681816,0.0,1645.0
2025-07-23 14:00:00,FLAT,565106693.5681816,565106693.5681816,0.0,1652.0
2025-07-23 14:15:00,FLAT,565106693.5681816,565106693.5681816,0.0,1652.5
2025-07-23 14:30:00,FLAT,565106693.5681816,565106693.5681816,0.0,1653.8
2025-07-24 09:00:00,FLAT,565106693.5681816,565106693.5681816,0.0,1655.3
2025-07-24 09:15:00,FLAT,565106693.5681816,565106693.5681816,0.0,1654.6
2025-07-24 09:30:00,FLAT,565106693.5681816,565106693.5681816,0.0,1652.0
2025-07-24 09:45:00,FLAT,565106693.5681816,565106693.5681816,0.0,1653.0
2025-07-24 10:00:00,FLAT,565106693.5681816,565106693.5681816,0.0,1650.0
2025-07-24 10:15:00,FLAT,565106693.5681816,565106693.5681816,0.0,1649.8
2025-07-24 10:30:00,FLAT,565106693.5681816,565106693.5681816,0.0,1647.9
2025-07-24 10:45:00,FLAT,565106693.5681816,565106693.5681816,0.0,1647.0
2025-07-24 11:00:00,FLAT,565106693.5681816,565106693.5681816,0.0,1646.7
2025-07-24 11:15:00,FLAT,565106693.5681816,565106693.5681816,0.0,1646.0
2025-07-24 13:00:00,FLAT,565106693.5681816,565106693.5681816,0.0,1646.6
2025-07-24 13:15:00,FLAT,565106693.5681816,565106693.5681816,0.0,1644.6
2025-07-24 13:30:00,FLAT,565106693.5681816,565106693.5681816,0.0,1644.0
2025-07-24 13:45:00,FLAT,565106693.5681816,565106693.5681816,0.0,1650.8
2025-07-24 14:00:00,FLAT,560870925.6136359,560870925.6136359,0.0,1647.7
2025-07-24 14:15:00,FLAT,560870925.6136359,560870925.6136359,0.0,1656.5
2025-07-24 14:30:00,FLAT,560870925.6136359,560870925.6136359,0.0,1656.0
2025-07-25 09:00:00,FLAT,560870925.6136359,560870925.6136359,0.0,1652.4
2025-07-25 09:15:00,FLAT,560870925.6136359,560870925.6136359,0.0,1654.5
2025-07-25 09:30:00,FLAT,560870925.6136359,560870925.6136359,0.0,1651.9
2025-07-25 09:45:00,FLAT,560870925.6136359,560870925.6136359,0.0,1653.6
2025-07-25 10:00:00,FLAT,560870925.6136359,560870925.6136359,0.0,1655.0
2025-07-25 10:15:00,FLAT,560870925.6136359,560870925.6136359,0.0,1658.5
2025-07-25 10:30:00,FLAT,560870925.6136359,560870925.6136359,0.0,1656.1
2025-07-25 10:45:00,FLAT,560870925.6136359,560870925.6136359,0.0,1656.5
2025-07-25 11:00:00,FLAT,560870925.6136359,560870925.6136359,0.0,1655.1
2025-07-25 11:15:00,FLAT,560870925.6136359,560870925.6136359,0.0,1654.5
2025-07-25 13:00:00,FLAT,560870925.6136359,560870925.6136359,0.0,1658.0
2025-07-25 13:15:00,FLAT,560870925.6136359,560870925.6136359,0.0,1659.6
2025-07-25 13:30:00,FLAT,560870925.6136359,560870925.6136359,0.0,1666.5
2025-07-25 13:45:00,FLAT,560870925.6136359,560870925.6136359,0.0,1664.4
2025-07-25 14:00:00,FLAT,560870925.6136359,560870925.6136359,0.0,1667.5
2025-07-25 14:15:00,FLAT,560870925.6136359,560870925.6136359,0.0,1674.6
2025-07-25 14:30:00,FLAT,560870925.6136359,560870925.6136359,0.0,1676.0
2025-07-28 09:00:00,FLAT,560870925.6136359,560870925.6136359,0.0,1675.2
2025-07-28 09:15:00,FLAT,560870925.6136359,560870925.6136359,0.0,1674.3
2025-07-28 09:30:00,FLAT,560870925.6136359,560870925.6136359,0.0,1674.3
2025-07-28 09:45:00,FLAT,560870925.6136359,560870925.6136359,0.0,1673.5
2025-07-28 10:00:00,FLAT,560870925.6136359,560870925.6136359,0.0,1675.9
2025-07-28 10:15:00,FLAT,560870925.6136359,560870925.6136359,0.0,1676.8
2025-07-28 10:30:00,FLAT,560870925.6136359,560870925.6136359,0.0,1674.9
2025-07-28 10:45:00,FLAT,560870925.6136359,560870925.6136359,0.0,1677.6
2025-07-28 11:00:00,FLAT,560870925.6136359,560870925.6136359,0.0,1681.4
2025-07-28 11:15:00,LONG,559518610.613636,560618610.6136359,-1099999.999999909,1681.0
2025-07-28 11:30:00,LONG,560218610.613636,560618610.6136359,-399999.99999986356,1681.7
2025-07-28 13:00:00,LONG,562418610.6136361,560618610.6136359,1800000.0000001818,1683.9
2025-07-28 13:15:00,LONG,567618610.6136359,560618610.6136359,7000000.0,1689.1
2025-07-28 13:30:00,LONG,565718610.613636,560618610.6136359,5100000.000000136,1687.2
2025-07-28 13:45:00,LONG,566018610.613636,560618610.6136359,5400000.000000091,1687.5
2025-07-28 14:00:00,LONG,567618610.6136359,560618610.6136359,7000000.0,1689.1
2025-07-28 14:15:00,LONG,571818610.6136359,560618610.6136359,11200000.000000045,1693.3
2025-07-28 14:30:00,LONG,572018610.613636,560618610.6136359,11400000.000000091,1693.5
2025-07-29 09:00:00,LONG,561918610.6136361,560618610.6136359,1300000.0000001818,1683.4
2025-07-29 09:15:00,FLAT,557003163.7954541,557003163.7954541,0.0,1677.4
2025-07-29 09:30:00,FLAT,557003163.7954541,557003163.7954541,0.0,1674.5
2025-07-29 09:45:00,FLAT,557003163.7954541,557003163.7954541,0.0,1679.3
2025-07-29 10:00:00,FLAT,557003163.7954541,557003163.7954541,0.0,1672.5
2025-07-29 10:15:00,FLAT,557003163.7954541,557003163.7954541,0.0,1665.1
2025-07-29 10:30:00,FLAT,557003163.7954541,557003163.7954541,0.0,1661.7
2025-07-29 10:45:00,FLAT,557003163.7954541,557003163.7954541,0.0,1669.8
2025-07-29 11:00:00,FLAT,557003163.7954541,557003163.7954541,0.0,1660.3
2025-07-29 11:15:00,FLAT,557003163.7954541,557003163.7954541,0.0,1666.8
2025-07-29 11:30:00,FLAT,557003163.7954541,557003163.7954541,0.0,1668.6
2025-07-29 13:00:00,FLAT,557003163.7954541,557003163.7954541,0.0,1669.7
2025-07-29 13:15:00,FLAT,557003163.7954541,557003163.7954541,0.0,1660.8
2025-07-29 13:30:00,FLAT,557003163.7954541,557003163.7954541,0.0,1661.0
2025-07-29 13:45:00,FLAT,557003163.7954541,557003163.7954541,0.0,1662.1
2025-07-29 14:00:00,FLAT,557003163.7954541,557003163.7954541,0.0,1651.8
2025-07-29 14:15:00,FLAT,557003163.7954541,557003163.7954541,0.0,1628.5
2025-07-29 14:30:00,FLAT,557003163.7954541,557003163.7954541,0.0,1628.1
2025-07-30 09:00:00,FLAT,557003163.7954541,557003163.7954541,0.0,1629.0
2025-07-30 09:15:00,FLAT,557003163.7954541,557003163.7954541,0.0,1628.0
2025-07-30 09:30:00,FLAT,557003163.7954541,557003163.7954541,0.0,1627.0
2025-07-30 09:45:00,FLAT,557003163.7954541,557003163.7954541,0.0,1627.3
2025-07-30 10:00:00,FLAT,557003163.7954541,557003163.7954541,0.0,1629.5
2025-07-30 10:15:00,FLAT,557003163.7954541,557003163.7954541,0.0,1629.9
2025-07-30 10:30:00,FLAT,557003163.7954541,557003163.7954541,0.0,1632.1
2025-07-30 10:45:00,FLAT,557003163.7954541,557003163.7954541,0.0,1628.3
2025-07-30 11:00:00,FLAT,557003163.7954541,557003163.7954541,0.0,1624.4
2025-07-30 11:15:00,FLAT,557003163.7954541,557003163.7954541,0.0,1607.0
2025-07-30 13:00:00,FLAT,557003163.7954541,557003163.7954541,0.0,1609.0
2025-07-30 13:15:00,FLAT,557003163.7954541,557003163.7954541,0.0,1619.2
2025-07-30 13:30:00,FLAT,557003163.7954541,557003163.7954541,0.0,1615.1
2025-07-30 13:45:00,FLAT,557003163.7954541,557003163.7954541,0.0,1618.4
2025-07-30 14:00:00,FLAT,557003163.7954541,557003163.7954541,0.0,1628.6
2025-07-30 14:15:00,FLAT,550674490.8409085,550674490.8409085,0.0,1625.7
2025-07-30 14:30:00,FLAT,550674490.8409085,550674490.8409085,0.0,1623.8
2025-07-31 09:00:00,FLAT,550674490.8409085,550674490.8409085,0.0,1625.6
2025-07-31 09:15:00,FLAT,550674490.8409085,550674490.8409085,0.0,1621.3
2025-07-31 09:30:00,FLAT,550674490.8409085,550674490.8409085,0.0,1616.3
2025-07-31 09:45:00,FLAT,550674490.8409085,550674490.8409085,0.0,1614.5
2025-07-31 10:00:00,FLAT,550674490.8409085,550674490.8409085,0.0,1616.3
2025-07-31 10:15:00,FLAT,550674490.8409085,550674490.8409085,0.0,1609.5
2025-07-31 10:30:00,FLAT,550674490.8409085,550674490.8409085,0.0,1609.0
2025-07-31 10:45:00,FLAT,550674490.8409085,550674490.8409085,0.0,1604.5
2025-07-31 11:00:00,FLAT,550674490.8409085,550674490.8409085,0.0,1601.7
2025-07-31 11:15:00,FLAT,550674490.8409085,550674490.8409085,0.0,1601.8
2025-07-31 13:00:00,FLAT,550674490.8409085,550674490.8409085,0.0,1606.6
2025-07-31 13:15:00,FLAT,550674490.8409085,550674490.8409085,0.0,1609.2
2025-07-31 13:30:00,FLAT,550674490.8409085,550674490.8409085,0.0,1611.3
2025-07-31 13:45:00,FLAT,550674490.8409085,550674490.8409085,0.0,1614.2
2025-07-31 14:00:00,FLAT,550674490.8409085,550674490.8409085,0.0,1600.8
2025-07-31 14:15:00,FLAT,550674490.8409085,550674490.8409085,0.0,1610.0
2025-07-31 14:30:00,FLAT,550674490.8409085,550674490.8409085,0.0,1608.1
2025-08-01 09:00:00,FLAT,550674490.8409085,550674490.8409085,0.0,1610.1
2025-08-01 09:15:00,FLAT,550674490.8409085,550674490.8409085,0.0,1608.8
2025-08-01 09:30:00,FLAT,550674490.8409085,550674490.8409085,0.0,1608.5
2025-08-01 09:45:00,FLAT,550674490.8409085,550674490.8409085,0.0,1607.3
2025-08-01 10:00:00,FLAT,550674490.8409085,550674490.8409085,0.0,1608.7
2025-08-01 10:15:00,FLAT,550674490.8409085,550674490.8409085,0.0,1607.3
2025-08-01 10:30:00,FLAT,550674490.8409085,550674490.8409085,0.0,1605.5
2025-08-01 10:45:00,FLAT,550674490.8409085,550674490.8409085,0.0,1606.2
2025-08-01 11:00:00,FLAT,550674490.8409085,550674490.8409085,0.0,1605.0
2025-08-01 11:15:00,FLAT,550674490.8409085,550674490.8409085,0.0,1601.3
2025-08-01 11:30:00,FLAT,550674490.8409085,550674490.8409085,0.0,1601.0
2025-08-01 13:00:00,FLAT,550674490.8409085,550674490.8409085,0.0,1602.0
2025-08-01 13:15:00,FLAT,550674490.8409085,550674490.8409085,0.0,1602.1
2025-08-01 13:30:00,FLAT,550674490.8409085,550674490.8409085,0.0,1602.0
2025-08-01 13:45:00,FLAT,550674490.8409085,550674490.8409085,0.0,1595.0
2025-08-01 14:00:00,FLAT,550674490.8409085,550674490.8409085,0.0,1603.5
2025-08-01 14:15:00,FLAT,550674490.8409085,550674490.8409085,0.0,1608.4
2025-08-01 14:30:00,LONG,550233110.8409085,550433110.8409085,-200000.00000004546,1609.0
2025-08-04 09:00:00,FLAT,546228689.0227267,546228689.0227267,0.0,1605.5
2025-08-04 09:15:00,FLAT,546228689.0227267,546228689.0227267,0.0,1608.5
2025-08-04 09:30:00,FLAT,546228689.0227267,546228689.0227267,0.0,1616.3
2025-08-04 09:45:00,FLAT,546228689.0227267,546228689.0227267,0.0,1616.2
2025-08-04 10:00:00,FLAT,546228689.0227267,546228689.0227267,0.0,1619.3
2025-08-04 10:15:00,FLAT,546228689.0227267,546228689.0227267,0.0,1623.4
2025-08-04 10:30:00,FLAT,546228689.0227267,546228689.0227267,0.0,1628.3
2025-08-04 10:45:00,FLAT,541099746.0681813,541099746.0681813,0.0,1623.6
2025-08-04 11:00:00,FLAT,541099746.0681813,541099746.0681813,0.0,1619.8
2025-08-04 11:15:00,FLAT,541099746.0681813,541099746.0681813,0.0,1621.4
2025-08-04 13:00:00,FLAT,541099746.0681813,541099746.0681813,0.0,1623.6
2025-08-04 13:15:00,FLAT,541099746.0681813,541099746.0681813,0.0,1627.5
2025-08-04 13:30:00,FLAT,541099746.0681813,541099746.0681813,0.0,1634.5
2025-08-04 13:45:00,FLAT,541099746.0681813,541099746.0681813,0.0,1637.2
2025-08-04 14:00:00,LONG,545154091.0681813,540854091.0681813,4299999.999999954,1642.0
2025-08-04 14:15:00,LONG,557254091.0681812,540854091.0681813,16399999.999999864,1654.1
2025-08-04 14:30:00,LONG,557754091.0681812,540854091.0681813,16899999.999999862,1654.6
2025-08-05 09:00:00,FLAT,569376847.4318179,569376847.4318179,0.0,1667.3
2025-08-05 09:15:00,FLAT,569376847.4318179,569376847.4318179,0.0,1664.4
2025-08-05 09:30:00,FLAT,569376847.4318179,569376847.4318179,0.0,1673.2
2025-08-05 09:45:00,FLAT,569376847.4318179,569376847.4318179,0.0,1670.5
2025-08-05 10:00:00,FLAT,569376847.4318179,569376847.4318179,0.0,1677.3
2025-08-05 10:15:00,LONG,577225207.431818,569125207.4318179,8100000.000000136,1685.7
2025-08-05 10:30:00,LONG,582625207.4318179,569125207.4318179,13500000.0,1691.1
2025-08-05 10:45:00,LONG,586425207.4318181,569125207.4318179,17300000.000000183,1694.9
2025-08-05 11:00:00,LONG,587125207.4318179,569125207.4318179,18000000.0,1695.6
2025-08-05 11:15:00,LONG,583525207.431818,569125207.4318179,14400000.000000091,1692.0
2025-08-05 13:00:00,LONG,598325207.4318179,569125207.4318179,29200000.000000045,1706.8
2025-08-05 13:15:00,LONG,596725207.431818,569125207.4318179,27600000.000000138,1705.2
2025-08-05 13:30:00,LONG,608525207.431818,569125207.4318179,39400000.00000009,1717.0
2025-08-05 13:45:00,FLAT,612339773.7954545,612339773.7954545,0.0,1728.5
2025-08-05 14:00:00,FLAT,612339773.7954545,612339773.7954545,0.0,1708.2
2025-08-05 14:15:00,FLAT,612339773.7954545,612339773.7954545,0.0,1672.2
2025-08-05 14:30:00,FLAT,612339773.7954545,612339773.7954545,0.0,1675.2
2025-08-06 09:00:00,FLAT,612339773.7954545,612339773.7954545,0.0,1693.1
2025-08-06 09:15:00,FLAT,612339773.7954545,612339773.7954545,0.0,1694.1
2025-08-06 09:30:00,FLAT,612339773.7954545,612339773.7954545,0.0,1688.5
2025-08-06 09:45:00,FLAT,612339773.7954545,612339773.7954545,0.0,1693.8
2025-08-06 10:00:00,FLAT,612339773.7954545,612339773.7954545,0.0,1692.5
2025-08-06 10:15:00,FLAT,612339773.7954545,612339773.7954545,0.0,1688.4
2025-08-06 10:30:00,FLAT,612339773.7954545,612339773.7954545,0.0,1688.5
2025-08-06 10:45:00,FLAT,612339773.7954545,612339773.7954545,0.0,1692.9
2025-08-06 11:00:00,FLAT,612339773.7954545,612339773.7954545,0.0,1697.4
2025-08-06 11:15:00,FLAT,612339773.7954545,612339773.7954545,0.0,1718.1
2025-08-06 11:30:00,LONG,611581533.7954545,612081533.7954545,-500000.0,1721.1
2025-08-06 13:00:00,LONG,609981533.7954546,612081533.7954545,-2099999.999999909,1719.5
2025-08-06 13:15:00,FLAT,602188375.6136363,602188375.6136363,0.0,1710.9
2025-08-06 13:30:00,FLAT,602188375.6136363,602188375.6136363,0.0,1716.0
2025-08-06 13:45:00,FLAT,602188375.6136363,602188375.6136363,0.0,1714.9
2025-08-06 14:00:00,FLAT,602188375.6136363,602188375.6136363,0.0,1717.8
2025-08-06 14:15:00,FLAT,602188375.6136363,602188375.6136363,0.0,1716.8
2025-08-06 14:30:00,FLAT,602188375.6136363,602188375.6136363,0.0,1718.8
2025-08-07 09:00:00,FLAT,602188375.6136363,602188375.6136363,0.0,1729.4
2025-08-07 09:15:00,FLAT,602188375.6136363,602188375.6136363,0.0,1723.0
2025-08-07 09:30:00,FLAT,602188375.6136363,602188375.6136363,0.0,1726.7
2025-08-07 09:45:00,FLAT,602188375.6136363,602188375.6136363,0.0,1716.3
2025-08-07 10:00:00,FLAT,602188375.6136363,602188375.6136363,0.0,1716.9
2025-08-07 10:15:00,FLAT,602188375.6136363,602188375.6136363,0.0,1720.9
2025-08-07 10:30:00,FLAT,602188375.6136363,602188375.6136363,0.0,1715.3
2025-08-07 10:45:00,FLAT,602188375.6136363,602188375.6136363,0.0,1713.7
2025-08-07 11:00:00,FLAT,602188375.6136363,602188375.6136363,0.0,1717.5
2025-08-07 11:15:00,FLAT,602188375.6136363,602188375.6136363,0.0,1717.0
2025-08-07 11:30:00,FLAT,602188375.6136363,602188375.6136363,0.0,1716.5
2025-08-07 13:00:00,FLAT,602188375.6136363,602188375.6136363,0.0,1718.6
2025-08-07 13:15:00,FLAT,602188375.6136363,602188375.6136363,0.0,1721.6
2025-08-07 13:30:00,FLAT,602188375.6136363,602188375.6136363,0.0,1716.8
2025-08-07 13:45:00,FLAT,602188375.6136363,602188375.6136363,0.0,1717.4
2025-08-07 14:00:00,FLAT,602188375.6136363,602188375.6136363,0.0,1722.3
2025-08-07 14:15:00,FLAT,602188375.6136363,602188375.6136363,0.0,1737.0
2025-08-07 14:30:00,LONG,601227855.6136363,601927855.6136363,-700000.0000000455,1736.1
2025-08-08 09:00:00,FLAT,592568700.6136364,592568700.6136364,0.0,1727.1
2025-08-08 09:15:00,FLAT,592568700.6136364,592568700.6136364,0.0,1726.7
2025-08-08 09:30:00,FLAT,592568700.6136364,592568700.6136364,0.0,1723.4
2025-08-08 09:45:00,FLAT,592568700.6136364,592568700.6136364,0.0,1722.5
2025-08-08 10:00:00,FLAT,592568700.6136364,592568700.6136364,0.0,1723.0
2025-08-08 10:15:00,FLAT,592568700.6136364,592568700.6136364,0.0,1724.8
2025-08-08 10:30:00,FLAT,592568700.6136364,592568700.6136364,0.0,1720.8
2025-08-08 10:45:00,FLAT,592568700.6136364,592568700.6136364,0.0,1720.9
2025-08-08 11:00:00,FLAT,592568700.6136364,592568700.6136364,0.0,1719.8
2025-08-08 11:15:00,FLAT,592568700.6136364,592568700.6136364,0.0,1708.6
2025-08-08 11:30:00,FLAT,592568700.6136364,592568700.6136364,0.0,1710.4
2025-08-08 13:00:00,FLAT,592568700.6136364,592568700.6136364,0.0,1710.1
2025-08-08 13:15:00,FLAT,592568700.6136364,592568700.6136364,0.0,1713.5
2025-08-08 13:30:00,FLAT,592568700.6136364,592568700.6136364,0.0,1717.4
2025-08-08 13:45:00,FLAT,592568700.6136364,592568700.6136364,0.0,1716.2
2025-08-08 14:00:00,FLAT,592568700.6136364,592568700.6136364,0.0,1726.1
2025-08-08 14:15:00,FLAT,587283224.0227271,587283224.0227271,0.0,1725.7
2025-08-08 14:30:00,FLAT,587283224.0227271,587283224.0227271,0.0,1726.0
2025-08-11 09:00:00,FLAT,587283224.0227271,587283224.0227271,0.0,1727.8
2025-08-11 09:15:00,FLAT,587283224.0227271,587283224.0227271,0.0,1726.7
2025-08-11 09:30:00,FLAT,587283224.0227271,587283224.0227271,0.0,1733.0
2025-08-11 09:45:00,FLAT,587283224.0227271,587283224.0227271,0.0,1737.5
2025-08-11 10:00:00,FLAT,587283224.0227271,587283224.0227271,0.0,1732.2
2025-08-11 10:15:00,FLAT,587283224.0227271,587283224.0227271,0.0,1740.9
2025-08-11 10:30:00,LONG,587622044.022727,587022044.0227271,599999.9999999091,1741.8
2025-08-11 10:45:00,LONG,587122044.022727,587022044.0227271,99999.99999990905,1741.3
2025-08-11 11:00:00,LONG,586422044.022727,587022044.0227271,-600000.0000001364,1740.6
2025-08-11 11:15:00,LONG,589822044.0227271,587022044.0227271,2799999.9999999544,1744.0
2025-08-11 13:00:00,LONG,586722044.0227271,587022044.0227271,-299999.99999995454,1740.9
2025-08-11 13:15:00,FLAT,581884322.8863636,581884322.8863636,0.0,1740.2
2025-08-11 13:30:00,FLAT,581884322.8863636,581884322.8863636,0.0,1735.7
2025-08-11 13:45:00,FLAT,581884322.8863636,581884322.8863636,0.0,1738.4
2025-08-11 14:00:00,FLAT,581884322.8863636,581884322.8863636,0.0,1740.9
2025-08-11 14:15:00,FLAT,581884322.8863636,581884322.8863636,0.0,1740.5
2025-08-11 14:30:00,FLAT,581884322.8863636,581884322.8863636,0.0,1742.0
2025-08-12 09:00:00,FLAT,581884322.8863636,581884322.8863636,0.0,1741.8
2025-08-12 09:15:00,FLAT,581884322.8863636,581884322.8863636,0.0,1744.4
2025-08-12 09:30:00,FLAT,581884322.8863636,581884322.8863636,0.0,1743.6
2025-08-12 09:45:00,FLAT,581884322.8863636,581884322.8863636,0.0,1745.7
2025-08-12 10:00:00,FLAT,581884322.8863636,581884322.8863636,0.0,1744.3
2025-08-12 10:15:00,FLAT,581884322.8863636,581884322.8863636,0.0,1744.8
2025-08-12 10:30:00,FLAT,581884322.8863636,581884322.8863636,0.0,1749.4
2025-08-12 10:45:00,LONG,580121837.8863636,581621837.8863636,-1500000.0,1748.4
2025-08-12 11:00:00,FLAT,577668997.4318181,577668997.4318181,0.0,1745.3
2025-08-12 11:15:00,FLAT,577668997.4318181,577668997.4318181,0.0,1738.0
2025-08-12 13:00:00,FLAT,577668997.4318181,577668997.4318181,0.0,1740.5
2025-08-12 13:15:00,FLAT,577668997.4318181,577668997.4318181,0.0,1740.0
2025-08-12 13:30:00,FLAT,577668997.4318181,577668997.4318181,0.0,1740.4
2025-08-12 13:45:00,FLAT,577668997.4318181,577668997.4318181,0.0,1743.9
2025-08-12 14:00:00,LONG,576607382.4318181,577407382.4318181,-799999.9999999545,1743.3
2025-08-12 14:15:00,FLAT,573887165.3863639,573887165.3863639,0.0,1745.8
2025-08-12 14:30:00,FLAT,573887165.3863639,573887165.3863639,0.0,1746.3
2025-08-13 09:00:00,FLAT,573887165.3863639,573887165.3863639,0.0,1755.0
2025-08-13 09:15:00,FLAT,573887165.3863639,573887165.3863639,0.0,1749.6
2025-08-13 09:30:00,FLAT,573887165.3863639,573887165.3863639,0.0,1748.6
2025-08-13 09:45:00,FLAT,573887165.3863639,573887165.3863639,0.0,1745.3
2025-08-13 10:00:00,FLAT,573887165.3863639,573887165.3863639,0.0,1735.3
2025-08-13 10:15:00,FLAT,573887165.3863639,573887165.3863639,0.0,1741.0
2025-08-13 10:30:00,FLAT,573887165.3863639,573887165.3863639,0.0,1740.7
2025-08-13 10:45:00,FLAT,573887165.3863639,573887165.3863639,0.0,1737.3
2025-08-13 11:00:00,FLAT,573887165.3863639,573887165.3863639,0.0,1734.5
2025-08-13 11:15:00,FLAT,573887165.3863639,573887165.3863639,0.0,1722.5
2025-08-13 11:30:00,FLAT,573887165.3863639,573887165.3863639,0.0,1722.3
2025-08-13 13:00:00,FLAT,573887165.3863639,573887165.3863639,0.0,1723.0
2025-08-13 13:15:00,FLAT,573887165.3863639,573887165.3863639,0.0,1731.6
2025-08-13 13:30:00,FLAT,573887165.3863639,573887165.3863639,0.0,1739.0
2025-08-13 13:45:00,FLAT,573887165.3863639,573887165.3863639,0.0,1739.0
2025-08-13 14:00:00,FLAT,573887165.3863639,573887165.3863639,0.0,1740.4
2025-08-13 14:15:00,FLAT,573887165.3863639,573887165.3863639,0.0,1744.0
2025-08-13 14:30:00,FLAT,573887165.3863639,573887165.3863639,0.0,1745.0
2025-08-14 09:00:00,FLAT,573887165.3863639,573887165.3863639,0.0,1756.0
2025-08-14 09:15:00,FLAT,573887165.3863639,573887165.3863639,0.0,1755.1
2025-08-14 09:30:00,FLAT,573887165.3863639,573887165.3863639,0.0,1760.8
2025-08-14 09:45:00,FLAT,573887165.3863639,573887165.3863639,0.0,1764.9
2025-08-14 10:00:00,FLAT,573887165.3863639,573887165.3863639,0.0,1779.6
2025-08-14 10:15:00,LONG,571020195.386364,573620195.3863639,-2599999.999999909,1777.2
2025-08-14 10:30:00,LONG,573820195.3863639,573620195.3863639,200000.00000004546,1780.0
2025-08-14 10:45:00,LONG,572120195.3863639,573620195.3863639,-1500000.0,1778.3
2025-08-14 11:00:00,LONG,572420195.3863639,573620195.3863639,-1200000.0000000454,1778.6
2025-08-14 11:15:00,LONG,571020195.386364,573620195.3863639,-2599999.999999909,1777.2
2025-08-14 13:00:00,LONG,577020195.386364,573620195.3863639,3400000.000000091,1783.2
2025-08-14 13:15:00,LONG,576620195.3863639,573620195.3863639,3000000.0,1782.8
2025-08-14 13:30:00,FLAT,567604087.8863639,567604087.8863639,0.0,1775.6
2025-08-14 13:45:00,FLAT,567604087.8863639,567604087.8863639,0.0,1784.0
2025-08-14 14:00:00,FLAT,567604087.8863639,567604087.8863639,0.0,1782.5
2025-08-14 14:15:00,FLAT,567604087.8863639,567604087.8863639,0.0,1785.6
2025-08-14 14:30:00,LONG,570636112.8863639,567336112.8863639,3299999.9999999544,1789.8
2025-08-15 09:00:00,LONG,592136112.8863639,567336112.8863639,24799999.999999955,1811.3
2025-08-15 09:15:00,LONG,590336112.8863639,567336112.8863639,23000000.0,1809.5
2025-08-15 09:30:00,LONG,583436112.8863637,567336112.8863639,16099999.999999909,1802.6
2025-08-15 09:45:00,LONG,585836112.8863639,567336112.8863639,18500000.0,1805.0
2025-08-15 10:00:00,LONG,584836112.8863639,567336112.8863639,17500000.0,1804.0
2025-08-15 10:15:00,LONG,586336112.8863639,567336112.8863639,19000000.0,1805.5
2025-08-15 10:30:00,LONG,578136112.8863639,567336112.8863639,10799999.999999955,1797.3
2025-08-15 10:45:00,LONG,572136112.8863639,567336112.8863639,4799999.999999954,1791.3
2025-08-15 11:00:00,LONG,570836112.8863639,567336112.8863639,3500000.0,1790.0
2025-08-15 11:15:00,FLAT,562173417.6590911,562173417.6590911,0.0,1786.4
2025-08-15 13:00:00,FLAT,562173417.6590911,562173417.6590911,0.0,1786.6
2025-08-15 13:15:00,FLAT,562173417.6590911,562173417.6590911,0.0,1784.1
2025-08-15 13:30:00,FLAT,562173417.6590911,562173417.6590911,0.0,1784.3
2025-08-15 13:45:00,FLAT,562173417.6590911,562173417.6590911,0.0,1788.9
2025-08-15 14:00:00,FLAT,562173417.6590911,562173417.6590911,0.0,1787.4
2025-08-15 14:15:00,FLAT,562173417.6590911,562173417.6590911,0.0,1780.0
2025-08-15 14:30:00,FLAT,562173417.6590911,562173417.6590911,0.0,1780.0
2025-08-18 09:00:00,FLAT,562173417.6590911,562173417.6590911,0.0,1782.3
2025-08-18 09:15:00,FLAT,562173417.6590911,562173417.6590911,0.0,1781.2
2025-08-18 09:30:00,FLAT,562173417.6590911,562173417.6590911,0.0,1775.7
2025-08-18 09:45:00,FLAT,562173417.6590911,562173417.6590911,0.0,1779.1
2025-08-18 10:00:00,FLAT,562173417.6590911,562173417.6590911,0.0,1779.0
2025-08-18 10:15:00,FLAT,562173417.6590911,562173417.6590911,0.0,1780.7
2025-08-18 10:30:00,FLAT,562173417.6590911,562173417.6590911,0.0,1784.9
2025-08-18 10:45:00,FLAT,562173417.6590911,562173417.6590911,0.0,1784.0
2025-08-18 11:00:00,FLAT,562173417.6590911,562173417.6590911,0.0,1778.0
2025-08-18 11:15:00,FLAT,562173417.6590911,562173417.6590911,0.0,1776.1
2025-08-18 13:00:00,FLAT,562173417.6590911,562173417.6590911,0.0,1772.9
2025-08-18 13:15:00,FLAT,562173417.6590911,562173417.6590911,0.0,1774.6
2025-08-18 13:30:00,FLAT,562173417.6590911,562173417.6590911,0.0,1775.2
2025-08-18 13:45:00,FLAT,562173417.6590911,562173417.6590911,0.0,1773.0
2025-08-18 14:00:00,FLAT,562173417.6590911,562173417.6590911,0.0,1776.2
2025-08-18 14:15:00,FLAT,562173417.6590911,562173417.6590911,0.0,1784.0
2025-08-18 14:30:00,LONG,560805862.659091,561905862.6590911,-1100000.0000001364,1782.6
2025-08-19 09:00:00,LONG,562805862.659091,561905862.6590911,899999.9999998636,1784.6
2025-08-19 09:15:00,LONG,575905862.6590911,561905862.6590911,14000000.0,1797.7
2025-08-19 09:30:00,LONG,579505862.659091,561905862.6590911,17599999.99999991,1801.3
2025-08-19 09:45:00,LONG,578305862.659091,561905862.6590911,16399999.999999864,1800.1
2025-08-19 10:00:00,LONG,577605862.6590911,561905862.6590911,15700000.000000045,1799.4
2025-08-19 10:15:00,LONG,577905862.6590911,561905862.6590911,16000000.0,1799.7
2025-08-19 10:30:00,LONG,576805862.659091,561905862.6590911,14899999.999999864,1798.6
2025-08-19 10:45:00,LONG,572005862.659091,561905862.6590911,10099999.999999909,1793.8
2025-08-19 11:00:00,LONG,574705862.6590911,561905862.6590911,12799999.999999955,1796.5
2025-08-19 11:15:00,LONG,579805862.659091,561905862.6590911,17899999.999999862,1801.6
2025-08-19 11:30:00,LONG,579705862.6590911,561905862.6590911,17799999.999999955,1801.5
2025-08-19 13:00:00,LONG,585205862.6590911,561905862.6590911,23299999.999999955,1807.0
2025-08-19 13:15:00,LONG,583505862.659091,561905862.6590911,21599999.99999991,1805.3
2025-08-19 13:30:00,LONG,579405862.6590911,561905862.6590911,17500000.0,1801.2
2025-08-19 13:45:00,LONG,583205862.6590911,561905862.6590911,21299999.999999955,1805.0
2025-08-19 14:00:00,FLAT,591388389.9318187,591388389.9318187,0.0,1818.5
2025-08-19 14:15:00,FLAT,591388389.9318187,591388389.9318187,0.0,1812.0
2025-08-19 14:30:00,FLAT,591388389.9318187,591388389.9318187,0.0,1818.0
2025-08-20 09:00:00,FLAT,591388389.9318187,591388389.9318187,0.0,1819.5
2025-08-20 09:15:00,FLAT,591388389.9318187,591388389.9318187,0.0,1816.8
2025-08-20 09:30:00,FLAT,591388389.9318187,591388389.9318187,0.0,1814.0
2025-08-20 09:45:00,FLAT,591388389.9318187,591388389.9318187,0.0,1819.2
2025-08-20 10:00:00,FLAT,591388389.9318187,591388389.9318187,0.0,1813.9
2025-08-20 10:15:00,FLAT,591388389.9318187,591388389.9318187,0.0,1805.7
2025-08-20 10:30:00,FLAT,591388389.9318187,591388389.9318187,0.0,1796.5
2025-08-20 10:45:00,FLAT,591388389.9318187,591388389.9318187,0.0,1790.8
2025-08-20 11:00:00,FLAT,591388389.9318187,591388389.9318187,0.0,1789.5
2025-08-20 11:15:00,FLAT,591388389.9318187,591388389.9318187,0.0,1789.7
2025-08-20 13:00:00,FLAT,591388389.9318187,591388389.9318187,0.0,1796.9
2025-08-20 13:15:00,FLAT,591388389.9318187,591388389.9318187,0.0,1808.0
2025-08-20 13:30:00,FLAT,591388389.9318187,591388389.9318187,0.0,1815.7
2025-08-20 13:45:00,FLAT,591388389.9318187,591388389.9318187,0.0,1813.8
2025-08-20 14:00:00,FLAT,591388389.9318187,591388389.9318187,0.0,1818.1
2025-08-20 14:15:00,FLAT,591388389.9318187,591388389.9318187,0.0,1825.3
2025-08-20 14:30:00,LONG,591329209.9318187,591169209.9318187,160000.00000003638,1826.7
2025-08-21 09:00:00,LONG,597569209.9318187,591169209.9318187,6400000.0,1834.5
2025-08-21 09:15:00,LONG,601809209.9318187,591169209.9318187,10639999.999999963,1839.8
2025-08-21 09:30:00,LONG,607489209.9318188,591169209.9318187,16320000.000000073,1846.9
2025-08-21 09:45:00,LONG,612129209.9318187,591169209.9318187,20960000.000000037,1852.7
2025-08-21 10:00:00,LONG,614529209.9318187,591169209.9318187,23360000.000000037,1855.7
2025-08-21 10:15:00,LONG,611089209.9318188,591169209.9318187,19920000.000000075,1851.4
2025-08-21 10:30:00,LONG,614449209.9318186,591169209.9318187,23279999.999999925,1855.6
2025-08-21 10:45:00,LONG,613089209.9318188,591169209.9318187,21920000.000000075,1853.9
2025-08-21 11:00:00,LONG,611329209.9318187,591169209.9318187,20160000.000000037,1851.7
2025-08-21 11:15:00,LONG,615169209.9318187,591169209.9318187,24000000.0,1856.5
2025-08-21 11:30:00,LONG,615169209.9318187,591169209.9318187,24000000.0,1856.5
2025-08-21 13:00:00,LONG,618529209.9318187,591169209.9318187,27360000.000000037,1860.7
2025-08-21 13:15:00,LONG,617969209.9318187,591169209.9318187,26800000.0,1860.0
2025-08-21 13:30:00,LONG,616129209.9318187,591169209.9318187,24960000.000000037,1857.7
2025-08-21 13:45:00,LONG,615809209.9318187,591169209.9318187,24639999.999999963,1857.3
2025-08-21 14:00:00,LONG,625969209.9318187,591169209.9318187,34800000.0,1870.0
2025-08-21 14:15:00,LONG,631569209.9318187,591169209.9318187,40400000.0,1877.0
2025-08-21 14:30:00,LONG,631569209.9318187,591169209.9318187,40400000.0,1877.0
2025-08-22 09:00:00,LONG,598769209.9318187,591169209.9318187,7600000.0,1836.0
2025-08-22 09:15:00,LONG,599009209.9318187,591169209.9318187,7839999.999999964,1836.3
2025-08-22 09:30:00,LONG,605809209.9318187,591169209.9318187,14639999.999999963,1844.8
2025-08-22 09:45:00,LONG,601969209.9318187,591169209.9318187,10800000.0,1840.0
2025-08-22 10:00:00,LONG,604049209.9318186,591169209.9318187,12879999.999999927,1842.6
2025-08-22 10:15:00,FLAT,584216494.6590914,584216494.6590914,0.0,1816.9
2025-08-22 10:30:00,FLAT,584216494.6590914,584216494.6590914,0.0,1823.6
2025-08-22 10:45:00,FLAT,584216494.6590914,584216494.6590914,0.0,1800.0
2025-08-22 11:00:00,FLAT,584216494.6590914,584216494.6590914,0.0,1808.6
2025-08-22 11:15:00,FLAT,584216494.6590914,584216494.6590914,0.0,1808.6
2025-08-22 11:30:00,FLAT,584216494.6590914,584216494.6590914,0.0,1808.5
2025-08-22 13:00:00,FLAT,584216494.6590914,584216494.6590914,0.0,1811.5
2025-08-22 13:15:00,FLAT,584216494.6590914,584216494.6590914,0.0,1815.8
2025-08-22 13:30:00,FLAT,584216494.6590914,584216494.6590914,0.0,1807.1
2025-08-22 13:45:00,FLAT,584216494.6590914,584216494.6590914,0.0,1809.3
2025-08-22 14:00:00,FLAT,584216494.6590914,584216494.6590914,0.0,1835.0
2025-08-22 14:15:00,FLAT,576937876.1136369,576937876.1136369,0.0,1812.0
2025-08-22 14:30:00,FLAT,576937876.1136369,576937876.1136369,0.0,1810.0
2025-08-25 09:00:00,FLAT,576937876.1136369,576937876.1136369,0.0,1819.0
2025-08-25 09:15:00,FLAT,576937876.1136369,576937876.1136369,0.0,1814.4
2025-08-25 09:30:00,FLAT,576937876.1136369,576937876.1136369,0.0,1815.0
2025-08-25 09:45:00,FLAT,576937876.1136369,576937876.1136369,0.0,1817.1
2025-08-25 10:00:00,FLAT,576937876.1136369,576937876.1136369,0.0,1821.4
2025-08-25 10:15:00,FLAT,576937876.1136369,576937876.1136369,0.0,1812.2
2025-08-25 10:30:00,FLAT,576937876.1136369,576937876.1136369,0.0,1805.8
2025-08-25 10:45:00,FLAT,576937876.1136369,576937876.1136369,0.0,1806.6
2025-08-25 11:00:00,FLAT,576937876.1136369,576937876.1136369,0.0,1798.7
2025-08-25 11:15:00,FLAT,576937876.1136369,576937876.1136369,0.0,1800.4
2025-08-25 11:30:00,FLAT,576937876.1136369,576937876.1136369,0.0,1800.1
2025-08-25 13:00:00,FLAT,576937876.1136369,576937876.1136369,0.0,1801.6
2025-08-25 13:15:00,FLAT,576937876.1136369,576937876.1136369,0.0,1793.3
2025-08-25 13:30:00,FLAT,576937876.1136369,576937876.1136369,0.0,1792.5
2025-08-25 13:45:00,FLAT,576937876.1136369,576937876.1136369,0.0,1793.1
2025-08-25 14:00:00,FLAT,576937876.1136369,576937876.1136369,0.0,1792.8
2025-08-25 14:15:00,FLAT,576937876.1136369,576937876.1136369,0.0,1782.7
2025-08-25 14:30:00,FLAT,576937876.1136369,576937876.1136369,0.0,1782.0
2025-08-26 09:00:00,FLAT,576937876.1136369,576937876.1136369,0.0,1778.4
2025-08-26 09:15:00,FLAT,576937876.1136369,576937876.1136369,0.0,1785.0
2025-08-26 09:30:00,FLAT,576937876.1136369,576937876.1136369,0.0,1785.0
2025-08-26 09:45:00,FLAT,576937876.1136369,576937876.1136369,0.0,1793.4
2025-08-26 10:00:00,LONG,575468821.1136369,576668821.1136369,-1200000.0000000454,1792.5
2025-08-26 10:15:00,LONG,586768821.1136367,576668821.1136369,10099999.999999909,1803.8
2025-08-26 10:30:00,LONG,585168821.1136369,576668821.1136369,8500000.0,1802.2
2025-08-26 10:45:00,LONG,580968821.1136369,576668821.1136369,4299999.999999954,1798.0
2025-08-26 11:00:00,LONG,579168821.1136369,576668821.1136369,2500000.0,1796.2
2025-08-26 11:15:00,LONG,577268821.1136367,576668821.1136369,599999.9999999091,1794.3
2025-08-26 11:30:00,LONG,577068821.1136367,576668821.1136369,399999.99999986356,1794.1
2025-08-26 13:00:00,LONG,590568821.1136367,576668821.1136369,13899999.999999864,1807.6
2025-08-26 13:15:00,LONG,597968821.1136369,576668821.1136369,21299999.999999955,1815.0
2025-08-26 13:30:00,LONG,606268821.1136367,576668821.1136369,29599999.99999991,1823.3
2025-08-26 13:45:00,LONG,614768821.1136367,576668821.1136369,38099999.99999991,1831.8
2025-08-26 14:00:00,LONG,617968821.1136369,576668821.1136369,41299999.999999955,1835.0
2025-08-26 14:15:00,FLAT,631818724.7500007,631818724.7500007,0.0,1851.0
2025-08-26 14:30:00,FLAT,631818724.7500007,631818724.7500007,0.0,1854.0
2025-08-27 09:00:00,FLAT,631818724.7500007,631818724.7500007,0.0,1851.6
2025-08-27 09:15:00,FLAT,631818724.7500007,631818724.7500007,0.0,1854.0
2025-08-27 09:30:00,FLAT,631818724.7500007,631818724.7500007,0.0,1864.8
2025-08-27 09:45:00,FLAT,631818724.7500007,631818724.7500007,0.0,1855.7
2025-08-27 10:00:00,FLAT,631818724.7500007,631818724.7500007,0.0,1854.7
2025-08-27 10:15:00,FLAT,631818724.7500007,631818724.7500007,0.0,1849.1
2025-08-27 10:30:00,FLAT,631818724.7500007,631818724.7500007,0.0,1855.2
2025-08-27 10:45:00,FLAT,631818724.7500007,631818724.7500007,0.0,1853.0
2025-08-27 11:00:00,FLAT,631818724.7500007,631818724.7500007,0.0,1849.3
2025-08-27 11:15:00,FLAT,631818724.7500007,631818724.7500007,0.0,1854.4
2025-08-27 13:00:00,FLAT,631818724.7500007,631818724.7500007,0.0,1846.5
2025-08-27 13:15:00,FLAT,631818724.7500007,631818724.7500007,0.0,1852.7
2025-08-27 13:30:00,FLAT,631818724.7500007,631818724.7500007,0.0,1849.9
2025-08-27 13:45:00,FLAT,631818724.7500007,631818724.7500007,0.0,1851.6
2025-08-27 14:00:00,FLAT,631818724.7500007,631818724.7500007,0.0,1857.0
2025-08-27 14:15:00,FLAT,631818724.7500007,631818724.7500007,0.0,1848.1
2025-08-27 14:30:00,FLAT,631818724.7500007,631818724.7500007,0.0,1851.0
2025-08-28 09:00:00,FLAT,631818724.7500007,631818724.7500007,0.0,1850.8
2025-08-28 09:15:00,FLAT,631818724.7500007,631818724.7500007,0.0,1862.2
2025-08-28 09:30:00,FLAT,631818724.7500007,631818724.7500007,0.0,1855.0
2025-08-28 09:45:00,FLAT,631818724.7500007,631818724.7500007,0.0,1855.3
2025-08-28 10:00:00,FLAT,631818724.7500007,631818724.7500007,0.0,1844.8
2025-08-28 10:15:00,FLAT,631818724.7500007,631818724.7500007,0.0,1829.6
2025-08-28 10:30:00,FLAT,631818724.7500007,631818724.7500007,0.0,1833.7
2025-08-28 10:45:00,FLAT,631818724.7500007,631818724.7500007,0.0,1836.3
2025-08-28 11:00:00,FLAT,631818724.7500007,631818724.7500007,0.0,1840.7
2025-08-28 11:15:00,FLAT,631818724.7500007,631818724.7500007,0.0,1844.2
2025-08-28 13:00:00,FLAT,631818724.7500007,631818724.7500007,0.0,1842.5
2025-08-28 13:15:00,FLAT,631818724.7500007,631818724.7500007,0.0,1851.8
2025-08-28 13:30:00,FLAT,631818724.7500007,631818724.7500007,0.0,1861.6
2025-08-28 13:45:00,FLAT,631818724.7500007,631818724.7500007,0.0,1859.2
2025-08-28 14:00:00,FLAT,631818724.7500007,631818724.7500007,0.0,1852.9
2025-08-28 14:15:00,FLAT,631818724.7500007,631818724.7500007,0.0,1862.9
2025-08-28 14:30:00,FLAT,631818724.7500007,631818724.7500007,0.0,1862.6
2025-08-29 09:00:00,FLAT,631818724.7500007,631818724.7500007,0.0,1866.2
2025-08-29 09:15:00,FLAT,631818724.7500007,631818724.7500007,0.0,1865.0
2025-08-29 09:30:00,FLAT,631818724.7500007,631818724.7500007,0.0,1859.7
2025-08-29 09:45:00,FLAT,631818724.7500007,631818724.7500007,0.0,1864.1
2025-08-29 10:00:00,FLAT,631818724.7500007,631818724.7500007,0.0,1865.9
2025-08-29 10:15:00,FLAT,631818724.7500007,631818724.7500007,0.0,1870.7
2025-08-29 10:30:00,FLAT,631818724.7500007,631818724.7500007,0.0,1873.0
2025-08-29 10:45:00,LONG,632637834.7500008,631537834.7500007,1100000.0000001364,1873.7
2025-08-29 11:00:00,LONG,631937834.7500008,631537834.7500007,400000.0000000909,1873.0
2025-08-29 11:15:00,LONG,633937834.7500008,631537834.7500007,2400000.000000091,1875.0
2025-08-29 13:00:00,LONG,634337834.750001,631537834.7500007,2800000.000000182,1875.4
2025-08-29 13:15:00,LONG,633937834.7500008,631537834.7500007,2400000.000000091,1875.0
2025-08-29 13:30:00,FLAT,627625671.34091,627625671.34091,0.0,1867.7
2025-08-29 13:45:00,FLAT,627625671.34091,627625671.34091,0.0,1869.0
2025-08-29 14:00:00,FLAT,627625671.34091,627625671.34091,0.0,1871.0
2025-08-29 14:15:00,FLAT,627625671.34091,627625671.34091,0.0,1868.7
2025-08-29 14:30:00,FLAT,627625671.34091,627625671.34091,0.0,1866.0
2025-09-03 09:00:00,FLAT,627625671.34091,627625671.34091,0.0,1853.9
2025-09-03 09:15:00,FLAT,627625671.34091,627625671.34091,0.0,1852.7
2025-09-03 09:30:00,FLAT,627625671.34091,627625671.34091,0.0,1852.0
2025-09-03 09:45:00,FLAT,627625671.34091,627625671.34091,0.0,1854.7
2025-09-03 10:00:00,FLAT,627625671.34091,627625671.34091,0.0,1856.6
2025-09-03 10:15:00,FLAT,627625671.34091,627625671.34091,0.0,1858.5
2025-09-03 10:30:00,FLAT,627625671.34091,627625671.34091,0.0,1845.7
2025-09-03 10:45:00,FLAT,627625671.34091,627625671.34091,0.0,1848.5
2025-09-03 11:00:00,FLAT,627625671.34091,627625671.34091,0.0,1846.2
2025-09-03 11:15:00,FLAT,627625671.34091,627625671.34091,0.0,1849.5
2025-09-03 13:00:00,FLAT,627625671.34091,627625671.34091,0.0,1853.8
2025-09-03 13:15:00,FLAT,627625671.34091,627625671.34091,0.0,1853.6
2025-09-03 13:30:00,FLAT,627625671.34091,627625671.34091,0.0,1853.2
2025-09-03 13:45:00,FLAT,627625671.34091,627625671.34091,0.0,1854.0
2025-09-03 14:00:00,FLAT,627625671.34091,627625671.34091,0.0,1852.9
2025-09-03 14:15:00,FLAT,627625671.34091,627625671.34091,0.0,1856.5
2025-09-03 14:30:00,FLAT,627625671.34091,627625671.34091,0.0,1855.0
2025-09-04 09:00:00,FLAT,627625671.34091,627625671.34091,0.0,1860.7
2025-09-04 09:15:00,FLAT,627625671.34091,627625671.34091,0.0,1857.2
2025-09-04 09:30:00,FLAT,627625671.34091,627625671.34091,0.0,1858.9
2025-09-04 09:45:00,FLAT,627625671.34091,627625671.34091,0.0,1857.4
2025-09-04 10:00:00,FLAT,627625671.34091,627625671.34091,0.0,1858.2
2025-09-04 10:15:00,FLAT,627625671.34091,627625671.34091,0.0,1859.0
2025-09-04 10:30:00,FLAT,627625671.34091,627625671.34091,0.0,1853.0
2025-09-04 10:45:00,FLAT,627625671.34091,627625671.34091,0.0,1849.3
2025-09-04 11:00:00,FLAT,627625671.34091,627625671.34091,0.0,1845.5
2025-09-04 11:15:00,FLAT,627625671.34091,627625671.34091,0.0,1850.8
2025-09-04 13:00:00,FLAT,627625671.34091,627625671.34091,0.0,1856.7
2025-09-04 13:15:00,FLAT,627625671.34091,627625671.34091,0.0,1858.5
2025-09-04 13:30:00,FLAT,627625671.34091,627625671.34091,0.0,1864.5
2025-09-04 13:45:00,FLAT,627625671.34091,627625671.34091,0.0,1863.3
2025-09-04 14:00:00,FLAT,627625671.34091,627625671.34091,0.0,1871.4
2025-09-04 14:15:00,FLAT,627625671.34091,627625671.34091,0.0,1882.4
2025-09-04 14:30:00,LONG,627343101.34091,627343101.34091,0.0,1883.8
2025-09-05 09:00:00,LONG,631543101.34091,627343101.34091,4200000.000000046,1888.0
2025-09-05 09:15:00,LONG,630843101.34091,627343101.34091,3500000.0,1887.3
2025-09-05 09:30:00,LONG,629843101.34091,627343101.34091,2500000.0,1886.3
2025-09-05 09:45:00,LONG,628543101.34091,627343101.34091,1200000.0000000454,1885.0
2025-09-05 10:00:00,LONG,630643101.34091,627343101.34091,3299999.9999999544,1887.1
2025-09-05 10:15:00,LONG,636943101.3409101,627343101.34091,9600000.000000136,1893.4
2025-09-05 10:30:00,LONG,639443101.3409101,627343101.34091,12100000.000000136,1895.9
2025-09-05 10:45:00,LONG,637443101.3409101,627343101.34091,10100000.000000136,1893.9
2025-09-05 11:00:00,LONG,636143101.34091,627343101.34091,8799999.999999955,1892.6
2025-09-05 11:15:00,LONG,637343101.34091,627343101.34091,10000000.0,1893.8
2025-09-05 11:30:00,LONG,636943101.3409101,627343101.34091,9600000.000000136,1893.4
2025-09-05 13:00:00,LONG,636843101.34091,627343101.34091,9500000.0,1893.3
2025-09-05 13:15:00,LONG,634543101.34091,627343101.34091,7200000.000000046,1891.0
2025-09-05 13:30:00,LONG,628043101.34091,627343101.34091,700000.0000000455,1884.5
2025-09-05 13:45:00,FLAT,621584080.2045466,621584080.2045466,0.0,1878.6
2025-09-05 14:00:00,FLAT,621584080.2045466,621584080.2045466,0.0,1878.9
2025-09-05 14:15:00,FLAT,621584080.2045466,621584080.2045466,0.0,1852.7
2025-09-05 14:30:00,FLAT,621584080.2045466,621584080.2045466,0.0,1848.4
2025-09-08 09:00:00,FLAT,621584080.2045466,621584080.2045466,0.0,1839.2
2025-09-08 09:15:00,FLAT,621584080.2045466,621584080.2045466,0.0,1840.6
2025-09-08 09:30:00,FLAT,621584080.2045466,621584080.2045466,0.0,1836.4
2025-09-08 09:45:00,FLAT,621584080.2045466,621584080.2045466,0.0,1839.0
2025-09-08 10:00:00,FLAT,621584080.2045466,621584080.2045466,0.0,1837.9
2025-09-08 10:15:00,FLAT,621584080.2045466,621584080.2045466,0.0,1837.2
2025-09-08 10:30:00,FLAT,621584080.2045466,621584080.2045466,0.0,1833.4
2025-09-08 10:45:00,FLAT,621584080.2045466,621584080.2045466,0.0,1831.0
2025-09-08 11:00:00,FLAT,621584080.2045466,621584080.2045466,0.0,1821.5
2025-09-08 11:15:00,FLAT,621584080.2045466,621584080.2045466,0.0,1830.4
2025-09-08 13:00:00,FLAT,621584080.2045466,621584080.2045466,0.0,1827.7
2025-09-08 13:15:00,FLAT,621584080.2045466,621584080.2045466,0.0,1829.4
2025-09-08 13:30:00,FLAT,621584080.2045466,621584080.2045466,0.0,1835.0
2025-09-08 13:45:00,FLAT,621584080.2045466,621584080.2045466,0.0,1830.3
2025-09-08 14:00:00,FLAT,621584080.2045466,621584080.2045466,0.0,1831.4
2025-09-08 14:15:00,FLAT,621584080.2045466,621584080.2045466,0.0,1806.2
2025-09-08 14:30:00,FLAT,621584080.2045466,621584080.2045466,0.0,1803.0
2025-09-09 09:00:00,FLAT,621584080.2045466,621584080.2045466,0.0,1807.8
2025-09-09 09:15:00,FLAT,621584080.2045466,621584080.2045466,0.0,1804.6
2025-09-09 09:30:00,FLAT,621584080.2045466,621584080.2045466,0.0,1807.5
2025-09-09 09:45:00,FLAT,621584080.2045466,621584080.2045466,0.0,1809.6
2025-09-09 10:00:00,FLAT,621584080.2045466,621584080.2045466,0.0,1805.5
2025-09-09 10:15:00,FLAT,621584080.2045466,621584080.2045466,0.0,1800.5
2025-09-09 10:30:00,FLAT,621584080.2045466,621584080.2045466,0.0,1805.5
2025-09-09 10:45:00,FLAT,621584080.2045466,621584080.2045466,0.0,1800.3
2025-09-09 11:00:00,FLAT,621584080.2045466,621584080.2045466,0.0,1805.1
2025-09-09 11:15:00,FLAT,621584080.2045466,621584080.2045466,0.0,1810.6
2025-09-09 13:00:00,FLAT,621584080.2045466,621584080.2045466,0.0,1814.9
2025-09-09 13:15:00,FLAT,621584080.2045466,621584080.2045466,0.0,1816.8
2025-09-09 13:30:00,FLAT,621584080.2045466,621584080.2045466,0.0,1820.0
2025-09-09 13:45:00,FLAT,621584080.2045466,621584080.2045466,0.0,1811.0
2025-09-09 14:00:00,FLAT,621584080.2045466,621584080.2045466,0.0,1808.5
2025-09-09 14:15:00,FLAT,621584080.2045466,621584080.2045466,0.0,1820.0
2025-09-09 14:30:00,FLAT,621584080.2045466,621584080.2045466,0.0,1821.0
2025-09-10 09:00:00,FLAT,621584080.2045466,621584080.2045466,0.0,1826.6
2025-09-10 09:15:00,FLAT,621584080.2045466,621584080.2045466,0.0,1824.0
2025-09-10 09:30:00,FLAT,621584080.2045466,621584080.2045466,0.0,1823.8
2025-09-10 09:45:00,FLAT,621584080.2045466,621584080.2045466,0.0,1826.3
2025-09-10 10:00:00,FLAT,621584080.2045466,621584080.2045466,0.0,1824.9
2025-09-10 10:15:00,FLAT,621584080.2045466,621584080.2045466,0.0,1817.6
2025-09-10 10:30:00,FLAT,621584080.2045466,621584080.2045466,0.0,1812.5
2025-09-10 10:45:00,FLAT,621584080.2045466,621584080.2045466,0.0,1809.3
2025-09-10 11:00:00,FLAT,621584080.2045466,621584080.2045466,0.0,1813.3
2025-09-10 11:15:00,FLAT,621584080.2045466,621584080.2045466,0.0,1815.9
2025-09-10 13:00:00,FLAT,621584080.2045466,621584080.2045466,0.0,1814.3
2025-09-10 13:15:00,FLAT,621584080.2045466,621584080.2045466,0.0,1808.1
2025-09-10 13:30:00,FLAT,621584080.2045466,621584080.2045466,0.0,1811.7
2025-09-10 13:45:00,FLAT,621584080.2045466,621584080.2045466,0.0,1813.4
2025-09-10 14:00:00,FLAT,621584080.2045466,621584080.2045466,0.0,1809.2
2025-09-10 14:15:00,FLAT,621584080.2045466,621584080.2045466,0.0,1822.1
2025-09-10 14:30:00,FLAT,615829020.659092,615829020.659092,0.0,1818.0
2025-09-11 09:00:00,FLAT,615829020.659092,615829020.659092,0.0,1818.7
2025-09-11 09:15:00,FLAT,615829020.659092,615829020.659092,0.0,1809.8
2025-09-11 09:30:00,FLAT,615829020.659092,615829020.659092,0.0,1801.0
2025-09-11 09:45:00,FLAT,615829020.659092,615829020.659092,0.0,1785.9
2025-09-11 10:00:00,FLAT,615829020.659092,615829020.659092,0.0,1783.5
2025-09-11 10:15:00,FLAT,615829020.659092,615829020.659092,0.0,1790.0
2025-09-11 10:30:00,FLAT,615829020.659092,615829020.659092,0.0,1794.5
2025-09-11 10:45:00,FLAT,615829020.659092,615829020.659092,0.0,1797.3
2025-09-11 11:00:00,FLAT,615829020.659092,615829020.659092,0.0,1799.3
2025-09-11 11:15:00,FLAT,615829020.659092,615829020.659092,0.0,1820.6
2025-09-11 11:30:00,FLAT,615829020.659092,615829020.659092,0.0,1820.8
2025-09-11 13:00:00,FLAT,615829020.659092,615829020.659092,0.0,1814.9
2025-09-11 13:15:00,FLAT,615829020.659092,615829020.659092,0.0,1823.1
2025-09-11 13:30:00,FLAT,615829020.659092,615829020.659092,0.0,1835.5
2025-09-11 13:45:00,FLAT,615829020.659092,615829020.659092,0.0,1847.2
2025-09-11 14:00:00,LONG,626151895.6590918,615551895.659092,10599999.999999909,1858.1
2025-09-11 14:15:00,LONG,621951895.6590921,615551895.659092,6400000.000000091,1853.9
2025-09-11 14:30:00,LONG,628051895.659092,615551895.659092,12500000.0,1860.0
2025-09-12 09:00:00,LONG,620951895.6590921,615551895.659092,5400000.000000091,1852.9
2025-09-12 09:15:00,LONG,622851895.659092,615551895.659092,7299999.999999954,1854.8
2025-09-12 09:30:00,LONG,615951895.6590921,615551895.659092,400000.0000000909,1847.9
2025-09-12 09:45:00,LONG,617251895.659092,615551895.659092,1700000.0000000454,1849.2
2025-09-12 10:00:00,FLAT,608684850.2045466,608684850.2045466,0.0,1836.6
2025-09-12 10:15:00,FLAT,608684850.2045466,608684850.2045466,0.0,1851.8
2025-09-12 10:30:00,FLAT,608684850.2045466,608684850.2045466,0.0,1855.4
2025-09-12 10:45:00,FLAT,608684850.2045466,608684850.2045466,0.0,1856.9
2025-09-12 11:00:00,FLAT,608684850.2045466,608684850.2045466,0.0,1852.5
2025-09-12 11:15:00,FLAT,608684850.2045466,608684850.2045466,0.0,1851.0
2025-09-12 11:30:00,FLAT,608684850.2045466,608684850.2045466,0.0,1850.8
2025-09-12 13:00:00,FLAT,608684850.2045466,608684850.2045466,0.0,1855.1
2025-09-12 13:15:00,FLAT,608684850.2045466,608684850.2045466,0.0,1852.7
2025-09-12 13:30:00,FLAT,608684850.2045466,608684850.2045466,0.0,1858.8
2025-09-12 13:45:00,FLAT,608684850.2045466,608684850.2045466,0.0,1864.8
2025-09-12 14:00:00,FLAT,608684850.2045466,608684850.2045466,0.0,1869.5
2025-09-12 14:15:00,FLAT,602001891.3409101,602001891.3409101,0.0,1862.1
2025-09-12 14:30:00,FLAT,602001891.3409101,602001891.3409101,0.0,1859.2
2025-09-15 09:00:00,FLAT,602001891.3409101,602001891.3409101,0.0,1853.6
2025-09-15 09:15:00,FLAT,602001891.3409101,602001891.3409101,0.0,1858.4
2025-09-15 09:30:00,FLAT,602001891.3409101,602001891.3409101,0.0,1858.5
2025-09-15 09:45:00,FLAT,602001891.3409101,602001891.3409101,0.0,1858.5
2025-09-15 10:00:00,FLAT,602001891.3409101,602001891.3409101,0.0,1858.5
2025-09-15 10:15:00,FLAT,602001891.3409101,602001891.3409101,0.0,1854.9
2025-09-15 10:30:00,FLAT,602001891.3409101,602001891.3409101,0.0,1856.6
2025-09-15 10:45:00,FLAT,602001891.3409101,602001891.3409101,0.0,1860.5
2025-09-15 11:00:00,FLAT,602001891.3409101,602001891.3409101,0.0,1861.5
2025-09-15 11:15:00,FLAT,602001891.3409101,602001891.3409101,0.0,1859.5
2025-09-15 13:00:00,FLAT,602001891.3409101,602001891.3409101,0.0,1860.7
2025-09-15 13:15:00,FLAT,602001891.3409101,602001891.3409101,0.0,1863.1
2025-09-15 13:30:00,FLAT,602001891.3409101,602001891.3409101,0.0,1859.7
2025-09-15 13:45:00,FLAT,602001891.3409101,602001891.3409101,0.0,1867.9
2025-09-15 14:00:00,FLAT,597728352.0227282,597728352.0227282,0.0,1868.1
2025-09-15 14:15:00,FLAT,597728352.0227282,597728352.0227282,0.0,1876.1
2025-09-15 14:30:00,FLAT,597728352.0227282,597728352.0227282,0.0,1876.7
2025-09-16 09:00:00,FLAT,597728352.0227282,597728352.0227282,0.0,1885.0
2025-09-16 09:15:00,FLAT,597728352.0227282,597728352.0227282,0.0,1885.8
2025-09-16 09:30:00,FLAT,597728352.0227282,597728352.0227282,0.0,1883.0
2025-09-16 09:45:00,FLAT,597728352.0227282,597728352.0227282,0.0,1883.1
2025-09-16 10:00:00,FLAT,597728352.0227282,597728352.0227282,0.0,1879.3
2025-09-16 10:15:00,FLAT,597728352.0227282,597728352.0227282,0.0,1876.1
2025-09-16 10:30:00,FLAT,597728352.0227282,597728352.0227282,0.0,1878.1
2025-09-16 10:45:00,FLAT,597728352.0227282,597728352.0227282,0.0,1881.2
2025-09-16 11:00:00,FLAT,597728352.0227282,597728352.0227282,0.0,1879.0
2025-09-16 11:15:00,FLAT,597728352.0227282,597728352.0227282,0.0,1878.5
2025-09-16 13:00:00,FLAT,597728352.0227282,597728352.0227282,0.0,1877.4
2025-09-16 13:15:00,FLAT,597728352.0227282,597728352.0227282,0.0,1886.7
2025-09-16 13:30:00,FLAT,597728352.0227282,597728352.0227282,0.0,1889.6
2025-09-16 13:45:00,FLAT,597728352.0227282,597728352.0227282,0.0,1880.0
2025-09-16 14:00:00,FLAT,597728352.0227282,597728352.0227282,0.0,1871.5
2025-09-16 14:15:00,FLAT,597728352.0227282,597728352.0227282,0.0,1875.5
2025-09-16 14:30:00,FLAT,597728352.0227282,597728352.0227282,0.0,1878.3
2025-09-17 09:00:00,FLAT,597728352.0227282,597728352.0227282,0.0,1870.6
2025-09-17 09:15:00,FLAT,597728352.0227282,597728352.0227282,0.0,1874.4
2025-09-17 09:30:00,FLAT,597728352.0227282,597728352.0227282,0.0,1877.0
2025-09-17 09:45:00,FLAT,597728352.0227282,597728352.0227282,0.0,1874.9
2025-09-17 10:00:00,FLAT,597728352.0227282,597728352.0227282,0.0,1875.3
2025-09-17 10:15:00,FLAT,597728352.0227282,597728352.0227282,0.0,1879.6
2025-09-17 10:30:00,FLAT,597728352.0227282,597728352.0227282,0.0,1878.1
2025-09-17 10:45:00,FLAT,597728352.0227282,597728352.0227282,0.0,1876.3
2025-09-17 11:00:00,FLAT,597728352.0227282,597728352.0227282,0.0,1875.5
2025-09-17 11:15:00,FLAT,597728352.0227282,597728352.0227282,0.0,1879.7
2025-09-17 13:00:00,FLAT,597728352.0227282,597728352.0227282,0.0,1877.2
2025-09-17 13:15:00,FLAT,597728352.0227282,597728352.0227282,0.0,1880.9
2025-09-17 13:30:00,FLAT,597728352.0227282,597728352.0227282,0.0,1882.3
2025-09-17 13:45:00,FLAT,597728352.0227282,597728352.0227282,0.0,1881.4
2025-09-17 14:00:00,FLAT,597728352.0227282,597728352.0227282,0.0,1880.8
2025-09-17 14:15:00,FLAT,597728352.0227282,597728352.0227282,0.0,1874.0
2025-09-17 14:30:00,FLAT,597728352.0227282,597728352.0227282,0.0,1879.3
2025-09-18 09:00:00,FLAT,597728352.0227282,597728352.0227282,0.0,1873.7
2025-09-18 09:15:00,FLAT,597728352.0227282,597728352.0227282,0.0,1869.1
2025-09-18 09:30:00,FLAT,597728352.0227282,597728352.0227282,0.0,1873.0
2025-09-18 09:45:00,FLAT,597728352.0227282,597728352.0227282,0.0,1869.9
2025-09-18 10:00:00,FLAT,597728352.0227282,597728352.0227282,0.0,1870.8
2025-09-18 10:15:00,FLAT,597728352.0227282,597728352.0227282,0.0,1869.3
2025-09-18 10:30:00,FLAT,597728352.0227282,597728352.0227282,0.0,1864.2
2025-09-18 10:45:00,FLAT,597728352.0227282,597728352.0227282,0.0,1861.3
2025-09-18 11:00:00,FLAT,597728352.0227282,597728352.0227282,0.0,1865.3
2025-09-18 11:15:00,FLAT,597728352.0227282,597728352.0227282,0.0,1865.0
2025-09-18 11:30:00,FLAT,597728352.0227282,597728352.0227282,0.0,1864.4
2025-09-18 13:00:00,FLAT,597728352.0227282,597728352.0227282,0.0,1861.3
2025-09-18 13:15:00,FLAT,597728352.0227282,597728352.0227282,0.0,1862.6
2025-09-18 13:30:00,FLAT,597728352.0227282,597728352.0227282,0.0,1856.4
2025-09-18 13:45:00,FLAT,597728352.0227282,597728352.0227282,0.0,1860.7
2025-09-18 14:00:00,FLAT,597728352.0227282,597728352.0227282,0.0,1863.6
2025-09-18 14:15:00,FLAT,597728352.0227282,597728352.0227282,0.0,1856.7
2025-09-18 14:30:00,FLAT,597728352.0227282,597728352.0227282,0.0,1857.0
2025-09-19 09:00:00,FLAT,597728352.0227282,597728352.0227282,0.0,1855.1
2025-09-19 09:15:00,FLAT,597728352.0227282,597728352.0227282,0.0,1851.9
2025-09-19 09:30:00,FLAT,597728352.0227282,597728352.0227282,0.0,1846.8
2025-09-19 09:45:00,FLAT,597728352.0227282,597728352.0227282,0.0,1844.1
2025-09-19 10:00:00,FLAT,597728352.0227282,597728352.0227282,0.0,1845.5
2025-09-19 10:15:00,FLAT,597728352.0227282,597728352.0227282,0.0,1842.8
2025-09-19 10:30:00,FLAT,597728352.0227282,597728352.0227282,0.0,1843.2
2025-09-19 10:45:00,FLAT,597728352.0227282,597728352.0227282,0.0,1840.2
2025-09-19 11:00:00,FLAT,597728352.0227282,597728352.0227282,0.0,1841.8
2025-09-19 11:15:00,FLAT,597728352.0227282,597728352.0227282,0.0,1840.6
2025-09-19 13:00:00,FLAT,597728352.0227282,597728352.0227282,0.0,1840.4
2025-09-19 13:15:00,FLAT,597728352.0227282,597728352.0227282,0.0,1845.5
2025-09-19 13:30:00,FLAT,597728352.0227282,597728352.0227282,0.0,1851.4
2025-09-19 13:45:00,FLAT,597728352.0227282,597728352.0227282,0.0,1849.0
2025-09-19 14:00:00,FLAT,597728352.0227282,597728352.0227282,0.0,1853.0
2025-09-19 14:15:00,FLAT,597728352.0227282,597728352.0227282,0.0,1848.9
2025-09-19 14:30:00,FLAT,597728352.0227282,597728352.0227282,0.0,1848.0
2025-09-22 09:00:00,FLAT,597728352.0227282,597728352.0227282,0.0,1847.0
2025-09-22 09:15:00,FLAT,597728352.0227282,597728352.0227282,0.0,1843.7
2025-09-22 09:30:00,FLAT,597728352.0227282,597728352.0227282,0.0,1835.0
2025-09-22 09:45:00,FLAT,597728352.0227282,597728352.0227282,0.0,1834.6
2025-09-22 10:00:00,FLAT,597728352.0227282,597728352.0227282,0.0,1829.1
2025-09-22 10:15:00,FLAT,597728352.0227282,597728352.0227282,0.0,1835.0
2025-09-22 10:30:00,FLAT,597728352.0227282,597728352.0227282,0.0,1834.5
2025-09-22 10:45:00,FLAT,597728352.0227282,597728352.0227282,0.0,1832.3
2025-09-22 11:00:00,FLAT,597728352.0227282,597728352.0227282,0.0,1827.4
2025-09-22 11:15:00,FLAT,597728352.0227282,597728352.0227282,0.0,1827.0
2025-09-22 13:00:00,FLAT,597728352.0227282,597728352.0227282,0.0,1823.3
2025-09-22 13:15:00,FLAT,597728352.0227282,597728352.0227282,0.0,1818.2
2025-09-22 13:30:00,FLAT,597728352.0227282,597728352.0227282,0.0,1809.9
2025-09-22 13:45:00,FLAT,597728352.0227282,597728352.0227282,0.0,1801.9
2025-09-22 14:00:00,FLAT,597728352.0227282,597728352.0227282,0.0,1818.9
2025-09-22 14:15:00,FLAT,597728352.0227282,597728352.0227282,0.0,1809.2
2025-09-22 14:30:00,FLAT,597728352.0227282,597728352.0227282,0.0,1809.0
2025-09-23 09:00:00,FLAT,597728352.0227282,597728352.0227282,0.0,1812.7
2025-09-23 09:15:00,FLAT,597728352.0227282,597728352.0227282,0.0,1818.2
2025-09-23 09:30:00,FLAT,597728352.0227282,597728352.0227282,0.0,1821.4
2025-09-23 09:45:00,FLAT,597728352.0227282,597728352.0227282,0.0,1823.2
2025-09-23 10:00:00,FLAT,597728352.0227282,597728352.0227282,0.0,1826.5
2025-09-23 10:15:00,FLAT,597728352.0227282,597728352.0227282,0.0,1822.7
2025-09-23 10:30:00,FLAT,597728352.0227282,597728352.0227282,0.0,1821.2
2025-09-23 10:45:00,FLAT,597728352.0227282,597728352.0227282,0.0,1823.8
2025-09-23 11:00:00,FLAT,597728352.0227282,597728352.0227282,0.0,1824.9
2025-09-23 11:15:00,FLAT,597728352.0227282,597728352.0227282,0.0,1825.3
2025-09-23 13:00:00,FLAT,597728352.0227282,597728352.0227282,0.0,1828.8
2025-09-23 13:15:00,FLAT,597728352.0227282,597728352.0227282,0.0,1831.0
2025-09-23 13:30:00,FLAT,597728352.0227282,597728352.0227282,0.0,1823.2
2025-09-23 13:45:00,FLAT,597728352.0227282,597728352.0227282,0.0,1817.5
2025-09-23 14:00:00,FLAT,597728352.0227282,597728352.0227282,0.0,1816.2
2025-09-23 14:15:00,FLAT,597728352.0227282,597728352.0227282,0.0,1811.9
2025-09-23 14:30:00,FLAT,597728352.0227282,597728352.0227282,0.0,1812.0
2025-09-24 09:00:00,FLAT,597728352.0227282,597728352.0227282,0.0,1811.1
2025-09-24 09:15:00,FLAT,597728352.0227282,597728352.0227282,0.0,1803.0
2025-09-24 09:30:00,FLAT,597728352.0227282,597728352.0227282,0.0,1802.8
2025-09-24 09:45:00,FLAT,597728352.0227282,597728352.0227282,0.0,1805.9
2025-09-24 10:00:00,FLAT,597728352.0227282,597728352.0227282,0.0,1815.8
2025-09-24 10:15:00,LONG,597055907.0227283,597455907.0227282,-399999.99999986356,1815.9
2025-09-24 10:30:00,FLAT,592329644.750001,592329644.750001,0.0,1804.6
2025-09-24 10:45:00,FLAT,592329644.750001,592329644.750001,0.0,1804.8
2025-09-24 11:00:00,FLAT,592329644.750001,592329644.750001,0.0,1803.8
2025-09-24 11:15:00,FLAT,592329644.750001,592329644.750001,0.0,1801.7
2025-09-24 11:30:00,FLAT,592329644.750001,592329644.750001,0.0,1801.7
2025-09-24 13:00:00,FLAT,592329644.750001,592329644.750001,0.0,1805.6
2025-09-24 13:15:00,FLAT,592329644.750001,592329644.750001,0.0,1814.1
2025-09-24 13:30:00,FLAT,592329644.750001,592329644.750001,0.0,1819.7
2025-09-24 13:45:00,FLAT,592329644.750001,592329644.750001,0.0,1819.9
2025-09-24 14:00:00,FLAT,592329644.750001,592329644.750001,0.0,1828.0
2025-09-24 14:15:00,LONG,609255294.750001,592055294.750001,17200000.000000045,1846.2
2025-09-24 14:30:00,LONG,612555294.750001,592055294.750001,20500000.0,1849.5
2025-09-25 09:00:00,LONG,611555294.750001,592055294.750001,19500000.0,1848.5
2025-09-25 09:15:00,LONG,612955294.7500011,592055294.750001,20900000.00000009,1849.9
2025-09-25 09:30:00,LONG,608555294.750001,592055294.750001,16500000.0,1845.5
2025-09-25 09:45:00,LONG,608555294.750001,592055294.750001,16500000.0,1845.5
2025-09-25 10:00:00,LONG,608855294.750001,592055294.750001,16799999.999999955,1845.8
2025-09-25 10:15:00,LONG,607755294.750001,592055294.750001,15700000.000000045,1844.7
2025-09-25 10:30:00,LONG,610055294.750001,592055294.750001,18000000.0,1847.0
2025-09-25 10:45:00,LONG,609055294.750001,592055294.750001,17000000.0,1846.0
2025-09-25 11:00:00,LONG,611655294.7500008,592055294.750001,19599999.99999991,1848.6
2025-09-25 11:15:00,LONG,611855294.750001,592055294.750001,19799999.999999955,1848.8
2025-09-25 13:00:00,LONG,617855294.750001,592055294.750001,25799999.999999955,1854.8
2025-09-25 13:15:00,LONG,619055294.750001,592055294.750001,27000000.0,1856.0
2025-09-25 13:30:00,LONG,614755294.750001,592055294.750001,22700000.000000045,1851.7
2025-09-25 13:45:00,LONG,616055294.750001,592055294.750001,24000000.0,1853.0
2025-09-25 14:00:00,LONG,613055294.750001,592055294.750001,21000000.0,1850.0
2025-09-25 14:15:00,LONG,613255294.750001,592055294.750001,21200000.000000045,1850.2
2025-09-25 14:30:00,LONG,612155294.7500008,592055294.750001,20099999.99999991,1849.1
2025-09-26 09:00:00,LONG,609355294.750001,592055294.750001,17299999.999999955,1846.3
2025-09-26 09:15:00,LONG,609455294.7500011,592055294.750001,17400000.00000009,1846.4
2025-09-26 09:30:00,LONG,611155294.7500008,592055294.750001,19099999.99999991,1848.1
2025-09-26 09:45:00,LONG,610155294.7500008,592055294.750001,18099999.99999991,1847.1
2025-09-26 10:00:00,LONG,615955294.7500011,592055294.750001,23900000.00000009,1852.9
2025-09-26 10:15:00,LONG,614555294.750001,592055294.750001,22500000.0,1851.5
2025-09-26 10:30:00,LONG,614255294.750001,592055294.750001,22200000.000000045,1851.2
2025-09-26 10:45:00,LONG,613555294.750001,592055294.750001,21500000.0,1850.5
2025-09-26 11:00:00,LONG,608455294.7500011,592055294.750001,16400000.000000091,1845.4
2025-09-26 11:15:00,LONG,608955294.7500011,592055294.750001,16900000.00000009,1845.9
2025-09-26 13:00:00,LONG,612355294.750001,592055294.750001,20299999.999999955,1849.3
2025-09-26 13:15:00,LONG,612855294.750001,592055294.750001,20799999.999999955,1849.8
2025-09-26 13:30:00,LONG,616455294.7500011,592055294.750001,24400000.00000009,1853.4
2025-09-26 13:45:00,LONG,625055294.750001,592055294.750001,33000000.0,1862.0
2025-09-26 14:00:00,LONG,624955294.7500011,592055294.750001,32900000.00000009,1861.9
2025-09-26 14:15:00,LONG,608155294.7500008,592055294.750001,16099999.999999909,1845.1
2025-09-26 14:30:00,LONG,608055294.750001,592055294.750001,16000000.0,1845.0
2025-09-29 09:00:00,LONG,602055294.750001,592055294.750001,10000000.0,1839.0
2025-09-29 09:15:00,LONG,604255294.750001,592055294.750001,12200000.000000045,1841.2
2025-09-29 09:30:00,LONG,607855294.750001,592055294.750001,15799999.999999955,1844.8
2025-09-29 09:45:00,LONG,610555294.750001,592055294.750001,18500000.0,1847.5
2025-09-29 10:00:00,LONG,607855294.750001,592055294.750001,15799999.999999955,1844.8
2025-09-29 10:15:00,LONG,607955294.7500011,592055294.750001,15900000.000000091,1844.9
2025-09-29 10:30:00,LONG,618655294.7500008,592055294.750001,26599999.99999991,1855.6
2025-09-29 10:45:00,LONG,618455294.7500011,592055294.750001,26400000.00000009,1855.4
2025-09-29 11:00:00,LONG,622455294.7500011,592055294.750001,30400000.00000009,1859.4
2025-09-29 11:15:00,LONG,621555294.750001,592055294.750001,29500000.0,1858.5
2025-09-29 11:30:00,LONG,622055294.750001,592055294.750001,30000000.0,1859.0
2025-09-29 13:00:00,LONG,620855294.750001,592055294.750001,28799999.999999955,1857.8
2025-09-29 13:15:00,LONG,620655294.7500008,592055294.750001,28599999.99999991,1857.6
2025-09-29 13:30:00,LONG,628055294.750001,592055294.750001,36000000.0,1865.0
2025-09-29 13:45:00,LONG,625655294.7500008,592055294.750001,33599999.99999991,1862.6
2025-09-29 14:00:00,LONG,619055294.750001,592055294.750001,27000000.0,1856.0
2025-09-29 14:15:00,LONG,620655294.7500008,592055294.750001,28599999.99999991,1857.6
2025-09-29 14:30:00,LONG,622555294.750001,592055294.750001,30500000.0,1859.5
2025-09-30 09:00:00,LONG,618855294.750001,592055294.750001,26799999.999999955,1855.8
2025-09-30 09:15:00,LONG,621655294.7500008,592055294.750001,29599999.99999991,1858.6
2025-09-30 09:30:00,LONG,620155294.7500008,592055294.750001,28099999.99999991,1857.1
2025-09-30 09:45:00,LONG,623755294.750001,592055294.750001,31700000.000000045,1860.7
2025-09-30 10:00:00,LONG,624955294.7500011,592055294.750001,32900000.00000009,1861.9
2025-09-30 10:15:00,LONG,622355294.750001,592055294.750001,30299999.999999955,1859.3
2025-09-30 10:30:00,LONG,619755294.750001,592055294.750001,27700000.000000045,1856.7
2025-09-30 10:45:00,LONG,611355294.750001,592055294.750001,19299999.999999955,1848.3
2025-09-30 11:00:00,LONG,610955294.7500011,592055294.750001,18900000.00000009,1847.9
2025-09-30 11:15:00,LONG,611855294.750001,592055294.750001,19799999.999999955,1848.8
2025-09-30 13:00:00,LONG,614255294.750001,592055294.750001,22200000.000000045,1851.2
2025-09-30 13:15:00,LONG,611655294.7500008,592055294.750001,19599999.99999991,1848.6
2025-09-30 13:30:00,LONG,616455294.7500011,592055294.750001,24400000.00000009,1853.4
2025-09-30 13:45:00,LONG,612055294.750001,592055294.750001,20000000.0,1849.0
2025-09-30 14:00:00,LONG,623855294.750001,592055294.750001,31799999.999999955,1860.8
2025-09-30 14:15:00,LONG,621855294.750001,592055294.750001,29799999.999999955,1858.8
2025-09-30 14:30:00,LONG,618055294.750001,592055294.750001,26000000.0,1855.0
2025-10-01 09:00:00,LONG,622155294.7500008,592055294.750001,30099999.99999991,1859.1
2025-10-01 09:15:00,LONG,617655294.7500008,592055294.750001,25599999.99999991,1854.6
2025-10-01 09:30:00,LONG,622555294.750001,592055294.750001,30500000.0,1859.5
2025-10-01 09:45:00,LONG,630455294.7500011,592055294.750001,38400000.00000009,1867.4
2025-10-01 10:00:00,LONG,627655294.7500008,592055294.750001,35599999.99999991,1864.6
2025-10-01 10:15:00,LONG,627355294.750001,592055294.750001,35299999.999999955,1864.3
2025-10-01 10:30:00,LONG,627055294.750001,592055294.750001,35000000.0,1864.0
2025-10-01 10:45:00,LONG,629055294.750001,592055294.750001,37000000.0,1866.0
2025-10-01 11:00:00,LONG,629655294.7500008,592055294.750001,37599999.99999991,1866.6
2025-10-01 11:15:00,LONG,629855294.750001,592055294.750001,37799999.999999955,1866.8
2025-10-01 11:30:00,LONG,629955294.7500011,592055294.750001,37900000.00000009,1866.9
2025-10-01 13:00:00,LONG,631555294.750001,592055294.750001,39500000.0,1868.5
2025-10-01 13:15:00,LONG,629455294.7500011,592055294.750001,37400000.00000009,1866.4
2025-10-01 13:30:00,LONG,631255294.750001,592055294.750001,39200000.000000045,1868.2
2025-10-01 13:45:00,LONG,629555294.750001,592055294.750001,37500000.0,1866.5
2025-10-01 14:00:00,FLAT,633820092.4772736,633820092.4772736,0.0,1869.1
2025-10-01 14:15:00,FLAT,633820092.4772736,633820092.4772736,0.0,1865.7
2025-10-01 14:30:00,FLAT,633820092.4772736,633820092.4772736,0.0,1865.4
2025-10-02 09:00:00,FLAT,633820092.4772736,633820092.4772736,0.0,1868.9
2025-10-02 09:15:00,FLAT,633820092.4772736,633820092.4772736,0.0,1871.6
2025-10-02 09:30:00,FLAT,633820092.4772736,633820092.4772736,0.0,1877.4
2025-10-02 09:45:00,FLAT,633820092.4772736,633820092.4772736,0.0,1877.0
2025-10-02 10:00:00,FLAT,633820092.4772736,633820092.4772736,0.0,1877.5
2025-10-02 10:15:00,FLAT,633820092.4772736,633820092.4772736,0.0,1877.1
2025-10-02 10:30:00,FLAT,633820092.4772736,633820092.4772736,0.0,1876.3
2025-10-02 10:45:00,FLAT,633820092.4772736,633820092.4772736,0.0,1875.6
2025-10-02 11:00:00,FLAT,633820092.4772736,633820092.4772736,0.0,1872.5
2025-10-02 11:15:00,FLAT,633820092.4772736,633820092.4772736,0.0,1873.0
2025-10-02 13:00:00,FLAT,633820092.4772736,633820092.4772736,0.0,1873.2
2025-10-02 13:15:00,FLAT,633820092.4772736,633820092.4772736,0.0,1874.2
2025-10-02 13:30:00,FLAT,633820092.4772736,633820092.4772736,0.0,1873.4
2025-10-02 13:45:00,FLAT,633820092.4772736,633820092.4772736,0.0,1872.0
2025-10-02 14:00:00,FLAT,633820092.4772736,633820092.4772736,0.0,1866.5
2025-10-02 14:15:00,FLAT,633820092.4772736,633820092.4772736,0.0,1853.7
2025-10-02 14:30:00,FLAT,633820092.4772736,633820092.4772736,0.0,1852.0
2025-10-03 09:00:00,FLAT,633820092.4772736,633820092.4772736,0.0,1853.0
2025-10-03 09:15:00,FLAT,633820092.4772736,633820092.4772736,0.0,1853.8
2025-10-03 09:30:00,FLAT,633820092.4772736,633820092.4772736,0.0,1848.2
2025-10-03 09:45:00,FLAT,633820092.4772736,633820092.4772736,0.0,1851.0
2025-10-03 10:00:00,FLAT,633820092.4772736,633820092.4772736,0.0,1848.0
2025-10-03 10:15:00,FLAT,633820092.4772736,633820092.4772736,0.0,1851.5
2025-10-03 10:30:00,FLAT,633820092.4772736,633820092.4772736,0.0,1848.9
2025-10-03 10:45:00,FLAT,633820092.4772736,633820092.4772736,0.0,1848.5
2025-10-03 11:00:00,FLAT,633820092.4772736,633820092.4772736,0.0,1846.7
2025-10-03 11:15:00,FLAT,633820092.4772736,633820092.4772736,0.0,1852.5
2025-10-03 13:00:00,FLAT,633820092.4772736,633820092.4772736,0.0,1854.3
2025-10-03 13:15:00,FLAT,633820092.4772736,633820092.4772736,0.0,1859.0
2025-10-03 13:30:00,FLAT,633820092.4772736,633820092.4772736,0.0,1865.0
2025-10-03 13:45:00,FLAT,633820092.4772736,633820092.4772736,0.0,1866.8
2025-10-03 14:00:00,FLAT,633820092.4772736,633820092.4772736,0.0,1856.3
2025-10-03 14:15:00,FLAT,633820092.4772736,633820092.4772736,0.0,1859.1
2025-10-03 14:30:00,FLAT,633820092.4772736,633820092.4772736,0.0,1863.0
2025-10-06 09:00:00,FLAT,633820092.4772736,633820092.4772736,0.0,1892.3
2025-10-06 09:15:00,FLAT,633820092.4772736,633820092.4772736,0.0,1886.0
2025-10-06 09:30:00,FLAT,633820092.4772736,633820092.4772736,0.0,1889.3
2025-10-06 09:45:00,FLAT,633820092.4772736,633820092.4772736,0.0,1886.5
2025-10-06 10:00:00,FLAT,633820092.4772736,633820092.4772736,0.0,1894.2
2025-10-06 10:15:00,FLAT,633820092.4772736,633820092.4772736,0.0,1902.5
2025-10-06 10:30:00,FLAT,633820092.4772736,633820092.4772736,0.0,1893.4
2025-10-06 10:45:00,FLAT,633820092.4772736,633820092.4772736,0.0,1887.7
2025-10-06 11:00:00,FLAT,633820092.4772736,633820092.4772736,0.0,1891.7
2025-10-06 11:15:00,FLAT,633820092.4772736,633820092.4772736,0.0,1891.9
2025-10-06 13:00:00,FLAT,633820092.4772736,633820092.4772736,0.0,1893.4
2025-10-06 13:15:00,FLAT,633820092.4772736,633820092.4772736,0.0,1892.5
2025-10-06 13:30:00,FLAT,633820092.4772736,633820092.4772736,0.0,1894.0
2025-10-06 13:45:00,FLAT,633820092.4772736,633820092.4772736,0.0,1895.2
2025-10-06 14:00:00,FLAT,633820092.4772736,633820092.4772736,0.0,1904.0
2025-10-06 14:15:00,LONG,645434447.4772737,633534447.4772736,11900000.000000091,1916.2
2025-10-06 14:30:00,LONG,648234447.4772736,633534447.4772736,14700000.000000045,1919.0
2025-10-07 09:00:00,LONG,650234447.4772736,633534447.4772736,16700000.000000045,1921.0
2025-10-07 09:15:00,LONG,650034447.4772736,633534447.4772736,16500000.0,1920.8
2025-10-07 09:30:00,LONG,645634447.4772737,633534447.4772736,12100000.000000136,1916.4
2025-10-07 09:45:00,LONG,647734447.4772736,633534447.4772736,14200000.000000045,1918.5
2025-10-07 10:00:00,LONG,646334447.4772736,633534447.4772736,12799999.999999955,1917.1
2025-10-07 10:15:00,LONG,650634447.4772737,633534447.4772736,17100000.000000138,1921.4
2025-10-07 10:30:00,LONG,648334447.4772736,633534447.4772736,14799999.999999955,1919.1
2025-10-07 10:45:00,LONG,646334447.4772736,633534447.4772736,12799999.999999955,1917.1
2025-10-07 11:00:00,LONG,647634447.4772737,633534447.4772736,14100000.000000136,1918.4
2025-10-07 11:15:00,LONG,649934447.4772737,633534447.4772736,16400000.000000091,1920.7
2025-10-07 11:30:00,LONG,650134447.4772737,633534447.4772736,16600000.000000136,1920.9
2025-10-07 13:00:00,LONG,647634447.4772737,633534447.4772736,14100000.000000136,1918.4
2025-10-07 13:15:00,LONG,645534447.4772736,633534447.4772736,12000000.0,1916.3
2025-10-07 13:30:00,LONG,644434447.4772737,633534447.4772736,10900000.000000091,1915.2
2025-10-07 13:45:00,LONG,642734447.4772736,633534447.4772736,9200000.000000045,1913.5
2025-10-07 14:00:00,LONG,642934447.4772737,633534447.4772736,9400000.000000091,1913.7
2025-10-07 14:15:00,LONG,640134447.4772737,633534447.4772736,6600000.000000136,1910.9
2025-10-07 14:30:00,LONG,640634447.4772737,633534447.4772736,7100000.000000136,1911.4
2025-10-08 09:00:00,FLAT,671624863.3863646,671624863.3863646,0.0,1916.5
2025-10-08 09:15:00,FLAT,671624863.3863646,671624863.3863646,0.0,1919.1
2025-10-08 09:30:00,FLAT,671624863.3863646,671624863.3863646,0.0,1922.4
2025-10-08 09:45:00,FLAT,671624863.3863646,671624863.3863646,0.0,1917.6
2025-10-08 10:00:00,FLAT,671624863.3863646,671624863.3863646,0.0,1918.2
2025-10-08 10:15:00,FLAT,671624863.3863646,671624863.3863646,0.0,1920.7
2025-10-08 10:30:00,FLAT,671624863.3863646,671624863.3863646,0.0,1919.2
2025-10-08 10:45:00,FLAT,671624863.3863646,671624863.3863646,0.0,1918.3
2025-10-08 11:00:00,FLAT,671624863.3863646,671624863.3863646,0.0,1915.0
2025-10-08 11:15:00,FLAT,671624863.3863646,671624863.3863646,0.0,1909.1
2025-10-08 13:00:00,FLAT,671624863.3863646,671624863.3863646,0.0,1912.6
2025-10-08 13:15:00,FLAT,671624863.3863646,671624863.3863646,0.0,1920.5
2025-10-08 13:30:00,FLAT,671624863.3863646,671624863.3863646,0.0,1921.2
2025-10-08 13:45:00,FLAT,671624863.3863646,671624863.3863646,0.0,1921.4
2025-10-08 14:00:00,FLAT,671624863.3863646,671624863.3863646,0.0,1924.7
2025-10-08 14:15:00,FLAT,671624863.3863646,671624863.3863646,0.0,1919.4
2025-10-08 14:30:00,FLAT,671624863.3863646,671624863.3863646,0.0,1918.0
2025-10-09 09:00:00,FLAT,671624863.3863646,671624863.3863646,0.0,1918.0
2025-10-09 09:15:00,FLAT,671624863.3863646,671624863.3863646,0.0,1920.9
2025-10-09 09:30:00,FLAT,671624863.3863646,671624863.3863646,0.0,1929.3
2025-10-09 09:45:00,FLAT,671624863.3863646,671624863.3863646,0.0,1932.8
2025-10-09 10:00:00,LONG,673434868.3863647,671334868.3863646,2100000.0000001364,1935.4
2025-10-09 10:15:00,LONG,670334868.3863646,671334868.3863646,-1000000.0,1932.3
2025-10-09 10:30:00,LONG,671334868.3863646,671334868.3863646,0.0,1933.3
2025-10-09 10:45:00,FLAT,666372847.0227281,666372847.0227281,0.0,1928.8
2025-10-09 11:00:00,FLAT,666372847.0227281,666372847.0227281,0.0,1928.7
2025-10-09 11:15:00,FLAT,666372847.0227281,666372847.0227281,0.0,1931.5
2025-10-09 13:00:00,FLAT,666372847.0227281,666372847.0227281,0.0,1936.2
2025-10-09 13:15:00,FLAT,666372847.0227281,666372847.0227281,0.0,1930.9
2025-10-09 13:30:00,FLAT,666372847.0227281,666372847.0227281,0.0,1926.5
2025-10-09 13:45:00,FLAT,666372847.0227281,666372847.0227281,0.0,1932.2
2025-10-09 14:00:00,FLAT,666372847.0227281,666372847.0227281,0.0,1933.2
2025-10-09 14:15:00,FLAT,666372847.0227281,666372847.0227281,0.0,1932.6
2025-10-09 14:30:00,FLAT,666372847.0227281,666372847.0227281,0.0,1935.0
2025-10-10 09:00:00,FLAT,666372847.0227281,666372847.0227281,0.0,1937.9
2025-10-10 09:15:00,FLAT,666372847.0227281,666372847.0227281,0.0,1938.9
2025-10-10 09:30:00,FLAT,666372847.0227281,666372847.0227281,0.0,1938.5
2025-10-10 09:45:00,FLAT,666372847.0227281,666372847.0227281,0.0,1940.5
2025-10-10 10:00:00,FLAT,666372847.0227281,666372847.0227281,0.0,1945.6
2025-10-10 10:15:00,LONG,664480902.0227282,666080902.0227281,-1599999.999999909,1944.7
2025-10-10 10:30:00,FLAT,661421430.4318188,661421430.4318188,0.0,1944.8
2025-10-10 10:45:00,FLAT,661421430.4318188,661421430.4318188,0.0,1948.4
2025-10-10 11:00:00,FLAT,661421430.4318188,661421430.4318188,0.0,1947.7
2025-10-10 11:15:00,FLAT,661421430.4318188,661421430.4318188,0.0,1949.6
2025-10-10 13:00:00,FLAT,661421430.4318188,661421430.4318188,0.0,1952.9
2025-10-10 13:15:00,FLAT,661421430.4318188,661421430.4318188,0.0,1954.9
2025-10-10 13:30:00,FLAT,661421430.4318188,661421430.4318188,0.0,1957.0
2025-10-10 13:45:00,FLAT,661421430.4318188,661421430.4318188,0.0,1963.8
2025-10-10 14:00:00,FLAT,661421430.4318188,661421430.4318188,0.0,1955.9
2025-10-10 14:15:00,FLAT,661421430.4318188,661421430.4318188,0.0,1971.2
2025-10-10 14:30:00,FLAT,656003221.7954553,656003221.7954553,0.0,1968.0
2025-10-13 09:00:00,FLAT,656003221.7954553,656003221.7954553,0.0,1965.0
2025-10-13 09:15:00,FLAT,656003221.7954553,656003221.7954553,0.0,1977.5
2025-10-13 09:30:00,FLAT,656003221.7954553,656003221.7954553,0.0,1973.6
2025-10-13 09:45:00,FLAT,656003221.7954553,656003221.7954553,0.0,1974.8
2025-10-13 10:00:00,FLAT,656003221.7954553,656003221.7954553,0.0,1976.7
2025-10-13 10:15:00,FLAT,656003221.7954553,656003221.7954553,0.0,1980.0
2025-10-13 10:30:00,FLAT,656003221.7954553,656003221.7954553,0.0,1978.4
2025-10-13 10:45:00,FLAT,656003221.7954553,656003221.7954553,0.0,1978.2
2025-10-13 11:00:00,FLAT,656003221.7954553,656003221.7954553,0.0,1980.0
2025-10-13 11:15:00,FLAT,656003221.7954553,656003221.7954553,0.0,1985.0
2025-10-13 11:30:00,FLAT,656003221.7954553,656003221.7954553,0.0,1984.9
2025-10-13 13:00:00,FLAT,656003221.7954553,656003221.7954553,0.0,1987.9
2025-10-13 13:15:00,FLAT,656003221.7954553,656003221.7954553,0.0,1985.1
2025-10-13 13:30:00,FLAT,656003221.7954553,656003221.7954553,0.0,1983.6
2025-10-13 13:45:00,FLAT,656003221.7954553,656003221.7954553,0.0,1988.4
2025-10-13 14:00:00,FLAT,656003221.7954553,656003221.7954553,0.0,1991.5
2025-10-13 14:15:00,LONG,679504466.7954553,655704466.7954553,23799999.999999955,2015.5
2025-10-13 14:30:00,LONG,682204466.7954553,655704466.7954553,26500000.0,2018.2
2025-10-14 09:00:00,FLAT,683928705.431819,683928705.431819,0.0,2023.1
2025-10-14 09:15:00,FLAT,683928705.431819,683928705.431819,0.0,2032.2
2025-10-14 09:30:00,FLAT,683928705.431819,683928705.431819,0.0,2031.8
2025-10-14 09:45:00,FLAT,683928705.431819,683928705.431819,0.0,2033.2
2025-10-14 10:00:00,FLAT,683928705.431819,683928705.431819,0.0,2027.5
2025-10-14 10:15:00,FLAT,683928705.431819,683928705.431819,0.0,2027.3
2025-10-14 10:30:00,FLAT,683928705.431819,683928705.431819,0.0,2033.0
2025-10-14 10:45:00,FLAT,683928705.431819,683928705.431819,0.0,2034.1
2025-10-14 11:00:00,FLAT,683928705.431819,683928705.431819,0.0,2037.5
2025-10-14 11:15:00,FLAT,683928705.431819,683928705.431819,0.0,2035.2
2025-10-14 13:00:00,FLAT,683928705.431819,683928705.431819,0.0,2028.7
2025-10-14 13:15:00,FLAT,683928705.431819,683928705.431819,0.0,2026.4
2025-10-14 13:30:00,FLAT,683928705.431819,683928705.431819,0.0,2022.3
2025-10-14 13:45:00,FLAT,683928705.431819,683928705.431819,0.0,2019.4
2025-10-14 14:00:00,FLAT,683928705.431819,683928705.431819,0.0,2013.5
2025-10-14 14:15:00,FLAT,683928705.431819,683928705.431819,0.0,2010.0
2025-10-14 14:30:00,FLAT,683928705.431819,683928705.431819,0.0,2019.0
2025-10-15 09:00:00,FLAT,683928705.431819,683928705.431819,0.0,2017.3
2025-10-15 09:15:00,FLAT,683928705.431819,683928705.431819,0.0,2021.4
2025-10-15 09:30:00,FLAT,683928705.431819,683928705.431819,0.0,2024.1
2025-10-15 09:45:00,FLAT,683928705.431819,683928705.431819,0.0,2028.8
2025-10-15 10:00:00,FLAT,683928705.431819,683928705.431819,0.0,2029.7
2025-10-15 10:15:00,FLAT,683928705.431819,683928705.431819,0.0,2026.0
2025-10-15 10:30:00,FLAT,683928705.431819,683928705.431819,0.0,2027.4
2025-10-15 10:45:00,FLAT,683928705.431819,683928705.431819,0.0,2026.9
2025-10-15 11:00:00,FLAT,683928705.431819,683928705.431819,0.0,2022.4
2025-10-15 11:15:00,FLAT,683928705.431819,683928705.431819,0.0,2017.8
2025-10-15 11:30:00,FLAT,683928705.431819,683928705.431819,0.0,2017.1
2025-10-15 13:00:00,FLAT,683928705.431819,683928705.431819,0.0,2021.0
2025-10-15 13:15:00,FLAT,683928705.431819,683928705.431819,0.0,2022.0
2025-10-15 13:30:00,FLAT,683928705.431819,683928705.431819,0.0,2015.7
2025-10-15 13:45:00,FLAT,683928705.431819,683928705.431819,0.0,2018.8
2025-10-15 14:00:00,FLAT,683928705.431819,683928705.431819,0.0,2025.4
2025-10-15 14:15:00,FLAT,679285147.2500008,679285147.2500008,0.0,2018.0
2025-10-15 14:30:00,FLAT,679285147.2500008,679285147.2500008,0.0,2022.1
2025-10-16 09:00:00,FLAT,679285147.2500008,679285147.2500008,0.0,2020.6
2025-10-16 09:15:00,FLAT,679285147.2500008,679285147.2500008,0.0,2019.6
2025-10-16 09:30:00,FLAT,679285147.2500008,679285147.2500008,0.0,2019.3
2025-10-16 09:45:00,FLAT,679285147.2500008,679285147.2500008,0.0,2019.6
2025-10-16 10:00:00,FLAT,679285147.2500008,679285147.2500008,0.0,2017.6
2025-10-16 10:15:00,FLAT,679285147.2500008,679285147.2500008,0.0,2013.4
2025-10-16 10:30:00,FLAT,679285147.2500008,679285147.2500008,0.0,2019.0
2025-10-16 10:45:00,FLAT,679285147.2500008,679285147.2500008,0.0,2018.0
2025-10-16 11:00:00,FLAT,679285147.2500008,679285147.2500008,0.0,2018.0
2025-10-16 11:15:00,FLAT,679285147.2500008,679285147.2500008,0.0,2020.7
2025-10-16 11:30:00,FLAT,679285147.2500008,679285147.2500008,0.0,2021.0
2025-10-16 13:00:00,FLAT,679285147.2500008,679285147.2500008,0.0,2023.3
2025-10-16 13:15:00,FLAT,679285147.2500008,679285147.2500008,0.0,2020.6
2025-10-16 13:30:00,FLAT,679285147.2500008,679285147.2500008,0.0,2018.2
2025-10-16 13:45:00,FLAT,679285147.2500008,679285147.2500008,0.0,2013.2
2025-10-16 14:00:00,FLAT,679285147.2500008,679285147.2500008,0.0,2013.8
2025-10-16 14:15:00,FLAT,679285147.2500008,679285147.2500008,0.0,2013.5
2025-10-16 14:30:00,FLAT,679285147.2500008,679285147.2500008,0.0,2012.7
2025-10-17 09:00:00,FLAT,679285147.2500008,679285147.2500008,0.0,2013.5
2025-10-17 09:15:00,FLAT,679285147.2500008,679285147.2500008,0.0,2014.0
2025-10-17 09:30:00,FLAT,679285147.2500008,679285147.2500008,0.0,2006.4
2025-10-17 09:45:00,FLAT,679285147.2500008,679285147.2500008,0.0,2007.5
2025-10-17 10:00:00,FLAT,679285147.2500008,679285147.2500008,0.0,2010.1
2025-10-17 10:15:00,FLAT,679285147.2500008,679285147.2500008,0.0,2006.5
2025-10-17 10:30:00,FLAT,679285147.2500008,679285147.2500008,0.0,2009.5
2025-10-17 10:45:00,FLAT,679285147.2500008,679285147.2500008,0.0,2008.1
2025-10-17 11:00:00,FLAT,679285147.2500008,679285147.2500008,0.0,2006.9
2025-10-17 11:15:00,FLAT,679285147.2500008,679285147.2500008,0.0,2008.5
2025-10-17 13:00:00,FLAT,679285147.2500008,679285147.2500008,0.0,2002.7
2025-10-17 13:15:00,FLAT,679285147.2500008,679285147.2500008,0.0,1999.7
2025-10-17 13:30:00,FLAT,679285147.2500008,679285147.2500008,0.0,1998.6
2025-10-17 13:45:00,FLAT,679285147.2500008,679285147.2500008,0.0,1982.3
2025-10-17 14:00:00,FLAT,679285147.2500008,679285147.2500008,0.0,1975.1
2025-10-17 14:15:00,FLAT,679285147.2500008,679285147.2500008,0.0,1969.2
2025-10-17 14:30:00,FLAT,679285147.2500008,679285147.2500008,0.0,1967.7
2025-10-20 09:00:00,FLAT,679285147.2500008,679285147.2500008,0.0,1959.9
2025-10-20 09:15:00,FLAT,679285147.2500008,679285147.2500008,0.0,1959.0
2025-10-20 09:30:00,FLAT,679285147.2500008,679285147.2500008,0.0,1957.5
2025-10-20 09:45:00,FLAT,679285147.2500008,679285147.2500008,0.0,1954.8
2025-10-20 10:00:00,FLAT,679285147.2500008,679285147.2500008,0.0,1957.9
2025-10-20 10:15:00,FLAT,679285147.2500008,679285147.2500008,0.0,1954.4
2025-10-20 10:30:00,FLAT,679285147.2500008,679285147.2500008,0.0,1958.0
2025-10-20 10:45:00,FLAT,679285147.2500008,679285147.2500008,0.0,1960.8
2025-10-20 11:00:00,FLAT,679285147.2500008,679285147.2500008,0.0,1960.1
2025-10-20 11:15:00,FLAT,679285147.2500008,679285147.2500008,0.0,1952.4
2025-10-20 11:30:00,FLAT,679285147.2500008,679285147.2500008,0.0,1953.9
2025-10-20 13:00:00,FLAT,679285147.2500008,679285147.2500008,0.0,1946.4
2025-10-20 13:15:00,FLAT,679285147.2500008,679285147.2500008,0.0,1946.3
2025-10-20 13:30:00,FLAT,679285147.2500008,679285147.2500008,0.0,1949.1
2025-10-20 13:45:00,FLAT,679285147.2500008,679285147.2500008,0.0,1944.5
2025-10-20 14:00:00,FLAT,679285147.2500008,679285147.2500008,0.0,1931.2
2025-10-20 14:15:00,FLAT,679285147.2500008,679285147.2500008,0.0,1870.0
2025-10-20 14:30:00,FLAT,679285147.2500008,679285147.2500008,0.0,1862.7
2025-10-21 09:00:00,FLAT,679285147.2500008,679285147.2500008,0.0,1885.7
2025-10-21 09:15:00,FLAT,679285147.2500008,679285147.2500008,0.0,1884.7
2025-10-21 09:30:00,FLAT,679285147.2500008,679285147.2500008,0.0,1906.9
2025-10-21 09:45:00,FLAT,679285147.2500008,679285147.2500008,0.0,1901.3
2025-10-21 10:00:00,FLAT,679285147.2500008,679285147.2500008,0.0,1896.3
2025-10-21 10:15:00,FLAT,679285147.2500008,679285147.2500008,0.0,1892.7
2025-10-21 10:30:00,FLAT,679285147.2500008,679285147.2500008,0.0,1883.0
2025-10-21 10:45:00,FLAT,679285147.2500008,679285147.2500008,0.0,1874.4
2025-10-21 11:00:00,FLAT,679285147.2500008,679285147.2500008,0.0,1873.3
2025-10-21 11:15:00,FLAT,679285147.2500008,679285147.2500008,0.0,1873.0
2025-10-21 13:00:00,FLAT,679285147.2500008,679285147.2500008,0.0,1883.9
2025-10-21 13:15:00,FLAT,679285147.2500008,679285147.2500008,0.0,1899.1
2025-10-21 13:30:00,FLAT,679285147.2500008,679285147.2500008,0.0,1910.4
2025-10-21 13:45:00,FLAT,679285147.2500008,679285147.2500008,0.0,1905.2
2025-10-21 14:00:00,FLAT,679285147.2500008,679285147.2500008,0.0,1921.2
2025-10-21 14:15:00,FLAT,671258929.4318191,671258929.4318191,0.0,1910.2
2025-10-21 14:30:00,FLAT,671258929.4318191,671258929.4318191,0.0,1905.1
2025-10-22 09:00:00,FLAT,671258929.4318191,671258929.4318191,0.0,1913.5
2025-10-22 09:15:00,FLAT,671258929.4318191,671258929.4318191,0.0,1911.3
2025-10-22 09:30:00,FLAT,671258929.4318191,671258929.4318191,0.0,1905.8
2025-10-22 09:45:00,FLAT,671258929.4318191,671258929.4318191,0.0,1901.1
2025-10-22 10:00:00,FLAT,671258929.4318191,671258929.4318191,0.0,1897.3
2025-10-22 10:15:00,FLAT,671258929.4318191,671258929.4318191,0.0,1887.1
2025-10-22 10:30:00,FLAT,671258929.4318191,671258929.4318191,0.0,1895.2
2025-10-22 10:45:00,FLAT,671258929.4318191,671258929.4318191,0.0,1884.8
2025-10-22 11:00:00,FLAT,671258929.4318191,671258929.4318191,0.0,1888.0
2025-10-22 11:15:00,FLAT,671258929.4318191,671258929.4318191,0.0,1897.1
2025-10-22 11:30:00,FLAT,671258929.4318191,671258929.4318191,0.0,1897.1
2025-10-22 13:00:00,FLAT,671258929.4318191,671258929.4318191,0.0,1896.8
2025-10-22 13:15:00,FLAT,671258929.4318191,671258929.4318191,0.0,1888.5
2025-10-22 13:30:00,FLAT,671258929.4318191,671258929.4318191,0.0,1878.6
2025-10-22 13:45:00,FLAT,671258929.4318191,671258929.4318191,0.0,1876.8
2025-10-22 14:00:00,FLAT,671258929.4318191,671258929.4318191,0.0,1901.6
2025-10-22 14:15:00,FLAT,671258929.4318191,671258929.4318191,0.0,1922.0
2025-10-22 14:30:00,LONG,673828229.4318191,671028229.4318191,2800000.0,1926.0
2025-10-23 09:00:00,LONG,676468229.4318191,671028229.4318191,5439999.999999964,1929.3
2025-10-23 09:15:00,LONG,672468229.4318191,671028229.4318191,1439999.9999999637,1924.3
2025-10-23 09:30:00,FLAT,663304108.1590918,663304108.1590918,0.0,1917.0
2025-10-23 09:45:00,FLAT,663304108.1590918,663304108.1590918,0.0,1933.9
2025-10-23 10:00:00,LONG,659872088.1590918,663072088.1590918,-3200000.0,1929.5
2025-10-23 10:15:00,FLAT,656168341.7954555,656168341.7954555,0.0,1924.5
2025-10-23 10:30:00,FLAT,656168341.7954555,656168341.7954555,0.0,1929.9
2025-10-23 10:45:00,FLAT,656168341.7954555,656168341.7954555,0.0,1937.8
2025-10-23 11:00:00,FLAT,656168341.7954555,656168341.7954555,0.0,1944.5
2025-10-23 11:15:00,FLAT,656168341.7954555,656168341.7954555,0.0,1944.1
2025-10-23 11:30:00,FLAT,656168341.7954555,656168341.7954555,0.0,1944.2
2025-10-23 13:00:00,FLAT,656168341.7954555,656168341.7954555,0.0,1943.8
2025-10-23 13:15:00,FLAT,656168341.7954555,656168341.7954555,0.0,1936.7
2025-10-23 13:30:00,FLAT,656168341.7954555,656168341.7954555,0.0,1939.3
2025-10-23 13:45:00,FLAT,656168341.7954555,656168341.7954555,0.0,1950.1
2025-10-23 14:00:00,FLAT,656168341.7954555,656168341.7954555,0.0,1952.7
2025-10-23 14:15:00,FLAT,656168341.7954555,656168341.7954555,0.0,1946.6
2025-10-23 14:30:00,FLAT,656168341.7954555,656168341.7954555,0.0,1948.0
2025-10-24 09:00:00,FLAT,656168341.7954555,656168341.7954555,0.0,1938.7
2025-10-24 09:15:00,FLAT,656168341.7954555,656168341.7954555,0.0,1935.9
2025-10-24 09:30:00,FLAT,656168341.7954555,656168341.7954555,0.0,1937.7
2025-10-24 09:45:00,FLAT,656168341.7954555,656168341.7954555,0.0,1943.2
2025-10-24 10:00:00,FLAT,656168341.7954555,656168341.7954555,0.0,1937.6
2025-10-24 10:15:00,FLAT,656168341.7954555,656168341.7954555,0.0,1934.0
2025-10-24 10:30:00,FLAT,656168341.7954555,656168341.7954555,0.0,1932.9
2025-10-24 10:45:00,FLAT,656168341.7954555,656168341.7954555,0.0,1913.9
2025-10-24 11:00:00,FLAT,656168341.7954555,656168341.7954555,0.0,1919.8
2025-10-24 11:15:00,FLAT,656168341.7954555,656168341.7954555,0.0,1930.0
2025-10-24 11:30:00,FLAT,656168341.7954555,656168341.7954555,0.0,1929.3
2025-10-24 13:00:00,FLAT,656168341.7954555,656168341.7954555,0.0,1930.0
2025-10-24 13:15:00,FLAT,656168341.7954555,656168341.7954555,0.0,1936.8
2025-10-24 13:30:00,FLAT,656168341.7954555,656168341.7954555,0.0,1947.6
2025-10-24 13:45:00,FLAT,656168341.7954555,656168341.7954555,0.0,1943.7
2025-10-24 14:00:00,FLAT,656168341.7954555,656168341.7954555,0.0,1941.2
2025-10-24 14:15:00,FLAT,656168341.7954555,656168341.7954555,0.0,1943.0
2025-10-24 14:30:00,FLAT,656168341.7954555,656168341.7954555,0.0,1944.0
2025-10-27 09:00:00,FLAT,656168341.7954555,656168341.7954555,0.0,1955.2
2025-10-27 09:15:00,FLAT,656168341.7954555,656168341.7954555,0.0,1947.0
2025-10-27 09:30:00,FLAT,656168341.7954555,656168341.7954555,0.0,1943.0
2025-10-27 09:45:00,FLAT,656168341.7954555,656168341.7954555,0.0,1939.1
2025-10-27 10:00:00,FLAT,656168341.7954555,656168341.7954555,0.0,1935.3
2025-10-27 10:15:00,FLAT,656168341.7954555,656168341.7954555,0.0,1928.6
2025-10-27 10:30:00,FLAT,656168341.7954555,656168341.7954555,0.0,1917.6
2025-10-27 10:45:00,FLAT,656168341.7954555,656168341.7954555,0.0,1918.5
2025-10-27 11:00:00,FLAT,656168341.7954555,656168341.7954555,0.0,1923.5
2025-10-27 11:15:00,FLAT,656168341.7954555,656168341.7954555,0.0,1935.4
2025-10-27 13:00:00,FLAT,656168341.7954555,656168341.7954555,0.0,1921.8
2025-10-27 13:15:00,FLAT,656168341.7954555,656168341.7954555,0.0,1918.9
2025-10-27 13:30:00,FLAT,656168341.7954555,656168341.7954555,0.0,1930.0
2025-10-27 13:45:00,FLAT,656168341.7954555,656168341.7954555,0.0,1935.3
2025-10-27 14:00:00,FLAT,656168341.7954555,656168341.7954555,0.0,1934.6
2025-10-27 14:15:00,FLAT,656168341.7954555,656168341.7954555,0.0,1908.0
2025-10-27 14:30:00,FLAT,656168341.7954555,656168341.7954555,0.0,1914.2
2025-10-28 09:00:00,FLAT,656168341.7954555,656168341.7954555,0.0,1892.4
2025-10-28 09:15:00,FLAT,656168341.7954555,656168341.7954555,0.0,1896.4
2025-10-28 09:30:00,FLAT,656168341.7954555,656168341.7954555,0.0,1902.9
2025-10-28 09:45:00,FLAT,656168341.7954555,656168341.7954555,0.0,1892.6
2025-10-28 10:00:00,FLAT,656168341.7954555,656168341.7954555,0.0,1896.4
2025-10-28 10:15:00,FLAT,656168341.7954555,656168341.7954555,0.0,1886.8
2025-10-28 10:30:00,FLAT,656168341.7954555,656168341.7954555,0.0,1883.5
2025-10-28 10:45:00,FLAT,656168341.7954555,656168341.7954555,0.0,1881.9
2025-10-28 11:00:00,FLAT,656168341.7954555,656168341.7954555,0.0,1883.9
2025-10-28 11:15:00,FLAT,656168341.7954555,656168341.7954555,0.0,1879.4
2025-10-28 11:30:00,FLAT,656168341.7954555,656168341.7954555,0.0,1879.0
2025-10-28 13:00:00,FLAT,656168341.7954555,656168341.7954555,0.0,1882.8
2025-10-28 13:15:00,FLAT,656168341.7954555,656168341.7954555,0.0,1887.1
2025-10-28 13:30:00,FLAT,656168341.7954555,656168341.7954555,0.0,1893.6
2025-10-28 13:45:00,FLAT,656168341.7954555,656168341.7954555,0.0,1905.8
2025-10-28 14:00:00,LONG,661082396.7954555,655882396.7954555,5200000.000000046,1911.5
2025-10-28 14:15:00,LONG,687982396.7954556,655882396.7954555,32100000.000000138,1938.4
2025-10-28 14:30:00,LONG,679582396.7954555,655882396.7954555,23700000.000000045,1930.0
2025-10-29 09:00:00,LONG,691682396.7954555,655882396.7954555,35799999.999999955,1942.1
2025-10-29 09:15:00,LONG,692682396.7954555,655882396.7954555,36799999.999999955,1943.1
2025-10-29 09:30:00,LONG,693882396.7954555,655882396.7954555,38000000.0,1944.3
2025-10-29 09:45:00,LONG,689382396.7954555,655882396.7954555,33500000.0,1939.8
2025-10-29 10:00:00,LONG,688382396.7954555,655882396.7954555,32500000.0,1938.8
2025-10-29 10:15:00,LONG,691782396.7954556,655882396.7954555,35900000.00000009,1942.2
2025-10-29 10:30:00,LONG,694782396.7954556,655882396.7954555,38900000.00000009,1945.2
2025-10-29 10:45:00,LONG,696182396.7954555,655882396.7954555,40299999.999999955,1946.6
2025-10-29 11:00:00,LONG,708082396.7954555,655882396.7954555,52200000.000000045,1958.5
2025-10-29 11:15:00,LONG,706882396.7954555,655882396.7954555,51000000.0,1957.3
2025-10-29 13:00:00,LONG,704582396.7954555,655882396.7954555,48700000.000000045,1955.0
2025-10-29 13:15:00,LONG,711882396.7954555,655882396.7954555,56000000.0,1962.3
2025-10-29 13:30:00,LONG,707082396.7954555,655882396.7954555,51200000.000000045,1957.5
2025-10-29 13:45:00,LONG,710982396.7954556,655882396.7954555,55100000.000000134,1961.4
2025-10-29 14:00:00,LONG,706282396.7954556,655882396.7954555,50400000.00000009,1956.7
2025-10-29 14:15:00,LONG,692082396.7954555,655882396.7954555,36200000.000000045,1942.5
2025-10-29 14:30:00,LONG,696582396.7954555,655882396.7954555,40700000.000000045,1947.0
2025-10-30 09:00:00,LONG,695782396.7954556,655882396.7954555,39900000.00000009,1946.2
2025-10-30 09:15:00,LONG,692782396.7954556,655882396.7954555,36900000.00000009,1943.2
2025-10-30 09:30:00,LONG,691882396.7954555,655882396.7954555,36000000.0,1942.3
2025-10-30 09:45:00,LONG,682682396.7954555,655882396.7954555,26799999.999999955,1933.1
2025-10-30 10:00:00,LONG,679682396.7954555,655882396.7954555,23799999.999999955,1930.1
2025-10-30 10:15:00,LONG,678182396.7954555,655882396.7954555,22299999.999999955,1928.6
2025-10-30 10:30:00,LONG,681282396.7954556,655882396.7954555,25400000.00000009,1931.7
2025-10-30 10:45:00,LONG,677382396.7954555,655882396.7954555,21500000.0,1927.8
2025-10-30 11:00:00,LONG,675282396.7954556,655882396.7954555,19400000.00000009,1925.7
2025-10-30 11:15:00,LONG,681582396.7954555,655882396.7954555,25700000.000000045,1932.0
2025-10-30 11:30:00,LONG,681582396.7954555,655882396.7954555,25700000.000000045,1932.0
2025-10-30 13:00:00,LONG,674982396.7954556,655882396.7954555,19100000.000000138,1925.4
2025-10-30 13:15:00,LONG,679382396.7954555,655882396.7954555,23500000.0,1929.8
2025-10-30 13:30:00,LONG,678082396.7954555,655882396.7954555,22200000.000000045,1928.5
2025-10-30 13:45:00,LONG,676582396.7954555,655882396.7954555,20700000.000000045,1927.0
2025-10-30 14:00:00,LONG,672582396.7954555,655882396.7954555,16700000.000000045,1923.0
2025-10-30 14:15:00,LONG,683182396.7954555,655882396.7954555,27299999.999999955,1933.6
2025-10-30 14:30:00,LONG,680582396.7954555,655882396.7954555,24700000.000000045,1931.0
2025-10-31 09:00:00,LONG,672082396.7954555,655882396.7954555,16200000.000000045,1922.5
2025-10-31 09:15:00,LONG,666282396.7954556,655882396.7954555,10400000.000000091,1916.7
2025-10-31 09:30:00,LONG,667782396.7954556,655882396.7954555,11900000.000000091,1918.2
2025-10-31 09:45:00,LONG,659982396.7954556,655882396.7954555,4100000.0000001364,1910.4
2025-10-31 10:00:00,LONG,656582396.7954555,655882396.7954555,700000.0000000455,1907.0
2025-10-31 10:15:00,LONG,654982396.7954556,655882396.7954555,-899999.9999998636,1905.4
2025-10-31 10:30:00,LONG,656682396.7954555,655882396.7954555,799999.9999999545,1907.1
2025-10-31 10:45:00,LONG,654582396.7954555,655882396.7954555,-1299999.9999999546,1905.0
2025-10-31 11:00:00,FLAT,648724755.431819,648724755.431819,0.0,1906.1
2025-10-31 11:15:00,FLAT,648724755.431819,648724755.431819,0.0,1900.6
2025-10-31 13:00:00,FLAT,648724755.431819,648724755.431819,0.0,1907.5
2025-10-31 13:15:00,FLAT,648724755.431819,648724755.431819,0.0,1914.0
2025-10-31 13:30:00,FLAT,648724755.431819,648724755.431819,0.0,1916.7
2025-10-31 13:45:00,FLAT,648724755.431819,648724755.431819,0.0,1905.1
2025-10-31 14:00:00,FLAT,648724755.431819,648724755.431819,0.0,1891.3
2025-10-31 14:15:00,FLAT,648724755.431819,648724755.431819,0.0,1895.0
2025-10-31 14:30:00,FLAT,648724755.431819,648724755.431819,0.0,1889.0
2025-11-03 09:00:00,FLAT,648724755.431819,648724755.431819,0.0,1893.9
2025-11-03 09:15:00,FLAT,648724755.431819,648724755.431819,0.0,1892.4
2025-11-03 09:30:00,FLAT,648724755.431819,648724755.431819,0.0,1893.0
2025-11-03 09:45:00,FLAT,648724755.431819,648724755.431819,0.0,1885.9
2025-11-03 10:00:00,FLAT,648724755.431819,648724755.431819,0.0,1882.6
2025-11-03 10:15:00,FLAT,648724755.431819,648724755.431819,0.0,1876.1
2025-11-03 10:30:00,FLAT,648724755.431819,648724755.431819,0.0,1874.2
2025-11-03 10:45:00,FLAT,648724755.431819,648724755.431819,0.0,1892.1
2025-11-03 11:00:00,FLAT,648724755.431819,648724755.431819,0.0,1893.9
2025-11-03 11:15:00,FLAT,648724755.431819,648724755.431819,0.0,1910.9
2025-11-03 13:00:00,FLAT,642206772.7045462,642206772.7045462,0.0,1902.4
2025-11-03 13:15:00,FLAT,642206772.7045462,642206772.7045462,0.0,1900.9
2025-11-03 13:30:00,FLAT,642206772.7045462,642206772.7045462,0.0,1894.3
2025-11-03 13:45:00,FLAT,642206772.7045462,642206772.7045462,0.0,1889.5
2025-11-03 14:00:00,FLAT,642206772.7045462,642206772.7045462,0.0,1874.9
2025-11-03 14:15:00,FLAT,642206772.7045462,642206772.7045462,0.0,1862.0
2025-11-03 14:30:00,FLAT,642206772.7045462,642206772.7045462,0.0,1870.0
2025-11-04 09:00:00,FLAT,642206772.7045462,642206772.7045462,0.0,1863.5
2025-11-04 09:15:00,FLAT,642206772.7045462,642206772.7045462,0.0,1867.5
2025-11-04 09:30:00,FLAT,642206772.7045462,642206772.7045462,0.0,1872.9
2025-11-04 09:45:00,FLAT,642206772.7045462,642206772.7045462,0.0,1870.7
2025-11-04 10:00:00,FLAT,642206772.7045462,642206772.7045462,0.0,1869.2
2025-11-04 10:15:00,FLAT,642206772.7045462,642206772.7045462,0.0,1873.2
2025-11-04 10:30:00,FLAT,642206772.7045462,642206772.7045462,0.0,1867.8
2025-11-04 10:45:00,FLAT,642206772.7045462,642206772.7045462,0.0,1863.6
2025-11-04 11:00:00,FLAT,642206772.7045462,642206772.7045462,0.0,1861.7
2025-11-04 11:15:00,FLAT,642206772.7045462,642206772.7045462,0.0,1861.5
2025-11-04 11:30:00,FLAT,642206772.7045462,642206772.7045462,0.0,1861.1
2025-11-04 13:00:00,FLAT,642206772.7045462,642206772.7045462,0.0,1855.3
2025-11-04 13:15:00,FLAT,642206772.7045462,642206772.7045462,0.0,1860.0
2025-11-04 13:30:00,FLAT,642206772.7045462,642206772.7045462,0.0,1873.2
2025-11-04 13:45:00,FLAT,642206772.7045462,642206772.7045462,0.0,1888.0
2025-11-04 14:00:00,LONG,640823497.7045463,641923497.7045462,-1099999.999999909,1887.4
2025-11-04 14:15:00,LONG,656123497.7045462,641923497.7045462,14200000.000000045,1902.7
2025-11-04 14:30:00,LONG,656123497.7045462,641923497.7045462,14200000.000000045,1902.7
2025-11-05 09:00:00,LONG,639123497.7045462,641923497.7045462,-2799999.9999999544,1885.7
2025-11-05 09:15:00,FLAT,635568406.3409098,635568406.3409098,0.0,1882.1
2025-11-05 09:30:00,FLAT,635568406.3409098,635568406.3409098,0.0,1883.0
2025-11-05 09:45:00,FLAT,635568406.3409098,635568406.3409098,0.0,1888.6
2025-11-05 10:00:00,FLAT,635568406.3409098,635568406.3409098,0.0,1885.7
2025-11-05 10:15:00,FLAT,635568406.3409098,635568406.3409098,0.0,1886.0
2025-11-05 10:30:00,FLAT,635568406.3409098,635568406.3409098,0.0,1897.2
2025-11-05 10:45:00,FLAT,627850078.8409097,627850078.8409097,0.0,1894.7
2025-11-05 11:00:00,FLAT,627850078.8409097,627850078.8409097,0.0,1890.0
2025-11-05 11:15:00,FLAT,627850078.8409097,627850078.8409097,0.0,1890.9
2025-11-05 11:30:00,FLAT,627850078.8409097,627850078.8409097,0.0,1890.7
2025-11-05 13:00:00,FLAT,627850078.8409097,627850078.8409097,0.0,1895.7
2025-11-05 13:15:00,FLAT,627850078.8409097,627850078.8409097,0.0,1893.3
2025-11-05 13:30:00,FLAT,627850078.8409097,627850078.8409097,0.0,1890.0
2025-11-05 13:45:00,FLAT,627850078.8409097,627850078.8409097,0.0,1887.6
2025-11-05 14:00:00,FLAT,627850078.8409097,627850078.8409097,0.0,1886.8
2025-11-05 14:15:00,FLAT,627850078.8409097,627850078.8409097,0.0,1885.0
2025-11-05 14:30:00,FLAT,627850078.8409097,627850078.8409097,0.0,1884.0
2025-11-06 09:00:00,FLAT,627850078.8409097,627850078.8409097,0.0,1885.4
2025-11-06 09:15:00,FLAT,627850078.8409097,627850078.8409097,0.0,1879.4
2025-11-06 09:30:00,FLAT,627850078.8409097,627850078.8409097,0.0,1881.9
2025-11-06 09:45:00,FLAT,627850078.8409097,627850078.8409097,0.0,1882.1
2025-11-06 10:00:00,FLAT,627850078.8409097,627850078.8409097,0.0,1879.5
2025-11-06 10:15:00,FLAT,627850078.8409097,627850078.8409097,0.0,1875.4
2025-11-06 10:30:00,FLAT,627850078.8409097,627850078.8409097,0.0,1872.6
2025-11-06 10:45:00,FLAT,627850078.8409097,627850078.8409097,0.0,1874.6
2025-11-06 11:00:00,FLAT,627850078.8409097,627850078.8409097,0.0,1871.9
2025-11-06 11:15:00,FLAT,627850078.8409097,627850078.8409097,0.0,1872.0
2025-11-06 11:30:00,FLAT,627850078.8409097,627850078.8409097,0.0,1871.0
2025-11-06 13:00:00,FLAT,627850078.8409097,627850078.8409097,0.0,1876.1
2025-11-06 13:15:00,FLAT,627850078.8409097,627850078.8409097,0.0,1883.7
2025-11-06 13:30:00,FLAT,627850078.8409097,627850078.8409097,0.0,1877.0
2025-11-06 13:45:00,FLAT,627850078.8409097,627850078.8409097,0.0,1875.3
2025-11-06 14:00:00,FLAT,627850078.8409097,627850078.8409097,0.0,1881.0
2025-11-06 14:15:00,FLAT,627850078.8409097,627850078.8409097,0.0,1875.0
2025-11-06 14:30:00,FLAT,627850078.8409097,627850078.8409097,0.0,1874.0
2025-11-07 09:00:00,FLAT,627850078.8409097,627850078.8409097,0.0,1857.9
2025-11-07 09:15:00,FLAT,627850078.8409097,627850078.8409097,0.0,1857.9
2025-11-07 09:30:00,FLAT,627850078.8409097,627850078.8409097,0.0,1855.0
2025-11-07 09:45:00,FLAT,627850078.8409097,627850078.8409097,0.0,1855.5
2025-11-07 10:00:00,FLAT,627850078.8409097,627850078.8409097,0.0,1853.7
2025-11-07 10:15:00,FLAT,627850078.8409097,627850078.8409097,0.0,1853.0
2025-11-07 10:30:00,FLAT,627850078.8409097,627850078.8409097,0.0,1857.2
2025-11-07 10:45:00,FLAT,627850078.8409097,627850078.8409097,0.0,1858.9
2025-11-07 11:00:00,FLAT,627850078.8409097,627850078.8409097,0.0,1858.6
2025-11-07 11:15:00,FLAT,627850078.8409097,627850078.8409097,0.0,1853.6
2025-11-07 13:00:00,FLAT,627850078.8409097,627850078.8409097,0.0,1854.5
2025-11-07 13:15:00,FLAT,627850078.8409097,627850078.8409097,0.0,1854.1
2025-11-07 13:30:00,FLAT,627850078.8409097,627850078.8409097,0.0,1848.2
2025-11-07 13:45:00,FLAT,627850078.8409097,627850078.8409097,0.0,1844.3
2025-11-07 14:00:00,FLAT,627850078.8409097,627850078.8409097,0.0,1843.4
2025-11-07 14:15:00,FLAT,627850078.8409097,627850078.8409097,0.0,1824.0
2025-11-07 14:30:00,FLAT,627850078.8409097,627850078.8409097,0.0,1825.0
2025-11-10 09:00:00,FLAT,627850078.8409097,627850078.8409097,0.0,1829.0
2025-11-10 09:15:00,FLAT,627850078.8409097,627850078.8409097,0.0,1826.9
2025-11-10 09:30:00,FLAT,627850078.8409097,627850078.8409097,0.0,1828.2
2025-11-10 09:45:00,FLAT,627850078.8409097,627850078.8409097,0.0,1828.6
2025-11-10 10:00:00,FLAT,627850078.8409097,627850078.8409097,0.0,1826.5
2025-11-10 10:15:00,FLAT,627850078.8409097,627850078.8409097,0.0,1826.9
2025-11-10 10:30:00,FLAT,627850078.8409097,627850078.8409097,0.0,1823.4
2025-11-10 10:45:00,FLAT,627850078.8409097,627850078.8409097,0.0,1818.9
2025-11-10 11:00:00,FLAT,627850078.8409097,627850078.8409097,0.0,1834.3
2025-11-10 11:15:00,FLAT,622363985.6590915,622363985.6590915,0.0,1829.3
2025-11-10 13:00:00,FLAT,622363985.6590915,622363985.6590915,0.0,1830.7
2025-11-10 13:15:00,FLAT,622363985.6590915,622363985.6590915,0.0,1836.2
2025-11-10 13:30:00,FLAT,622363985.6590915,622363985.6590915,0.0,1848.3
2025-11-10 13:45:00,FLAT,622363985.6590915,622363985.6590915,0.0,1844.5
2025-11-10 14:00:00,FLAT,622363985.6590915,622363985.6590915,0.0,1834.7
2025-11-10 14:15:00,FLAT,622363985.6590915,622363985.6590915,0.0,1809.5
2025-11-10 14:30:00,FLAT,622363985.6590915,622363985.6590915,0.0,1813.0
2025-11-11 09:00:00,FLAT,622363985.6590915,622363985.6590915,0.0,1807.8
2025-11-11 09:15:00,FLAT,622363985.6590915,622363985.6590915,0.0,1814.5
2025-11-11 09:30:00,FLAT,622363985.6590915,622363985.6590915,0.0,1818.6
2025-11-11 09:45:00,FLAT,622363985.6590915,622363985.6590915,0.0,1821.9
2025-11-11 10:00:00,FLAT,622363985.6590915,622363985.6590915,0.0,1815.2
2025-11-11 10:15:00,FLAT,622363985.6590915,622363985.6590915,0.0,1815.7
2025-11-11 10:30:00,FLAT,622363985.6590915,622363985.6590915,0.0,1813.1
2025-11-11 10:45:00,FLAT,622363985.6590915,622363985.6590915,0.0,1814.1
2025-11-11 11:00:00,FLAT,622363985.6590915,622363985.6590915,0.0,1812.3
2025-11-11 11:15:00,FLAT,622363985.6590915,622363985.6590915,0.0,1816.0
2025-11-11 13:00:00,FLAT,622363985.6590915,622363985.6590915,0.0,1809.7
2025-11-11 13:15:00,FLAT,622363985.6590915,622363985.6590915,0.0,1815.2
2025-11-11 13:30:00,FLAT,622363985.6590915,622363985.6590915,0.0,1819.3
2025-11-11 13:45:00,FLAT,622363985.6590915,622363985.6590915,0.0,1833.6
2025-11-11 14:00:00,FLAT,615928214.9772732,615928214.9772732,0.0,1823.3
2025-11-11 14:15:00,FLAT,615928214.9772732,615928214.9772732,0.0,1808.1
2025-11-11 14:30:00,FLAT,615928214.9772732,615928214.9772732,0.0,1810.1
2025-11-12 09:00:00,FLAT,615928214.9772732,615928214.9772732,0.0,1823.8
2025-11-12 09:15:00,FLAT,615928214.9772732,615928214.9772732,0.0,1826.3
2025-11-12 09:30:00,FLAT,615928214.9772732,615928214.9772732,0.0,1827.9
2025-11-12 09:45:00,FLAT,615928214.9772732,615928214.9772732,0.0,1824.5
2025-11-12 10:00:00,FLAT,615928214.9772732,615928214.9772732,0.0,1822.8
2025-11-12 10:15:00,FLAT,615928214.9772732,615928214.9772732,0.0,1824.3
2025-11-12 10:30:00,FLAT,615928214.9772732,615928214.9772732,0.0,1824.9
2025-11-12 10:45:00,FLAT,615928214.9772732,615928214.9772732,0.0,1828.4
2025-11-12 11:00:00,FLAT,615928214.9772732,615928214.9772732,0.0,1835.3
2025-11-12 11:15:00,LONG,619052814.9772733,615652814.9772732,3400000.000000091,1839.4
2025-11-12 13:00:00,LONG,622352814.9772732,615652814.9772732,6700000.000000046,1842.7
2025-11-12 13:15:00,LONG,631352814.9772732,615652814.9772732,15700000.000000045,1851.7
2025-11-12 13:30:00,LONG,628952814.9772732,615652814.9772732,13299999.999999955,1849.3
2025-11-12 13:45:00,LONG,638652814.9772732,615652814.9772732,23000000.0,1859.0
2025-11-12 14:00:00,LONG,642452814.9772732,615652814.9772732,26799999.999999955,1862.8
2025-11-12 14:15:00,LONG,650652814.9772732,615652814.9772732,35000000.0,1871.0
2025-11-12 14:30:00,LONG,654052814.9772733,615652814.9772732,38400000.00000009,1874.4
2025-11-13 09:00:00,LONG,647752814.9772731,615652814.9772732,32099999.99999991,1868.1
2025-11-13 09:15:00,LONG,645252814.9772731,615652814.9772732,29599999.99999991,1865.6
2025-11-13 09:30:00,LONG,649052814.9772733,615652814.9772732,33400000.00000009,1869.4
2025-11-13 09:45:00,LONG,647652814.9772732,615652814.9772732,32000000.0,1868.0
2025-11-13 10:00:00,LONG,642952814.9772732,615652814.9772732,27299999.999999955,1863.3
2025-11-13 10:15:00,LONG,642252814.9772731,615652814.9772732,26599999.99999991,1862.6
2025-11-13 10:30:00,LONG,644352814.9772732,615652814.9772732,28700000.000000045,1864.7
2025-11-13 10:45:00,LONG,649552814.9772733,615652814.9772732,33900000.00000009,1869.9
2025-11-13 11:00:00,LONG,650152814.9772732,615652814.9772732,34500000.0,1870.5
2025-11-13 11:15:00,LONG,652152814.9772732,615652814.9772732,36500000.0,1872.5
2025-11-13 13:00:00,LONG,644252814.9772731,615652814.9772732,28599999.99999991,1864.6
2025-11-13 13:15:00,LONG,648252814.9772731,615652814.9772732,32599999.99999991,1868.6
2025-11-13 13:30:00,FLAT,656171294.9772735,656171294.9772735,0.0,1876.0
2025-11-13 13:45:00,FLAT,656171294.9772735,656171294.9772735,0.0,1863.8
2025-11-13 14:00:00,FLAT,656171294.9772735,656171294.9772735,0.0,1862.3
2025-11-13 14:15:00,FLAT,656171294.9772735,656171294.9772735,0.0,1853.0
2025-11-13 14:30:00,FLAT,656171294.9772735,656171294.9772735,0.0,1855.9
2025-11-14 09:00:00,FLAT,656171294.9772735,656171294.9772735,0.0,1856.0
2025-11-14 09:15:00,FLAT,656171294.9772735,656171294.9772735,0.0,1861.4
2025-11-14 09:30:00,FLAT,656171294.9772735,656171294.9772735,0.0,1861.8
2025-11-14 09:45:00,FLAT,656171294.9772735,656171294.9772735,0.0,1857.6
2025-11-14 10:00:00,FLAT,656171294.9772735,656171294.9772735,0.0,1858.0
2025-11-14 10:15:00,FLAT,656171294.9772735,656171294.9772735,0.0,1858.9
2025-11-14 10:30:00,FLAT,656171294.9772735,656171294.9772735,0.0,1860.4
2025-11-14 10:45:00,FLAT,656171294.9772735,656171294.9772735,0.0,1859.5
2025-11-14 11:00:00,FLAT,656171294.9772735,656171294.9772735,0.0,1866.6
2025-11-14 11:15:00,LONG,657191304.9772737,655891304.9772735,1300000.0000001818,1867.9
2025-11-14 13:00:00,LONG,663591304.9772735,655891304.9772735,7700000.000000046,1874.3
2025-11-14 13:15:00,LONG,657691304.9772737,655891304.9772735,1800000.0000001818,1868.4
2025-11-14 13:30:00,LONG,659691304.9772737,655891304.9772735,3800000.000000182,1870.4
2025-11-14 13:45:00,LONG,666291304.9772736,655891304.9772735,10400000.000000091,1877.0
2025-11-14 14:00:00,LONG,660691304.9772737,655891304.9772735,4800000.000000182,1871.4
2025-11-14 14:15:00,FLAT,651943683.3863643,651943683.3863643,0.0,1866.9
2025-11-14 14:30:00,FLAT,651943683.3863643,651943683.3863643,0.0,1870.0
2025-11-17 09:00:00,FLAT,651943683.3863643,651943683.3863643,0.0,1879.0
2025-11-17 09:15:00,FLAT,651943683.3863643,651943683.3863643,0.0,1888.0
2025-11-17 09:30:00,FLAT,651943683.3863643,651943683.3863643,0.0,1886.0
2025-11-17 09:45:00,FLAT,651943683.3863643,651943683.3863643,0.0,1888.1
2025-11-17 10:00:00,FLAT,651943683.3863643,651943683.3863643,0.0,1887.0
2025-11-17 10:15:00,FLAT,651943683.3863643,651943683.3863643,0.0,1883.9
2025-11-17 10:30:00,FLAT,651943683.3863643,651943683.3863643,0.0,1887.8
2025-11-17 10:45:00,FLAT,651943683.3863643,651943683.3863643,0.0,1890.5
2025-11-17 11:00:00,FLAT,651943683.3863643,651943683.3863643,0.0,1891.1
2025-11-17 11:15:00,FLAT,651943683.3863643,651943683.3863643,0.0,1893.5
2025-11-17 11:30:00,FLAT,651943683.3863643,651943683.3863643,0.0,1893.7
2025-11-17 13:00:00,FLAT,651943683.3863643,651943683.3863643,0.0,1892.9
2025-11-17 13:15:00,FLAT,651943683.3863643,651943683.3863643,0.0,1887.6
2025-11-17 13:30:00,FLAT,651943683.3863643,651943683.3863643,0.0,1884.7
2025-11-17 13:45:00,FLAT,651943683.3863643,651943683.3863643,0.0,1886.0
2025-11-17 14:00:00,FLAT,651943683.3863643,651943683.3863643,0.0,1893.1
2025-11-17 14:15:00,FLAT,651943683.3863643,651943683.3863643,0.0,1892.4
2025-11-17 14:30:00,FLAT,651943683.3863643,651943683.3863643,0.0,1893.0
2025-11-18 09:00:00,FLAT,651943683.3863643,651943683.3863643,0.0,1890.5
2025-11-18 09:15:00,FLAT,651943683.3863643,651943683.3863643,0.0,1885.8
2025-11-18 09:30:00,FLAT,651943683.3863643,651943683.3863643,0.0,1889.3
2025-11-18 09:45:00,FLAT,651943683.3863643,651943683.3863643,0.0,1894.0
2025-11-18 10:00:00,FLAT,651943683.3863643,651943683.3863643,0.0,1891.7
2025-11-18 10:15:00,FLAT,651943683.3863643,651943683.3863643,0.0,1890.1
2025-11-18 10:30:00,FLAT,651943683.3863643,651943683.3863643,0.0,1893.6
2025-11-18 10:45:00,FLAT,651943683.3863643,651943683.3863643,0.0,1892.6
2025-11-18 11:00:00,FLAT,651943683.3863643,651943683.3863643,0.0,1895.1
2025-11-18 11:15:00,FLAT,651943683.3863643,651943683.3863643,0.0,1890.4
2025-11-18 13:00:00,FLAT,651943683.3863643,651943683.3863643,0.0,1888.7
2025-11-18 13:15:00,FLAT,651943683.3863643,651943683.3863643,0.0,1882.0
2025-11-18 13:30:00,FLAT,651943683.3863643,651943683.3863643,0.0,1883.9
2025-11-18 13:45:00,FLAT,651943683.3863643,651943683.3863643,0.0,1884.8
2025-11-18 14:00:00,FLAT,651943683.3863643,651943683.3863643,0.0,1888.6
2025-11-18 14:15:00,FLAT,651943683.3863643,651943683.3863643,0.0,1893.6
2025-11-18 14:30:00,LONG,650659433.3863643,651659433.3863643,-1000000.0,1894.0
2025-11-19 09:00:00,FLAT,646339575.204546,646339575.204546,0.0,1890.0
2025-11-19 09:15:00,FLAT,646339575.204546,646339575.204546,0.0,1892.5
2025-11-19 09:30:00,FLAT,646339575.204546,646339575.204546,0.0,1893.4
2025-11-19 09:45:00,FLAT,646339575.204546,646339575.204546,0.0,1893.9
2025-11-19 10:00:00,FLAT,646339575.204546,646339575.204546,0.0,1891.3
2025-11-19 10:15:00,FLAT,646339575.204546,646339575.204546,0.0,1893.1
2025-11-19 10:30:00,FLAT,646339575.204546,646339575.204546,0.0,1891.1
2025-11-19 10:45:00,FLAT,646339575.204546,646339575.204546,0.0,1892.3
2025-11-19 11:00:00,FLAT,646339575.204546,646339575.204546,0.0,1893.0
2025-11-19 11:15:00,FLAT,646339575.204546,646339575.204546,0.0,1894.7
2025-11-19 13:00:00,FLAT,646339575.204546,646339575.204546,0.0,1892.5
2025-11-19 13:15:00,FLAT,646339575.204546,646339575.204546,0.0,1894.0
2025-11-19 13:30:00,FLAT,646339575.204546,646339575.204546,0.0,1894.0
2025-11-19 13:45:00,FLAT,646339575.204546,646339575.204546,0.0,1893.8
2025-11-19 14:00:00,FLAT,646339575.204546,646339575.204546,0.0,1891.5
2025-11-19 14:15:00,FLAT,646339575.204546,646339575.204546,0.0,1881.5
2025-11-19 14:30:00,FLAT,646339575.204546,646339575.204546,0.0,1880.8
2025-11-20 09:00:00,FLAT,646339575.204546,646339575.204546,0.0,1890.1
2025-11-20 09:15:00,FLAT,646339575.204546,646339575.204546,0.0,1889.3
2025-11-20 09:30:00,FLAT,646339575.204546,646339575.204546,0.0,1894.2
2025-11-20 09:45:00,FLAT,646339575.204546,646339575.204546,0.0,1903.0
2025-11-20 10:00:00,LONG,645954080.2045461,646054080.204546,-99999.99999990905,1903.2
2025-11-20 10:15:00,LONG,645954080.2045461,646054080.204546,-99999.99999990905,1903.2
2025-11-20 10:30:00,LONG,645654080.2045461,646054080.204546,-399999.99999986356,1902.9
2025-11-20 10:45:00,LONG,645754080.204546,646054080.204546,-299999.99999995454,1903.0
2025-11-20 11:00:00,LONG,645054080.204546,646054080.204546,-1000000.0,1902.3
2025-11-20 11:15:00,FLAT,642246386.3409096,642246386.3409096,0.0,1898.5
2025-11-20 13:00:00,FLAT,642246386.3409096,642246386.3409096,0.0,1898.7
2025-11-20 13:15:00,FLAT,642246386.3409096,642246386.3409096,0.0,1900.8
2025-11-20 13:30:00,FLAT,642246386.3409096,642246386.3409096,0.0,1894.8
2025-11-20 13:45:00,FLAT,642246386.3409096,642246386.3409096,0.0,1892.6
2025-11-20 14:00:00,FLAT,642246386.3409096,642246386.3409096,0.0,1893.9
2025-11-20 14:15:00,FLAT,642246386.3409096,642246386.3409096,0.0,1898.2
2025-11-20 14:30:00,FLAT,642246386.3409096,642246386.3409096,0.0,1898.4
2025-11-21 09:00:00,FLAT,642246386.3409096,642246386.3409096,0.0,1870.2
2025-11-21 09:15:00,FLAT,642246386.3409096,642246386.3409096,0.0,1874.0
2025-11-21 09:30:00,FLAT,642246386.3409096,642246386.3409096,0.0,1872.5
2025-11-21 09:45:00,FLAT,642246386.3409096,642246386.3409096,0.0,1862.9
2025-11-21 10:00:00,FLAT,642246386.3409096,642246386.3409096,0.0,1866.5
2025-11-21 10:15:00,FLAT,642246386.3409096,642246386.3409096,0.0,1866.3
2025-11-21 10:30:00,FLAT,642246386.3409096,642246386.3409096,0.0,1868.0
2025-11-21 10:45:00,FLAT,642246386.3409096,642246386.3409096,0.0,1865.7
2025-11-21 11:00:00,FLAT,642246386.3409096,642246386.3409096,0.0,1864.2
2025-11-21 11:15:00,FLAT,642246386.3409096,642246386.3409096,0.0,1868.3
2025-11-21 13:00:00,FLAT,642246386.3409096,642246386.3409096,0.0,1871.1
2025-11-21 13:15:00,FLAT,642246386.3409096,642246386.3409096,0.0,1878.0
2025-11-21 13:30:00,FLAT,642246386.3409096,642246386.3409096,0.0,1874.2
2025-11-21 13:45:00,FLAT,642246386.3409096,642246386.3409096,0.0,1875.8
2025-11-21 14:00:00,FLAT,642246386.3409096,642246386.3409096,0.0,1879.0
2025-11-21 14:15:00,FLAT,642246386.3409096,642246386.3409096,0.0,1893.5
2025-11-21 14:30:00,LONG,641362346.3409097,641962346.3409096,-599999.9999999091,1893.0
2025-11-24 09:00:00,LONG,646162346.3409096,641962346.3409096,4200000.000000046,1897.8
2025-11-24 09:15:00,LONG,650662346.3409096,641962346.3409096,8700000.000000045,1902.3
2025-11-24 09:30:00,LONG,653762346.3409098,641962346.3409096,11800000.000000183,1905.4
2025-11-24 09:45:00,LONG,658462346.3409096,641962346.3409096,16500000.0,1910.1
2025-11-24 10:00:00,LONG,654962346.3409096,641962346.3409096,13000000.0,1906.6
2025-11-24 10:15:00,LONG,654862346.3409097,641962346.3409096,12900000.000000091,1906.5
2025-11-24 10:30:00,LONG,654762346.3409098,641962346.3409096,12800000.000000183,1906.4
2025-11-24 10:45:00,LONG,656062346.3409097,641962346.3409096,14100000.000000136,1907.7
2025-11-24 11:00:00,LONG,663462346.3409096,641962346.3409096,21500000.0,1915.1
2025-11-24 11:15:00,LONG,665362346.3409097,641962346.3409096,23400000.00000009,1917.0
2025-11-24 13:00:00,LONG,665462346.3409096,641962346.3409096,23500000.0,1917.1
2025-11-24 13:15:00,LONG,661862346.3409097,641962346.3409096,19900000.00000009,1913.5
2025-11-24 13:30:00,LONG,666362346.3409097,641962346.3409096,24400000.00000009,1918.0
2025-11-24 13:45:00,LONG,669562346.3409097,641962346.3409096,27600000.000000138,1921.2
2025-11-24 14:00:00,LONG,665762346.3409098,641962346.3409096,23800000.000000183,1917.4
2025-11-24 14:15:00,LONG,668362346.3409097,641962346.3409096,26400000.00000009,1920.0
2025-11-24 14:30:00,LONG,669862346.3409097,641962346.3409096,27900000.00000009,1921.5
2025-11-25 09:00:00,LONG,662462346.3409096,641962346.3409096,20500000.0,1914.1
2025-11-25 09:15:00,LONG,663162346.3409096,641962346.3409096,21200000.000000045,1914.8
2025-11-25 09:30:00,LONG,662662346.3409096,641962346.3409096,20700000.000000045,1914.3
2025-11-25 09:45:00,LONG,662762346.3409098,641962346.3409096,20800000.000000183,1914.4
2025-11-25 10:00:00,LONG,668162346.3409096,641962346.3409096,26200000.000000045,1919.8
2025-11-25 10:15:00,LONG,667962346.3409096,641962346.3409096,26000000.0,1919.6
2025-11-25 10:30:00,LONG,668662346.3409096,641962346.3409096,26700000.000000045,1920.3
2025-11-25 10:45:00,LONG,669162346.3409096,641962346.3409096,27200000.000000045,1920.8
2025-11-25 11:00:00,LONG,663962346.3409096,641962346.3409096,22000000.0,1915.6
2025-11-25 11:15:00,LONG,664162346.3409096,641962346.3409096,22200000.000000045,1915.8
2025-11-25 11:30:00,LONG,663962346.3409096,641962346.3409096,22000000.0,1915.6
2025-11-25 13:00:00,LONG,662562346.3409097,641962346.3409096,20600000.000000138,1914.2
2025-11-25 13:15:00,LONG,665462346.3409096,641962346.3409096,23500000.0,1917.1
2025-11-25 13:30:00,LONG,666362346.3409097,641962346.3409096,24400000.00000009,1918.0
2025-11-25 13:45:00,LONG,659362346.3409097,641962346.3409096,17400000.00000009,1911.0
2025-11-25 14:00:00,LONG,660562346.3409097,641962346.3409096,18600000.000000138,1912.2
2025-11-25 14:15:00,LONG,656262346.3409098,641962346.3409096,14300000.000000183,1907.9
2025-11-25 14:30:00,LONG,656762346.3409098,641962346.3409096,14800000.000000183,1908.4
2025-11-26 09:00:00,LONG,660162346.3409096,641962346.3409096,18200000.000000045,1911.8
2025-11-26 09:15:00,LONG,664962346.3409096,641962346.3409096,23000000.0,1916.6
2025-11-26 09:30:00,LONG,676262346.3409097,641962346.3409096,34300000.00000018,1927.9
2025-11-26 09:45:00,LONG,676162346.3409096,641962346.3409096,34200000.000000045,1927.8
2025-11-26 10:00:00,LONG,675162346.3409096,641962346.3409096,33200000.000000045,1926.8
2025-11-26 10:15:00,LONG,673862346.3409097,641962346.3409096,31900000.00000009,1925.5
2025-11-26 10:30:00,LONG,673562346.3409097,641962346.3409096,31600000.000000138,1925.2
2025-11-26 10:45:00,LONG,668962346.3409096,641962346.3409096,27000000.0,1920.6
2025-11-26 11:00:00,LONG,669162346.3409096,641962346.3409096,27200000.000000045,1920.8
2025-11-26 11:15:00,LONG,669962346.3409096,641962346.3409096,28000000.0,1921.6
2025-11-26 13:00:00,LONG,668462346.3409096,641962346.3409096,26500000.0,1920.1
2025-11-26 13:15:00,LONG,671462346.3409096,641962346.3409096,29500000.0,1923.1
2025-11-26 13:30:00,LONG,676162346.3409096,641962346.3409096,34200000.000000045,1927.8
2025-11-26 13:45:00,LONG,674062346.3409097,641962346.3409096,32100000.000000138,1925.7
2025-11-26 14:00:00,LONG,674362346.3409097,641962346.3409096,32400000.00000009,1926.0
2025-11-26 14:15:00,LONG,672462346.3409096,641962346.3409096,30500000.0,1924.1
2025-11-26 14:30:00,LONG,674462346.3409096,641962346.3409096,32500000.0,1926.1
2025-11-27 09:00:00,FLAT,678572771.34091,678572771.34091,0.0,1932.6
2025-11-27 09:15:00,FLAT,678572771.34091,678572771.34091,0.0,1931.5
2025-11-27 09:30:00,FLAT,678572771.34091,678572771.34091,0.0,1931.5
2025-11-27 09:45:00,FLAT,678572771.34091,678572771.34091,0.0,1928.6
2025-11-27 10:00:00,FLAT,678572771.34091,678572771.34091,0.0,1925.1
2025-11-27 10:15:00,FLAT,678572771.34091,678572771.34091,0.0,1926.3
2025-11-27 10:30:00,FLAT,678572771.34091,678572771.34091,0.0,1926.1
2025-11-27 10:45:00,FLAT,678572771.34091,678572771.34091,0.0,1922.6
2025-11-27 11:00:00,FLAT,678572771.34091,678572771.34091,0.0,1922.6
2025-11-27 11:15:00,FLAT,678572771.34091,678572771.34091,0.0,1923.0
2025-11-27 13:00:00,FLAT,678572771.34091,678572771.34091,0.0,1921.4
2025-11-27 13:15:00,FLAT,678572771.34091,678572771.34091,0.0,1925.3
2025-11-27 13:30:00,FLAT,678572771.34091,678572771.34091,0.0,1925.1
2025-11-27 13:45:00,FLAT,678572771.34091,678572771.34091,0.0,1928.4
2025-11-27 14:00:00,FLAT,675153798.3863646,675153798.3863646,0.0,1923.0
2025-11-27 14:15:00,FLAT,675153798.3863646,675153798.3863646,0.0,1919.4
2025-11-27 14:30:00,FLAT,675153798.3863646,675153798.3863646,0.0,1921.0
2025-11-28 09:00:00,FLAT,675153798.3863646,675153798.3863646,0.0,1920.0
2025-11-28 09:15:00,FLAT,675153798.3863646,675153798.3863646,0.0,1922.2
2025-11-28 09:30:00,FLAT,675153798.3863646,675153798.3863646,0.0,1922.8
2025-11-28 09:45:00,FLAT,675153798.3863646,675153798.3863646,0.0,1921.9
2025-11-28 10:00:00,FLAT,675153798.3863646,675153798.3863646,0.0,1919.1
2025-11-28 10:15:00,FLAT,675153798.3863646,675153798.3863646,0.0,1920.3
2025-11-28 10:30:00,FLAT,675153798.3863646,675153798.3863646,0.0,1922.9
2025-11-28 10:45:00,FLAT,675153798.3863646,675153798.3863646,0.0,1921.0
2025-11-28 11:00:00,FLAT,675153798.3863646,675153798.3863646,0.0,1921.6
2025-11-28 11:15:00,FLAT,675153798.3863646,675153798.3863646,0.0,1925.9
2025-11-28 11:30:00,LONG,674364853.3863646,674864853.3863646,-500000.0,1925.8
2025-11-28 13:00:00,LONG,676764853.3863647,674864853.3863646,1900000.000000091,1928.2
2025-11-28 13:15:00,LONG,678164853.3863646,674864853.3863646,3299999.9999999544,1929.6
2025-11-28 13:30:00,LONG,677064853.3863646,674864853.3863646,2200000.0000000456,1928.5
2025-11-28 13:45:00,FLAT,671962664.0681828,671962664.0681828,0.0,1922.3
2025-11-28 14:00:00,FLAT,671962664.0681828,671962664.0681828,0.0,1918.2
2025-11-28 14:15:00,FLAT,671962664.0681828,671962664.0681828,0.0,1915.6
2025-11-28 14:30:00,FLAT,671962664.0681828,671962664.0681828,0.0,1918.4
2025-12-01 09:00:00,FLAT,671962664.0681828,671962664.0681828,0.0,1930.2
2025-12-01 09:15:00,FLAT,671962664.0681828,671962664.0681828,0.0,1934.1
2025-12-01 09:30:00,FLAT,671962664.0681828,671962664.0681828,0.0,1932.3
2025-12-01 09:45:00,FLAT,671962664.0681828,671962664.0681828,0.0,1936.2
2025-12-01 10:00:00,FLAT,671962664.0681828,671962664.0681828,0.0,1932.8
2025-12-01 10:15:00,FLAT,671962664.0681828,671962664.0681828,0.0,1930.6
2025-12-01 10:30:00,FLAT,671962664.0681828,671962664.0681828,0.0,1933.2
2025-12-01 10:45:00,FLAT,671962664.0681828,671962664.0681828,0.0,1934.6
2025-12-01 11:00:00,FLAT,671962664.0681828,671962664.0681828,0.0,1930.1
2025-12-01 11:15:00,FLAT,671962664.0681828,671962664.0681828,0.0,1931.1
2025-12-01 13:00:00,FLAT,671962664.0681828,671962664.0681828,0.0,1932.0
2025-12-01 13:15:00,FLAT,671962664.0681828,671962664.0681828,0.0,1930.8
2025-12-01 13:30:00,FLAT,671962664.0681828,671962664.0681828,0.0,1932.5
2025-12-01 13:45:00,FLAT,671962664.0681828,671962664.0681828,0.0,1932.2
2025-12-01 14:00:00,FLAT,671962664.0681828,671962664.0681828,0.0,1935.7
2025-12-01 14:15:00,FLAT,671962664.0681828,671962664.0681828,0.0,1935.0
2025-12-01 14:30:00,FLAT,671962664.0681828,671962664.0681828,0.0,1935.4
2025-12-02 09:00:00,FLAT,671962664.0681828,671962664.0681828,0.0,1927.4
2025-12-02 09:15:00,FLAT,671962664.0681828,671962664.0681828,0.0,1927.7
2025-12-02 09:30:00,FLAT,671962664.0681828,671962664.0681828,0.0,1926.8
2025-12-02 09:45:00,FLAT,671962664.0681828,671962664.0681828,0.0,1927.2
2025-12-02 10:00:00,FLAT,671962664.0681828,671962664.0681828,0.0,1925.7
2025-12-02 10:15:00,FLAT,671962664.0681828,671962664.0681828,0.0,1921.3
2025-12-02 10:30:00,FLAT,671962664.0681828,671962664.0681828,0.0,1919.9
2025-12-02 10:45:00,FLAT,671962664.0681828,671962664.0681828,0.0,1924.0
2025-12-02 11:00:00,FLAT,671962664.0681828,671962664.0681828,0.0,1923.6
2025-12-02 11:15:00,FLAT,671962664.0681828,671962664.0681828,0.0,1921.8
2025-12-02 13:00:00,FLAT,671962664.0681828,671962664.0681828,0.0,1923.2
2025-12-02 13:15:00,FLAT,671962664.0681828,671962664.0681828,0.0,1927.6
2025-12-02 13:30:00,FLAT,671962664.0681828,671962664.0681828,0.0,1927.4
2025-12-02 13:45:00,FLAT,671962664.0681828,671962664.0681828,0.0,1935.0
2025-12-02 14:00:00,FLAT,667837091.3409102,667837091.3409102,0.0,1936.1
2025-12-02 14:15:00,FLAT,667837091.3409102,667837091.3409102,0.0,1944.3
2025-12-02 14:30:00,FLAT,667837091.3409102,667837091.3409102,0.0,1946.0
2025-12-03 09:00:00,FLAT,667837091.3409102,667837091.3409102,0.0,1952.5
2025-12-03 09:15:00,FLAT,667837091.3409102,667837091.3409102,0.0,1951.6
2025-12-03 09:30:00,FLAT,667837091.3409102,667837091.3409102,0.0,1952.8
2025-12-03 09:45:00,FLAT,667837091.3409102,667837091.3409102,0.0,1950.1
2025-12-03 10:00:00,FLAT,667837091.3409102,667837091.3409102,0.0,1951.1
2025-12-03 10:15:00,FLAT,667837091.3409102,667837091.3409102,0.0,1953.9
2025-12-03 10:30:00,FLAT,667837091.3409102,667837091.3409102,0.0,1952.6
2025-12-03 10:45:00,FLAT,667837091.3409102,667837091.3409102,0.0,1951.6
2025-12-03 11:00:00,FLAT,667837091.3409102,667837091.3409102,0.0,1954.5
2025-12-03 11:15:00,FLAT,667837091.3409102,667837091.3409102,0.0,1954.3
2025-12-03 13:00:00,FLAT,667837091.3409102,667837091.3409102,0.0,1960.2
2025-12-03 13:15:00,FLAT,667837091.3409102,667837091.3409102,0.0,1962.6
2025-12-03 13:30:00,FLAT,667837091.3409102,667837091.3409102,0.0,1971.1
2025-12-03 13:45:00,FLAT,667837091.3409102,667837091.3409102,0.0,1973.9
2025-12-03 14:00:00,FLAT,667837091.3409102,667837091.3409102,0.0,1980.3
2025-12-03 14:15:00,FLAT,667837091.3409102,667837091.3409102,0.0,1977.0
2025-12-03 14:30:00,FLAT,667837091.3409102,667837091.3409102,0.0,1977.9
2025-12-04 09:00:00,FLAT,667837091.3409102,667837091.3409102,0.0,1974.5
2025-12-04 09:15:00,FLAT,667837091.3409102,667837091.3409102,0.0,1974.1
2025-12-04 09:30:00,FLAT,667837091.3409102,667837091.3409102,0.0,1972.0
2025-12-04 09:45:00,FLAT,667837091.3409102,667837091.3409102,0.0,1967.2
2025-12-04 10:00:00,FLAT,667837091.3409102,667837091.3409102,0.0,1967.9
2025-12-04 10:15:00,FLAT,667837091.3409102,667837091.3409102,0.0,1971.9
2025-12-04 10:30:00,FLAT,667837091.3409102,667837091.3409102,0.0,1971.9
2025-12-04 10:45:00,FLAT,667837091.3409102,667837091.3409102,0.0,1973.3
2025-12-04 11:00:00,FLAT,667837091.3409102,667837091.3409102,0.0,1970.6
2025-12-04 11:15:00,FLAT,667837091.3409102,667837091.3409102,0.0,1972.7
2025-12-04 13:00:00,FLAT,667837091.3409102,667837091.3409102,0.0,1979.8
2025-12-04 13:15:00,FLAT,667837091.3409102,667837091.3409102,0.0,1979.0
2025-12-04 13:30:00,FLAT,667837091.3409102,667837091.3409102,0.0,1977.7
2025-12-04 13:45:00,FLAT,667837091.3409102,667837091.3409102,0.0,1985.2
2025-12-04 14:00:00,FLAT,664078279.5227284,664078279.5227284,0.0,1975.3
2025-12-04 14:15:00,FLAT,664078279.5227284,664078279.5227284,0.0,1974.3
2025-12-04 14:30:00,FLAT,664078279.5227284,664078279.5227284,0.0,1975.8
2025-12-05 09:00:00,FLAT,664078279.5227284,664078279.5227284,0.0,1985.9
2025-12-05 09:15:00,FLAT,664078279.5227284,664078279.5227284,0.0,1983.5
2025-12-05 09:30:00,FLAT,664078279.5227284,664078279.5227284,0.0,1977.2
2025-12-05 09:45:00,FLAT,664078279.5227284,664078279.5227284,0.0,1973.3
2025-12-05 10:00:00,FLAT,664078279.5227284,664078279.5227284,0.0,1973.6
2025-12-05 10:15:00,FLAT,664078279.5227284,664078279.5227284,0.0,1971.7
2025-12-05 10:30:00,FLAT,664078279.5227284,664078279.5227284,0.0,1971.8
2025-12-05 10:45:00,FLAT,664078279.5227284,664078279.5227284,0.0,1970.8
2025-12-05 11:00:00,FLAT,664078279.5227284,664078279.5227284,0.0,1973.8
2025-12-05 11:15:00,FLAT,664078279.5227284,664078279.5227284,0.0,1974.5
2025-12-05 13:00:00,FLAT,664078279.5227284,664078279.5227284,0.0,1978.0
2025-12-05 13:15:00,FLAT,664078279.5227284,664078279.5227284,0.0,1978.5
2025-12-05 13:30:00,FLAT,664078279.5227284,664078279.5227284,0.0,1979.4
2025-12-05 13:45:00,FLAT,664078279.5227284,664078279.5227284,0.0,1977.6
2025-12-05 14:00:00,FLAT,664078279.5227284,664078279.5227284,0.0,1977.1
2025-12-05 14:15:00,FLAT,664078279.5227284,664078279.5227284,0.0,1976.0
2025-12-05 14:30:00,FLAT,664078279.5227284,664078279.5227284,0.0,1978.0
2025-12-08 09:00:00,FLAT,664078279.5227284,664078279.5227284,0.0,1978.7
2025-12-08 09:15:00,FLAT,664078279.5227284,664078279.5227284,0.0,1980.2
2025-12-08 09:30:00,FLAT,664078279.5227284,664078279.5227284,0.0,1981.0
2025-12-08 09:45:00,FLAT,664078279.5227284,664078279.5227284,0.0,1981.8
2025-12-08 10:00:00,FLAT,664078279.5227284,664078279.5227284,0.0,1988.5
2025-12-08 10:15:00,FLAT,659945716.3409103,659945716.3409103,0.0,1986.5
2025-12-08 10:30:00,FLAT,659945716.3409103,659945716.3409103,0.0,1986.5
2025-12-08 10:45:00,FLAT,659945716.3409103,659945716.3409103,0.0,1986.7
2025-12-08 11:00:00,FLAT,659945716.3409103,659945716.3409103,0.0,1987.8
2025-12-08 11:15:00,FLAT,659945716.3409103,659945716.3409103,0.0,1991.2
2025-12-08 13:00:00,FLAT,659945716.3409103,659945716.3409103,0.0,1987.3
2025-12-08 13:15:00,FLAT,659945716.3409103,659945716.3409103,0.0,1985.9
2025-12-08 13:30:00,FLAT,659945716.3409103,659945716.3409103,0.0,1984.3
2025-12-08 13:45:00,FLAT,659945716.3409103,659945716.3409103,0.0,1978.7
2025-12-08 14:00:00,FLAT,659945716.3409103,659945716.3409103,0.0,1979.0
2025-12-08 14:15:00,FLAT,659945716.3409103,659945716.3409103,0.0,1984.0
2025-12-08 14:30:00,FLAT,659945716.3409103,659945716.3409103,0.0,1982.0
2025-12-09 09:00:00,FLAT,659945716.3409103,659945716.3409103,0.0,1984.5
2025-12-09 09:15:00,FLAT,659945716.3409103,659945716.3409103,0.0,1975.3
2025-12-09 09:30:00,FLAT,659945716.3409103,659945716.3409103,0.0,1973.8
2025-12-09 09:45:00,FLAT,659945716.3409103,659945716.3409103,0.0,1972.8
2025-12-09 10:00:00,FLAT,659945716.3409103,659945716.3409103,0.0,1965.0
2025-12-09 10:15:00,FLAT,659945716.3409103,659945716.3409103,0.0,1967.5
2025-12-09 10:30:00,FLAT,659945716.3409103,659945716.3409103,0.0,1966.8
2025-12-09 10:45:00,FLAT,659945716.3409103,659945716.3409103,0.0,1967.4
2025-12-09 11:00:00,FLAT,659945716.3409103,659945716.3409103,0.0,1964.8
2025-12-09 11:15:00,FLAT,659945716.3409103,659945716.3409103,0.0,1966.3
2025-12-09 13:00:00,FLAT,659945716.3409103,659945716.3409103,0.0,1961.7
2025-12-09 13:15:00,FLAT,659945716.3409103,659945716.3409103,0.0,1958.4
2025-12-09 13:30:00,FLAT,659945716.3409103,659945716.3409103,0.0,1969.1
2025-12-09 13:45:00,FLAT,659945716.3409103,659945716.3409103,0.0,1980.4
2025-12-09 14:00:00,FLAT,659945716.3409103,659945716.3409103,0.0,1984.1
2025-12-09 14:15:00,FLAT,654351116.3409103,654351116.3409103,0.0,1977.9
2025-12-09 14:30:00,FLAT,654351116.3409103,654351116.3409103,0.0,1977.6
2025-12-10 09:00:00,FLAT,654351116.3409103,654351116.3409103,0.0,1967.2
2025-12-10 09:15:00,FLAT,654351116.3409103,654351116.3409103,0.0,1960.0
2025-12-10 09:30:00,FLAT,654351116.3409103,654351116.3409103,0.0,1964.6
2025-12-10 09:45:00,FLAT,654351116.3409103,654351116.3409103,0.0,1965.0
2025-12-10 10:00:00,FLAT,654351116.3409103,654351116.3409103,0.0,1961.7
2025-12-10 10:15:00,FLAT,654351116.3409103,654351116.3409103,0.0,1960.0
2025-12-10 10:30:00,FLAT,654351116.3409103,654351116.3409103,0.0,1959.1
2025-12-10 10:45:00,FLAT,654351116.3409103,654351116.3409103,0.0,1961.2
2025-12-10 11:00:00,FLAT,654351116.3409103,654351116.3409103,0.0,1960.3
2025-12-10 11:15:00,FLAT,654351116.3409103,654351116.3409103,0.0,1957.1
2025-12-10 13:00:00,FLAT,654351116.3409103,654351116.3409103,0.0,1961.0
2025-12-10 13:15:00,FLAT,654351116.3409103,654351116.3409103,0.0,1958.2
2025-12-10 13:30:00,FLAT,654351116.3409103,654351116.3409103,0.0,1951.9
2025-12-10 13:45:00,FLAT,654351116.3409103,654351116.3409103,0.0,1951.8
2025-12-10 14:00:00,FLAT,654351116.3409103,654351116.3409103,0.0,1946.9
2025-12-10 14:15:00,FLAT,654351116.3409103,654351116.3409103,0.0,1940.5
2025-12-10 14:30:00,FLAT,654351116.3409103,654351116.3409103,0.0,1937.0
2025-12-11 09:00:00,FLAT,654351116.3409103,654351116.3409103,0.0,1938.8
2025-12-11 09:15:00,FLAT,654351116.3409103,654351116.3409103,0.0,1941.0
2025-12-11 09:30:00,FLAT,654351116.3409103,654351116.3409103,0.0,1934.8
2025-12-11 09:45:00,FLAT,654351116.3409103,654351116.3409103,0.0,1930.4
2025-12-11 10:00:00,FLAT,654351116.3409103,654351116.3409103,0.0,1926.5
2025-12-11 10:15:00,FLAT,654351116.3409103,654351116.3409103,0.0,1927.3
2025-12-11 10:30:00,FLAT,654351116.3409103,654351116.3409103,0.0,1931.4
2025-12-11 10:45:00,FLAT,654351116.3409103,654351116.3409103,0.0,1935.8
2025-12-11 11:00:00,FLAT,654351116.3409103,654351116.3409103,0.0,1936.9
2025-12-11 11:15:00,FLAT,654351116.3409103,654351116.3409103,0.0,1939.0
2025-12-11 13:00:00,FLAT,654351116.3409103,654351116.3409103,0.0,1935.4
2025-12-11 13:15:00,FLAT,654351116.3409103,654351116.3409103,0.0,1930.7
2025-12-11 13:30:00,FLAT,654351116.3409103,654351116.3409103,0.0,1926.8
2025-12-11 13:45:00,FLAT,654351116.3409103,654351116.3409103,0.0,1936.1
2025-12-11 14:00:00,FLAT,654351116.3409103,654351116.3409103,0.0,1929.0
2025-12-11 14:15:00,FLAT,654351116.3409103,654351116.3409103,0.0,1919.5
2025-12-11 14:30:00,FLAT,654351116.3409103,654351116.3409103,0.0,1918.0
2025-12-12 09:00:00,FLAT,654351116.3409103,654351116.3409103,0.0,1922.1
2025-12-12 09:15:00,FLAT,654351116.3409103,654351116.3409103,0.0,1914.8
2025-12-12 09:30:00,FLAT,654351116.3409103,654351116.3409103,0.0,1912.0
2025-12-12 09:45:00,FLAT,654351116.3409103,654351116.3409103,0.0,1910.3
2025-12-12 10:00:00,FLAT,654351116.3409103,654351116.3409103,0.0,1910.3
2025-12-12 10:15:00,FLAT,654351116.3409103,654351116.3409103,0.0,1910.0
2025-12-12 10:30:00,FLAT,654351116.3409103,654351116.3409103,0.0,1909.9
2025-12-12 10:45:00,FLAT,654351116.3409103,654351116.3409103,0.0,1906.6
2025-12-12 11:00:00,FLAT,654351116.3409103,654351116.3409103,0.0,1912.0
2025-12-12 11:15:00,FLAT,654351116.3409103,654351116.3409103,0.0,1904.7
2025-12-12 13:00:00,FLAT,654351116.3409103,654351116.3409103,0.0,1906.5
2025-12-12 13:15:00,FLAT,654351116.3409103,654351116.3409103,0.0,1908.0
2025-12-12 13:30:00,FLAT,654351116.3409103,654351116.3409103,0.0,1900.6
2025-12-12 13:45:00,FLAT,654351116.3409103,654351116.3409103,0.0,1901.4
2025-12-12 14:00:00,FLAT,654351116.3409103,654351116.3409103,0.0,1891.4
2025-12-12 14:15:00,FLAT,654351116.3409103,654351116.3409103,0.0,1867.1
2025-12-12 14:30:00,FLAT,654351116.3409103,654351116.3409103,0.0,1871.0
2025-12-15 09:00:00,FLAT,654351116.3409103,654351116.3409103,0.0,1870.9
2025-12-15 09:15:00,FLAT,654351116.3409103,654351116.3409103,0.0,1868.5
2025-12-15 09:30:00,FLAT,654351116.3409103,654351116.3409103,0.0,1869.9
2025-12-15 09:45:00,FLAT,654351116.3409103,654351116.3409103,0.0,1871.5
2025-12-15 10:00:00,FLAT,654351116.3409103,654351116.3409103,0.0,1874.8
2025-12-15 10:15:00,FLAT,654351116.3409103,654351116.3409103,0.0,1883.8
2025-12-15 10:30:00,FLAT,647532099.068183,647532099.068183,0.0,1880.3
2025-12-15 10:45:00,FLAT,647532099.068183,647532099.068183,0.0,1879.4
2025-12-15 11:00:00,FLAT,647532099.068183,647532099.068183,0.0,1871.7
2025-12-15 11:15:00,FLAT,647532099.068183,647532099.068183,0.0,1871.6
2025-12-15 13:00:00,FLAT,647532099.068183,647532099.068183,0.0,1875.6
2025-12-15 13:15:00,FLAT,647532099.068183,647532099.068183,0.0,1871.8
2025-12-15 13:30:00,FLAT,647532099.068183,647532099.068183,0.0,1868.2
2025-12-15 13:45:00,FLAT,647532099.068183,647532099.068183,0.0,1861.1
2025-12-15 14:00:00,FLAT,647532099.068183,647532099.068183,0.0,1870.5
2025-12-15 14:15:00,FLAT,647532099.068183,647532099.068183,0.0,1867.1
2025-12-15 14:30:00,FLAT,647532099.068183,647532099.068183,0.0,1867.0
2025-12-16 09:00:00,FLAT,647532099.068183,647532099.068183,0.0,1875.7
2025-12-16 09:15:00,FLAT,647532099.068183,647532099.068183,0.0,1869.4
2025-12-16 09:30:00,FLAT,647532099.068183,647532099.068183,0.0,1871.7
2025-12-16 09:45:00,FLAT,647532099.068183,647532099.068183,0.0,1865.1
2025-12-16 10:00:00,FLAT,647532099.068183,647532099.068183,0.0,1863.0
2025-12-16 10:15:00,FLAT,647532099.068183,647532099.068183,0.0,1859.6
2025-12-16 10:30:00,FLAT,647532099.068183,647532099.068183,0.0,1862.5
2025-12-16 10:45:00,FLAT,647532099.068183,647532099.068183,0.0,1870.9
2025-12-16 11:00:00,FLAT,647532099.068183,647532099.068183,0.0,1868.4
2025-12-16 11:15:00,FLAT,647532099.068183,647532099.068183,0.0,1865.2
2025-12-16 13:00:00,FLAT,647532099.068183,647532099.068183,0.0,1885.7
2025-12-16 13:15:00,FLAT,647532099.068183,647532099.068183,0.0,1889.7
2025-12-16 13:30:00,FLAT,647532099.068183,647532099.068183,0.0,1915.6
2025-12-16 13:45:00,FLAT,647532099.068183,647532099.068183,0.0,1913.2
2025-12-16 14:00:00,FLAT,647532099.068183,647532099.068183,0.0,1921.1
2025-12-16 14:15:00,FLAT,647532099.068183,647532099.068183,0.0,1914.3
2025-12-16 14:30:00,FLAT,647532099.068183,647532099.068183,0.0,1916.9
2025-12-17 09:00:00,FLAT,647532099.068183,647532099.068183,0.0,1912.7
2025-12-17 09:15:00,FLAT,647532099.068183,647532099.068183,0.0,1910.7
2025-12-17 09:30:00,FLAT,647532099.068183,647532099.068183,0.0,1913.1
2025-12-17 09:45:00,FLAT,647532099.068183,647532099.068183,0.0,1916.5
2025-12-17 10:00:00,FLAT,647532099.068183,647532099.068183,0.0,1914.0
2025-12-17 10:15:00,FLAT,647532099.068183,647532099.068183,0.0,1913.0
2025-12-17 10:30:00,FLAT,647532099.068183,647532099.068183,0.0,1913.6
2025-12-17 10:45:00,FLAT,647532099.068183,647532099.068183,0.0,1912.5
2025-12-17 11:00:00,FLAT,647532099.068183,647532099.068183,0.0,1911.4
2025-12-17 11:15:00,FLAT,647532099.068183,647532099.068183,0.0,1911.8
2025-12-17 13:00:00,FLAT,647532099.068183,647532099.068183,0.0,1909.1
2025-12-17 13:15:00,FLAT,647532099.068183,647532099.068183,0.0,1902.2
2025-12-17 13:30:00,FLAT,647532099.068183,647532099.068183,0.0,1902.8
2025-12-17 13:45:00,FLAT,647532099.068183,647532099.068183,0.0,1907.2
2025-12-17 14:00:00,FLAT,647532099.068183,647532099.068183,0.0,1904.4
2025-12-17 14:15:00,FLAT,647532099.068183,647532099.068183,0.0,1898.6
2025-12-17 14:30:00,FLAT,647532099.068183,647532099.068183,0.0,1899.9
2025-12-18 09:00:00,FLAT,647532099.068183,647532099.068183,0.0,1893.4
2025-12-18 09:15:00,FLAT,647532099.068183,647532099.068183,0.0,1888.3
2025-12-18 09:30:00,FLAT,647532099.068183,647532099.068183,0.0,1886.3
2025-12-18 09:45:00,FLAT,647532099.068183,647532099.068183,0.0,1886.8
2025-12-18 10:00:00,FLAT,647532099.068183,647532099.068183,0.0,1889.2
2025-12-18 10:15:00,FLAT,647532099.068183,647532099.068183,0.0,1887.7
2025-12-18 10:30:00,FLAT,647532099.068183,647532099.068183,0.0,1890.9
2025-12-18 10:45:00,FLAT,647532099.068183,647532099.068183,0.0,1889.7
2025-12-18 11:00:00,FLAT,647532099.068183,647532099.068183,0.0,1892.9
2025-12-18 11:15:00,FLAT,647532099.068183,647532099.068183,0.0,1892.2
2025-12-18 13:00:00,FLAT,647532099.068183,647532099.068183,0.0,1893.4
2025-12-18 13:15:00,FLAT,647532099.068183,647532099.068183,0.0,1893.0
2025-12-18 13:30:00,FLAT,647532099.068183,647532099.068183,0.0,1892.5
2025-12-18 13:45:00,FLAT,647532099.068183,647532099.068183,0.0,1898.2
2025-12-18 14:00:00,FLAT,643044834.9772738,643044834.9772738,0.0,1893.1
2025-12-18 14:15:00,FLAT,643044834.9772738,643044834.9772738,0.0,1899.1
2025-12-18 14:30:00,FLAT,643044834.9772738,643044834.9772738,0.0,1899.0
2025-12-19 09:00:00,FLAT,643044834.9772738,643044834.9772738,0.0,1912.8
2025-12-19 09:15:00,FLAT,643044834.9772738,643044834.9772738,0.0,1922.5
2025-12-19 09:30:00,FLAT,643044834.9772738,643044834.9772738,0.0,1924.8
2025-12-19 09:45:00,FLAT,643044834.9772738,643044834.9772738,0.0,1929.0
2025-12-19 10:00:00,FLAT,643044834.9772738,643044834.9772738,0.0,1928.2
2025-12-19 10:15:00,FLAT,643044834.9772738,643044834.9772738,0.0,1929.6
2025-12-19 10:30:00,FLAT,643044834.9772738,643044834.9772738,0.0,1930.5
2025-12-19 10:45:00,FLAT,643044834.9772738,643044834.9772738,0.0,1926.6
2025-12-19 11:00:00,FLAT,643044834.9772738,643044834.9772738,0.0,1926.3
2025-12-19 11:15:00,FLAT,643044834.9772738,643044834.9772738,0.0,1927.7
2025-12-19 13:00:00,FLAT,643044834.9772738,643044834.9772738,0.0,1930.0
2025-12-19 13:15:00,FLAT,643044834.9772738,643044834.9772738,0.0,1924.7
2025-12-19 13:30:00,FLAT,643044834.9772738,643044834.9772738,0.0,1923.6
2025-12-19 13:45:00,FLAT,643044834.9772738,643044834.9772738,0.0,1930.9
2025-12-19 14:00:00,FLAT,643044834.9772738,643044834.9772738,0.0,1936.1
2025-12-19 14:15:00,LONG,640454269.9772738,642754269.9772738,-2299999.9999999544,1934.8
2025-12-19 14:30:00,LONG,640654269.977274,642754269.9772738,-2099999.999999909,1935.0
2025-12-22 09:00:00,LONG,650154269.977274,642754269.9772738,7400000.000000091,1944.5
2025-12-22 09:15:00,LONG,647654269.977274,642754269.9772738,4900000.000000091,1942.0
2025-12-22 09:30:00,LONG,655654269.977274,642754269.9772738,12900000.000000091,1950.0
2025-12-22 09:45:00,LONG,655254269.9772738,642754269.9772738,12500000.0,1949.6
2025-12-22 10:00:00,LONG,657454269.9772738,642754269.9772738,14700000.000000045,1951.8
2025-12-22 10:15:00,LONG,654154269.977274,642754269.9772738,11400000.000000091,1948.5
2025-12-22 10:30:00,LONG,656854269.977274,642754269.9772738,14100000.000000136,1951.2
2025-12-22 10:45:00,LONG,663654269.977274,642754269.9772738,20900000.00000009,1958.0
2025-12-22 11:00:00,FLAT,669232416.3409104,669232416.3409104,0.0,1971.0
2025-12-22 11:15:00,FLAT,669232416.3409104,669232416.3409104,0.0,1973.4
2025-12-22 13:00:00,FLAT,669232416.3409104,669232416.3409104,0.0,1987.3
2025-12-22 13:15:00,FLAT,669232416.3409104,669232416.3409104,0.0,1987.1
2025-12-22 13:30:00,FLAT,669232416.3409104,669232416.3409104,0.0,1986.2
2025-12-22 13:45:00,FLAT,669232416.3409104,669232416.3409104,0.0,1986.5
2025-12-22 14:00:00,FLAT,669232416.3409104,669232416.3409104,0.0,1990.0
2025-12-22 14:15:00,FLAT,669232416.3409104,669232416.3409104,0.0,1994.5
2025-12-22 14:30:00,FLAT,669232416.3409104,669232416.3409104,0.0,1998.0
2025-12-23 09:00:00,FLAT,669232416.3409104,669232416.3409104,0.0,2001.6
2025-12-23 09:15:00,FLAT,669232416.3409104,669232416.3409104,0.0,2008.2
2025-12-23 09:30:00,FLAT,669232416.3409104,669232416.3409104,0.0,2009.0
2025-12-23 09:45:00,FLAT,669232416.3409104,669232416.3409104,0.0,2009.4
2025-12-23 10:00:00,FLAT,669232416.3409104,669232416.3409104,0.0,2004.6
2025-12-23 10:15:00,FLAT,669232416.3409104,669232416.3409104,0.0,2001.3
2025-12-23 10:30:00,FLAT,669232416.3409104,669232416.3409104,0.0,2003.4
2025-12-23 10:45:00,FLAT,669232416.3409104,669232416.3409104,0.0,2004.3
2025-12-23 11:00:00,FLAT,669232416.3409104,669232416.3409104,0.0,2008.0
2025-12-23 11:15:00,FLAT,669232416.3409104,669232416.3409104,0.0,2008.0
2025-12-23 13:00:00,FLAT,669232416.3409104,669232416.3409104,0.0,2017.8
2025-12-23 13:15:00,FLAT,669232416.3409104,669232416.3409104,0.0,2024.7
2025-12-23 13:30:00,FLAT,669232416.3409104,669232416.3409104,0.0,2021.5
2025-12-23 13:45:00,FLAT,669232416.3409104,669232416.3409104,0.0,2017.1
2025-12-23 14:00:00,FLAT,669232416.3409104,669232416.3409104,0.0,2015.1
2025-12-23 14:15:00,FLAT,669232416.3409104,669232416.3409104,0.0,2018.1
2025-12-23 14:30:00,FLAT,669232416.3409104,669232416.3409104,0.0,2017.0
2025-12-24 09:00:00,FLAT,669232416.3409104,669232416.3409104,0.0,2017.0
2025-12-24 09:15:00,FLAT,669232416.3409104,669232416.3409104,0.0,2007.5
2025-12-24 09:30:00,FLAT,669232416.3409104,669232416.3409104,0.0,2012.9
2025-12-24 09:45:00,FLAT,669232416.3409104,669232416.3409104,0.0,2017.5
2025-12-24 10:00:00,FLAT,669232416.3409104,669232416.3409104,0.0,2018.8
2025-12-24 10:15:00,FLAT,669232416.3409104,669232416.3409104,0.0,2021.6
2025-12-24 10:30:00,FLAT,669232416.3409104,669232416.3409104,0.0,2019.9
2025-12-24 10:45:00,FLAT,669232416.3409104,669232416.3409104,0.0,2017.8
2025-12-24 11:00:00,FLAT,669232416.3409104,669232416.3409104,0.0,2016.0
2025-12-24 11:15:00,FLAT,669232416.3409104,669232416.3409104,0.0,2018.1
2025-12-24 11:30:00,FLAT,669232416.3409104,669232416.3409104,0.0,2018.3
2025-12-24 13:00:00,FLAT,669232416.3409104,669232416.3409104,0.0,2013.8
2025-12-24 13:15:00,FLAT,669232416.3409104,669232416.3409104,0.0,2010.3
2025-12-24 13:30:00,FLAT,669232416.3409104,669232416.3409104,0.0,2009.0
2025-12-24 13:45:00,FLAT,669232416.3409104,669232416.3409104,0.0,2018.4
2025-12-24 14:00:00,FLAT,669232416.3409104,669232416.3409104,0.0,2019.6
2025-12-24 14:15:00,FLAT,669232416.3409104,669232416.3409104,0.0,2016.9
2025-12-24 14:30:00,FLAT,669232416.3409104,669232416.3409104,0.0,2017.9
2025-12-25 09:00:00,FLAT,669232416.3409104,669232416.3409104,0.0,2016.5
2025-12-25 09:15:00,FLAT,669232416.3409104,669232416.3409104,0.0,2032.4
2025-12-25 09:30:00,FLAT,669232416.3409104,669232416.3409104,0.0,2039.0
2025-12-25 09:45:00,FLAT,669232416.3409104,669232416.3409104,0.0,2038.4
2025-12-25 10:00:00,FLAT,669232416.3409104,669232416.3409104,0.0,2043.8
2025-12-25 10:15:00,FLAT,669232416.3409104,669232416.3409104,0.0,2039.8
2025-12-25 10:30:00,FLAT,669232416.3409104,669232416.3409104,0.0,2037.0
2025-12-25 10:45:00,FLAT,669232416.3409104,669232416.3409104,0.0,2039.7
2025-12-25 11:00:00,FLAT,669232416.3409104,669232416.3409104,0.0,2035.2
2025-12-25 11:15:00,FLAT,669232416.3409104,669232416.3409104,0.0,2036.9
2025-12-25 13:00:00,FLAT,669232416.3409104,669232416.3409104,0.0,2028.6
2025-12-25 13:15:00,FLAT,669232416.3409104,669232416.3409104,0.0,2024.9
2025-12-25 13:30:00,FLAT,669232416.3409104,669232416.3409104,0.0,2034.0
2025-12-25 13:45:00,FLAT,669232416.3409104,669232416.3409104,0.0,2030.6
2025-12-25 14:00:00,FLAT,669232416.3409104,669232416.3409104,0.0,2031.0
2025-12-25 14:15:00,FLAT,669232416.3409104,669232416.3409104,0.0,2022.9
2025-12-25 14:30:00,FLAT,669232416.3409104,669232416.3409104,0.0,2022.0
2025-12-26 09:00:00,FLAT,669232416.3409104,669232416.3409104,0.0,1938.8
2025-12-26 09:15:00,FLAT,669232416.3409104,669232416.3409104,0.0,1939.5
2025-12-26 09:30:00,FLAT,669232416.3409104,669232416.3409104,0.0,1941.5
2025-12-26 09:45:00,FLAT,669232416.3409104,669232416.3409104,0.0,1940.8
2025-12-26 10:00:00,FLAT,669232416.3409104,669232416.3409104,0.0,1933.2
2025-12-26 10:15:00,FLAT,669232416.3409104,669232416.3409104,0.0,1930.3
2025-12-26 10:30:00,FLAT,669232416.3409104,669232416.3409104,0.0,1935.5
2025-12-26 10:45:00,FLAT,669232416.3409104,669232416.3409104,0.0,1938.5
2025-12-26 11:00:00,FLAT,669232416.3409104,669232416.3409104,0.0,1939.0
2025-12-26 11:15:00,FLAT,669232416.3409104,669232416.3409104,0.0,1932.5
2025-12-26 11:30:00,FLAT,669232416.3409104,669232416.3409104,0.0,1932.6
2025-12-26 13:00:00,FLAT,669232416.3409104,669232416.3409104,0.0,1932.1
2025-12-26 13:15:00,FLAT,669232416.3409104,669232416.3409104,0.0,1946.7
2025-12-26 13:30:00,FLAT,669232416.3409104,669232416.3409104,0.0,1958.0
2025-12-26 13:45:00,FLAT,669232416.3409104,669232416.3409104,0.0,1960.3
2025-12-26 14:00:00,FLAT,669232416.3409104,669232416.3409104,0.0,1960.7
2025-12-26 14:15:00,FLAT,669232416.3409104,669232416.3409104,0.0,1971.5
2025-12-26 14:30:00,FLAT,669232416.3409104,669232416.3409104,0.0,1972.9
2025-12-29 09:00:00,FLAT,669232416.3409104,669232416.3409104,0.0,1965.2
2025-12-29 09:15:00,FLAT,669232416.3409104,669232416.3409104,0.0,1968.8
2025-12-29 09:30:00,FLAT,669232416.3409104,669232416.3409104,0.0,1978.4
2025-12-29 09:45:00,FLAT,669232416.3409104,669232416.3409104,0.0,1980.7
2025-12-29 10:00:00,FLAT,669232416.3409104,669232416.3409104,0.0,1980.0
2025-12-29 10:15:00,FLAT,669232416.3409104,669232416.3409104,0.0,1976.2
2025-12-29 10:30:00,FLAT,669232416.3409104,669232416.3409104,0.0,1975.0
2025-12-29 10:45:00,FLAT,669232416.3409104,669232416.3409104,0.0,1980.6
2025-12-29 11:00:00,FLAT,669232416.3409104,669232416.3409104,0.0,1984.1
2025-12-29 11:15:00,FLAT,669232416.3409104,669232416.3409104,0.0,1985.2
2025-12-29 13:00:00,FLAT,669232416.3409104,669232416.3409104,0.0,1983.7
2025-12-29 13:15:00,FLAT,669232416.3409104,669232416.3409104,0.0,1988.7
2025-12-29 13:30:00,FLAT,669232416.3409104,669232416.3409104,0.0,2000.4
2025-12-29 13:45:00,FLAT,669232416.3409104,669232416.3409104,0.0,2000.6
2025-12-29 14:00:00,FLAT,669232416.3409104,669232416.3409104,0.0,1995.6
2025-12-29 14:15:00,FLAT,669232416.3409104,669232416.3409104,0.0,1983.6
2025-12-29 14:30:00,FLAT,669232416.3409104,669232416.3409104,0.0,1984.2
2025-12-30 09:00:00,FLAT,669232416.3409104,669232416.3409104,0.0,1996.7
2025-12-30 09:15:00,FLAT,669232416.3409104,669232416.3409104,0.0,2002.8
2025-12-30 09:30:00,FLAT,669232416.3409104,669232416.3409104,0.0,2001.0
2025-12-30 09:45:00,FLAT,669232416.3409104,669232416.3409104,0.0,2003.0
2025-12-30 10:00:00,FLAT,669232416.3409104,669232416.3409104,0.0,1993.3
2025-12-30 10:15:00,FLAT,669232416.3409104,669232416.3409104,0.0,1992.5
2025-12-30 10:30:00,FLAT,669232416.3409104,669232416.3409104,0.0,1991.5
2025-12-30 10:45:00,FLAT,669232416.3409104,669232416.3409104,0.0,1989.0
2025-12-30 11:00:00,FLAT,669232416.3409104,669232416.3409104,0.0,1992.1
2025-12-30 11:15:00,FLAT,669232416.3409104,669232416.3409104,0.0,1988.0
2025-12-30 11:30:00,FLAT,669232416.3409104,669232416.3409104,0.0,1988.1
2025-12-30 13:00:00,FLAT,669232416.3409104,669232416.3409104,0.0,1993.9
2025-12-30 13:15:00,FLAT,669232416.3409104,669232416.3409104,0.0,1993.5
2025-12-30 13:30:00,FLAT,669232416.3409104,669232416.3409104,0.0,2001.9
2025-12-30 13:45:00,FLAT,669232416.3409104,669232416.3409104,0.0,1998.9
2025-12-30 14:00:00,FLAT,669232416.3409104,669232416.3409104,0.0,2001.8
2025-12-30 14:15:00,FLAT,669232416.3409104,669232416.3409104,0.0,2005.1
2025-12-30 14:30:00,LONG,670131516.3409104,668931516.3409104,1200000.0000000454,2007.2
2025-12-31 09:00:00,LONG,678531516.3409103,668931516.3409104,9599999.999999909,2015.6
2025-12-31 09:15:00,LONG,682331516.3409106,668931516.3409104,13400000.000000091,2019.4
2025-12-31 09:30:00,LONG,685331516.3409106,668931516.3409104,16400000.000000091,2022.4
2025-12-31 09:45:00,LONG,681831516.3409106,668931516.3409104,12900000.000000091,2018.9
2025-12-31 10:00:00,LONG,679931516.3409104,668931516.3409104,11000000.0,2017.0
2025-12-31 10:15:00,LONG,681331516.3409106,668931516.3409104,12400000.000000091,2018.4
2025-12-31 10:30:00,LONG,681931516.3409104,668931516.3409104,13000000.0,2019.0
2025-12-31 10:45:00,LONG,681431516.3409104,668931516.3409104,12500000.0,2018.5
2025-12-31 11:00:00,LONG,685331516.3409106,668931516.3409104,16400000.000000091,2022.4
2025-12-31 11:15:00,LONG,687931516.3409104,668931516.3409104,19000000.0,2025.0
2025-12-31 13:00:00,LONG,692931516.3409104,668931516.3409104,24000000.0,2030.0
2025-12-31 13:15:00,LONG,694931516.3409104,668931516.3409104,26000000.0,2032.0
2025-12-31 13:30:00,LONG,691731516.3409104,668931516.3409104,22799999.999999955,2028.8
2025-12-31 13:45:00,LONG,693331516.3409106,668931516.3409104,24400000.00000009,2030.4
2025-12-31 14:00:00,LONG,692331516.3409106,668931516.3409104,23400000.00000009,2029.4
2025-12-31 14:15:00,LONG,696731516.3409104,668931516.3409104,27799999.999999955,2033.8
2025-12-31 14:30:00,LONG,697931516.3409104,668931516.3409104,29000000.0,2035.0
2025-12-31 14:30:00,FLAT,697126341.3409104,697126341.3409104,0.0,2035.0
