datetime,position,cash,equity,unrealized_pnl,realized_pnl,close_price
2025-10-01 09:00:00,FLAT,500000000.0,500000000.0,0.0,0.0,1859.1
2025-10-01 09:15:00,FLAT,500000000.0,500000000.0,0.0,0.0,1854.6
2025-10-01 09:30:00,FLAT,500000000.0,500000000.0,0.0,0.0,1859.5
2025-10-01 09:45:00,FLAT,500000000.0,500000000.0,0.0,0.0,1867.4
2025-10-01 10:00:00,FLAT,500000000.0,500000000.0,0.0,0.0,1864.6
2025-10-01 10:15:00,FLAT,500000000.0,500000000.0,0.0,0.0,1864.3
2025-10-01 10:30:00,FLAT,500000000.0,500000000.0,0.0,0.0,1864.0
2025-10-01 10:45:00,FLAT,500000000.0,500000000.0,0.0,0.0,1866.0
2025-10-01 11:00:00,FLAT,500000000.0,500000000.0,0.0,0.0,1866.6
2025-10-01 11:15:00,FLAT,500000000.0,500000000.0,0.0,0.0,1866.8
2025-10-01 13:00:00,FLAT,500000000.0,500000000.0,0.0,0.0,1868.5
2025-10-01 13:15:00,FLAT,500000000.0,500000000.0,0.0,0.0,1866.4
2025-10-01 13:30:00,FLAT,500000000.0,500000000.0,0.0,0.0,1868.2
2025-10-01 13:45:00,FLAT,500000000.0,500000000.0,0.0,0.0,1866.5
2025-10-01 14:00:00,FLAT,500000000.0,500000000.0,0.0,0.0,1869.1
2025-10-01 14:15:00,FLAT,500000000.0,500000000.0,0.0,0.0,1865.7
2025-10-01 14:30:00,FLAT,500000000.0,500000000.0,0.0,0.0,1865.4
2025-10-02 09:00:00,FLAT,500000000.0,500000000.0,0.0,0.0,1868.9
2025-10-02 09:15:00,FLAT,500000000.0,500000000.0,0.0,0.0,1871.6
2025-10-02 09:30:00,FLAT,500000000.0,500000000.0,0.0,0.0,1877.4
2025-10-02 09:45:00,FLAT,500000000.0,500000000.0,0.0,0.0,1877.0
2025-10-02 10:00:00,FLAT,500000000.0,500000000.0,0.0,0.0,1877.5
2025-10-02 10:15:00,FLAT,500000000.0,500000000.0,0.0,0.0,1877.1
2025-10-02 10:30:00,FLAT,500000000.0,500000000.0,0.0,0.0,1876.3
2025-10-02 10:45:00,FLAT,500000000.0,500000000.0,0.0,0.0,1875.6
2025-10-02 11:00:00,FLAT,500000000.0,500000000.0,0.0,0.0,1872.5
2025-10-02 11:15:00,FLAT,500000000.0,500000000.0,0.0,0.0,1873.0
2025-10-02 13:00:00,FLAT,500000000.0,500000000.0,0.0,0.0,1873.2
2025-10-02 13:15:00,FLAT,500000000.0,500000000.0,0.0,0.0,1874.2
2025-10-02 13:30:00,FLAT,500000000.0,500000000.0,0.0,0.0,1873.4
2025-10-02 13:45:00,FLAT,500000000.0,500000000.0,0.0,0.0,1872.0
2025-10-02 14:00:00,FLAT,500000000.0,500000000.0,0.0,0.0,1866.5
2025-10-02 14:15:00,FLAT,500000000.0,500000000.0,0.0,0.0,1853.7
2025-10-02 14:30:00,FLAT,500000000.0,500000000.0,0.0,0.0,1852.0
2025-10-03 09:00:00,FLAT,500000000.0,500000000.0,0.0,0.0,1853.0
2025-10-03 09:15:00,FLAT,500000000.0,500000000.0,0.0,0.0,1853.8
2025-10-03 09:30:00,FLAT,500000000.0,500000000.0,0.0,0.0,1848.2
2025-10-03 09:45:00,FLAT,495245000.0000002,495245000.0000002,0.0,0.0,1851.0
2025-10-03 10:00:00,FLAT,495245000.0000002,495245000.0000002,0.0,0.0,1848.0
2025-10-03 10:15:00,FLAT,490454485.8451109,490454485.8451109,0.0,0.0,1851.5
2025-10-03 10:30:00,FLAT,490454485.8451109,490454485.8451109,0.0,0.0,1848.9
2025-10-03 10:45:00,FLAT,490454485.8451109,490454485.8451109,0.0,0.0,1848.5
2025-10-03 11:00:00,FLAT,490454485.8451109,490454485.8451109,0.0,0.0,1846.7
2025-10-03 11:15:00,FLAT,485638426.18404824,485638426.18404824,0.0,0.0,1852.5
2025-10-03 13:00:00,FLAT,485638426.18404824,485638426.18404824,0.0,0.0,1854.3
2025-10-03 13:15:00,FLAT,485638426.18404824,485638426.18404824,0.0,0.0,1859.0
2025-10-03 13:30:00,FLAT,485638426.18404824,485638426.18404824,0.0,0.0,1865.0
2025-10-03 13:45:00,FLAT,485638426.18404824,485638426.18404824,0.0,0.0,1866.8
2025-10-03 14:00:00,FLAT,485638426.18404824,485638426.18404824,0.0,0.0,1856.3
2025-10-03 14:15:00,FLAT,485638426.18404824,485638426.18404824,0.0,0.0,1859.1
2025-10-03 14:30:00,FLAT,485638426.18404824,485638426.18404824,0.0,0.0,1863.0
2025-10-06 09:00:00,FLAT,485638426.18404824,485638426.18404824,0.0,0.0,1892.3
2025-10-06 09:15:00,FLAT,485638426.18404824,485638426.18404824,0.0,0.0,1886.0
2025-10-06 09:30:00,FLAT,485638426.18404824,485638426.18404824,0.0,0.0,1889.3
2025-10-06 09:45:00,FLAT,485638426.18404824,485638426.18404824,0.0,0.0,1886.5
2025-10-06 10:00:00,FLAT,485638426.18404824,485638426.18404824,0.0,0.0,1894.2
2025-10-06 10:15:00,FLAT,485638426.18404824,485638426.18404824,0.0,0.0,1902.5
2025-10-06 10:30:00,FLAT,485638426.18404824,485638426.18404824,0.0,0.0,1893.4
2025-10-06 10:45:00,FLAT,485638426.18404824,485638426.18404824,0.0,0.0,1887.7
2025-10-06 11:00:00,FLAT,485638426.18404824,485638426.18404824,0.0,0.0,1891.7
2025-10-06 11:15:00,FLAT,485638426.18404824,485638426.18404824,0.0,0.0,1891.9
2025-10-06 13:00:00,FLAT,485638426.18404824,485638426.18404824,0.0,0.0,1893.4
2025-10-06 13:15:00,FLAT,485638426.18404824,485638426.18404824,0.0,0.0,1892.5
2025-10-06 13:30:00,FLAT,485638426.18404824,485638426.18404824,0.0,0.0,1894.0
2025-10-06 13:45:00,FLAT,485638426.18404824,485638426.18404824,0.0,0.0,1895.2
2025-10-06 14:00:00,FLAT,485638426.18404824,485638426.18404824,0.0,0.0,1904.0
2025-10-06 14:15:00,FLAT,485638426.18404824,485638426.18404824,0.0,0.0,1916.2
2025-10-06 14:30:00,FLAT,485638426.18404824,485638426.18404824,0.0,0.0,1919.0
2025-10-07 09:00:00,FLAT,485638426.18404824,485638426.18404824,0.0,0.0,1921.0
2025-10-07 09:15:00,FLAT,485638426.18404824,485638426.18404824,0.0,0.0,1920.8
2025-10-07 09:30:00,FLAT,485638426.18404824,485638426.18404824,0.0,0.0,1916.4
2025-10-07 09:45:00,FLAT,485638426.18404824,485638426.18404824,0.0,0.0,1918.5
2025-10-07 10:00:00,FLAT,485638426.18404824,485638426.18404824,0.0,0.0,1917.1
2025-10-07 10:15:00,FLAT,485638426.18404824,485638426.18404824,0.0,0.0,1921.4
2025-10-07 10:30:00,FLAT,485638426.18404824,485638426.18404824,0.0,0.0,1919.1
2025-10-07 10:45:00,FLAT,485638426.18404824,485638426.18404824,0.0,0.0,1917.1
2025-10-07 11:00:00,FLAT,485638426.18404824,485638426.18404824,0.0,0.0,1918.4
2025-10-07 11:15:00,FLAT,485638426.18404824,485638426.18404824,0.0,0.0,1920.7
2025-10-07 13:00:00,FLAT,485638426.18404824,485638426.18404824,0.0,0.0,1918.4
2025-10-07 13:15:00,FLAT,485638426.18404824,485638426.18404824,0.0,0.0,1916.3
2025-10-07 13:30:00,FLAT,485638426.18404824,485638426.18404824,0.0,0.0,1915.2
2025-10-07 13:45:00,FLAT,485638426.18404824,485638426.18404824,0.0,0.0,1913.5
2025-10-07 14:00:00,FLAT,485638426.18404824,485638426.18404824,0.0,0.0,1913.7
2025-10-07 14:15:00,FLAT,485638426.18404824,485638426.18404824,0.0,0.0,1910.9
2025-10-07 14:30:00,FLAT,485638426.18404824,485638426.18404824,0.0,0.0,1911.4
2025-10-08 09:00:00,FLAT,485638426.18404824,485638426.18404824,0.0,0.0,1916.5
2025-10-08 09:15:00,FLAT,485638426.18404824,485638426.18404824,0.0,0.0,1919.1
2025-10-08 09:30:00,FLAT,485638426.18404824,485638426.18404824,0.0,0.0,1922.4
2025-10-08 09:45:00,FLAT,485638426.18404824,485638426.18404824,0.0,0.0,1917.6
2025-10-08 10:00:00,FLAT,485638426.18404824,485638426.18404824,0.0,0.0,1918.2
2025-10-08 10:15:00,FLAT,485638426.18404824,485638426.18404824,0.0,0.0,1920.7
2025-10-08 10:30:00,FLAT,485638426.18404824,485638426.18404824,0.0,0.0,1919.2
2025-10-08 10:45:00,FLAT,485638426.18404824,485638426.18404824,0.0,0.0,1918.3
2025-10-08 11:00:00,FLAT,485638426.18404824,485638426.18404824,0.0,0.0,1915.0
2025-10-08 11:15:00,FLAT,485638426.18404824,485638426.18404824,0.0,0.0,1909.1
2025-10-08 13:00:00,FLAT,485638426.18404824,485638426.18404824,0.0,0.0,1912.6
2025-10-08 13:15:00,FLAT,485638426.18404824,485638426.18404824,0.0,0.0,1920.5
2025-10-08 13:30:00,FLAT,485638426.18404824,485638426.18404824,0.0,0.0,1921.2
2025-10-08 13:45:00,LONG,485350467.23782164,487024159.0606435,1673691.8228218656,0.0,1921.4
2025-10-08 14:00:00,LONG,485350467.23782164,490324159.06064343,4973691.82282182,0.0,1924.7
2025-10-08 14:15:00,FLAT,484236324.0606435,484236324.0606435,0.0,0.0,1919.4
2025-10-08 14:30:00,FLAT,484236324.0606435,484236324.0606435,0.0,0.0,1918.0
2025-10-09 09:00:00,FLAT,484236324.0606435,484236324.0606435,0.0,0.0,1918.0
2025-10-09 09:15:00,FLAT,484236324.0606435,484236324.0606435,0.0,0.0,1920.9
2025-10-09 09:30:00,FLAT,484236324.0606435,484236324.0606435,0.0,0.0,1929.3
2025-10-09 09:45:00,FLAT,484236324.0606435,484236324.0606435,0.0,0.0,1932.8
2025-10-09 10:00:00,FLAT,484236324.0606435,484236324.0606435,0.0,0.0,1935.4
2025-10-09 10:15:00,FLAT,484236324.0606435,484236324.0606435,0.0,0.0,1932.3
2025-10-09 10:30:00,FLAT,484236324.0606435,484236324.0606435,0.0,0.0,1933.3
2025-10-09 10:45:00,FLAT,484236324.0606435,484236324.0606435,0.0,0.0,1928.8
2025-10-09 11:00:00,LONG,483947302.9577804,485839950.53726876,1892647.5794883117,0.0,1928.7
2025-10-09 11:15:00,LONG,483947302.9577804,488639950.5372687,4692647.579488266,0.0,1931.5
2025-10-09 13:00:00,LONG,483947302.9577804,493339950.53726876,9392647.579488311,0.0,1936.2
2025-10-09 13:15:00,LONG,483947302.9577804,488039950.53726876,4092647.579488357,0.0,1930.9
2025-10-09 13:30:00,LONG,483947302.9577804,483639950.5372687,-307352.42051173374,0.0,1926.5
2025-10-09 13:45:00,LONG,483947302.9577804,489339950.53726876,5392647.579488312,0.0,1932.2
2025-10-09 14:00:00,LONG,483947302.9577804,490339950.53726876,6392647.579488312,0.0,1933.2
2025-10-09 14:15:00,FLAT,488950135.5372686,488950135.5372686,0.0,0.0,1932.6
2025-10-09 14:30:00,FLAT,488950135.5372686,488950135.5372686,0.0,0.0,1935.0
2025-10-10 09:00:00,FLAT,488950135.5372686,488950135.5372686,0.0,0.0,1937.9
2025-10-10 09:15:00,FLAT,488950135.5372686,488950135.5372686,0.0,0.0,1938.9
2025-10-10 09:30:00,FLAT,488950135.5372686,488950135.5372686,0.0,0.0,1938.5
2025-10-10 09:45:00,FLAT,488950135.5372686,488950135.5372686,0.0,0.0,1940.5
2025-10-10 10:00:00,FLAT,488950135.5372686,488950135.5372686,0.0,0.0,1945.6
2025-10-10 10:15:00,FLAT,488950135.5372686,488950135.5372686,0.0,0.0,1944.7
2025-10-10 10:30:00,FLAT,488950135.5372686,488950135.5372686,0.0,0.0,1944.8
2025-10-10 10:45:00,FLAT,488950135.5372686,488950135.5372686,0.0,0.0,1948.4
2025-10-10 11:00:00,LONG,488658158.17703557,489842423.29035825,1184265.1133226808,0.0,1947.7
2025-10-10 11:15:00,LONG,488658158.17703557,491742423.2903581,3084265.1133225444,0.0,1949.6
2025-10-10 13:00:00,LONG,488658158.17703557,495042423.2903583,6384265.113322726,0.0,1952.9
2025-10-10 13:15:00,LONG,488658158.17703557,497042423.2903583,8384265.113322726,0.0,1954.9
2025-10-10 13:30:00,LONG,488658158.17703557,499142423.2903582,10484265.113322636,0.0,1957.0
2025-10-10 13:45:00,LONG,488658158.17703557,505942423.2903582,17284265.11332259,0.0,1963.8
2025-10-10 14:00:00,LONG,488658158.17703557,498042423.2903583,9384265.113322726,0.0,1955.9
2025-10-10 14:15:00,FLAT,508825252.3738174,508825252.3738174,0.0,0.0,1971.2
2025-10-10 14:30:00,FLAT,508825252.3738174,508825252.3738174,0.0,0.0,1968.0
2025-10-13 09:00:00,FLAT,508825252.3738174,508825252.3738174,0.0,0.0,1965.0
2025-10-13 09:15:00,FLAT,508825252.3738174,508825252.3738174,0.0,0.0,1977.5
2025-10-13 09:30:00,LONG,508529378.9568389,509639932.4336124,1110553.4767734753,0.0,1973.6
2025-10-13 09:45:00,LONG,508529378.9568389,510839932.4336124,2310553.476773521,0.0,1974.8
2025-10-13 10:00:00,LONG,508529378.9568389,512739932.4336125,4210553.476773611,0.0,1976.7
2025-10-13 10:15:00,LONG,508529378.9568389,516039932.43361247,7510553.476773567,0.0,1980.0
2025-10-13 10:30:00,LONG,508529378.9568389,514439932.4336126,5910553.476773657,0.0,1978.4
2025-10-13 10:45:00,LONG,508529378.9568389,514239932.4336125,5710553.476773611,0.0,1978.2
2025-10-13 11:00:00,LONG,508529378.9568389,516039932.43361247,7510553.476773567,0.0,1980.0
2025-10-13 11:15:00,LONG,508529378.9568389,521039932.43361247,12510553.476773566,0.0,1985.0
2025-10-13 13:00:00,LONG,508529378.9568389,523939932.4336126,15410553.476773657,0.0,1987.9
2025-10-13 13:15:00,LONG,508529378.9568389,521139932.4336124,12610553.476773474,0.0,1985.1
2025-10-13 13:30:00,LONG,508529378.9568389,519639932.4336124,11110553.476773474,0.0,1983.6
2025-10-13 13:45:00,LONG,508529378.9568389,524439932.4336126,15910553.476773657,0.0,1988.4
2025-10-13 14:00:00,FLAT,531478758.48449373,531478758.48449373,0.0,0.0,1991.5
2025-10-13 14:15:00,FLAT,531478758.48449373,531478758.48449373,0.0,0.0,2015.5
2025-10-13 14:30:00,FLAT,531478758.48449373,531478758.48449373,0.0,0.0,2018.2
2025-10-14 09:00:00,FLAT,531478758.48449373,531478758.48449373,0.0,0.0,2023.1
2025-10-14 09:15:00,FLAT,531478758.48449373,531478758.48449373,0.0,0.0,2032.2
2025-10-14 09:30:00,FLAT,531478758.48449373,531478758.48449373,0.0,0.0,2031.8
2025-10-14 09:45:00,LONG,531204519.0485684,532821612.87975764,1617093.8311892315,0.0,2033.2
2025-10-14 10:00:00,FLAT,525618170.37975764,525618170.37975764,0.0,0.0,2027.5
2025-10-14 10:15:00,FLAT,525618170.37975764,525618170.37975764,0.0,0.0,2027.3
2025-10-14 10:30:00,FLAT,525618170.37975764,525618170.37975764,0.0,0.0,2033.0
2025-10-14 10:45:00,FLAT,525618170.37975764,525618170.37975764,0.0,0.0,2034.1
2025-10-14 11:00:00,FLAT,525618170.37975764,525618170.37975764,0.0,0.0,2037.5
2025-10-14 11:15:00,FLAT,525618170.37975764,525618170.37975764,0.0,0.0,2035.2
2025-10-14 13:00:00,FLAT,525618170.37975764,525618170.37975764,0.0,0.0,2028.7
2025-10-14 13:15:00,FLAT,525618170.37975764,525618170.37975764,0.0,0.0,2026.4
2025-10-14 13:30:00,FLAT,525618170.37975764,525618170.37975764,0.0,0.0,2022.3
2025-10-14 13:45:00,SHORT,525345088.76062787,528429216.2925835,3084127.5319556417,0.0,2019.4
2025-10-14 14:00:00,SHORT,525345088.76062787,533739216.2925836,8394127.531955723,0.0,2013.5
2025-10-14 14:15:00,FLAT,536167798.7925836,536167798.7925836,0.0,0.0,2010.0
2025-10-14 14:30:00,FLAT,536167798.7925836,536167798.7925836,0.0,0.0,2019.0
2025-10-15 09:00:00,FLAT,536167798.7925836,536167798.7925836,0.0,0.0,2017.3
2025-10-15 09:15:00,FLAT,536167798.7925836,536167798.7925836,0.0,0.0,2021.4
2025-10-15 09:30:00,FLAT,536167798.7925836,536167798.7925836,0.0,0.0,2024.1
2025-10-15 09:45:00,FLAT,536167798.7925836,536167798.7925836,0.0,0.0,2028.8
2025-10-15 10:00:00,FLAT,536167798.7925836,536167798.7925836,0.0,0.0,2029.7
2025-10-15 10:15:00,LONG,535894184.13772684,535196485.0926255,-697699.0451013534,0.0,2026.0
2025-10-15 10:30:00,LONG,535894184.13772684,536456485.09262556,562300.9548987284,0.0,2027.4
2025-10-15 10:45:00,LONG,535894184.13772684,536006485.09262556,112300.95489872838,0.0,2026.9
2025-10-15 11:00:00,LONG,535894184.13772684,531956485.09262556,-3937699.0451012715,0.0,2022.4
2025-10-15 11:15:00,FLAT,529973717.5926255,529973717.5926255,0.0,0.0,2017.8
2025-10-15 13:00:00,FLAT,529973717.5926255,529973717.5926255,0.0,0.0,2021.0
2025-10-15 13:15:00,FLAT,529973717.5926255,529973717.5926255,0.0,0.0,2022.0
2025-10-15 13:30:00,FLAT,529973717.5926255,529973717.5926255,0.0,0.0,2015.7
2025-10-15 13:45:00,FLAT,529973717.5926255,529973717.5926255,0.0,0.0,2018.8
2025-10-15 14:00:00,FLAT,529973717.5926255,529973717.5926255,0.0,0.0,2025.4
2025-10-15 14:15:00,FLAT,529973717.5926255,529973717.5926255,0.0,0.0,2018.0
2025-10-15 14:30:00,FLAT,529973717.5926255,529973717.5926255,0.0,0.0,2022.1
2025-10-16 09:00:00,FLAT,529973717.5926255,529973717.5926255,0.0,0.0,2020.6
2025-10-16 09:15:00,FLAT,529973717.5926255,529973717.5926255,0.0,0.0,2019.6
2025-10-16 09:30:00,FLAT,529973717.5926255,529973717.5926255,0.0,0.0,2019.3
2025-10-16 09:45:00,FLAT,529973717.5926255,529973717.5926255,0.0,0.0,2019.6
2025-10-16 10:00:00,FLAT,529973717.5926255,529973717.5926255,0.0,0.0,2017.6
2025-10-16 10:15:00,FLAT,529973717.5926255,529973717.5926255,0.0,0.0,2013.4
2025-10-16 10:30:00,FLAT,529973717.5926255,529973717.5926255,0.0,0.0,2019.0
2025-10-16 10:45:00,FLAT,529973717.5926255,529973717.5926255,0.0,0.0,2018.0
2025-10-16 11:00:00,FLAT,529973717.5926255,529973717.5926255,0.0,0.0,2018.0
2025-10-16 11:15:00,FLAT,529973717.5926255,529973717.5926255,0.0,0.0,2020.7
2025-10-16 13:00:00,FLAT,529973717.5926255,529973717.5926255,0.0,0.0,2023.3
2025-10-16 13:15:00,FLAT,529973717.5926255,529973717.5926255,0.0,0.0,2020.6
2025-10-16 13:30:00,FLAT,529973717.5926255,529973717.5926255,0.0,0.0,2018.2
2025-10-16 13:45:00,FLAT,529973717.5926255,529973717.5926255,0.0,0.0,2013.2
2025-10-16 14:00:00,SHORT,529671416.26933247,531213571.55636865,1542155.2870361665,0.0,2013.8
2025-10-16 14:15:00,FLAT,530711471.5563686,530711471.5563686,0.0,0.0,2013.5
2025-10-16 14:30:00,FLAT,530711471.5563686,530711471.5563686,0.0,0.0,2012.7
2025-10-17 09:00:00,FLAT,530711471.5563686,530711471.5563686,0.0,0.0,2013.5
2025-10-17 09:15:00,FLAT,530711471.5563686,530711471.5563686,0.0,0.0,2014.0
2025-10-17 09:30:00,FLAT,530711471.5563686,530711471.5563686,0.0,0.0,2006.4
2025-10-17 09:45:00,SHORT,530410266.80658257,530941932.04658616,531665.2400035764,0.0,2007.5
2025-10-17 10:00:00,SHORT,530410266.80658257,528341932.0465862,-2068334.7599963327,0.0,2010.1
2025-10-17 10:15:00,SHORT,530410266.80658257,531941932.04658616,1531665.2400035765,0.0,2006.5
2025-10-17 10:30:00,SHORT,530410266.80658257,528941932.04658616,-1468334.7599964235,0.0,2009.5
2025-10-17 10:45:00,SHORT,530410266.80658257,530341932.0465862,-68334.75999633265,0.0,2008.1
2025-10-17 11:00:00,SHORT,530410266.80658257,531541932.04658604,1131665.2400034855,0.0,2006.9
2025-10-17 11:15:00,SHORT,530410266.80658257,529941932.04658616,-468334.7599964236,0.0,2008.5
2025-10-17 13:00:00,SHORT,530410266.80658257,535741932.0465861,5331665.240003531,0.0,2002.7
2025-10-17 13:15:00,SHORT,530410266.80658257,538741932.0465862,8331665.240003531,0.0,1999.7
2025-10-17 13:30:00,SHORT,530410266.80658257,539841932.0465863,9431665.240003668,0.0,1998.6
2025-10-17 13:45:00,FLAT,552287157.1063908,552287157.1063908,0.0,0.0,1982.3
2025-10-17 14:00:00,FLAT,552287157.1063908,552287157.1063908,0.0,0.0,1975.1
2025-10-17 14:15:00,FLAT,552287157.1063908,552287157.1063908,0.0,0.0,1969.2
2025-10-17 14:30:00,FLAT,552287157.1063908,552287157.1063908,0.0,0.0,1967.7
2025-10-20 09:00:00,FLAT,552287157.1063908,552287157.1063908,0.0,0.0,1959.9
2025-10-20 09:15:00,FLAT,552287157.1063908,552287157.1063908,0.0,0.0,1959.0
2025-10-20 09:30:00,FLAT,552287157.1063908,552287157.1063908,0.0,0.0,1957.5
2025-10-20 09:45:00,FLAT,552287157.1063908,552287157.1063908,0.0,0.0,1954.8
2025-10-20 10:00:00,FLAT,552287157.1063908,552287157.1063908,0.0,0.0,1957.9
2025-10-20 10:15:00,FLAT,552287157.1063908,552287157.1063908,0.0,0.0,1954.4
2025-10-20 10:30:00,FLAT,552287157.1063908,552287157.1063908,0.0,0.0,1958.0
2025-10-20 10:45:00,FLAT,552287157.1063908,552287157.1063908,0.0,0.0,1960.8
2025-10-20 11:00:00,FLAT,552287157.1063908,552287157.1063908,0.0,0.0,1960.1
2025-10-20 11:15:00,FLAT,552287157.1063908,552287157.1063908,0.0,0.0,1952.4
2025-10-20 13:00:00,FLAT,552287157.1063908,552287157.1063908,0.0,0.0,1946.4
2025-10-20 13:15:00,FLAT,552287157.1063908,552287157.1063908,0.0,0.0,1946.3
2025-10-20 13:30:00,FLAT,552287157.1063908,552287157.1063908,0.0,0.0,1949.1
2025-10-20 13:45:00,FLAT,552287157.1063908,552287157.1063908,0.0,0.0,1944.5
2025-10-20 14:00:00,FLAT,552287157.1063908,552287157.1063908,0.0,0.0,1931.2
2025-10-20 14:15:00,FLAT,552287157.1063908,552287157.1063908,0.0,0.0,1870.0
2025-10-20 14:30:00,FLAT,552287157.1063908,552287157.1063908,0.0,0.0,1862.7
2025-10-21 09:00:00,FLAT,552287157.1063908,552287157.1063908,0.0,0.0,1885.7
2025-10-21 09:15:00,FLAT,552287157.1063908,552287157.1063908,0.0,0.0,1884.7
2025-10-21 09:30:00,FLAT,552287157.1063908,552287157.1063908,0.0,0.0,1906.9
2025-10-21 09:45:00,FLAT,552287157.1063908,552287157.1063908,0.0,0.0,1901.3
2025-10-21 10:00:00,LONG,552088164.6836003,552882012.7463866,793848.0627863555,0.0,1896.3
2025-10-21 10:15:00,LONG,552088164.6836003,550362012.7463868,-1726151.9372135808,0.0,1892.7
2025-10-21 10:30:00,FLAT,546033898.7463866,546033898.7463866,0.0,0.0,1883.0
2025-10-21 10:45:00,FLAT,546033898.7463866,546033898.7463866,0.0,0.0,1874.4
2025-10-21 11:00:00,FLAT,546033898.7463866,546033898.7463866,0.0,0.0,1873.3
2025-10-21 11:15:00,FLAT,546033898.7463866,546033898.7463866,0.0,0.0,1873.0
2025-10-21 13:00:00,FLAT,546033898.7463866,546033898.7463866,0.0,0.0,1883.9
2025-10-21 13:15:00,FLAT,546033898.7463866,546033898.7463866,0.0,0.0,1899.1
2025-10-21 13:30:00,LONG,545863328.1578469,554966071.2262019,9102743.068354947,0.0,1910.4
2025-10-21 13:45:00,LONG,545863328.1578469,551846071.2262019,5982743.068354921,0.0,1905.2
2025-10-21 14:00:00,LONG,545863328.1578469,561446071.2262019,15582743.068354921,0.0,1921.2
2025-10-21 14:15:00,FLAT,554374198.2262019,554374198.2262019,0.0,0.0,1910.2
2025-10-21 14:30:00,FLAT,554374198.2262019,554374198.2262019,0.0,0.0,1905.1
2025-10-22 09:00:00,FLAT,554374198.2262019,554374198.2262019,0.0,0.0,1913.5
2025-10-22 09:15:00,FLAT,554374198.2262019,554374198.2262019,0.0,0.0,1911.3
2025-10-22 09:30:00,FLAT,554374198.2262019,554374198.2262019,0.0,0.0,1905.8
2025-10-22 09:45:00,FLAT,554374198.2262019,554374198.2262019,0.0,0.0,1901.1
2025-10-22 10:00:00,FLAT,554374198.2262019,554374198.2262019,0.0,0.0,1897.3
2025-10-22 10:15:00,FLAT,554374198.2262019,554374198.2262019,0.0,0.0,1887.1
2025-10-22 10:30:00,SHORT,554203600.1100653,554404374.3539987,200774.24393334694,0.0,1895.2
2025-10-22 10:45:00,SHORT,554203600.1100653,560644374.3539988,6440774.243933401,0.0,1884.8
2025-10-22 11:00:00,SHORT,554203600.1100653,558724374.3539987,4520774.243933374,0.0,1888.0
2025-10-22 11:15:00,SHORT,554203600.1100653,553264374.3539988,-939225.7560665712,0.0,1897.1
2025-10-22 13:00:00,SHORT,554203600.1100653,553444374.3539988,-759225.7560665985,0.0,1896.8
2025-10-22 13:15:00,SHORT,554203600.1100653,558424374.3539987,4220774.243933374,0.0,1888.5
2025-10-22 13:30:00,SHORT,554203600.1100653,564364374.3539988,10160774.243933428,0.0,1878.6
2025-10-22 13:45:00,SHORT,554203600.1100653,565444374.3539988,11240774.243933402,0.0,1876.8
2025-10-22 14:00:00,SHORT,554203600.1100653,550564374.3539988,-3639225.756066571,0.0,1901.6
2025-10-22 14:15:00,FLAT,548232906.3539987,548232906.3539987,0.0,0.0,1922.0
2025-10-22 14:30:00,FLAT,548232906.3539987,548232906.3539987,0.0,0.0,1926.0
2025-10-23 09:00:00,FLAT,548232906.3539987,548232906.3539987,0.0,0.0,1929.3
2025-10-23 09:15:00,FLAT,548232906.3539987,548232906.3539987,0.0,0.0,1924.3
2025-10-23 09:30:00,FLAT,548232906.3539987,548232906.3539987,0.0,0.0,1917.0
2025-10-23 09:45:00,FLAT,548232906.3539987,548232906.3539987,0.0,0.0,1933.9
2025-10-23 10:00:00,FLAT,548232906.3539987,548232906.3539987,0.0,0.0,1929.5
2025-10-23 10:15:00,FLAT,548232906.3539987,548232906.3539987,0.0,0.0,1924.5
2025-10-23 10:30:00,FLAT,548232906.3539987,548232906.3539987,0.0,0.0,1929.9
2025-10-23 10:45:00,FLAT,548232906.3539987,548232906.3539987,0.0,0.0,1937.8
2025-10-23 11:00:00,FLAT,548232906.3539987,548232906.3539987,0.0,0.0,1944.5
2025-10-23 11:15:00,FLAT,548232906.3539987,548232906.3539987,0.0,0.0,1944.1
2025-10-23 13:00:00,FLAT,548232906.3539987,548232906.3539987,0.0,0.0,1943.8
2025-10-23 13:15:00,FLAT,548232906.3539987,548232906.3539987,0.0,0.0,1936.7
2025-10-23 13:30:00,FLAT,548232906.3539987,548232906.3539987,0.0,0.0,1939.3
2025-10-23 13:45:00,FLAT,548232906.3539987,548232906.3539987,0.0,0.0,1950.1
2025-10-23 14:00:00,FLAT,548232906.3539987,548232906.3539987,0.0,0.0,1952.7
2025-10-23 14:15:00,FLAT,548232906.3539987,548232906.3539987,0.0,0.0,1946.6
2025-10-23 14:30:00,FLAT,548232906.3539987,548232906.3539987,0.0,0.0,1948.0
2025-10-24 09:00:00,FLAT,548232906.3539987,548232906.3539987,0.0,0.0,1938.7
2025-10-24 09:15:00,FLAT,548232906.3539987,548232906.3539987,0.0,0.0,1935.9
2025-10-24 09:30:00,FLAT,548232906.3539987,548232906.3539987,0.0,0.0,1937.7
2025-10-24 09:45:00,FLAT,548232906.3539987,548232906.3539987,0.0,0.0,1943.2
2025-10-24 10:00:00,FLAT,548232906.3539987,548232906.3539987,0.0,0.0,1937.6
2025-10-24 10:15:00,FLAT,548232906.3539987,548232906.3539987,0.0,0.0,1934.0
2025-10-24 10:30:00,FLAT,548232906.3539987,548232906.3539987,0.0,0.0,1932.9
2025-10-24 10:45:00,FLAT,548232906.3539987,548232906.3539987,0.0,0.0,1913.9
2025-10-24 11:00:00,FLAT,548232906.3539987,548232906.3539987,0.0,0.0,1919.8
2025-10-24 11:15:00,FLAT,548232906.3539987,548232906.3539987,0.0,0.0,1930.0
2025-10-24 13:00:00,FLAT,548232906.3539987,548232906.3539987,0.0,0.0,1930.0
2025-10-24 13:15:00,FLAT,548232906.3539987,548232906.3539987,0.0,0.0,1936.8
2025-10-24 13:30:00,FLAT,548232906.3539987,548232906.3539987,0.0,0.0,1947.6
2025-10-24 13:45:00,LONG,548058284.2055361,550130627.7887866,2072343.5832504947,0.0,1943.7
2025-10-24 14:00:00,LONG,548058284.2055361,548630627.7887866,572343.5832504947,0.0,1941.2
2025-10-24 14:15:00,FLAT,549235802.7887866,549235802.7887866,0.0,0.0,1943.0
2025-10-24 14:30:00,FLAT,549235802.7887866,549235802.7887866,0.0,0.0,1944.0
2025-10-27 09:00:00,FLAT,549235802.7887866,549235802.7887866,0.0,0.0,1955.2
2025-10-27 09:15:00,FLAT,549235802.7887866,549235802.7887866,0.0,0.0,1947.0
2025-10-27 09:30:00,FLAT,549235802.7887866,549235802.7887866,0.0,0.0,1943.0
2025-10-27 09:45:00,FLAT,549235802.7887866,549235802.7887866,0.0,0.0,1939.1
2025-10-27 10:00:00,FLAT,549235802.7887866,549235802.7887866,0.0,0.0,1935.3
2025-10-27 10:15:00,FLAT,549235802.7887866,549235802.7887866,0.0,0.0,1928.6
2025-10-27 10:30:00,FLAT,549235802.7887866,549235802.7887866,0.0,0.0,1917.6
2025-10-27 10:45:00,FLAT,549235802.7887866,549235802.7887866,0.0,0.0,1918.5
2025-10-27 11:00:00,FLAT,549235802.7887866,549235802.7887866,0.0,0.0,1923.5
2025-10-27 11:15:00,SHORT,549061318.8502133,551047576.0063465,1986257.156133206,0.0,1935.4
2025-10-27 13:00:00,SHORT,549061318.8502133,559207576.0063466,10146257.156133289,0.0,1921.8
2025-10-27 13:15:00,SHORT,549061318.8502133,560947576.0063465,11886257.156133207,0.0,1918.9
2025-10-27 13:30:00,SHORT,549061318.8502133,554287576.0063466,5226257.156133261,0.0,1930.0
2025-10-27 13:45:00,SHORT,549061318.8502133,551107576.0063466,2046257.156133288,0.0,1935.3
2025-10-27 14:00:00,SHORT,549061318.8502133,551527576.0063466,2466257.156133315,0.0,1934.6
2025-10-27 14:15:00,FLAT,567015811.0063466,567015811.0063466,0.0,0.0,1908.0
2025-10-27 14:30:00,FLAT,567015811.0063466,567015811.0063466,0.0,0.0,1914.2
2025-10-28 09:00:00,FLAT,567015811.0063466,567015811.0063466,0.0,0.0,1892.4
2025-10-28 09:15:00,FLAT,567015811.0063466,567015811.0063466,0.0,0.0,1896.4
2025-10-28 09:30:00,FLAT,567015811.0063466,567015811.0063466,0.0,0.0,1902.9
2025-10-28 09:45:00,FLAT,567015811.0063466,567015811.0063466,0.0,0.0,1892.6
2025-10-28 10:00:00,FLAT,567015811.0063466,567015811.0063466,0.0,0.0,1896.4
2025-10-28 10:15:00,FLAT,567015811.0063466,567015811.0063466,0.0,0.0,1886.8
2025-10-28 10:30:00,FLAT,567015811.0063466,567015811.0063466,0.0,0.0,1883.5
2025-10-28 10:45:00,FLAT,567015811.0063466,567015811.0063466,0.0,0.0,1881.9
2025-10-28 11:00:00,FLAT,567015811.0063466,567015811.0063466,0.0,0.0,1883.9
2025-10-28 11:15:00,FLAT,567015811.0063466,567015811.0063466,0.0,0.0,1879.4
2025-10-28 13:00:00,FLAT,567015811.0063466,567015811.0063466,0.0,0.0,1882.8
2025-10-28 13:15:00,FLAT,567015811.0063466,567015811.0063466,0.0,0.0,1887.1
2025-10-28 13:30:00,FLAT,567015811.0063466,567015811.0063466,0.0,0.0,1893.6
2025-10-28 13:45:00,FLAT,567015811.0063466,567015811.0063466,0.0,0.0,1905.8
2025-10-28 14:00:00,FLAT,567015811.0063466,567015811.0063466,0.0,0.0,1911.5
2025-10-28 14:15:00,FLAT,567015811.0063466,567015811.0063466,0.0,0.0,1938.4
2025-10-28 14:30:00,FLAT,567015811.0063466,567015811.0063466,0.0,0.0,1930.0
2025-10-29 09:00:00,FLAT,567015811.0063466,567015811.0063466,0.0,0.0,1942.1
2025-10-29 09:15:00,FLAT,567015811.0063466,567015811.0063466,0.0,0.0,1943.1
2025-10-29 09:30:00,FLAT,567015811.0063466,567015811.0063466,0.0,0.0,1944.3
2025-10-29 09:45:00,FLAT,567015811.0063466,567015811.0063466,0.0,0.0,1939.8
2025-10-29 10:00:00,FLAT,567015811.0063466,567015811.0063466,0.0,0.0,1938.8
2025-10-29 10:15:00,FLAT,567015811.0063466,567015811.0063466,0.0,0.0,1942.2
2025-10-29 10:30:00,FLAT,567015811.0063466,567015811.0063466,0.0,0.0,1945.2
2025-10-29 10:45:00,FLAT,567015811.0063466,567015811.0063466,0.0,0.0,1946.6
2025-10-29 11:00:00,FLAT,567015811.0063466,567015811.0063466,0.0,0.0,1958.5
2025-10-29 11:15:00,FLAT,567015811.0063466,567015811.0063466,0.0,0.0,1957.3
2025-10-29 13:00:00,FLAT,567015811.0063466,567015811.0063466,0.0,0.0,1955.0
2025-10-29 13:15:00,FLAT,567015811.0063466,567015811.0063466,0.0,0.0,1962.3
2025-10-29 13:30:00,FLAT,567015811.0063466,567015811.0063466,0.0,0.0,1957.5
2025-10-29 13:45:00,FLAT,567015811.0063466,567015811.0063466,0.0,0.0,1961.4
2025-10-29 14:00:00,FLAT,567015811.0063466,567015811.0063466,0.0,0.0,1956.7
2025-10-29 14:15:00,FLAT,567015811.0063466,567015811.0063466,0.0,0.0,1942.5
2025-10-29 14:30:00,FLAT,567015811.0063466,567015811.0063466,0.0,0.0,1947.0
2025-10-30 09:00:00,FLAT,567015811.0063466,567015811.0063466,0.0,0.0,1946.2
2025-10-30 09:15:00,FLAT,567015811.0063466,567015811.0063466,0.0,0.0,1943.2
2025-10-30 09:30:00,FLAT,567015811.0063466,567015811.0063466,0.0,0.0,1942.3
2025-10-30 09:45:00,FLAT,567015811.0063466,567015811.0063466,0.0,0.0,1933.1
2025-10-30 10:00:00,FLAT,567015811.0063466,567015811.0063466,0.0,0.0,1930.1
2025-10-30 10:15:00,FLAT,567015811.0063466,567015811.0063466,0.0,0.0,1928.6
2025-10-30 10:30:00,FLAT,567015811.0063466,567015811.0063466,0.0,0.0,1931.7
2025-10-30 10:45:00,FLAT,567015811.0063466,567015811.0063466,0.0,0.0,1927.8
2025-10-30 11:00:00,FLAT,567015811.0063466,567015811.0063466,0.0,0.0,1925.7
2025-10-30 11:15:00,FLAT,567015811.0063466,567015811.0063466,0.0,0.0,1932.0
2025-10-30 13:00:00,FLAT,567015811.0063466,567015811.0063466,0.0,0.0,1925.4
2025-10-30 13:15:00,FLAT,567015811.0063466,567015811.0063466,0.0,0.0,1929.8
2025-10-30 13:30:00,FLAT,567015811.0063466,567015811.0063466,0.0,0.0,1928.5
2025-10-30 13:45:00,FLAT,567015811.0063466,567015811.0063466,0.0,0.0,1927.0
2025-10-30 14:00:00,FLAT,567015811.0063466,567015811.0063466,0.0,0.0,1923.0
2025-10-30 14:15:00,FLAT,567015811.0063466,567015811.0063466,0.0,0.0,1933.6
2025-10-30 14:30:00,FLAT,567015811.0063466,567015811.0063466,0.0,0.0,1931.0
2025-10-31 09:00:00,FLAT,567015811.0063466,567015811.0063466,0.0,0.0,1922.5
2025-10-31 09:15:00,FLAT,567015811.0063466,567015811.0063466,0.0,0.0,1916.7
2025-10-31 09:30:00,FLAT,567015811.0063466,567015811.0063466,0.0,0.0,1918.2
2025-10-31 09:45:00,FLAT,567015811.0063466,567015811.0063466,0.0,0.0,1910.4
2025-10-31 10:00:00,FLAT,567015811.0063466,567015811.0063466,0.0,0.0,1907.0
2025-10-31 10:15:00,FLAT,567015811.0063466,567015811.0063466,0.0,0.0,1905.4
2025-10-31 10:30:00,FLAT,567015811.0063466,567015811.0063466,0.0,0.0,1907.1
2025-10-31 10:45:00,FLAT,567015811.0063466,567015811.0063466,0.0,0.0,1905.0
2025-10-31 11:00:00,FLAT,567015811.0063466,567015811.0063466,0.0,0.0,1906.1
2025-10-31 11:15:00,FLAT,567015811.0063466,567015811.0063466,0.0,0.0,1900.6
2025-10-31 13:00:00,FLAT,567015811.0063466,567015811.0063466,0.0,0.0,1907.5
2025-10-31 13:15:00,FLAT,567015811.0063466,567015811.0063466,0.0,0.0,1914.0
2025-10-31 13:30:00,FLAT,567015811.0063466,567015811.0063466,0.0,0.0,1916.7
2025-10-31 13:45:00,FLAT,560602941.419747,560602941.419747,0.0,0.0,1905.1
2025-10-31 14:00:00,FLAT,560602941.419747,560602941.419747,0.0,0.0,1891.3
2025-10-31 14:15:00,FLAT,554728067.2390852,554728067.2390852,0.0,0.0,1895.0
2025-10-31 14:30:00,FLAT,554728067.2390852,554728067.2390852,0.0,0.0,1889.0
2025-11-03 09:00:00,FLAT,554728067.2390852,554728067.2390852,0.0,0.0,1893.9
2025-11-03 09:15:00,FLAT,554728067.2390852,554728067.2390852,0.0,0.0,1892.4
2025-11-03 09:30:00,FLAT,554728067.2390852,554728067.2390852,0.0,0.0,1893.0
2025-11-03 09:45:00,FLAT,554728067.2390852,554728067.2390852,0.0,0.0,1885.9
2025-11-03 10:00:00,FLAT,554728067.2390852,554728067.2390852,0.0,0.0,1882.6
2025-11-03 10:15:00,FLAT,554728067.2390852,554728067.2390852,0.0,0.0,1876.1
2025-11-03 10:30:00,FLAT,554728067.2390852,554728067.2390852,0.0,0.0,1874.2
2025-11-03 10:45:00,FLAT,554728067.2390852,554728067.2390852,0.0,0.0,1892.1
2025-11-03 11:00:00,FLAT,554728067.2390852,554728067.2390852,0.0,0.0,1893.9
2025-11-03 11:15:00,FLAT,554728067.2390852,554728067.2390852,0.0,0.0,1910.9
2025-11-03 13:00:00,FLAT,554728067.2390852,554728067.2390852,0.0,0.0,1902.4
2025-11-03 13:15:00,FLAT,554728067.2390852,554728067.2390852,0.0,0.0,1900.9
2025-11-03 13:30:00,FLAT,554728067.2390852,554728067.2390852,0.0,0.0,1894.3
2025-11-03 13:45:00,FLAT,554728067.2390852,554728067.2390852,0.0,0.0,1889.5
2025-11-03 14:00:00,FLAT,548690541.36077,548690541.36077,0.0,0.0,1874.9
2025-11-03 14:15:00,FLAT,565153992.2187374,565153992.2187374,0.0,0.0,1862.0
2025-11-03 14:30:00,FLAT,565153992.2187374,565153992.2187374,0.0,0.0,1870.0
2025-11-04 09:00:00,FLAT,565153992.2187374,565153992.2187374,0.0,0.0,1863.5
2025-11-04 09:15:00,FLAT,565153992.2187374,565153992.2187374,0.0,0.0,1867.5
2025-11-04 09:30:00,FLAT,565153992.2187374,565153992.2187374,0.0,0.0,1872.9
2025-11-04 09:45:00,FLAT,565153992.2187374,565153992.2187374,0.0,0.0,1870.7
2025-11-04 10:00:00,FLAT,565153992.2187374,565153992.2187374,0.0,0.0,1869.2
2025-11-04 10:15:00,FLAT,565153992.2187374,565153992.2187374,0.0,0.0,1873.2
2025-11-04 10:30:00,FLAT,565153992.2187374,565153992.2187374,0.0,0.0,1867.8
2025-11-04 10:45:00,FLAT,565153992.2187374,565153992.2187374,0.0,0.0,1863.6
2025-11-04 11:00:00,FLAT,565153992.2187374,565153992.2187374,0.0,0.0,1861.7
2025-11-04 11:15:00,FLAT,565153992.2187374,565153992.2187374,0.0,0.0,1861.5
2025-11-04 13:00:00,FLAT,565153992.2187374,565153992.2187374,0.0,0.0,1855.3
2025-11-04 13:15:00,FLAT,565153992.2187374,565153992.2187374,0.0,0.0,1860.0
2025-11-04 13:30:00,FLAT,565153992.2187374,565153992.2187374,0.0,0.0,1873.2
2025-11-04 13:45:00,LONG,564957460.8439507,576348295.6002177,11390834.75626701,0.0,1888.0
2025-11-04 14:00:00,LONG,564957460.8439507,575928295.6002178,10970834.756267073,0.0,1887.4
2025-11-04 14:15:00,FLAT,586088564.6002178,586088564.6002178,0.0,0.0,1902.7
2025-11-04 14:30:00,FLAT,586088564.6002178,586088564.6002178,0.0,0.0,1902.7
2025-11-05 09:00:00,FLAT,586088564.6002178,586088564.6002178,0.0,0.0,1885.7
2025-11-05 09:15:00,FLAT,586088564.6002178,586088564.6002178,0.0,0.0,1882.1
2025-11-05 09:30:00,FLAT,586088564.6002178,586088564.6002178,0.0,0.0,1883.0
2025-11-05 09:45:00,FLAT,586088564.6002178,586088564.6002178,0.0,0.0,1888.6
2025-11-05 10:00:00,FLAT,586088564.6002178,586088564.6002178,0.0,0.0,1885.7
2025-11-05 10:15:00,FLAT,586088564.6002178,586088564.6002178,0.0,0.0,1886.0
2025-11-05 10:30:00,FLAT,586088564.6002178,586088564.6002178,0.0,0.0,1897.2
2025-11-05 10:45:00,FLAT,586088564.6002178,586088564.6002178,0.0,0.0,1894.7
2025-11-05 11:00:00,FLAT,586088564.6002178,586088564.6002178,0.0,0.0,1890.0
2025-11-05 11:15:00,FLAT,586088564.6002178,586088564.6002178,0.0,0.0,1890.9
2025-11-05 13:00:00,FLAT,586088564.6002178,586088564.6002178,0.0,0.0,1895.7
2025-11-05 13:15:00,FLAT,586088564.6002178,586088564.6002178,0.0,0.0,1893.3
2025-11-05 13:30:00,FLAT,586088564.6002178,586088564.6002178,0.0,0.0,1890.0
2025-11-05 13:45:00,FLAT,586088564.6002178,586088564.6002178,0.0,0.0,1887.6
2025-11-05 14:00:00,FLAT,586088564.6002178,586088564.6002178,0.0,0.0,1886.8
2025-11-05 14:15:00,FLAT,586088564.6002178,586088564.6002178,0.0,0.0,1885.0
2025-11-05 14:30:00,FLAT,586088564.6002178,586088564.6002178,0.0,0.0,1884.0
2025-11-06 09:00:00,FLAT,586088564.6002178,586088564.6002178,0.0,0.0,1885.4
2025-11-06 09:15:00,FLAT,586088564.6002178,586088564.6002178,0.0,0.0,1879.4
2025-11-06 09:30:00,FLAT,586088564.6002178,586088564.6002178,0.0,0.0,1881.9
2025-11-06 09:45:00,FLAT,586088564.6002178,586088564.6002178,0.0,0.0,1882.1
2025-11-06 10:00:00,FLAT,586088564.6002178,586088564.6002178,0.0,0.0,1879.5
2025-11-06 10:15:00,FLAT,586088564.6002178,586088564.6002178,0.0,0.0,1875.4
2025-11-06 10:30:00,FLAT,586088564.6002178,586088564.6002178,0.0,0.0,1872.6
2025-11-06 10:45:00,FLAT,586088564.6002178,586088564.6002178,0.0,0.0,1874.6
2025-11-06 11:00:00,FLAT,586088564.6002178,586088564.6002178,0.0,0.0,1871.9
2025-11-06 11:15:00,FLAT,586088564.6002178,586088564.6002178,0.0,0.0,1872.0
2025-11-06 13:00:00,FLAT,586088564.6002178,586088564.6002178,0.0,0.0,1876.1
2025-11-06 13:15:00,FLAT,586088564.6002178,586088564.6002178,0.0,0.0,1883.7
2025-11-06 13:30:00,FLAT,579404008.6153406,579404008.6153406,0.0,0.0,1877.0
2025-11-06 13:45:00,FLAT,579404008.6153406,579404008.6153406,0.0,0.0,1875.3
2025-11-06 14:00:00,FLAT,579404008.6153406,579404008.6153406,0.0,0.0,1881.0
2025-11-06 14:15:00,FLAT,579404008.6153406,579404008.6153406,0.0,0.0,1875.0
2025-11-06 14:30:00,FLAT,579404008.6153406,579404008.6153406,0.0,0.0,1874.0
2025-11-07 09:00:00,FLAT,579404008.6153406,579404008.6153406,0.0,0.0,1857.9
2025-11-07 09:15:00,FLAT,579404008.6153406,579404008.6153406,0.0,0.0,1857.9
2025-11-07 09:30:00,FLAT,579404008.6153406,579404008.6153406,0.0,0.0,1855.0
2025-11-07 09:45:00,FLAT,579404008.6153406,579404008.6153406,0.0,0.0,1855.5
2025-11-07 10:00:00,FLAT,579404008.6153406,579404008.6153406,0.0,0.0,1853.7
2025-11-07 10:15:00,FLAT,579404008.6153406,579404008.6153406,0.0,0.0,1853.0
2025-11-07 10:30:00,FLAT,579404008.6153406,579404008.6153406,0.0,0.0,1857.2
2025-11-07 10:45:00,FLAT,579404008.6153406,579404008.6153406,0.0,0.0,1858.9
2025-11-07 11:00:00,FLAT,579404008.6153406,579404008.6153406,0.0,0.0,1858.6
2025-11-07 11:15:00,FLAT,579404008.6153406,579404008.6153406,0.0,0.0,1853.6
2025-11-07 13:00:00,FLAT,579404008.6153406,579404008.6153406,0.0,0.0,1854.5
2025-11-07 13:15:00,FLAT,579404008.6153406,579404008.6153406,0.0,0.0,1854.1
2025-11-07 13:30:00,FLAT,579404008.6153406,579404008.6153406,0.0,0.0,1848.2
2025-11-07 13:45:00,FLAT,579404008.6153406,579404008.6153406,0.0,0.0,1844.3
2025-11-07 14:00:00,FLAT,579404008.6153406,579404008.6153406,0.0,0.0,1843.4
2025-11-07 14:15:00,FLAT,579404008.6153406,579404008.6153406,0.0,0.0,1824.0
2025-11-07 14:30:00,FLAT,579404008.6153406,579404008.6153406,0.0,0.0,1825.0
2025-11-10 09:00:00,FLAT,579404008.6153406,579404008.6153406,0.0,0.0,1829.0
2025-11-10 09:15:00,FLAT,579404008.6153406,579404008.6153406,0.0,0.0,1826.9
2025-11-10 09:30:00,FLAT,579404008.6153406,579404008.6153406,0.0,0.0,1828.2
2025-11-10 09:45:00,FLAT,579404008.6153406,579404008.6153406,0.0,0.0,1828.6
2025-11-10 10:00:00,FLAT,579404008.6153406,579404008.6153406,0.0,0.0,1826.5
2025-11-10 10:15:00,FLAT,579404008.6153406,579404008.6153406,0.0,0.0,1826.9
2025-11-10 10:30:00,FLAT,579404008.6153406,579404008.6153406,0.0,0.0,1823.4
2025-11-10 10:45:00,FLAT,579404008.6153406,579404008.6153406,0.0,0.0,1818.9
2025-11-10 11:00:00,FLAT,579404008.6153406,579404008.6153406,0.0,0.0,1834.3
2025-11-10 11:15:00,FLAT,579404008.6153406,579404008.6153406,0.0,0.0,1829.3
2025-11-10 13:00:00,FLAT,579404008.6153406,579404008.6153406,0.0,0.0,1830.7
2025-11-10 13:15:00,FLAT,579404008.6153406,579404008.6153406,0.0,0.0,1836.2
2025-11-10 13:30:00,FLAT,579404008.6153406,579404008.6153406,0.0,0.0,1848.3
2025-11-10 13:45:00,FLAT,579404008.6153406,579404008.6153406,0.0,0.0,1844.5
2025-11-10 14:00:00,FLAT,579404008.6153406,579404008.6153406,0.0,0.0,1834.7
2025-11-10 14:15:00,FLAT,579404008.6153406,579404008.6153406,0.0,0.0,1809.5
2025-11-10 14:30:00,FLAT,579404008.6153406,579404008.6153406,0.0,0.0,1813.0
2025-11-11 09:00:00,FLAT,579404008.6153406,579404008.6153406,0.0,0.0,1807.8
2025-11-11 09:15:00,FLAT,579404008.6153406,579404008.6153406,0.0,0.0,1814.5
2025-11-11 09:30:00,FLAT,579404008.6153406,579404008.6153406,0.0,0.0,1818.6
2025-11-11 09:45:00,FLAT,579404008.6153406,579404008.6153406,0.0,0.0,1821.9
2025-11-11 10:00:00,FLAT,579404008.6153406,579404008.6153406,0.0,0.0,1815.2
2025-11-11 10:15:00,FLAT,579404008.6153406,579404008.6153406,0.0,0.0,1815.7
2025-11-11 10:30:00,FLAT,579404008.6153406,579404008.6153406,0.0,0.0,1813.1
2025-11-11 10:45:00,FLAT,579404008.6153406,579404008.6153406,0.0,0.0,1814.1
2025-11-11 11:00:00,FLAT,579404008.6153406,579404008.6153406,0.0,0.0,1812.3
2025-11-11 11:15:00,FLAT,579404008.6153406,579404008.6153406,0.0,0.0,1816.0
2025-11-11 13:00:00,FLAT,579404008.6153406,579404008.6153406,0.0,0.0,1809.7
2025-11-11 13:15:00,FLAT,579404008.6153406,579404008.6153406,0.0,0.0,1815.2
2025-11-11 13:30:00,FLAT,579404008.6153406,579404008.6153406,0.0,0.0,1819.3
2025-11-11 13:45:00,FLAT,579404008.6153406,579404008.6153406,0.0,0.0,1833.6
2025-11-11 14:00:00,LONG,579185019.5146962,577897681.8857682,-1287337.6289280714,0.0,1823.3
2025-11-11 14:15:00,FLAT,573279545.8857682,573279545.8857682,0.0,0.0,1808.1
2025-11-11 14:30:00,FLAT,573279545.8857682,573279545.8857682,0.0,0.0,1810.1
2025-11-12 09:00:00,FLAT,573279545.8857682,573279545.8857682,0.0,0.0,1823.8
2025-11-12 09:15:00,FLAT,573279545.8857682,573279545.8857682,0.0,0.0,1826.3
2025-11-12 09:30:00,FLAT,573279545.8857682,573279545.8857682,0.0,0.0,1827.9
2025-11-12 09:45:00,FLAT,573279545.8857682,573279545.8857682,0.0,0.0,1824.5
2025-11-12 10:00:00,FLAT,573279545.8857682,573279545.8857682,0.0,0.0,1822.8
2025-11-12 10:15:00,FLAT,573279545.8857682,573279545.8857682,0.0,0.0,1824.3
2025-11-12 10:30:00,FLAT,573279545.8857682,573279545.8857682,0.0,0.0,1824.9
2025-11-12 10:45:00,FLAT,573279545.8857682,573279545.8857682,0.0,0.0,1828.4
2025-11-12 11:00:00,FLAT,573279545.8857682,573279545.8857682,0.0,0.0,1835.3
2025-11-12 11:15:00,LONG,573059453.6966358,577298192.8141755,4238739.117539626,0.0,1839.4
2025-11-12 13:00:00,LONG,573059453.6966358,579938192.8141755,6878739.117539589,0.0,1842.7
2025-11-12 13:15:00,LONG,573059453.6966358,587138192.8141755,14078739.11753959,0.0,1851.7
2025-11-12 13:30:00,LONG,573059453.6966358,585218192.8141754,12158739.117539518,0.0,1849.3
2025-11-12 13:45:00,LONG,573059453.6966358,592978192.8141754,19918739.117539555,0.0,1859.0
2025-11-12 14:00:00,FLAT,597310386.0179542,597310386.0179542,0.0,0.0,1862.8
2025-11-12 14:15:00,FLAT,597310386.0179542,597310386.0179542,0.0,0.0,1871.0
2025-11-12 14:30:00,FLAT,597310386.0179542,597310386.0179542,0.0,0.0,1874.4
2025-11-13 09:00:00,FLAT,597310386.0179542,597310386.0179542,0.0,0.0,1868.1
2025-11-13 09:15:00,FLAT,597310386.0179542,597310386.0179542,0.0,0.0,1865.6
2025-11-13 09:30:00,FLAT,597310386.0179542,597310386.0179542,0.0,0.0,1869.4
2025-11-13 09:45:00,FLAT,597310386.0179542,597310386.0179542,0.0,0.0,1868.0
2025-11-13 10:00:00,FLAT,597310386.0179542,597310386.0179542,0.0,0.0,1863.3
2025-11-13 10:15:00,FLAT,597310386.0179542,597310386.0179542,0.0,0.0,1862.6
2025-11-13 10:30:00,FLAT,597310386.0179542,597310386.0179542,0.0,0.0,1864.7
2025-11-13 10:45:00,FLAT,597310386.0179542,597310386.0179542,0.0,0.0,1869.9
2025-11-13 11:00:00,FLAT,597310386.0179542,597310386.0179542,0.0,0.0,1870.5
2025-11-13 11:15:00,FLAT,597310386.0179542,597310386.0179542,0.0,0.0,1872.5
2025-11-13 13:00:00,FLAT,597310386.0179542,597310386.0179542,0.0,0.0,1864.6
2025-11-13 13:15:00,FLAT,597310386.0179542,597310386.0179542,0.0,0.0,1868.6
2025-11-13 13:30:00,FLAT,597310386.0179542,597310386.0179542,0.0,0.0,1876.0
2025-11-13 13:45:00,FLAT,597310386.0179542,597310386.0179542,0.0,0.0,1863.8
2025-11-13 14:00:00,FLAT,597310386.0179542,597310386.0179542,0.0,0.0,1862.3
2025-11-13 14:15:00,FLAT,597310386.0179542,597310386.0179542,0.0,0.0,1853.0
2025-11-13 14:30:00,FLAT,597310386.0179542,597310386.0179542,0.0,0.0,1855.9
2025-11-14 09:00:00,FLAT,597310386.0179542,597310386.0179542,0.0,0.0,1856.0
2025-11-14 09:15:00,FLAT,597310386.0179542,597310386.0179542,0.0,0.0,1861.4
2025-11-14 09:30:00,FLAT,597310386.0179542,597310386.0179542,0.0,0.0,1861.8
2025-11-14 09:45:00,FLAT,597310386.0179542,597310386.0179542,0.0,0.0,1857.6
2025-11-14 10:00:00,FLAT,597310386.0179542,597310386.0179542,0.0,0.0,1858.0
2025-11-14 10:15:00,FLAT,597310386.0179542,597310386.0179542,0.0,0.0,1858.9
2025-11-14 10:30:00,FLAT,597310386.0179542,597310386.0179542,0.0,0.0,1860.4
2025-11-14 10:45:00,FLAT,597310386.0179542,597310386.0179542,0.0,0.0,1859.5
2025-11-14 11:00:00,FLAT,597310386.0179542,597310386.0179542,0.0,0.0,1866.6
2025-11-14 11:15:00,LONG,597030676.7778077,600202409.1343768,3171732.3565690094,0.0,1867.9
2025-11-14 13:00:00,LONG,597030676.7778077,606602409.1343765,9571732.356568873,0.0,1874.3
2025-11-14 13:15:00,LONG,597030676.7778077,600702409.1343768,3671732.3565690094,0.0,1868.4
2025-11-14 13:30:00,LONG,597030676.7778077,602702409.1343768,5671732.35656901,0.0,1870.4
2025-11-14 13:45:00,LONG,597030676.7778077,609302409.1343766,12271732.356568918,0.0,1877.0
2025-11-14 14:00:00,LONG,597030676.7778077,603702409.1343768,6671732.35656901,0.0,1871.4
2025-11-14 14:15:00,FLAT,598422449.1343768,598422449.1343768,0.0,0.0,1866.9
2025-11-14 14:30:00,FLAT,598422449.1343768,598422449.1343768,0.0,0.0,1870.0
2025-11-17 09:00:00,FLAT,598422449.1343768,598422449.1343768,0.0,0.0,1879.0
2025-11-17 09:15:00,FLAT,598422449.1343768,598422449.1343768,0.0,0.0,1888.0
2025-11-17 09:30:00,LONG,598139249.1343768,596139249.1343768,-2000000.0,0.0,1886.0
2025-11-17 09:45:00,LONG,598139249.1343768,598239249.1343766,99999.99999990905,0.0,1888.1
2025-11-17 10:00:00,LONG,598139249.1343768,597139249.1343768,-1000000.0,0.0,1887.0
2025-11-17 10:15:00,LONG,598139249.1343768,594039249.1343769,-4099999.999999909,0.0,1883.9
2025-11-17 10:30:00,LONG,598139249.1343768,597939249.1343768,-200000.00000004546,0.0,1887.8
2025-11-17 10:45:00,LONG,598139249.1343768,600639249.1343768,2500000.0,0.0,1890.5
2025-11-17 11:00:00,LONG,598139249.1343768,601239249.1343766,3099999.999999909,0.0,1891.1
2025-11-17 11:15:00,LONG,598139249.1343768,603639249.1343768,5500000.0,0.0,1893.5
2025-11-17 13:00:00,LONG,598139249.1343768,603039249.1343769,4900000.000000091,0.0,1892.9
2025-11-17 13:15:00,LONG,598139249.1343768,597739249.1343766,-400000.0000000909,0.0,1887.6
2025-11-17 13:30:00,LONG,598139249.1343768,594839249.1343768,-3299999.9999999544,0.0,1884.7
2025-11-17 13:45:00,LONG,598139249.1343768,596139249.1343768,-2000000.0,0.0,1886.0
2025-11-17 14:00:00,LONG,598139249.1343768,603239249.1343766,5099999.999999909,0.0,1893.1
2025-11-17 14:15:00,FLAT,601755464.1343769,601755464.1343769,0.0,0.0,1892.4
2025-11-17 14:30:00,FLAT,601755464.1343769,601755464.1343769,0.0,0.0,1893.0
2025-11-18 09:00:00,FLAT,601755464.1343769,601755464.1343769,0.0,0.0,1890.5
2025-11-18 09:15:00,FLAT,601755464.1343769,601755464.1343769,0.0,0.0,1885.8
2025-11-18 09:30:00,FLAT,601755464.1343769,601755464.1343769,0.0,0.0,1889.3
2025-11-18 09:45:00,FLAT,601755464.1343769,601755464.1343769,0.0,0.0,1894.0
2025-11-18 10:00:00,FLAT,601755464.1343769,601755464.1343769,0.0,0.0,1891.7
2025-11-18 10:15:00,FLAT,601755464.1343769,601755464.1343769,0.0,0.0,1890.1
2025-11-18 10:30:00,FLAT,601755464.1343769,601755464.1343769,0.0,0.0,1893.6
2025-11-18 10:45:00,FLAT,601755464.1343769,601755464.1343769,0.0,0.0,1892.6
2025-11-18 11:00:00,FLAT,601755464.1343769,601755464.1343769,0.0,0.0,1895.1
2025-11-18 11:15:00,FLAT,601755464.1343769,601755464.1343769,0.0,0.0,1890.4
2025-11-18 13:00:00,FLAT,601755464.1343769,601755464.1343769,0.0,0.0,1888.7
2025-11-18 13:15:00,FLAT,601755464.1343769,601755464.1343769,0.0,0.0,1882.0
2025-11-18 13:30:00,FLAT,601755464.1343769,601755464.1343769,0.0,0.0,1883.9
2025-11-18 13:45:00,FLAT,601755464.1343769,601755464.1343769,0.0,0.0,1884.8
2025-11-18 14:00:00,FLAT,601755464.1343769,601755464.1343769,0.0,0.0,1888.6
2025-11-18 14:15:00,FLAT,601755464.1343769,601755464.1343769,0.0,0.0,1893.6
2025-11-18 14:30:00,FLAT,601755464.1343769,601755464.1343769,0.0,0.0,1894.0
2025-11-19 09:00:00,FLAT,601755464.1343769,601755464.1343769,0.0,0.0,1890.0
2025-11-19 09:15:00,FLAT,601755464.1343769,601755464.1343769,0.0,0.0,1892.5
2025-11-19 09:30:00,FLAT,601755464.1343769,601755464.1343769,0.0,0.0,1893.4
2025-11-19 09:45:00,FLAT,601755464.1343769,601755464.1343769,0.0,0.0,1893.9
2025-11-19 10:00:00,FLAT,601755464.1343769,601755464.1343769,0.0,0.0,1891.3
2025-11-19 10:15:00,FLAT,601755464.1343769,601755464.1343769,0.0,0.0,1893.1
2025-11-19 10:30:00,FLAT,601755464.1343769,601755464.1343769,0.0,0.0,1891.1
2025-11-19 10:45:00,FLAT,601755464.1343769,601755464.1343769,0.0,0.0,1892.3
2025-11-19 11:00:00,FLAT,601755464.1343769,601755464.1343769,0.0,0.0,1893.0
2025-11-19 11:15:00,FLAT,601755464.1343769,601755464.1343769,0.0,0.0,1894.7
2025-11-19 13:00:00,FLAT,601755464.1343769,601755464.1343769,0.0,0.0,1892.5
2025-11-19 13:15:00,FLAT,601755464.1343769,601755464.1343769,0.0,0.0,1894.0
2025-11-19 13:30:00,FLAT,601755464.1343769,601755464.1343769,0.0,0.0,1894.0
2025-11-19 13:45:00,FLAT,601755464.1343769,601755464.1343769,0.0,0.0,1893.8
2025-11-19 14:00:00,FLAT,601755464.1343769,601755464.1343769,0.0,0.0,1891.5
2025-11-19 14:15:00,FLAT,601755464.1343769,601755464.1343769,0.0,0.0,1881.5
2025-11-19 14:30:00,FLAT,601755464.1343769,601755464.1343769,0.0,0.0,1880.8
2025-11-20 09:00:00,FLAT,601755464.1343769,601755464.1343769,0.0,0.0,1890.1
2025-11-20 09:15:00,FLAT,601755464.1343769,601755464.1343769,0.0,0.0,1889.3
2025-11-20 09:30:00,FLAT,601755464.1343769,601755464.1343769,0.0,0.0,1894.2
2025-11-20 09:45:00,FLAT,601755464.1343769,601755464.1343769,0.0,0.0,1903.0
2025-11-20 10:00:00,FLAT,601755464.1343769,601755464.1343769,0.0,0.0,1903.2
2025-11-20 10:15:00,FLAT,601755464.1343769,601755464.1343769,0.0,0.0,1903.2
2025-11-20 10:30:00,FLAT,601755464.1343769,601755464.1343769,0.0,0.0,1902.9
2025-11-20 10:45:00,FLAT,601755464.1343769,601755464.1343769,0.0,0.0,1903.0
2025-11-20 11:00:00,FLAT,601755464.1343769,601755464.1343769,0.0,0.0,1902.3
2025-11-20 11:15:00,FLAT,601755464.1343769,601755464.1343769,0.0,0.0,1898.5
2025-11-20 13:00:00,FLAT,601755464.1343769,601755464.1343769,0.0,0.0,1898.7
2025-11-20 13:15:00,FLAT,601755464.1343769,601755464.1343769,0.0,0.0,1900.8
2025-11-20 13:30:00,FLAT,601755464.1343769,601755464.1343769,0.0,0.0,1894.8
2025-11-20 13:45:00,FLAT,601755464.1343769,601755464.1343769,0.0,0.0,1892.6
2025-11-20 14:00:00,FLAT,601755464.1343769,601755464.1343769,0.0,0.0,1893.9
2025-11-20 14:15:00,FLAT,601755464.1343769,601755464.1343769,0.0,0.0,1898.2
2025-11-20 14:30:00,FLAT,601755464.1343769,601755464.1343769,0.0,0.0,1898.4
2025-11-21 09:00:00,FLAT,601755464.1343769,601755464.1343769,0.0,0.0,1870.2
2025-11-21 09:15:00,FLAT,601755464.1343769,601755464.1343769,0.0,0.0,1874.0
2025-11-21 09:30:00,FLAT,601755464.1343769,601755464.1343769,0.0,0.0,1872.5
2025-11-21 09:45:00,FLAT,601755464.1343769,601755464.1343769,0.0,0.0,1862.9
2025-11-21 10:00:00,SHORT,601475712.5363352,599986366.1473076,-1489346.3890275597,0.0,1866.5
2025-11-21 10:15:00,FLAT,596205866.1473076,596205866.1473076,0.0,0.0,1866.3
2025-11-21 10:30:00,FLAT,596205866.1473076,596205866.1473076,0.0,0.0,1868.0
2025-11-21 10:45:00,FLAT,596205866.1473076,596205866.1473076,0.0,0.0,1865.7
2025-11-21 11:00:00,FLAT,596205866.1473076,596205866.1473076,0.0,0.0,1864.2
2025-11-21 11:15:00,SHORT,595926110.0141044,592666998.0359992,-3259111.9781052386,0.0,1868.3
2025-11-21 13:00:00,FLAT,590686498.0359991,590686498.0359991,0.0,0.0,1871.1
2025-11-21 13:15:00,FLAT,590686498.0359991,590686498.0359991,0.0,0.0,1878.0
2025-11-21 13:30:00,LONG,590404958.4068767,587674097.5908024,-2730860.816074255,0.0,1874.2
2025-11-21 13:45:00,LONG,590404958.4068767,589274097.5908023,-1130860.8160743462,0.0,1875.8
2025-11-21 14:00:00,FLAT,585193297.5908024,585193297.5908024,0.0,0.0,1879.0
2025-11-21 14:15:00,FLAT,585193297.5908024,585193297.5908024,0.0,0.0,1893.5
2025-11-21 14:30:00,FLAT,585193297.5908024,585193297.5908024,0.0,0.0,1893.0
2025-11-24 09:00:00,FLAT,585193297.5908024,585193297.5908024,0.0,0.0,1897.8
2025-11-24 09:15:00,FLAT,585193297.5908024,585193297.5908024,0.0,0.0,1902.3
2025-11-24 09:30:00,FLAT,585193297.5908024,585193297.5908024,0.0,0.0,1905.4
2025-11-24 09:45:00,FLAT,585193297.5908024,585193297.5908024,0.0,0.0,1910.1
2025-11-24 10:00:00,FLAT,585193297.5908024,585193297.5908024,0.0,0.0,1906.6
2025-11-24 10:15:00,FLAT,585193297.5908024,585193297.5908024,0.0,0.0,1906.5
2025-11-24 10:30:00,FLAT,585193297.5908024,585193297.5908024,0.0,0.0,1906.4
2025-11-24 10:45:00,FLAT,585193297.5908024,585193297.5908024,0.0,0.0,1907.7
2025-11-24 11:00:00,FLAT,585193297.5908024,585193297.5908024,0.0,0.0,1915.1
2025-11-24 11:15:00,FLAT,585193297.5908024,585193297.5908024,0.0,0.0,1917.0
2025-11-24 13:00:00,FLAT,585193297.5908024,585193297.5908024,0.0,0.0,1917.1
2025-11-24 13:15:00,FLAT,585193297.5908024,585193297.5908024,0.0,0.0,1913.5
2025-11-24 13:30:00,FLAT,585193297.5908024,585193297.5908024,0.0,0.0,1918.0
2025-11-24 13:45:00,FLAT,585193297.5908024,585193297.5908024,0.0,0.0,1921.2
2025-11-24 14:00:00,FLAT,585193297.5908024,585193297.5908024,0.0,0.0,1917.4
2025-11-24 14:15:00,FLAT,585193297.5908024,585193297.5908024,0.0,0.0,1920.0
2025-11-24 14:30:00,FLAT,585193297.5908024,585193297.5908024,0.0,0.0,1921.5
2025-11-25 09:00:00,FLAT,585193297.5908024,585193297.5908024,0.0,0.0,1914.1
2025-11-25 09:15:00,FLAT,585193297.5908024,585193297.5908024,0.0,0.0,1914.8
2025-11-25 09:30:00,FLAT,585193297.5908024,585193297.5908024,0.0,0.0,1914.3
2025-11-25 09:45:00,FLAT,585193297.5908024,585193297.5908024,0.0,0.0,1914.4
2025-11-25 10:00:00,FLAT,585193297.5908024,585193297.5908024,0.0,0.0,1919.8
2025-11-25 10:15:00,FLAT,585193297.5908024,585193297.5908024,0.0,0.0,1919.6
2025-11-25 10:30:00,FLAT,585193297.5908024,585193297.5908024,0.0,0.0,1920.3
2025-11-25 10:45:00,LONG,584905251.6407716,585398918.1018432,493666.46107159794,0.0,1920.8
2025-11-25 11:00:00,FLAT,579811593.1018432,579811593.1018432,0.0,0.0,1915.6
2025-11-25 11:15:00,FLAT,579811593.1018432,579811593.1018432,0.0,0.0,1915.8
2025-11-25 13:00:00,FLAT,579811593.1018432,579811593.1018432,0.0,0.0,1914.2
2025-11-25 13:15:00,FLAT,579811593.1018432,579811593.1018432,0.0,0.0,1917.1
2025-11-25 13:30:00,FLAT,579811593.1018432,579811593.1018432,0.0,0.0,1918.0
2025-11-25 13:45:00,FLAT,579811593.1018432,579811593.1018432,0.0,0.0,1911.0
2025-11-25 14:00:00,FLAT,579811593.1018432,579811593.1018432,0.0,0.0,1912.2
2025-11-25 14:15:00,FLAT,579811593.1018432,579811593.1018432,0.0,0.0,1907.9
2025-11-25 14:30:00,FLAT,579811593.1018432,579811593.1018432,0.0,0.0,1908.4
2025-11-26 09:00:00,FLAT,579811593.1018432,579811593.1018432,0.0,0.0,1911.8
2025-11-26 09:15:00,FLAT,579811593.1018432,579811593.1018432,0.0,0.0,1916.6
2025-11-26 09:30:00,FLAT,579811593.1018432,579811593.1018432,0.0,0.0,1927.9
2025-11-26 09:45:00,FLAT,579811593.1018432,579811593.1018432,0.0,0.0,1927.8
2025-11-26 10:00:00,FLAT,579811593.1018432,579811593.1018432,0.0,0.0,1926.8
2025-11-26 10:15:00,FLAT,579811593.1018432,579811593.1018432,0.0,0.0,1925.5
2025-11-26 10:30:00,FLAT,579811593.1018432,579811593.1018432,0.0,0.0,1925.2
2025-11-26 10:45:00,FLAT,579811593.1018432,579811593.1018432,0.0,0.0,1920.6
2025-11-26 11:00:00,FLAT,579811593.1018432,579811593.1018432,0.0,0.0,1920.8
2025-11-26 11:15:00,FLAT,579811593.1018432,579811593.1018432,0.0,0.0,1921.6
2025-11-26 13:00:00,FLAT,579811593.1018432,579811593.1018432,0.0,0.0,1920.1
2025-11-26 13:15:00,FLAT,579811593.1018432,579811593.1018432,0.0,0.0,1923.1
2025-11-26 13:30:00,FLAT,579811593.1018432,579811593.1018432,0.0,0.0,1927.8
2025-11-26 13:45:00,FLAT,579811593.1018432,579811593.1018432,0.0,0.0,1925.7
2025-11-26 14:00:00,FLAT,579811593.1018432,579811593.1018432,0.0,0.0,1926.0
2025-11-26 14:15:00,FLAT,579811593.1018432,579811593.1018432,0.0,0.0,1924.1
2025-11-26 14:30:00,FLAT,579811593.1018432,579811593.1018432,0.0,0.0,1926.1
2025-11-27 09:00:00,FLAT,579811593.1018432,579811593.1018432,0.0,0.0,1932.6
2025-11-27 09:15:00,FLAT,579811593.1018432,579811593.1018432,0.0,0.0,1931.5
2025-11-27 09:30:00,FLAT,579811593.1018432,579811593.1018432,0.0,0.0,1931.5
2025-11-27 09:45:00,FLAT,579811593.1018432,579811593.1018432,0.0,0.0,1928.6
2025-11-27 10:00:00,FLAT,579811593.1018432,579811593.1018432,0.0,0.0,1925.1
2025-11-27 10:15:00,FLAT,579811593.1018432,579811593.1018432,0.0,0.0,1926.3
2025-11-27 10:30:00,FLAT,579811593.1018432,579811593.1018432,0.0,0.0,1926.1
2025-11-27 10:45:00,FLAT,579811593.1018432,579811593.1018432,0.0,0.0,1922.6
2025-11-27 11:00:00,SHORT,579523002.0587686,580863289.2231097,1340287.1643411345,0.0,1922.6
2025-11-27 11:15:00,SHORT,579523002.0587686,580463289.2231097,940287.1643410436,0.0,1923.0
2025-11-27 13:00:00,SHORT,579523002.0587686,582063289.2231096,2540287.1643409524,0.0,1921.4
2025-11-27 13:15:00,SHORT,579523002.0587686,578163289.2231097,-1359712.835658911,0.0,1925.3
2025-11-27 13:30:00,SHORT,579523002.0587686,578363289.2231097,-1159712.8356588655,0.0,1925.1
2025-11-27 13:45:00,FLAT,574874044.2231097,574874044.2231097,0.0,0.0,1928.4
2025-11-27 14:00:00,FLAT,574874044.2231097,574874044.2231097,0.0,0.0,1923.0
2025-11-27 14:15:00,FLAT,574874044.2231097,574874044.2231097,0.0,0.0,1919.4
2025-11-27 14:30:00,FLAT,574874044.2231097,574874044.2231097,0.0,0.0,1921.0
2025-11-28 09:00:00,FLAT,574874044.2231097,574874044.2231097,0.0,0.0,1920.0
2025-11-28 09:15:00,FLAT,574874044.2231097,574874044.2231097,0.0,0.0,1922.2
2025-11-28 09:30:00,FLAT,574874044.2231097,574874044.2231097,0.0,0.0,1922.8
2025-11-28 09:45:00,FLAT,574874044.2231097,574874044.2231097,0.0,0.0,1921.9
2025-11-28 10:00:00,FLAT,574874044.2231097,574874044.2231097,0.0,0.0,1919.1
2025-11-28 10:15:00,FLAT,574874044.2231097,574874044.2231097,0.0,0.0,1920.3
2025-11-28 10:30:00,FLAT,574874044.2231097,574874044.2231097,0.0,0.0,1922.9
2025-11-28 10:45:00,FLAT,574874044.2231097,574874044.2231097,0.0,0.0,1921.0
2025-11-28 11:00:00,FLAT,574874044.2231097,574874044.2231097,0.0,0.0,1921.6
2025-11-28 11:15:00,FLAT,574874044.2231097,574874044.2231097,0.0,0.0,1925.9
2025-11-28 13:00:00,FLAT,574874044.2231097,574874044.2231097,0.0,0.0,1928.2
2025-11-28 13:15:00,FLAT,574874044.2231097,574874044.2231097,0.0,0.0,1929.6
2025-11-28 13:30:00,FLAT,574874044.2231097,574874044.2231097,0.0,0.0,1928.5
2025-11-28 13:45:00,FLAT,574874044.2231097,574874044.2231097,0.0,0.0,1922.3
2025-11-28 14:00:00,SHORT,574585760.6428288,578276295.8489851,3690535.206156255,0.0,1918.2
2025-11-28 14:15:00,FLAT,580088880.8489852,580088880.8489852,0.0,0.0,1915.6
2025-11-28 14:30:00,FLAT,580088880.8489852,580088880.8489852,0.0,0.0,1918.4
2025-12-01 09:00:00,FLAT,580088880.8489852,580088880.8489852,0.0,0.0,1930.2
2025-12-01 09:15:00,FLAT,580088880.8489852,580088880.8489852,0.0,0.0,1934.1
2025-12-01 09:30:00,FLAT,580088880.8489852,580088880.8489852,0.0,0.0,1932.3
2025-12-01 09:45:00,FLAT,580088880.8489852,580088880.8489852,0.0,0.0,1936.2
2025-12-01 10:00:00,LONG,579798511.0667824,576799963.0479594,-2998548.0188229303,0.0,1932.8
2025-12-01 10:15:00,FLAT,575010268.0479594,575010268.0479594,0.0,0.0,1930.6
2025-12-01 10:30:00,FLAT,575010268.0479594,575010268.0479594,0.0,0.0,1933.2
2025-12-01 10:45:00,FLAT,575010268.0479594,575010268.0479594,0.0,0.0,1934.6
2025-12-01 11:00:00,FLAT,575010268.0479594,575010268.0479594,0.0,0.0,1930.1
2025-12-01 11:15:00,FLAT,575010268.0479594,575010268.0479594,0.0,0.0,1931.1
2025-12-01 13:00:00,FLAT,575010268.0479594,575010268.0479594,0.0,0.0,1932.0
2025-12-01 13:15:00,FLAT,575010268.0479594,575010268.0479594,0.0,0.0,1930.8
2025-12-01 13:30:00,FLAT,575010268.0479594,575010268.0479594,0.0,0.0,1932.5
2025-12-01 13:45:00,FLAT,575010268.0479594,575010268.0479594,0.0,0.0,1932.2
2025-12-01 14:00:00,FLAT,575010268.0479594,575010268.0479594,0.0,0.0,1935.7
2025-12-01 14:15:00,FLAT,575010268.0479594,575010268.0479594,0.0,0.0,1935.0
2025-12-01 14:30:00,FLAT,575010268.0479594,575010268.0479594,0.0,0.0,1935.4
2025-12-02 09:00:00,FLAT,575010268.0479594,575010268.0479594,0.0,0.0,1927.4
2025-12-02 09:15:00,FLAT,575010268.0479594,575010268.0479594,0.0,0.0,1927.7
2025-12-02 09:30:00,FLAT,575010268.0479594,575010268.0479594,0.0,0.0,1926.8
2025-12-02 09:45:00,FLAT,575010268.0479594,575010268.0479594,0.0,0.0,1927.2
2025-12-02 10:00:00,FLAT,575010268.0479594,575010268.0479594,0.0,0.0,1925.7
2025-12-02 10:15:00,FLAT,575010268.0479594,575010268.0479594,0.0,0.0,1921.3
2025-12-02 10:30:00,FLAT,575010268.0479594,575010268.0479594,0.0,0.0,1919.9
2025-12-02 10:45:00,SHORT,574721902.5356411,573158651.324767,-1563251.210874114,0.0,1924.0
2025-12-02 11:00:00,SHORT,574721902.5356411,573558651.324767,-1163251.210874023,0.0,1923.6
2025-12-02 11:15:00,SHORT,574721902.5356411,575358651.324767,636748.7891259316,0.0,1921.8
2025-12-02 13:00:00,SHORT,574721902.5356411,573958651.3247669,-763251.2108741594,0.0,1923.2
2025-12-02 13:15:00,FLAT,570369676.324767,570369676.324767,0.0,0.0,1927.6
2025-12-02 13:30:00,FLAT,570369676.324767,570369676.324767,0.0,0.0,1927.4
2025-12-02 13:45:00,FLAT,570369676.324767,570369676.324767,0.0,0.0,1935.0
2025-12-02 14:00:00,FLAT,570369676.324767,570369676.324767,0.0,0.0,1936.1
2025-12-02 14:15:00,FLAT,570369676.324767,570369676.324767,0.0,0.0,1944.3
2025-12-02 14:30:00,FLAT,570369676.324767,570369676.324767,0.0,0.0,1946.0
2025-12-03 09:00:00,FLAT,570369676.324767,570369676.324767,0.0,0.0,1952.5
2025-12-03 09:15:00,FLAT,570369676.324767,570369676.324767,0.0,0.0,1951.6
2025-12-03 09:30:00,FLAT,570369676.324767,570369676.324767,0.0,0.0,1952.8
2025-12-03 09:45:00,FLAT,570369676.324767,570369676.324767,0.0,0.0,1950.1
2025-12-03 10:00:00,FLAT,570369676.324767,570369676.324767,0.0,0.0,1951.1
2025-12-03 10:15:00,FLAT,570369676.324767,570369676.324767,0.0,0.0,1953.9
2025-12-03 10:30:00,FLAT,570369676.324767,570369676.324767,0.0,0.0,1952.6
2025-12-03 10:45:00,FLAT,570369676.324767,570369676.324767,0.0,0.0,1951.6
2025-12-03 11:00:00,FLAT,570369676.324767,570369676.324767,0.0,0.0,1954.5
2025-12-03 11:15:00,FLAT,570369676.324767,570369676.324767,0.0,0.0,1954.3
2025-12-03 13:00:00,FLAT,570369676.324767,570369676.324767,0.0,0.0,1960.2
2025-12-03 13:15:00,FLAT,570369676.324767,570369676.324767,0.0,0.0,1962.6
2025-12-03 13:30:00,FLAT,570369676.324767,570369676.324767,0.0,0.0,1971.1
2025-12-03 13:45:00,FLAT,570369676.324767,570369676.324767,0.0,0.0,1973.9
2025-12-03 14:00:00,FLAT,570369676.324767,570369676.324767,0.0,0.0,1980.3
2025-12-03 14:15:00,FLAT,570369676.324767,570369676.324767,0.0,0.0,1977.0
2025-12-03 14:30:00,FLAT,570369676.324767,570369676.324767,0.0,0.0,1977.9
2025-12-04 09:00:00,FLAT,570369676.324767,570369676.324767,0.0,0.0,1974.5
2025-12-04 09:15:00,FLAT,570369676.324767,570369676.324767,0.0,0.0,1974.1
2025-12-04 09:30:00,FLAT,570369676.324767,570369676.324767,0.0,0.0,1972.0
2025-12-04 09:45:00,FLAT,570369676.324767,570369676.324767,0.0,0.0,1967.2
2025-12-04 10:00:00,FLAT,570369676.324767,570369676.324767,0.0,0.0,1967.9
2025-12-04 10:15:00,FLAT,570369676.324767,570369676.324767,0.0,0.0,1971.9
2025-12-04 10:30:00,FLAT,570369676.324767,570369676.324767,0.0,0.0,1971.9
2025-12-04 10:45:00,FLAT,570369676.324767,570369676.324767,0.0,0.0,1973.3
2025-12-04 11:00:00,FLAT,570369676.324767,570369676.324767,0.0,0.0,1970.6
2025-12-04 11:15:00,FLAT,570369676.324767,570369676.324767,0.0,0.0,1972.7
2025-12-04 13:00:00,FLAT,570369676.324767,570369676.324767,0.0,0.0,1979.8
2025-12-04 13:15:00,FLAT,570369676.324767,570369676.324767,0.0,0.0,1979.0
2025-12-04 13:30:00,FLAT,570369676.324767,570369676.324767,0.0,0.0,1977.7
2025-12-04 13:45:00,FLAT,570369676.324767,570369676.324767,0.0,0.0,1985.2
2025-12-04 14:00:00,FLAT,565767382.156538,565767382.156538,0.0,0.0,1975.3
2025-12-04 14:15:00,FLAT,565767382.156538,565767382.156538,0.0,0.0,1974.3
2025-12-04 14:30:00,FLAT,565767382.156538,565767382.156538,0.0,0.0,1975.8
2025-12-05 09:00:00,FLAT,565767382.156538,565767382.156538,0.0,0.0,1985.9
2025-12-05 09:15:00,FLAT,565767382.156538,565767382.156538,0.0,0.0,1983.5
2025-12-05 09:30:00,FLAT,565767382.156538,565767382.156538,0.0,0.0,1977.2
2025-12-05 09:45:00,FLAT,565767382.156538,565767382.156538,0.0,0.0,1973.3
2025-12-05 10:00:00,FLAT,565767382.156538,565767382.156538,0.0,0.0,1973.6
2025-12-05 10:15:00,FLAT,565767382.156538,565767382.156538,0.0,0.0,1971.7
2025-12-05 10:30:00,FLAT,565767382.156538,565767382.156538,0.0,0.0,1971.8
2025-12-05 10:45:00,FLAT,565767382.156538,565767382.156538,0.0,0.0,1970.8
2025-12-05 11:00:00,FLAT,565767382.156538,565767382.156538,0.0,0.0,1973.8
2025-12-05 11:15:00,FLAT,565767382.156538,565767382.156538,0.0,0.0,1974.5
2025-12-05 13:00:00,FLAT,565767382.156538,565767382.156538,0.0,0.0,1978.0
2025-12-05 13:15:00,FLAT,565767382.156538,565767382.156538,0.0,0.0,1978.5
2025-12-05 13:30:00,FLAT,565767382.156538,565767382.156538,0.0,0.0,1979.4
2025-12-05 13:45:00,FLAT,565767382.156538,565767382.156538,0.0,0.0,1977.6
2025-12-05 14:00:00,FLAT,565767382.156538,565767382.156538,0.0,0.0,1977.1
2025-12-05 14:15:00,FLAT,565767382.156538,565767382.156538,0.0,0.0,1976.0
2025-12-05 14:30:00,FLAT,565767382.156538,565767382.156538,0.0,0.0,1978.0
2025-12-08 09:00:00,FLAT,565767382.156538,565767382.156538,0.0,0.0,1978.7
2025-12-08 09:15:00,FLAT,565767382.156538,565767382.156538,0.0,0.0,1980.2
2025-12-08 09:30:00,FLAT,565767382.156538,565767382.156538,0.0,0.0,1981.0
2025-12-08 09:45:00,FLAT,565767382.156538,565767382.156538,0.0,0.0,1981.8
2025-12-08 10:00:00,FLAT,565767382.156538,565767382.156538,0.0,0.0,1988.5
2025-12-08 10:15:00,LONG,565469317.8369758,564873854.0889031,-595463.7480726887,0.0,1986.5
2025-12-08 10:30:00,LONG,565469317.8369758,564873854.0889031,-595463.7480726887,0.0,1986.5
2025-12-08 10:45:00,LONG,565469317.8369758,565073854.0889032,-395463.7480726433,0.0,1986.7
2025-12-08 11:00:00,LONG,565469317.8369758,566173854.0889031,704536.2519272658,0.0,1987.8
2025-12-08 11:15:00,LONG,565469317.8369758,569573854.0889032,4104536.2519273567,0.0,1991.2
2025-12-08 13:00:00,LONG,565469317.8369758,565673854.0889031,204536.25192726578,0.0,1987.3
2025-12-08 13:15:00,LONG,565469317.8369758,564273854.0889032,-1195463.748072598,0.0,1985.9
2025-12-08 13:30:00,FLAT,561076404.0889031,561076404.0889031,0.0,0.0,1984.3
2025-12-08 13:45:00,FLAT,561076404.0889031,561076404.0889031,0.0,0.0,1978.7
2025-12-08 14:00:00,FLAT,561076404.0889031,561076404.0889031,0.0,0.0,1979.0
2025-12-08 14:15:00,FLAT,561076404.0889031,561076404.0889031,0.0,0.0,1984.0
2025-12-08 14:30:00,FLAT,561076404.0889031,561076404.0889031,0.0,0.0,1982.0
2025-12-09 09:00:00,FLAT,561076404.0889031,561076404.0889031,0.0,0.0,1984.5
2025-12-09 09:15:00,FLAT,561076404.0889031,561076404.0889031,0.0,0.0,1975.3
2025-12-09 09:30:00,FLAT,561076404.0889031,561076404.0889031,0.0,0.0,1973.8
2025-12-09 09:45:00,FLAT,561076404.0889031,561076404.0889031,0.0,0.0,1972.8
2025-12-09 10:00:00,FLAT,561076404.0889031,561076404.0889031,0.0,0.0,1965.0
2025-12-09 10:15:00,FLAT,561076404.0889031,561076404.0889031,0.0,0.0,1967.5
2025-12-09 10:30:00,FLAT,561076404.0889031,561076404.0889031,0.0,0.0,1966.8
2025-12-09 10:45:00,FLAT,561076404.0889031,561076404.0889031,0.0,0.0,1967.4
2025-12-09 11:00:00,FLAT,561076404.0889031,561076404.0889031,0.0,0.0,1964.8
2025-12-09 11:15:00,FLAT,561076404.0889031,561076404.0889031,0.0,0.0,1966.3
2025-12-09 13:00:00,FLAT,561076404.0889031,561076404.0889031,0.0,0.0,1961.7
2025-12-09 13:15:00,FLAT,561076404.0889031,561076404.0889031,0.0,0.0,1958.4
2025-12-09 13:30:00,FLAT,561076404.0889031,561076404.0889031,0.0,0.0,1969.1
2025-12-09 13:45:00,FLAT,561076404.0889031,561076404.0889031,0.0,0.0,1980.4
2025-12-09 14:00:00,FLAT,561076404.0889031,561076404.0889031,0.0,0.0,1984.1
2025-12-09 14:15:00,FLAT,561076404.0889031,561076404.0889031,0.0,0.0,1977.9
2025-12-09 14:30:00,FLAT,561076404.0889031,561076404.0889031,0.0,0.0,1977.6
2025-12-10 09:00:00,FLAT,561076404.0889031,561076404.0889031,0.0,0.0,1967.2
2025-12-10 09:15:00,FLAT,561076404.0889031,561076404.0889031,0.0,0.0,1960.0
2025-12-10 09:30:00,FLAT,561076404.0889031,561076404.0889031,0.0,0.0,1964.6
2025-12-10 09:45:00,FLAT,561076404.0889031,561076404.0889031,0.0,0.0,1965.0
2025-12-10 10:00:00,FLAT,561076404.0889031,561076404.0889031,0.0,0.0,1961.7
2025-12-10 10:15:00,FLAT,561076404.0889031,561076404.0889031,0.0,0.0,1960.0
2025-12-10 10:30:00,FLAT,561076404.0889031,561076404.0889031,0.0,0.0,1959.1
2025-12-10 10:45:00,FLAT,561076404.0889031,561076404.0889031,0.0,0.0,1961.2
2025-12-10 11:00:00,FLAT,561076404.0889031,561076404.0889031,0.0,0.0,1960.3
2025-12-10 11:15:00,FLAT,561076404.0889031,561076404.0889031,0.0,0.0,1957.1
2025-12-10 13:00:00,FLAT,561076404.0889031,561076404.0889031,0.0,0.0,1961.0
2025-12-10 13:15:00,FLAT,561076404.0889031,561076404.0889031,0.0,0.0,1958.2
2025-12-10 13:30:00,FLAT,561076404.0889031,561076404.0889031,0.0,0.0,1951.9
2025-12-10 13:45:00,FLAT,561076404.0889031,561076404.0889031,0.0,0.0,1951.8
2025-12-10 14:00:00,FLAT,561076404.0889031,561076404.0889031,0.0,0.0,1946.9
2025-12-10 14:15:00,FLAT,561076404.0889031,561076404.0889031,0.0,0.0,1940.5
2025-12-10 14:30:00,FLAT,561076404.0889031,561076404.0889031,0.0,0.0,1937.0
2025-12-11 09:00:00,FLAT,561076404.0889031,561076404.0889031,0.0,0.0,1938.8
2025-12-11 09:15:00,FLAT,561076404.0889031,561076404.0889031,0.0,0.0,1941.0
2025-12-11 09:30:00,FLAT,561076404.0889031,561076404.0889031,0.0,0.0,1934.8
2025-12-11 09:45:00,FLAT,561076404.0889031,561076404.0889031,0.0,0.0,1930.4
2025-12-11 10:00:00,FLAT,561076404.0889031,561076404.0889031,0.0,0.0,1926.5
2025-12-11 10:15:00,FLAT,561076404.0889031,561076404.0889031,0.0,0.0,1927.3
2025-12-11 10:30:00,SHORT,560786934.9603511,559181125.3064598,-1605809.653891356,0.0,1931.4
2025-12-11 10:45:00,FLAT,555190860.3064599,555190860.3064599,0.0,0.0,1935.8
2025-12-11 11:00:00,FLAT,555190860.3064599,555190860.3064599,0.0,0.0,1936.9
2025-12-11 11:15:00,FLAT,555190860.3064599,555190860.3064599,0.0,0.0,1939.0
2025-12-11 13:00:00,FLAT,555190860.3064599,555190860.3064599,0.0,0.0,1935.4
2025-12-11 13:15:00,FLAT,555190860.3064599,555190860.3064599,0.0,0.0,1930.7
2025-12-11 13:30:00,FLAT,555190860.3064599,555190860.3064599,0.0,0.0,1926.8
2025-12-11 13:45:00,FLAT,549236623.0074806,549236623.0074806,0.0,0.0,1936.1
2025-12-11 14:00:00,FLAT,549236623.0074806,549236623.0074806,0.0,0.0,1929.0
2025-12-11 14:15:00,FLAT,549236623.0074806,549236623.0074806,0.0,0.0,1919.5
2025-12-11 14:30:00,FLAT,549236623.0074806,549236623.0074806,0.0,0.0,1918.0
2025-12-12 09:00:00,FLAT,549236623.0074806,549236623.0074806,0.0,0.0,1922.1
2025-12-12 09:15:00,FLAT,549236623.0074806,549236623.0074806,0.0,0.0,1914.8
2025-12-12 09:30:00,FLAT,549236623.0074806,549236623.0074806,0.0,0.0,1912.0
2025-12-12 09:45:00,FLAT,549236623.0074806,549236623.0074806,0.0,0.0,1910.3
2025-12-12 10:00:00,FLAT,549236623.0074806,549236623.0074806,0.0,0.0,1910.3
2025-12-12 10:15:00,FLAT,549236623.0074806,549236623.0074806,0.0,0.0,1910.0
2025-12-12 10:30:00,FLAT,549236623.0074806,549236623.0074806,0.0,0.0,1909.9
2025-12-12 10:45:00,FLAT,549236623.0074806,549236623.0074806,0.0,0.0,1906.6
2025-12-12 11:00:00,FLAT,549236623.0074806,549236623.0074806,0.0,0.0,1912.0
2025-12-12 11:15:00,FLAT,549236623.0074806,549236623.0074806,0.0,0.0,1904.7
2025-12-12 13:00:00,FLAT,549236623.0074806,549236623.0074806,0.0,0.0,1906.5
2025-12-12 13:15:00,FLAT,549236623.0074806,549236623.0074806,0.0,0.0,1908.0
2025-12-12 13:30:00,FLAT,549236623.0074806,549236623.0074806,0.0,0.0,1900.6
2025-12-12 13:45:00,FLAT,549236623.0074806,549236623.0074806,0.0,0.0,1901.4
2025-12-12 14:00:00,FLAT,549236623.0074806,549236623.0074806,0.0,0.0,1891.4
2025-12-12 14:15:00,FLAT,549236623.0074806,549236623.0074806,0.0,0.0,1867.1
2025-12-12 14:30:00,FLAT,549236623.0074806,549236623.0074806,0.0,0.0,1871.0
2025-12-15 09:00:00,FLAT,549236623.0074806,549236623.0074806,0.0,0.0,1870.9
2025-12-15 09:15:00,FLAT,549236623.0074806,549236623.0074806,0.0,0.0,1868.5
2025-12-15 09:30:00,FLAT,549236623.0074806,549236623.0074806,0.0,0.0,1869.9
2025-12-15 09:45:00,FLAT,549236623.0074806,549236623.0074806,0.0,0.0,1871.5
2025-12-15 10:00:00,FLAT,549236623.0074806,549236623.0074806,0.0,0.0,1874.8
2025-12-15 10:15:00,FLAT,549236623.0074806,549236623.0074806,0.0,0.0,1883.8
2025-12-15 10:30:00,LONG,548982550.4269646,547435346.9869819,-1547203.439982718,0.0,1880.3
2025-12-15 10:45:00,LONG,548982550.4269646,546625346.986982,-2357203.4399825954,0.0,1879.4
2025-12-15 11:00:00,FLAT,543312086.986982,543312086.986982,0.0,0.0,1871.7
2025-12-15 11:15:00,FLAT,543312086.986982,543312086.986982,0.0,0.0,1871.6
2025-12-15 13:00:00,FLAT,543312086.986982,543312086.986982,0.0,0.0,1875.6
2025-12-15 13:15:00,FLAT,543312086.986982,543312086.986982,0.0,0.0,1871.8
2025-12-15 13:30:00,FLAT,543312086.986982,543312086.986982,0.0,0.0,1868.2
2025-12-15 13:45:00,FLAT,543312086.986982,543312086.986982,0.0,0.0,1861.1
2025-12-15 14:00:00,FLAT,537419755.6653963,537419755.6653963,0.0,0.0,1870.5
2025-12-15 14:15:00,FLAT,537419755.6653963,537419755.6653963,0.0,0.0,1867.1
2025-12-15 14:30:00,FLAT,537419755.6653963,537419755.6653963,0.0,0.0,1867.0
2025-12-16 09:00:00,FLAT,537419755.6653963,537419755.6653963,0.0,0.0,1875.7
2025-12-16 09:15:00,FLAT,537419755.6653963,537419755.6653963,0.0,0.0,1869.4
2025-12-16 09:30:00,FLAT,537419755.6653963,537419755.6653963,0.0,0.0,1871.7
2025-12-16 09:45:00,FLAT,537419755.6653963,537419755.6653963,0.0,0.0,1865.1
2025-12-16 10:00:00,FLAT,537419755.6653963,537419755.6653963,0.0,0.0,1863.0
2025-12-16 10:15:00,FLAT,537419755.6653963,537419755.6653963,0.0,0.0,1859.6
2025-12-16 10:30:00,SHORT,537168334.8619565,537057024.4610802,-111310.40087625479,0.0,1862.5
2025-12-16 10:45:00,FLAT,531404776.9610802,531404776.9610802,0.0,0.0,1870.9
2025-12-16 11:00:00,FLAT,531404776.9610802,531404776.9610802,0.0,0.0,1868.4
2025-12-16 11:15:00,FLAT,531404776.9610802,531404776.9610802,0.0,0.0,1865.2
2025-12-16 13:00:00,FLAT,531404776.9610802,531404776.9610802,0.0,0.0,1885.7
2025-12-16 13:15:00,FLAT,531404776.9610802,531404776.9610802,0.0,0.0,1889.7
2025-12-16 13:30:00,FLAT,531404776.9610802,531404776.9610802,0.0,0.0,1915.6
2025-12-16 13:45:00,FLAT,531404776.9610802,531404776.9610802,0.0,0.0,1913.2
2025-12-16 14:00:00,FLAT,531404776.9610802,531404776.9610802,0.0,0.0,1921.1
2025-12-16 14:15:00,FLAT,531404776.9610802,531404776.9610802,0.0,0.0,1914.3
2025-12-16 14:30:00,FLAT,531404776.9610802,531404776.9610802,0.0,0.0,1916.9
2025-12-17 09:00:00,FLAT,531404776.9610802,531404776.9610802,0.0,0.0,1912.7
2025-12-17 09:15:00,FLAT,531404776.9610802,531404776.9610802,0.0,0.0,1910.7
2025-12-17 09:30:00,FLAT,531404776.9610802,531404776.9610802,0.0,0.0,1913.1
2025-12-17 09:45:00,FLAT,531404776.9610802,531404776.9610802,0.0,0.0,1916.5
2025-12-17 10:00:00,FLAT,531404776.9610802,531404776.9610802,0.0,0.0,1914.0
2025-12-17 10:15:00,FLAT,531404776.9610802,531404776.9610802,0.0,0.0,1913.0
2025-12-17 10:30:00,FLAT,531404776.9610802,531404776.9610802,0.0,0.0,1913.6
2025-12-17 10:45:00,FLAT,531404776.9610802,531404776.9610802,0.0,0.0,1912.5
2025-12-17 11:00:00,FLAT,531404776.9610802,531404776.9610802,0.0,0.0,1911.4
2025-12-17 11:15:00,FLAT,531404776.9610802,531404776.9610802,0.0,0.0,1911.8
2025-12-17 13:00:00,FLAT,531404776.9610802,531404776.9610802,0.0,0.0,1909.1
2025-12-17 13:15:00,FLAT,531404776.9610802,531404776.9610802,0.0,0.0,1902.2
2025-12-17 13:30:00,FLAT,531404776.9610802,531404776.9610802,0.0,0.0,1902.8
2025-12-17 13:45:00,FLAT,531404776.9610802,531404776.9610802,0.0,0.0,1907.2
2025-12-17 14:00:00,FLAT,531404776.9610802,531404776.9610802,0.0,0.0,1904.4
2025-12-17 14:15:00,FLAT,531404776.9610802,531404776.9610802,0.0,0.0,1898.6
2025-12-17 14:30:00,FLAT,531404776.9610802,531404776.9610802,0.0,0.0,1899.9
2025-12-18 09:00:00,FLAT,531404776.9610802,531404776.9610802,0.0,0.0,1893.4
2025-12-18 09:15:00,FLAT,531404776.9610802,531404776.9610802,0.0,0.0,1888.3
2025-12-18 09:30:00,FLAT,531404776.9610802,531404776.9610802,0.0,0.0,1886.3
2025-12-18 09:45:00,FLAT,531404776.9610802,531404776.9610802,0.0,0.0,1886.8
2025-12-18 10:00:00,FLAT,531404776.9610802,531404776.9610802,0.0,0.0,1889.2
2025-12-18 10:15:00,FLAT,531404776.9610802,531404776.9610802,0.0,0.0,1887.7
2025-12-18 10:30:00,FLAT,531404776.9610802,531404776.9610802,0.0,0.0,1890.9
2025-12-18 10:45:00,FLAT,531404776.9610802,531404776.9610802,0.0,0.0,1889.7
2025-12-18 11:00:00,FLAT,531404776.9610802,531404776.9610802,0.0,0.0,1892.9
2025-12-18 11:15:00,FLAT,531404776.9610802,531404776.9610802,0.0,0.0,1892.2
2025-12-18 13:00:00,FLAT,531404776.9610802,531404776.9610802,0.0,0.0,1893.4
2025-12-18 13:15:00,FLAT,531404776.9610802,531404776.9610802,0.0,0.0,1893.0
2025-12-18 13:30:00,FLAT,531404776.9610802,531404776.9610802,0.0,0.0,1892.5
2025-12-18 13:45:00,FLAT,531404776.9610802,531404776.9610802,0.0,0.0,1898.2
2025-12-18 14:00:00,FLAT,531404776.9610802,531404776.9610802,0.0,0.0,1893.1
2025-12-18 14:15:00,FLAT,531404776.9610802,531404776.9610802,0.0,0.0,1899.1
2025-12-18 14:30:00,FLAT,531404776.9610802,531404776.9610802,0.0,0.0,1899.0
2025-12-19 09:00:00,FLAT,531404776.9610802,531404776.9610802,0.0,0.0,1912.8
2025-12-19 09:15:00,FLAT,531404776.9610802,531404776.9610802,0.0,0.0,1922.5
2025-12-19 09:30:00,FLAT,531404776.9610802,531404776.9610802,0.0,0.0,1924.8
2025-12-19 09:45:00,FLAT,531404776.9610802,531404776.9610802,0.0,0.0,1929.0
2025-12-19 10:00:00,FLAT,531404776.9610802,531404776.9610802,0.0,0.0,1928.2
2025-12-19 10:15:00,FLAT,531404776.9610802,531404776.9610802,0.0,0.0,1929.6
2025-12-19 10:30:00,FLAT,531404776.9610802,531404776.9610802,0.0,0.0,1930.5
2025-12-19 10:45:00,FLAT,531404776.9610802,531404776.9610802,0.0,0.0,1926.6
2025-12-19 11:00:00,FLAT,531404776.9610802,531404776.9610802,0.0,0.0,1926.3
2025-12-19 11:15:00,FLAT,531404776.9610802,531404776.9610802,0.0,0.0,1927.7
2025-12-19 13:00:00,FLAT,531404776.9610802,531404776.9610802,0.0,0.0,1930.0
2025-12-19 13:15:00,FLAT,531404776.9610802,531404776.9610802,0.0,0.0,1924.7
2025-12-19 13:30:00,FLAT,531404776.9610802,531404776.9610802,0.0,0.0,1923.6
2025-12-19 13:45:00,FLAT,531404776.9610802,531404776.9610802,0.0,0.0,1930.9
2025-12-19 14:00:00,FLAT,531404776.9610802,531404776.9610802,0.0,0.0,1936.1
2025-12-19 14:15:00,FLAT,531404776.9610802,531404776.9610802,0.0,0.0,1934.8
2025-12-19 14:30:00,FLAT,531404776.9610802,531404776.9610802,0.0,0.0,1935.0
2025-12-22 09:00:00,FLAT,531404776.9610802,531404776.9610802,0.0,0.0,1944.5
2025-12-22 09:15:00,FLAT,531404776.9610802,531404776.9610802,0.0,0.0,1942.0
2025-12-22 09:30:00,FLAT,531404776.9610802,531404776.9610802,0.0,0.0,1950.0
2025-12-22 09:45:00,FLAT,531404776.9610802,531404776.9610802,0.0,0.0,1949.6
2025-12-22 10:00:00,FLAT,531404776.9610802,531404776.9610802,0.0,0.0,1951.8
2025-12-22 10:15:00,FLAT,531404776.9610802,531404776.9610802,0.0,0.0,1948.5
2025-12-22 10:30:00,FLAT,531404776.9610802,531404776.9610802,0.0,0.0,1951.2
2025-12-22 10:45:00,FLAT,531404776.9610802,531404776.9610802,0.0,0.0,1958.0
2025-12-22 11:00:00,FLAT,531404776.9610802,531404776.9610802,0.0,0.0,1971.0
2025-12-22 11:15:00,FLAT,531404776.9610802,531404776.9610802,0.0,0.0,1973.4
2025-12-22 13:00:00,FLAT,531404776.9610802,531404776.9610802,0.0,0.0,1987.3
2025-12-22 13:15:00,FLAT,531404776.9610802,531404776.9610802,0.0,0.0,1987.1
2025-12-22 13:30:00,FLAT,531404776.9610802,531404776.9610802,0.0,0.0,1986.2
2025-12-22 13:45:00,FLAT,531404776.9610802,531404776.9610802,0.0,0.0,1986.5
2025-12-22 14:00:00,FLAT,531404776.9610802,531404776.9610802,0.0,0.0,1990.0
2025-12-22 14:15:00,FLAT,531404776.9610802,531404776.9610802,0.0,0.0,1994.5
2025-12-22 14:30:00,FLAT,531404776.9610802,531404776.9610802,0.0,0.0,1998.0
2025-12-23 09:00:00,FLAT,531404776.9610802,531404776.9610802,0.0,0.0,2001.6
2025-12-23 09:15:00,FLAT,531404776.9610802,531404776.9610802,0.0,0.0,2008.2
2025-12-23 09:30:00,FLAT,531404776.9610802,531404776.9610802,0.0,0.0,2009.0
2025-12-23 09:45:00,FLAT,531404776.9610802,531404776.9610802,0.0,0.0,2009.4
2025-12-23 10:00:00,FLAT,531404776.9610802,531404776.9610802,0.0,0.0,2004.6
2025-12-23 10:15:00,FLAT,531404776.9610802,531404776.9610802,0.0,0.0,2001.3
2025-12-23 10:30:00,FLAT,531404776.9610802,531404776.9610802,0.0,0.0,2003.4
2025-12-23 10:45:00,FLAT,531404776.9610802,531404776.9610802,0.0,0.0,2004.3
2025-12-23 11:00:00,FLAT,531404776.9610802,531404776.9610802,0.0,0.0,2008.0
2025-12-23 11:15:00,FLAT,531404776.9610802,531404776.9610802,0.0,0.0,2008.0
2025-12-23 13:00:00,FLAT,531404776.9610802,531404776.9610802,0.0,0.0,2017.8
2025-12-23 13:15:00,FLAT,531404776.9610802,531404776.9610802,0.0,0.0,2024.7
2025-12-23 13:30:00,LONG,531101227.69710374,528939467.8540089,-2161759.843094842,0.0,2021.5
2025-12-23 13:45:00,FLAT,525036782.854009,525036782.854009,0.0,0.0,2017.1
2025-12-23 14:00:00,FLAT,525036782.854009,525036782.854009,0.0,0.0,2015.1
2025-12-23 14:15:00,FLAT,525036782.854009,525036782.854009,0.0,0.0,2018.1
2025-12-23 14:30:00,FLAT,525036782.854009,525036782.854009,0.0,0.0,2017.0
2025-12-24 09:00:00,FLAT,525036782.854009,525036782.854009,0.0,0.0,2017.0
2025-12-24 09:15:00,FLAT,525036782.854009,525036782.854009,0.0,0.0,2007.5
2025-12-24 09:30:00,SHORT,524735526.6156309,520210449.1359052,-4525077.479725723,0.0,2012.9
2025-12-24 09:45:00,FLAT,518708334.1359054,518708334.1359054,0.0,0.0,2017.5
2025-12-24 10:00:00,FLAT,518708334.1359054,518708334.1359054,0.0,0.0,2018.8
2025-12-24 10:15:00,FLAT,518708334.1359054,518708334.1359054,0.0,0.0,2021.6
2025-12-24 10:30:00,FLAT,518708334.1359054,518708334.1359054,0.0,0.0,2019.9
2025-12-24 10:45:00,FLAT,518708334.1359054,518708334.1359054,0.0,0.0,2017.8
2025-12-24 11:00:00,FLAT,518708334.1359054,518708334.1359054,0.0,0.0,2016.0
2025-12-24 11:15:00,FLAT,518708334.1359054,518708334.1359054,0.0,0.0,2018.1
2025-12-24 13:00:00,FLAT,518708334.1359054,518708334.1359054,0.0,0.0,2013.8
2025-12-24 13:15:00,FLAT,518708334.1359054,518708334.1359054,0.0,0.0,2010.3
2025-12-24 13:30:00,FLAT,518708334.1359054,518708334.1359054,0.0,0.0,2009.0
2025-12-24 13:45:00,FLAT,518708334.1359054,518708334.1359054,0.0,0.0,2018.4
2025-12-24 14:00:00,FLAT,518708334.1359054,518708334.1359054,0.0,0.0,2019.6
2025-12-24 14:15:00,FLAT,518708334.1359054,518708334.1359054,0.0,0.0,2016.9
2025-12-24 14:30:00,FLAT,518708334.1359054,518708334.1359054,0.0,0.0,2017.9
2025-12-25 09:00:00,FLAT,518708334.1359054,518708334.1359054,0.0,0.0,2016.5
2025-12-25 09:15:00,FLAT,518708334.1359054,518708334.1359054,0.0,0.0,2032.4
2025-12-25 09:30:00,FLAT,518708334.1359054,518708334.1359054,0.0,0.0,2039.0
2025-12-25 09:45:00,FLAT,518708334.1359054,518708334.1359054,0.0,0.0,2038.4
2025-12-25 10:00:00,FLAT,518708334.1359054,518708334.1359054,0.0,0.0,2043.8
2025-12-25 10:15:00,FLAT,518708334.1359054,518708334.1359054,0.0,0.0,2039.8
2025-12-25 10:30:00,FLAT,518708334.1359054,518708334.1359054,0.0,0.0,2037.0
2025-12-25 10:45:00,FLAT,518708334.1359054,518708334.1359054,0.0,0.0,2039.7
2025-12-25 11:00:00,FLAT,518708334.1359054,518708334.1359054,0.0,0.0,2035.2
2025-12-25 11:15:00,FLAT,518708334.1359054,518708334.1359054,0.0,0.0,2036.9
2025-12-25 13:00:00,FLAT,518708334.1359054,518708334.1359054,0.0,0.0,2028.6
2025-12-25 13:15:00,FLAT,518708334.1359054,518708334.1359054,0.0,0.0,2024.9
2025-12-25 13:30:00,FLAT,518708334.1359054,518708334.1359054,0.0,0.0,2034.0
2025-12-25 13:45:00,FLAT,518708334.1359054,518708334.1359054,0.0,0.0,2030.6
2025-12-25 14:00:00,FLAT,518708334.1359054,518708334.1359054,0.0,0.0,2031.0
2025-12-25 14:15:00,FLAT,518708334.1359054,518708334.1359054,0.0,0.0,2022.9
2025-12-25 14:30:00,FLAT,518708334.1359054,518708334.1359054,0.0,0.0,2022.0
2025-12-26 09:00:00,FLAT,518708334.1359054,518708334.1359054,0.0,0.0,1938.8
2025-12-26 09:15:00,FLAT,518708334.1359054,518708334.1359054,0.0,0.0,1939.5
2025-12-26 09:30:00,FLAT,518708334.1359054,518708334.1359054,0.0,0.0,1941.5
2025-12-26 09:45:00,FLAT,518708334.1359054,518708334.1359054,0.0,0.0,1940.8
2025-12-26 10:00:00,FLAT,518708334.1359054,518708334.1359054,0.0,0.0,1933.2
2025-12-26 10:15:00,FLAT,518708334.1359054,518708334.1359054,0.0,0.0,1930.3
2025-12-26 10:30:00,FLAT,518708334.1359054,518708334.1359054,0.0,0.0,1935.5
2025-12-26 10:45:00,FLAT,518708334.1359054,518708334.1359054,0.0,0.0,1938.5
2025-12-26 11:00:00,FLAT,518708334.1359054,518708334.1359054,0.0,0.0,1939.0
2025-12-26 11:15:00,FLAT,518708334.1359054,518708334.1359054,0.0,0.0,1932.5
2025-12-26 13:00:00,FLAT,518708334.1359054,518708334.1359054,0.0,0.0,1932.1
2025-12-26 13:15:00,FLAT,518708334.1359054,518708334.1359054,0.0,0.0,1946.7
2025-12-26 13:30:00,LONG,518504331.01122487,529083499.8077304,10579168.796505518,0.0,1958.0
2025-12-26 13:45:00,LONG,518504331.01122487,530693499.8077304,12189168.796505487,0.0,1960.3
2025-12-26 14:00:00,FLAT,543062078.9122121,543062078.9122121,0.0,0.0,1960.7
2025-12-26 14:15:00,FLAT,543062078.9122121,543062078.9122121,0.0,0.0,1971.5
2025-12-26 14:30:00,FLAT,543062078.9122121,543062078.9122121,0.0,0.0,1972.9
2025-12-29 09:00:00,FLAT,543062078.9122121,543062078.9122121,0.0,0.0,1965.2
2025-12-29 09:15:00,FLAT,543062078.9122121,543062078.9122121,0.0,0.0,1968.8
2025-12-29 09:30:00,FLAT,543062078.9122121,543062078.9122121,0.0,0.0,1978.4
2025-12-29 09:45:00,FLAT,543062078.9122121,543062078.9122121,0.0,0.0,1980.7
2025-12-29 10:00:00,LONG,542883822.1296827,542505271.9330056,-378550.19667708804,0.0,1980.0
2025-12-29 10:15:00,LONG,542883822.1296827,540225271.9330056,-2658550.196677061,0.0,1976.2
2025-12-29 10:30:00,FLAT,537527791.9330056,537527791.9330056,0.0,0.0,1975.0
2025-12-29 10:45:00,FLAT,537527791.9330056,537527791.9330056,0.0,0.0,1980.6
2025-12-29 11:00:00,LONG,537349573.9841875,539689915.196958,2340341.2127704085,0.0,1984.1
2025-12-29 11:15:00,LONG,537349573.9841875,540349915.196958,3000341.2127704904,0.0,1985.2
2025-12-29 13:00:00,LONG,537349573.9841875,539449915.196958,2100341.2127704904,0.0,1983.7
2025-12-29 13:15:00,LONG,537349573.9841875,542449915.196958,5100341.212770491,0.0,1988.7
2025-12-29 13:30:00,LONG,537349573.9841875,549469915.196958,12120341.212770518,0.0,2000.4
2025-12-29 13:45:00,LONG,537349573.9841875,549589915.196958,12240341.212770408,0.0,2000.6
2025-12-29 14:00:00,LONG,537349573.9841875,546589915.196958,9240341.212770408,0.0,1995.6
2025-12-29 14:15:00,FLAT,538911436.196958,538911436.196958,0.0,0.0,1983.6
2025-12-29 14:30:00,FLAT,538911436.196958,538911436.196958,0.0,0.0,1984.2
2025-12-30 09:00:00,FLAT,538911436.196958,538911436.196958,0.0,0.0,1996.7
2025-12-30 09:15:00,FLAT,538911436.196958,538911436.196958,0.0,0.0,2002.8
2025-12-30 09:30:00,FLAT,538911436.196958,538911436.196958,0.0,0.0,2001.0
2025-12-30 09:45:00,FLAT,538911436.196958,538911436.196958,0.0,0.0,2003.0
2025-12-30 10:00:00,FLAT,538911436.196958,538911436.196958,0.0,0.0,1993.3
2025-12-30 10:15:00,FLAT,538911436.196958,538911436.196958,0.0,0.0,1992.5
2025-12-30 10:30:00,FLAT,538911436.196958,538911436.196958,0.0,0.0,1991.5
2025-12-30 10:45:00,FLAT,538911436.196958,538911436.196958,0.0,0.0,1989.0
2025-12-30 11:00:00,FLAT,538911436.196958,538911436.196958,0.0,0.0,1992.1
2025-12-30 11:15:00,FLAT,538911436.196958,538911436.196958,0.0,0.0,1988.0
2025-12-30 13:00:00,FLAT,538911436.196958,538911436.196958,0.0,0.0,1993.9
2025-12-30 13:15:00,FLAT,538911436.196958,538911436.196958,0.0,0.0,1993.5
2025-12-30 13:30:00,FLAT,538911436.196958,538911436.196958,0.0,0.0,2001.9
2025-12-30 13:45:00,FLAT,538911436.196958,538911436.196958,0.0,0.0,1998.9
2025-12-30 14:00:00,FLAT,538911436.196958,538911436.196958,0.0,0.0,2001.8
2025-12-30 14:15:00,FLAT,538911436.196958,538911436.196958,0.0,0.0,2005.1
2025-12-30 14:30:00,FLAT,538911436.196958,538911436.196958,0.0,0.0,2007.2
2025-12-31 09:00:00,FLAT,538911436.196958,538911436.196958,0.0,0.0,2015.6
2025-12-31 09:15:00,FLAT,538911436.196958,538911436.196958,0.0,0.0,2019.4
2025-12-31 09:30:00,FLAT,538911436.196958,538911436.196958,0.0,0.0,2022.4
2025-12-31 09:45:00,FLAT,538911436.196958,538911436.196958,0.0,0.0,2018.9
2025-12-31 10:00:00,FLAT,538911436.196958,538911436.196958,0.0,0.0,2017.0
2025-12-31 10:15:00,FLAT,538911436.196958,538911436.196958,0.0,0.0,2018.4
2025-12-31 10:30:00,FLAT,538911436.196958,538911436.196958,0.0,0.0,2019.0
2025-12-31 10:45:00,FLAT,538911436.196958,538911436.196958,0.0,0.0,2018.5
2025-12-31 11:00:00,FLAT,538911436.196958,538911436.196958,0.0,0.0,2022.4
2025-12-31 11:15:00,FLAT,538911436.196958,538911436.196958,0.0,0.0,2025.0
2025-12-31 13:00:00,FLAT,538911436.196958,538911436.196958,0.0,0.0,2030.0
2025-12-31 13:15:00,FLAT,538911436.196958,538911436.196958,0.0,0.0,2032.0
2025-12-31 13:30:00,FLAT,538911436.196958,538911436.196958,0.0,0.0,2028.8
2025-12-31 13:45:00,FLAT,538911436.196958,538911436.196958,0.0,0.0,2030.4
2025-12-31 14:00:00,FLAT,538911436.196958,538911436.196958,0.0,0.0,2029.4
2025-12-31 14:15:00,FLAT,538911436.196958,538911436.196958,0.0,0.0,2033.8
2025-12-31 14:30:00,FLAT,538911436.196958,538911436.196958,0.0,0.0,2035.0
2026-01-05 09:00:00,FLAT,538911436.196958,538911436.196958,0.0,0.0,2030.6
2026-01-05 09:15:00,FLAT,538911436.196958,538911436.196958,0.0,0.0,2033.5
2026-01-05 09:30:00,FLAT,538911436.196958,538911436.196958,0.0,0.0,2019.1
2026-01-05 09:45:00,FLAT,538911436.196958,538911436.196958,0.0,0.0,2018.5
2026-01-05 10:00:00,FLAT,538911436.196958,538911436.196958,0.0,0.0,2019.3
2026-01-05 10:15:00,SHORT,538638461.7474984,537408124.8108602,-1230336.936638264,0.0,2023.4
2026-01-05 10:30:00,SHORT,538638461.7474984,541188124.8108602,2549663.063361777,0.0,2019.2
2026-01-05 10:45:00,SHORT,538638461.7474984,539568124.8108602,929663.0633618179,0.0,2021.0
2026-01-05 11:00:00,SHORT,538638461.7474984,537588124.8108602,-1050336.936638223,0.0,2023.2
2026-01-05 11:15:00,SHORT,538638461.7474984,539568124.8108602,929663.0633618179,0.0,2021.0
2026-01-05 13:00:00,SHORT,538638461.7474984,538218124.8108602,-420336.93663818215,0.0,2022.5
2026-01-05 13:15:00,SHORT,538638461.7474984,536328124.8108603,-2310336.9366381,0.0,2024.6
2026-01-05 13:30:00,FLAT,532814317.81086016,532814317.81086016,0.0,0.0,2029.9
2026-01-05 13:45:00,FLAT,532814317.81086016,532814317.81086016,0.0,0.0,2027.6
2026-01-05 14:00:00,FLAT,532814317.81086016,532814317.81086016,0.0,0.0,2015.6
2026-01-05 14:15:00,FLAT,532814317.81086016,532814317.81086016,0.0,0.0,2017.7
2026-01-05 14:30:00,FLAT,532814317.81086016,532814317.81086016,0.0,0.0,2019.0
2026-01-06 09:00:00,FLAT,532814317.81086016,532814317.81086016,0.0,0.0,2031.5
2026-01-06 09:15:00,FLAT,532814317.81086016,532814317.81086016,0.0,0.0,2040.4
2026-01-06 09:30:00,FLAT,532814317.81086016,532814317.81086016,0.0,0.0,2039.0
2026-01-06 09:45:00,FLAT,532814317.81086016,532814317.81086016,0.0,0.0,2041.5
2026-01-06 10:00:00,FLAT,532814317.81086016,532814317.81086016,0.0,0.0,2035.1
2026-01-06 10:15:00,FLAT,532814317.81086016,532814317.81086016,0.0,0.0,2031.7
2026-01-06 10:30:00,FLAT,532814317.81086016,532814317.81086016,0.0,0.0,2028.0
2026-01-06 10:45:00,FLAT,532814317.81086016,532814317.81086016,0.0,0.0,2030.3
2026-01-06 11:00:00,FLAT,532814317.81086016,532814317.81086016,0.0,0.0,2027.5
2026-01-06 11:15:00,FLAT,532814317.81086016,532814317.81086016,0.0,0.0,2027.8
2026-01-06 13:00:00,FLAT,532814317.81086016,532814317.81086016,0.0,0.0,2035.3
2026-01-06 13:15:00,FLAT,532814317.81086016,532814317.81086016,0.0,0.0,2042.6
2026-01-06 13:30:00,LONG,532538646.8506394,542252245.3788114,9713598.528171998,0.0,2052.8
2026-01-06 13:45:00,LONG,532538646.8506394,544052245.3788114,11513598.528171998,0.0,2054.8
2026-01-06 14:00:00,LONG,532538646.8506394,544142245.3788114,11603598.528171916,0.0,2054.9
2026-01-06 14:15:00,FLAT,546294469.3788111,546294469.3788111,0.0,0.0,2058.1
2026-01-06 14:30:00,FLAT,546294469.3788111,546294469.3788111,0.0,0.0,2061.9
2026-01-07 09:00:00,FLAT,546294469.3788111,546294469.3788111,0.0,0.0,2063.0
2026-01-07 09:15:00,FLAT,546294469.3788111,546294469.3788111,0.0,0.0,2060.7
2026-01-07 09:30:00,FLAT,546294469.3788111,546294469.3788111,0.0,0.0,2064.3
2026-01-07 09:45:00,FLAT,546294469.3788111,546294469.3788111,0.0,0.0,2068.4
2026-01-07 10:00:00,FLAT,546294469.3788111,546294469.3788111,0.0,0.0,2066.2
2026-01-07 10:15:00,FLAT,546294469.3788111,546294469.3788111,0.0,0.0,2064.2
2026-01-07 10:30:00,FLAT,546294469.3788111,546294469.3788111,0.0,0.0,2064.8
2026-01-07 10:45:00,FLAT,546294469.3788111,546294469.3788111,0.0,0.0,2068.7
2026-01-07 11:00:00,FLAT,546294469.3788111,546294469.3788111,0.0,0.0,2066.9
2026-01-07 11:15:00,FLAT,546294469.3788111,546294469.3788111,0.0,0.0,2066.7
2026-01-07 13:00:00,FLAT,546294469.3788111,546294469.3788111,0.0,0.0,2074.7
2026-01-07 13:15:00,FLAT,546294469.3788111,546294469.3788111,0.0,0.0,2076.6
2026-01-07 13:30:00,FLAT,546294469.3788111,546294469.3788111,0.0,0.0,2081.0
2026-01-07 13:45:00,FLAT,546294469.3788111,546294469.3788111,0.0,0.0,2084.9
2026-01-07 14:00:00,LONG,545982008.4371898,550809064.2948508,4827055.85766098,0.0,2087.9
2026-01-07 14:15:00,FLAT,552995504.2948508,552995504.2948508,0.0,0.0,2090.9
2026-01-07 14:30:00,FLAT,552995504.2948508,552995504.2948508,0.0,0.0,2092.0
2026-01-08 09:00:00,FLAT,552995504.2948508,552995504.2948508,0.0,0.0,2096.5
2026-01-08 09:15:00,FLAT,552995504.2948508,552995504.2948508,0.0,0.0,2096.1
2026-01-08 09:30:00,FLAT,552995504.2948508,552995504.2948508,0.0,0.0,2097.7
2026-01-08 09:45:00,FLAT,552995504.2948508,552995504.2948508,0.0,0.0,2097.9
2026-01-08 10:00:00,FLAT,552995504.2948508,552995504.2948508,0.0,0.0,2100.4
2026-01-08 10:15:00,FLAT,552995504.2948508,552995504.2948508,0.0,0.0,2095.6
2026-01-08 10:30:00,FLAT,552995504.2948508,552995504.2948508,0.0,0.0,2097.3
2026-01-08 10:45:00,FLAT,552995504.2948508,552995504.2948508,0.0,0.0,2095.0
2026-01-08 11:00:00,FLAT,552995504.2948508,552995504.2948508,0.0,0.0,2092.6
2026-01-08 11:15:00,FLAT,552995504.2948508,552995504.2948508,0.0,0.0,2098.0
2026-01-08 13:00:00,FLAT,552995504.2948508,552995504.2948508,0.0,0.0,2101.8
2026-01-08 13:15:00,FLAT,552995504.2948508,552995504.2948508,0.0,0.0,2109.0
2026-01-08 13:30:00,LONG,552679190.4262962,550520066.7290918,-2159123.6972044497,0.0,2106.6
2026-01-08 13:45:00,FLAT,546604616.7290919,546604616.7290919,0.0,0.0,2094.9
2026-01-08 14:00:00,FLAT,546604616.7290919,546604616.7290919,0.0,0.0,2092.0
2026-01-08 14:15:00,FLAT,546604616.7290919,546604616.7290919,0.0,0.0,2082.0
2026-01-08 14:30:00,FLAT,546604616.7290919,546604616.7290919,0.0,0.0,2082.0
2026-01-09 09:00:00,FLAT,546604616.7290919,546604616.7290919,0.0,0.0,2077.1
2026-01-09 09:15:00,FLAT,546604616.7290919,546604616.7290919,0.0,0.0,2079.4
2026-01-09 09:30:00,FLAT,546604616.7290919,546604616.7290919,0.0,0.0,2077.6
2026-01-09 09:45:00,FLAT,546604616.7290919,546604616.7290919,0.0,0.0,2075.0
2026-01-09 10:00:00,FLAT,546604616.7290919,546604616.7290919,0.0,0.0,2074.6
2026-01-09 10:15:00,FLAT,546604616.7290919,546604616.7290919,0.0,0.0,2076.2
2026-01-09 10:30:00,FLAT,546604616.7290919,546604616.7290919,0.0,0.0,2073.6
2026-01-09 10:45:00,FLAT,546604616.7290919,546604616.7290919,0.0,0.0,2074.8
2026-01-09 11:00:00,FLAT,546604616.7290919,546604616.7290919,0.0,0.0,2070.6
2026-01-09 11:15:00,FLAT,546604616.7290919,546604616.7290919,0.0,0.0,2067.0
2026-01-09 13:00:00,FLAT,546604616.7290919,546604616.7290919,0.0,0.0,2085.4
2026-01-09 13:15:00,FLAT,546604616.7290919,546604616.7290919,0.0,0.0,2089.6
2026-01-09 13:30:00,FLAT,546604616.7290919,546604616.7290919,0.0,0.0,2084.4
2026-01-09 13:45:00,FLAT,546604616.7290919,546604616.7290919,0.0,0.0,2080.5
2026-01-09 14:00:00,FLAT,546604616.7290919,546604616.7290919,0.0,0.0,2073.3
2026-01-09 14:15:00,FLAT,546604616.7290919,546604616.7290919,0.0,0.0,2060.0
2026-01-09 14:30:00,FLAT,546604616.7290919,546604616.7290919,0.0,0.0,2062.7
2026-01-12 09:00:00,FLAT,546604616.7290919,546604616.7290919,0.0,0.0,2064.3
2026-01-12 09:15:00,FLAT,546604616.7290919,546604616.7290919,0.0,0.0,2062.6
2026-01-12 09:30:00,FLAT,546604616.7290919,546604616.7290919,0.0,0.0,2074.3
2026-01-12 09:45:00,FLAT,540667552.7290918,540667552.7290918,0.0,0.0,2070.1
2026-01-12 10:00:00,FLAT,540667552.7290918,540667552.7290918,0.0,0.0,2072.7
2026-01-12 10:15:00,FLAT,540667552.7290918,540667552.7290918,0.0,0.0,2062.2
2026-01-12 10:30:00,FLAT,540667552.7290918,540667552.7290918,0.0,0.0,2067.0
2026-01-12 10:45:00,FLAT,540667552.7290918,540667552.7290918,0.0,0.0,2077.4
2026-01-12 11:00:00,FLAT,534620509.06707877,534620509.06707877,0.0,0.0,2071.2
2026-01-12 11:15:00,FLAT,534620509.06707877,534620509.06707877,0.0,0.0,2067.9
2026-01-12 13:00:00,FLAT,534620509.06707877,534620509.06707877,0.0,0.0,2072.4
2026-01-12 13:15:00,FLAT,534620509.06707877,534620509.06707877,0.0,0.0,2079.9
2026-01-12 13:30:00,FLAT,534620509.06707877,534620509.06707877,0.0,0.0,2063.6
2026-01-12 13:45:00,FLAT,534620509.06707877,534620509.06707877,0.0,0.0,2070.0
2026-01-12 14:00:00,FLAT,534620509.06707877,534620509.06707877,0.0,0.0,2072.0
2026-01-12 14:15:00,FLAT,534620509.06707877,534620509.06707877,0.0,0.0,2074.6
2026-01-12 14:30:00,FLAT,534620509.06707877,534620509.06707877,0.0,0.0,2075.6
2026-01-13 09:00:00,FLAT,534620509.06707877,534620509.06707877,0.0,0.0,2082.7
2026-01-13 09:15:00,FLAT,534620509.06707877,534620509.06707877,0.0,0.0,2084.2
2026-01-13 09:30:00,FLAT,534620509.06707877,534620509.06707877,0.0,0.0,2087.9
2026-01-13 09:45:00,FLAT,534620509.06707877,534620509.06707877,0.0,0.0,2086.6
2026-01-13 10:00:00,FLAT,534620509.06707877,534620509.06707877,0.0,0.0,2088.0
2026-01-13 10:15:00,FLAT,534620509.06707877,534620509.06707877,0.0,0.0,2089.1
2026-01-13 10:30:00,FLAT,534620509.06707877,534620509.06707877,0.0,0.0,2088.7
2026-01-13 10:45:00,FLAT,534620509.06707877,534620509.06707877,0.0,0.0,2090.3
2026-01-13 11:00:00,FLAT,534620509.06707877,534620509.06707877,0.0,0.0,2091.7
2026-01-13 11:15:00,FLAT,534620509.06707877,534620509.06707877,0.0,0.0,2092.2
2026-01-13 13:00:00,FLAT,534620509.06707877,534620509.06707877,0.0,0.0,2091.7
2026-01-13 13:15:00,FLAT,534620509.06707877,534620509.06707877,0.0,0.0,2090.7
2026-01-13 13:30:00,FLAT,534620509.06707877,534620509.06707877,0.0,0.0,2089.7
2026-01-13 13:45:00,FLAT,534620509.06707877,534620509.06707877,0.0,0.0,2095.9
2026-01-13 14:00:00,FLAT,534620509.06707877,534620509.06707877,0.0,0.0,2086.3
2026-01-13 14:15:00,FLAT,534620509.06707877,534620509.06707877,0.0,0.0,2086.4
2026-01-13 14:30:00,FLAT,534620509.06707877,534620509.06707877,0.0,0.0,2089.7
2026-01-14 09:00:00,FLAT,534620509.06707877,534620509.06707877,0.0,0.0,2090.0
2026-01-14 09:15:00,FLAT,534620509.06707877,534620509.06707877,0.0,0.0,2080.6
2026-01-14 09:30:00,FLAT,534620509.06707877,534620509.06707877,0.0,0.0,2083.2
2026-01-14 09:45:00,FLAT,534620509.06707877,534620509.06707877,0.0,0.0,2082.5
2026-01-14 10:00:00,FLAT,534620509.06707877,534620509.06707877,0.0,0.0,2082.7
2026-01-14 10:15:00,FLAT,534620509.06707877,534620509.06707877,0.0,0.0,2083.6
2026-01-14 10:30:00,FLAT,534620509.06707877,534620509.06707877,0.0,0.0,2084.6
2026-01-14 10:45:00,FLAT,534620509.06707877,534620509.06707877,0.0,0.0,2087.3
2026-01-14 11:00:00,FLAT,534620509.06707877,534620509.06707877,0.0,0.0,2077.6
2026-01-14 11:15:00,FLAT,534620509.06707877,534620509.06707877,0.0,0.0,2069.8
2026-01-14 13:00:00,FLAT,534620509.06707877,534620509.06707877,0.0,0.0,2071.9
2026-01-14 13:15:00,FLAT,534620509.06707877,534620509.06707877,0.0,0.0,2078.1
2026-01-14 13:30:00,FLAT,534620509.06707877,534620509.06707877,0.0,0.0,2074.0
2026-01-14 13:45:00,FLAT,534620509.06707877,534620509.06707877,0.0,0.0,2063.6
2026-01-14 14:00:00,FLAT,534620509.06707877,534620509.06707877,0.0,0.0,2057.3
2026-01-14 14:15:00,FLAT,533083225.199171,533083225.199171,0.0,0.0,2062.3
2026-01-14 14:30:00,FLAT,533083225.199171,533083225.199171,0.0,0.0,2062.4
2026-01-15 09:00:00,FLAT,533083225.199171,533083225.199171,0.0,0.0,2056.9
2026-01-15 09:15:00,FLAT,533083225.199171,533083225.199171,0.0,0.0,2052.3
2026-01-15 09:30:00,FLAT,533083225.199171,533083225.199171,0.0,0.0,2056.0
2026-01-15 09:45:00,FLAT,533083225.199171,533083225.199171,0.0,0.0,2051.9
2026-01-15 10:00:00,FLAT,533083225.199171,533083225.199171,0.0,0.0,2040.4
2026-01-15 10:15:00,FLAT,533083225.199171,533083225.199171,0.0,0.0,2040.2
2026-01-15 10:30:00,FLAT,533083225.199171,533083225.199171,0.0,0.0,2039.1
2026-01-15 10:45:00,FLAT,533083225.199171,533083225.199171,0.0,0.0,2041.0
2026-01-15 11:00:00,FLAT,533083225.199171,533083225.199171,0.0,0.0,2037.1
2026-01-15 11:15:00,FLAT,533083225.199171,533083225.199171,0.0,0.0,2030.8
2026-01-15 13:00:00,FLAT,533083225.199171,533083225.199171,0.0,0.0,2035.9
2026-01-15 13:15:00,FLAT,533083225.199171,533083225.199171,0.0,0.0,2030.6
2026-01-15 13:30:00,FLAT,533083225.199171,533083225.199171,0.0,0.0,2040.1
2026-01-15 13:45:00,FLAT,533083225.199171,533083225.199171,0.0,0.0,2047.1
2026-01-15 14:00:00,LONG,532838019.11348844,529410781.22979224,-3427237.883696216,0.0,2039.1
2026-01-15 14:15:00,FLAT,529805993.22979236,529805993.22979236,0.0,0.0,2040.4
2026-01-15 14:30:00,FLAT,529805993.22979236,529805993.22979236,0.0,0.0,2040.0
2026-01-16 09:00:00,FLAT,529805993.22979236,529805993.22979236,0.0,0.0,2059.1
2026-01-16 09:15:00,FLAT,529805993.22979236,529805993.22979236,0.0,0.0,2062.0
2026-01-16 09:30:00,FLAT,529805993.22979236,529805993.22979236,0.0,0.0,2061.2
2026-01-16 09:45:00,FLAT,529805993.22979236,529805993.22979236,0.0,0.0,2064.4
2026-01-16 10:00:00,FLAT,529805993.22979236,529805993.22979236,0.0,0.0,2062.6
2026-01-16 10:15:00,FLAT,529805993.22979236,529805993.22979236,0.0,0.0,2065.8
2026-01-16 10:30:00,LONG,529558061.1152377,532917297.41759765,3359236.302359932,0.0,2070.3
2026-01-16 10:45:00,LONG,529558061.1152377,533317297.41759765,3759236.302359932,0.0,2070.8
2026-01-16 11:00:00,LONG,529558061.1152377,536357297.4175974,6799236.302359713,0.0,2074.6
2026-01-16 11:15:00,LONG,529558061.1152377,547077297.4175975,17519236.302359786,0.0,2088.0
2026-01-16 13:00:00,LONG,529558061.1152377,551397297.4175975,21839236.30235986,0.0,2093.4
2026-01-16 13:15:00,LONG,529558061.1152377,547237297.4175973,17679236.30235964,0.0,2088.2
2026-01-16 13:30:00,LONG,529558061.1152377,551957297.4175974,22399236.302359715,0.0,2094.1
2026-01-16 13:45:00,FLAT,553001712.6899555,553001712.6899555,0.0,0.0,2090.5
2026-01-16 14:00:00,FLAT,553001712.6899555,553001712.6899555,0.0,0.0,2086.0
2026-01-16 14:15:00,FLAT,553001712.6899555,553001712.6899555,0.0,0.0,2086.8
2026-01-16 14:30:00,FLAT,553001712.6899555,553001712.6899555,0.0,0.0,2090.0
2026-01-19 09:00:00,FLAT,553001712.6899555,553001712.6899555,0.0,0.0,2085.0
2026-01-19 09:15:00,FLAT,553001712.6899555,553001712.6899555,0.0,0.0,2085.0
2026-01-19 09:30:00,FLAT,553001712.6899555,553001712.6899555,0.0,0.0,2091.0
2026-01-19 09:45:00,FLAT,553001712.6899555,553001712.6899555,0.0,0.0,2094.3
2026-01-19 10:00:00,LONG,552750557.4212198,550142099.1836294,-2608458.2375904573,0.0,2089.7
2026-01-19 10:15:00,LONG,552750557.4212198,550542099.1836294,-2208458.2375904573,0.0,2090.2
2026-01-19 10:30:00,FLAT,547171743.1836296,547171743.1836296,0.0,0.0,2083.0
2026-01-19 10:45:00,FLAT,547171743.1836296,547171743.1836296,0.0,0.0,2085.7
2026-01-19 11:00:00,FLAT,547171743.1836296,547171743.1836296,0.0,0.0,2084.2
2026-01-19 11:15:00,FLAT,547171743.1836296,547171743.1836296,0.0,0.0,2080.3
2026-01-19 13:00:00,FLAT,547171743.1836296,547171743.1836296,0.0,0.0,2080.4
2026-01-20 09:00:00,FLAT,547171743.1836296,547171743.1836296,0.0,0.0,2100.6
2026-01-20 09:15:00,FLAT,547171743.1836296,547171743.1836296,0.0,0.0,2096.1
2026-01-20 09:30:00,FLAT,547171743.1836296,547171743.1836296,0.0,0.0,2089.6
2026-01-20 09:45:00,FLAT,547171743.1836296,547171743.1836296,0.0,0.0,2089.1
2026-01-20 10:00:00,FLAT,547171743.1836296,547171743.1836296,0.0,0.0,2091.0
2026-01-20 10:15:00,FLAT,547171743.1836296,547171743.1836296,0.0,0.0,2093.0
2026-01-20 10:30:00,FLAT,547171743.1836296,547171743.1836296,0.0,0.0,2085.2
2026-01-20 10:45:00,FLAT,547171743.1836296,547171743.1836296,0.0,0.0,2086.1
2026-01-20 11:00:00,FLAT,547171743.1836296,547171743.1836296,0.0,0.0,2083.5
2026-01-20 11:15:00,FLAT,547171743.1836296,547171743.1836296,0.0,0.0,2087.8
2026-01-20 13:00:00,FLAT,547171743.1836296,547171743.1836296,0.0,0.0,2091.4
2026-01-20 13:15:00,FLAT,547171743.1836296,547171743.1836296,0.0,0.0,2096.6
2026-01-20 13:30:00,FLAT,547171743.1836296,547171743.1836296,0.0,0.0,2112.5
2026-01-20 13:45:00,LONG,546888363.6261452,545621313.7305479,-1267049.8955973017,0.0,2097.7
2026-01-20 14:00:00,FLAT,540928785.7305483,540928785.7305483,0.0,0.0,2088.4
2026-01-20 14:15:00,FLAT,540928785.7305483,540928785.7305483,0.0,0.0,2072.5
2026-01-20 14:30:00,FLAT,540928785.7305483,540928785.7305483,0.0,0.0,2072.3
2026-01-21 09:00:00,FLAT,540928785.7305483,540928785.7305483,0.0,0.0,2066.6
2026-01-21 09:15:00,FLAT,540928785.7305483,540928785.7305483,0.0,0.0,2068.9
2026-01-21 09:30:00,FLAT,540928785.7305483,540928785.7305483,0.0,0.0,2065.1
2026-01-21 09:45:00,FLAT,540928785.7305483,540928785.7305483,0.0,0.0,2066.2
2026-01-21 10:00:00,FLAT,540928785.7305483,540928785.7305483,0.0,0.0,2071.0
2026-01-21 10:15:00,FLAT,540928785.7305483,540928785.7305483,0.0,0.0,2072.2
2026-01-21 10:30:00,FLAT,540928785.7305483,540928785.7305483,0.0,0.0,2076.1
2026-01-21 10:45:00,FLAT,540928785.7305483,540928785.7305483,0.0,0.0,2080.6
2026-01-21 11:00:00,LONG,540679058.7997919,536552853.7574843,-4126205.042307629,0.0,2075.9
2026-01-21 11:15:00,FLAT,534943949.7574841,534943949.7574841,0.0,0.0,2069.3
2026-01-21 13:00:00,FLAT,534943949.7574841,534943949.7574841,0.0,0.0,2066.7
2026-01-21 13:15:00,FLAT,534943949.7574841,534943949.7574841,0.0,0.0,2063.4
2026-01-21 13:30:00,FLAT,534943949.7574841,534943949.7574841,0.0,0.0,2067.1
2026-01-21 13:45:00,FLAT,534943949.7574841,534943949.7574841,0.0,0.0,2059.6
2026-01-21 14:00:00,FLAT,534943949.7574841,534943949.7574841,0.0,0.0,2066.2
2026-01-21 14:15:00,FLAT,534943949.7574841,534943949.7574841,0.0,0.0,2075.0
2026-01-21 14:30:00,FLAT,534943949.7574841,534943949.7574841,0.0,0.0,2070.6
2026-01-22 09:00:00,FLAT,534943949.7574841,534943949.7574841,0.0,0.0,2094.9
2026-01-22 09:15:00,FLAT,534943949.7574841,534943949.7574841,0.0,0.0,2094.5
2026-01-22 09:30:00,FLAT,534943949.7574841,534943949.7574841,0.0,0.0,2088.1
2026-01-22 09:45:00,FLAT,534943949.7574841,534943949.7574841,0.0,0.0,2091.4
2026-01-22 10:00:00,FLAT,534943949.7574841,534943949.7574841,0.0,0.0,2094.0
2026-01-22 10:15:00,FLAT,534943949.7574841,534943949.7574841,0.0,0.0,2089.1
2026-01-22 10:30:00,FLAT,534943949.7574841,534943949.7574841,0.0,0.0,2089.3
2026-01-22 10:45:00,FLAT,534943949.7574841,534943949.7574841,0.0,0.0,2091.5
2026-01-22 11:00:00,FLAT,534943949.7574841,534943949.7574841,0.0,0.0,2091.5
2026-01-22 11:15:00,FLAT,534943949.7574841,534943949.7574841,0.0,0.0,2092.1
2026-01-22 13:00:00,FLAT,534943949.7574841,534943949.7574841,0.0,0.0,2084.7
2026-01-22 13:15:00,FLAT,534943949.7574841,534943949.7574841,0.0,0.0,2083.9
2026-01-22 13:30:00,FLAT,534943949.7574841,534943949.7574841,0.0,0.0,2082.5
2026-01-22 13:45:00,FLAT,534943949.7574841,534943949.7574841,0.0,0.0,2089.2
2026-01-22 14:00:00,FLAT,534943949.7574841,534943949.7574841,0.0,0.0,2084.0
2026-01-22 14:15:00,FLAT,534943949.7574841,534943949.7574841,0.0,0.0,2074.0
2026-01-22 14:30:00,FLAT,534943949.7574841,534943949.7574841,0.0,0.0,2073.0
2026-01-23 09:00:00,FLAT,534943949.7574841,534943949.7574841,0.0,0.0,2094.3
2026-01-23 09:15:00,FLAT,534943949.7574841,534943949.7574841,0.0,0.0,2095.9
2026-01-23 09:30:00,FLAT,534943949.7574841,534943949.7574841,0.0,0.0,2095.5
2026-01-23 09:45:00,FLAT,534943949.7574841,534943949.7574841,0.0,0.0,2094.6
2026-01-23 10:00:00,FLAT,534943949.7574841,534943949.7574841,0.0,0.0,2091.2
2026-01-23 10:15:00,FLAT,534943949.7574841,534943949.7574841,0.0,0.0,2087.5
2026-01-23 10:30:00,FLAT,534943949.7574841,534943949.7574841,0.0,0.0,2086.9
2026-01-23 10:45:00,FLAT,534943949.7574841,534943949.7574841,0.0,0.0,2087.2
2026-01-23 11:00:00,FLAT,534943949.7574841,534943949.7574841,0.0,0.0,2088.5
2026-01-23 11:15:00,FLAT,534943949.7574841,534943949.7574841,0.0,0.0,2086.8
2026-01-23 13:00:00,FLAT,534943949.7574841,534943949.7574841,0.0,0.0,2094.0
2026-01-23 13:15:00,FLAT,534943949.7574841,534943949.7574841,0.0,0.0,2092.7
2026-01-23 13:30:00,FLAT,534943949.7574841,534943949.7574841,0.0,0.0,2089.2
2026-01-23 13:45:00,FLAT,534943949.7574841,534943949.7574841,0.0,0.0,2082.1
2026-01-23 14:00:00,FLAT,534943949.7574841,534943949.7574841,0.0,0.0,2081.0
2026-01-23 14:15:00,FLAT,534943949.7574841,534943949.7574841,0.0,0.0,2082.2
2026-01-23 14:30:00,FLAT,534943949.7574841,534943949.7574841,0.0,0.0,2081.0
2026-01-26 09:00:00,FLAT,534943949.7574841,534943949.7574841,0.0,0.0,2073.8
2026-01-26 09:15:00,FLAT,534943949.7574841,534943949.7574841,0.0,0.0,2071.2
2026-01-26 09:30:00,FLAT,534943949.7574841,534943949.7574841,0.0,0.0,2072.1
2026-01-26 09:45:00,FLAT,534943949.7574841,534943949.7574841,0.0,0.0,2067.5
2026-01-26 10:00:00,FLAT,534943949.7574841,534943949.7574841,0.0,0.0,2060.0
2026-01-26 10:15:00,FLAT,534943949.7574841,534943949.7574841,0.0,0.0,2057.4
2026-01-26 10:30:00,FLAT,534943949.7574841,534943949.7574841,0.0,0.0,2060.8
2026-01-26 10:45:00,FLAT,534943949.7574841,534943949.7574841,0.0,0.0,2055.7
2026-01-26 11:00:00,FLAT,534943949.7574841,534943949.7574841,0.0,0.0,2058.2
2026-01-26 11:15:00,FLAT,534943949.7574841,534943949.7574841,0.0,0.0,2057.5
2026-01-26 13:00:00,FLAT,534943949.7574841,534943949.7574841,0.0,0.0,2048.3
2026-01-26 13:15:00,FLAT,534943949.7574841,534943949.7574841,0.0,0.0,2046.2
2026-01-26 13:30:00,FLAT,534943949.7574841,534943949.7574841,0.0,0.0,2043.0
2026-01-26 13:45:00,FLAT,534943949.7574841,534943949.7574841,0.0,0.0,2042.6
2026-01-26 14:00:00,FLAT,534943949.7574841,534943949.7574841,0.0,0.0,2030.7
2026-01-26 14:15:00,FLAT,534943949.7574841,534943949.7574841,0.0,0.0,2035.9
2026-01-26 14:30:00,FLAT,534943949.7574841,534943949.7574841,0.0,0.0,2034.5
2026-01-27 09:00:00,FLAT,534943949.7574841,534943949.7574841,0.0,0.0,2034.7
2026-01-27 09:15:00,FLAT,534943949.7574841,534943949.7574841,0.0,0.0,2029.7
2026-01-27 09:30:00,FLAT,534943949.7574841,534943949.7574841,0.0,0.0,2027.5
2026-01-27 09:45:00,FLAT,534943949.7574841,534943949.7574841,0.0,0.0,2031.5
2026-01-27 10:00:00,FLAT,534943949.7574841,534943949.7574841,0.0,0.0,2033.2
2026-01-27 10:15:00,FLAT,534943949.7574841,534943949.7574841,0.0,0.0,2035.8
2026-01-27 10:30:00,FLAT,534943949.7574841,534943949.7574841,0.0,0.0,2038.2
2026-01-27 10:45:00,FLAT,534943949.7574841,534943949.7574841,0.0,0.0,2037.4
2026-01-27 11:00:00,FLAT,534943949.7574841,534943949.7574841,0.0,0.0,2031.8
2026-01-27 11:15:00,FLAT,534943949.7574841,534943949.7574841,0.0,0.0,2032.9
2026-01-27 13:00:00,FLAT,534943949.7574841,534943949.7574841,0.0,0.0,2028.3
2026-01-27 13:15:00,FLAT,534943949.7574841,534943949.7574841,0.0,0.0,2029.1
2026-01-27 13:30:00,FLAT,534943949.7574841,534943949.7574841,0.0,0.0,2033.9
2026-01-27 13:45:00,FLAT,534943949.7574841,534943949.7574841,0.0,0.0,2038.0
2026-01-27 14:00:00,FLAT,534943949.7574841,534943949.7574841,0.0,0.0,2025.9
2026-01-27 14:15:00,FLAT,534943949.7574841,534943949.7574841,0.0,0.0,2021.1
2026-01-27 14:30:00,FLAT,534943949.7574841,534943949.7574841,0.0,0.0,2021.2
2026-01-28 09:00:00,FLAT,534943949.7574841,534943949.7574841,0.0,0.0,2028.1
2026-01-28 09:15:00,FLAT,534943949.7574841,534943949.7574841,0.0,0.0,2025.2
2026-01-28 09:30:00,FLAT,534943949.7574841,534943949.7574841,0.0,0.0,2025.3
2026-01-28 09:45:00,FLAT,534943949.7574841,534943949.7574841,0.0,0.0,2024.5
2026-01-28 10:00:00,FLAT,534943949.7574841,534943949.7574841,0.0,0.0,2021.2
2026-01-28 10:15:00,FLAT,534943949.7574841,534943949.7574841,0.0,0.0,2019.1
2026-01-28 10:30:00,FLAT,534943949.7574841,534943949.7574841,0.0,0.0,2017.1
2026-01-28 10:45:00,SHORT,534641419.57816994,542109281.6725748,7467862.094404836,0.0,2009.4
2026-01-28 11:00:00,SHORT,534641419.57816994,550009281.6725749,15367862.094404927,0.0,2001.5
2026-01-28 11:15:00,SHORT,534641419.57816994,555509281.6725749,20867862.09440493,0.0,1996.0
2026-01-28 13:00:00,SHORT,534641419.57816994,545509281.6725749,10867862.094404927,0.0,2006.0
2026-01-28 13:15:00,SHORT,534641419.57816994,541309281.6725749,6667862.094404882,0.0,2010.2
2026-01-28 13:30:00,FLAT,537526632.9902815,537526632.9902815,0.0,0.0,2013.5
2026-01-28 13:45:00,FLAT,537526632.9902815,537526632.9902815,0.0,0.0,2010.3
2026-01-28 14:00:00,FLAT,537526632.9902815,537526632.9902815,0.0,0.0,1992.0
2026-01-28 14:15:00,FLAT,537526632.9902815,537526632.9902815,0.0,0.0,2002.1
2026-01-28 14:30:00,FLAT,537526632.9902815,537526632.9902815,0.0,0.0,2001.8
2026-01-29 09:00:00,FLAT,537526632.9902815,537526632.9902815,0.0,0.0,2011.1
2026-01-29 09:15:00,FLAT,537526632.9902815,537526632.9902815,0.0,0.0,2010.3
2026-01-29 09:30:00,FLAT,537526632.9902815,537526632.9902815,0.0,0.0,2012.5
2026-01-29 09:45:00,FLAT,537526632.9902815,537526632.9902815,0.0,0.0,2012.0
2026-01-29 10:00:00,FLAT,537526632.9902815,537526632.9902815,0.0,0.0,2011.6
2026-01-29 10:15:00,FLAT,537526632.9902815,537526632.9902815,0.0,0.0,2009.2
2026-01-29 10:30:00,FLAT,537526632.9902815,537526632.9902815,0.0,0.0,2012.4
2026-01-29 10:45:00,FLAT,537526632.9902815,537526632.9902815,0.0,0.0,2013.8
2026-01-29 11:00:00,FLAT,537526632.9902815,537526632.9902815,0.0,0.0,2012.8
2026-01-29 11:15:00,FLAT,537526632.9902815,537526632.9902815,0.0,0.0,2014.6
2026-01-29 13:00:00,FLAT,537526632.9902815,537526632.9902815,0.0,0.0,2018.5
2026-01-29 13:15:00,FLAT,537526632.9902815,537526632.9902815,0.0,0.0,2012.5
2026-01-29 13:30:00,FLAT,537526632.9902815,537526632.9902815,0.0,0.0,2013.0
2026-01-29 13:45:00,FLAT,537526632.9902815,537526632.9902815,0.0,0.0,2012.2
2026-01-29 14:00:00,FLAT,537526632.9902815,537526632.9902815,0.0,0.0,2013.0
2026-01-29 14:15:00,FLAT,537526632.9902815,537526632.9902815,0.0,0.0,2017.3
2026-01-29 14:30:00,FLAT,537526632.9902815,537526632.9902815,0.0,0.0,2017.2
2026-01-30 09:00:00,FLAT,537526632.9902815,537526632.9902815,0.0,0.0,2029.2
2026-01-30 09:15:00,FLAT,537526632.9902815,537526632.9902815,0.0,0.0,2026.0
2026-01-30 09:30:00,FLAT,537526632.9902815,537526632.9902815,0.0,0.0,2027.0
2026-01-30 09:45:00,FLAT,537526632.9902815,537526632.9902815,0.0,0.0,2027.7
2026-01-30 10:00:00,FLAT,537526632.9902815,537526632.9902815,0.0,0.0,2031.8
2026-01-30 10:15:00,FLAT,537526632.9902815,537526632.9902815,0.0,0.0,2028.6
2026-01-30 10:30:00,FLAT,537526632.9902815,537526632.9902815,0.0,0.0,2027.9
2026-01-30 10:45:00,FLAT,537526632.9902815,537526632.9902815,0.0,0.0,2028.9
2026-01-30 11:00:00,FLAT,537526632.9902815,537526632.9902815,0.0,0.0,2027.7
2026-01-30 11:15:00,FLAT,537526632.9902815,537526632.9902815,0.0,0.0,2030.4
2026-01-30 13:00:00,FLAT,537526632.9902815,537526632.9902815,0.0,0.0,2031.9
2026-01-30 13:15:00,FLAT,537526632.9902815,537526632.9902815,0.0,0.0,2034.7
2026-01-30 13:30:00,FLAT,537526632.9902815,537526632.9902815,0.0,0.0,2038.5
2026-01-30 13:45:00,FLAT,537526632.9902815,537526632.9902815,0.0,0.0,2038.6
2026-01-30 14:00:00,FLAT,537526632.9902815,537526632.9902815,0.0,0.0,2036.3
2026-01-30 14:15:00,FLAT,537526632.9902815,537526632.9902815,0.0,0.0,2032.0
2026-01-30 14:30:00,FLAT,537526632.9902815,537526632.9902815,0.0,0.0,2033.0
2026-02-02 09:00:00,FLAT,537526632.9902815,537526632.9902815,0.0,0.0,2017.1
2026-02-02 09:15:00,FLAT,537526632.9902815,537526632.9902815,0.0,0.0,2008.1
2026-02-02 09:30:00,SHORT,537224870.1685381,539977015.1244211,2752144.955883068,0.0,2009.0
2026-02-02 09:45:00,SHORT,537224870.1685381,544577015.1244211,7352144.955882978,0.0,2004.4
2026-02-02 10:00:00,SHORT,537224870.1685381,551677015.1244212,14452144.955883114,0.0,1997.3
2026-02-02 10:15:00,SHORT,537224870.1685381,551977015.1244211,14752144.955883069,0.0,1997.0
2026-02-02 10:30:00,SHORT,537224870.1685381,551477015.1244211,14252144.955883069,0.0,1997.5
2026-02-02 10:45:00,SHORT,537224870.1685381,552477015.1244211,15252144.955883069,0.0,1996.5
2026-02-02 11:00:00,FLAT,559973288.855466,559973288.855466,0.0,0.0,1986.0
2026-02-02 11:15:00,FLAT,559973288.855466,559973288.855466,0.0,0.0,1985.3
2026-02-02 13:00:00,FLAT,559973288.855466,559973288.855466,0.0,0.0,1987.3
2026-02-02 13:15:00,FLAT,559973288.855466,559973288.855466,0.0,0.0,1996.9
2026-02-02 13:30:00,FLAT,559973288.855466,559973288.855466,0.0,0.0,1991.3
2026-02-02 13:45:00,FLAT,559973288.855466,559973288.855466,0.0,0.0,1995.7
2026-02-02 14:00:00,FLAT,559973288.855466,559973288.855466,0.0,0.0,1997.2
2026-02-02 14:15:00,FLAT,559973288.855466,559973288.855466,0.0,0.0,2000.7
2026-02-02 14:30:00,FLAT,559973288.855466,559973288.855466,0.0,0.0,2001.5
2026-02-03 09:00:00,FLAT,559973288.855466,559973288.855466,0.0,0.0,2018.6
2026-02-03 09:15:00,FLAT,559973288.855466,559973288.855466,0.0,0.0,2021.5
2026-02-03 09:30:00,FLAT,559973288.855466,559973288.855466,0.0,0.0,2018.7
2026-02-03 09:45:00,FLAT,559973288.855466,559973288.855466,0.0,0.0,2016.1
2026-02-03 10:00:00,FLAT,559973288.855466,559973288.855466,0.0,0.0,2016.6
2026-02-03 10:15:00,FLAT,559973288.855466,559973288.855466,0.0,0.0,2011.4
2026-02-03 10:30:00,FLAT,559973288.855466,559973288.855466,0.0,0.0,2012.6
2026-02-03 10:45:00,FLAT,559973288.855466,559973288.855466,0.0,0.0,2013.0
2026-02-03 11:00:00,FLAT,559973288.855466,559973288.855466,0.0,0.0,2014.2
2026-02-03 11:15:00,FLAT,559973288.855466,559973288.855466,0.0,0.0,2018.2
2026-02-03 13:00:00,FLAT,559973288.855466,559973288.855466,0.0,0.0,2017.7
2026-02-03 13:15:00,FLAT,559973288.855466,559973288.855466,0.0,0.0,2012.9
2026-02-03 13:30:00,FLAT,559973288.855466,559973288.855466,0.0,0.0,2011.9
2026-02-03 13:45:00,FLAT,559973288.855466,559973288.855466,0.0,0.0,2014.6
2026-02-03 14:00:00,FLAT,559973288.855466,559973288.855466,0.0,0.0,2005.3
2026-02-03 14:15:00,FLAT,559973288.855466,559973288.855466,0.0,0.0,2003.6
2026-02-03 14:30:00,FLAT,559973288.855466,559973288.855466,0.0,0.0,2001.8
2026-02-04 09:00:00,FLAT,559973288.855466,559973288.855466,0.0,0.0,2001.1
2026-02-04 09:15:00,FLAT,559973288.855466,559973288.855466,0.0,0.0,1999.6
2026-02-04 09:30:00,FLAT,559973288.855466,559973288.855466,0.0,0.0,1995.1
2026-02-04 09:45:00,FLAT,559973288.855466,559973288.855466,0.0,0.0,1994.2
2026-02-04 10:00:00,SHORT,559674222.3323419,559451043.1598467,-223179.17249529273,0.0,1994.0
2026-02-04 10:15:00,SHORT,559674222.3323419,566851043.1598467,7176820.827504798,0.0,1986.6
2026-02-04 10:30:00,SHORT,559674222.3323419,567651043.1598467,7976820.827504753,0.0,1985.8
2026-02-04 10:45:00,SHORT,559674222.3323419,562751043.1598465,3076820.827504662,0.0,1990.7
2026-02-04 11:00:00,SHORT,559674222.3323419,563051043.1598465,3376820.827504616,0.0,1990.4
2026-02-04 11:15:00,FLAT,554051178.1598467,554051178.1598467,0.0,0.0,1997.6
2026-02-04 13:00:00,FLAT,554051178.1598467,554051178.1598467,0.0,0.0,1993.4
2026-02-04 13:15:00,FLAT,554051178.1598467,554051178.1598467,0.0,0.0,1994.4
2026-02-04 13:30:00,FLAT,554051178.1598467,554051178.1598467,0.0,0.0,1996.4
2026-02-04 13:45:00,FLAT,554051178.1598467,554051178.1598467,0.0,0.0,1987.4
2026-02-04 14:00:00,FLAT,554051178.1598467,554051178.1598467,0.0,0.0,1988.6
2026-02-04 14:15:00,FLAT,554051178.1598467,554051178.1598467,0.0,0.0,2007.0
2026-02-04 14:30:00,FLAT,554051178.1598467,554051178.1598467,0.0,0.0,2010.0
2026-02-05 09:00:00,FLAT,554051178.1598467,554051178.1598467,0.0,0.0,2001.8
2026-02-05 09:15:00,FLAT,554051178.1598467,554051178.1598467,0.0,0.0,1999.0
2026-02-05 09:30:00,FLAT,554051178.1598467,554051178.1598467,0.0,0.0,1992.3
2026-02-05 09:45:00,FLAT,554051178.1598467,554051178.1598467,0.0,0.0,1993.3
2026-02-05 10:00:00,FLAT,548018449.1512464,548018449.1512464,0.0,0.0,1993.0
2026-02-05 10:15:00,FLAT,548018449.1512464,548018449.1512464,0.0,0.0,1993.3
2026-02-05 10:30:00,SHORT,547749043.8054183,546754682.6598209,-994361.1455973269,0.0,1996.7
2026-02-05 10:45:00,SHORT,547749043.8054183,547294682.659821,-454361.1455972041,0.0,1996.1
2026-02-05 11:00:00,SHORT,547749043.8054183,552784682.6598209,5035638.854402714,0.0,1990.0
2026-02-05 11:15:00,SHORT,547749043.8054183,556384682.6598209,8635638.854402713,0.0,1986.0
2026-02-05 13:00:00,SHORT,547749043.8054183,553864682.659821,6115638.854402755,0.0,1988.8
2026-02-05 13:15:00,SHORT,547749043.8054183,554764682.659821,7015638.854402755,0.0,1987.8
2026-02-05 13:30:00,SHORT,547749043.8054183,548734682.6598209,985638.8544027141,0.0,1994.5
2026-02-05 13:45:00,SHORT,547749043.8054183,556474682.6598209,8725638.854402632,0.0,1985.9
2026-02-05 14:00:00,SHORT,547749043.8054183,549364682.659821,1615638.854402755,0.0,1993.8
2026-02-05 14:15:00,FLAT,560257193.6598209,560257193.6598209,0.0,0.0,1980.9
2026-02-05 14:30:00,FLAT,560257193.6598209,560257193.6598209,0.0,0.0,1978.8
2026-02-06 09:00:00,FLAT,560257193.6598209,560257193.6598209,0.0,0.0,1952.3
2026-02-06 09:15:00,FLAT,560257193.6598209,560257193.6598209,0.0,0.0,1955.7
2026-02-06 09:30:00,FLAT,560257193.6598209,560257193.6598209,0.0,0.0,1956.4
2026-02-06 09:45:00,FLAT,560257193.6598209,560257193.6598209,0.0,0.0,1963.8
2026-02-06 10:00:00,FLAT,560257193.6598209,560257193.6598209,0.0,0.0,1959.5
2026-02-06 10:15:00,FLAT,560257193.6598209,560257193.6598209,0.0,0.0,1954.0
2026-02-06 10:30:00,FLAT,560257193.6598209,560257193.6598209,0.0,0.0,1952.8
2026-02-06 10:45:00,FLAT,560257193.6598209,560257193.6598209,0.0,0.0,1959.4
2026-02-06 11:00:00,FLAT,560257193.6598209,560257193.6598209,0.0,0.0,1959.5
2026-02-06 11:15:00,FLAT,560257193.6598209,560257193.6598209,0.0,0.0,1960.5
2026-02-06 13:00:00,FLAT,560257193.6598209,560257193.6598209,0.0,0.0,1963.1
2026-02-06 13:15:00,FLAT,560257193.6598209,560257193.6598209,0.0,0.0,1963.6
2026-02-06 13:30:00,FLAT,560257193.6598209,560257193.6598209,0.0,0.0,1965.5
2026-02-06 13:45:00,FLAT,560257193.6598209,560257193.6598209,0.0,0.0,1963.0
2026-02-06 14:00:00,FLAT,560257193.6598209,560257193.6598209,0.0,0.0,1964.6
2026-02-06 14:15:00,FLAT,560257193.6598209,560257193.6598209,0.0,0.0,1956.0
2026-02-06 14:30:00,FLAT,560257193.6598209,560257193.6598209,0.0,0.0,1959.0
2026-02-09 09:00:00,FLAT,560257193.6598209,560257193.6598209,0.0,0.0,1969.2
2026-02-09 09:15:00,FLAT,560257193.6598209,560257193.6598209,0.0,0.0,1964.0
2026-02-09 09:30:00,FLAT,560257193.6598209,560257193.6598209,0.0,0.0,1964.6
2026-02-09 09:45:00,FLAT,560257193.6598209,560257193.6598209,0.0,0.0,1963.6
2026-02-09 10:00:00,FLAT,560257193.6598209,560257193.6598209,0.0,0.0,1961.6
2026-02-09 10:15:00,FLAT,560257193.6598209,560257193.6598209,0.0,0.0,1961.1
2026-02-09 10:30:00,FLAT,560257193.6598209,560257193.6598209,0.0,0.0,1959.3
2026-02-09 10:45:00,FLAT,560257193.6598209,560257193.6598209,0.0,0.0,1955.4
2026-02-09 11:00:00,FLAT,560257193.6598209,560257193.6598209,0.0,0.0,1956.6
2026-02-09 11:15:00,SHORT,559963446.7074744,559276462.3508818,-686984.3565925749,0.0,1959.0
2026-02-09 13:00:00,FLAT,553881847.3508818,553881847.3508818,0.0,0.0,1961.5
2026-02-09 13:15:00,FLAT,553881847.3508818,553881847.3508818,0.0,0.0,1961.6
2026-02-09 13:30:00,FLAT,553881847.3508818,553881847.3508818,0.0,0.0,1959.8
2026-02-09 13:45:00,FLAT,553881847.3508818,553881847.3508818,0.0,0.0,1958.6
2026-02-09 14:00:00,FLAT,553881847.3508818,553881847.3508818,0.0,0.0,1958.5
2026-02-09 14:15:00,FLAT,553881847.3508818,553881847.3508818,0.0,0.0,1953.6
2026-02-09 14:30:00,FLAT,553881847.3508818,553881847.3508818,0.0,0.0,1953.4
2026-02-10 09:00:00,FLAT,553881847.3508818,553881847.3508818,0.0,0.0,1960.4
2026-02-10 09:15:00,FLAT,553881847.3508818,553881847.3508818,0.0,0.0,1963.5
2026-02-10 09:30:00,FLAT,553881847.3508818,553881847.3508818,0.0,0.0,1970.6
2026-02-10 09:45:00,FLAT,553881847.3508818,553881847.3508818,0.0,0.0,1973.1
2026-02-10 10:00:00,FLAT,553881847.3508818,553881847.3508818,0.0,0.0,1970.0
2026-02-10 10:15:00,FLAT,553881847.3508818,553881847.3508818,0.0,0.0,1968.4
2026-02-10 10:30:00,FLAT,553881847.3508818,553881847.3508818,0.0,0.0,1965.0
2026-02-10 10:45:00,FLAT,553881847.3508818,553881847.3508818,0.0,0.0,1967.0
2026-02-10 11:00:00,FLAT,553881847.3508818,553881847.3508818,0.0,0.0,1971.7
2026-02-10 11:15:00,FLAT,553881847.3508818,553881847.3508818,0.0,0.0,1970.1
2026-02-10 13:00:00,FLAT,553881847.3508818,553881847.3508818,0.0,0.0,1969.7
2026-02-10 13:15:00,FLAT,553881847.3508818,553881847.3508818,0.0,0.0,1966.6
2026-02-10 13:30:00,FLAT,553881847.3508818,553881847.3508818,0.0,0.0,1959.0
2026-02-10 13:45:00,FLAT,553881847.3508818,553881847.3508818,0.0,0.0,1956.2
2026-02-10 14:00:00,FLAT,553881847.3508818,553881847.3508818,0.0,0.0,1955.7
2026-02-10 14:15:00,FLAT,553881847.3508818,553881847.3508818,0.0,0.0,1960.6
2026-02-10 14:30:00,FLAT,553881847.3508818,553881847.3508818,0.0,0.0,1962.9
2026-02-11 09:00:00,FLAT,553881847.3508818,553881847.3508818,0.0,0.0,1974.7
2026-02-11 09:15:00,FLAT,553881847.3508818,553881847.3508818,0.0,0.0,1979.1
2026-02-11 09:30:00,FLAT,553881847.3508818,553881847.3508818,0.0,0.0,1989.4
2026-02-11 09:45:00,FLAT,553881847.3508818,553881847.3508818,0.0,0.0,2000.7
2026-02-11 10:00:00,FLAT,553881847.3508818,553881847.3508818,0.0,0.0,1999.0
2026-02-11 10:15:00,FLAT,553881847.3508818,553881847.3508818,0.0,0.0,2000.4
2026-02-11 10:30:00,FLAT,553881847.3508818,553881847.3508818,0.0,0.0,1996.4
2026-02-11 10:45:00,FLAT,553881847.3508818,553881847.3508818,0.0,0.0,1997.5
2026-02-11 11:00:00,FLAT,553881847.3508818,553881847.3508818,0.0,0.0,2000.7
2026-02-11 11:15:00,FLAT,553881847.3508818,553881847.3508818,0.0,0.0,2002.9
2026-02-11 13:00:00,FLAT,553881847.3508818,553881847.3508818,0.0,0.0,2004.7
2026-02-11 13:15:00,FLAT,553881847.3508818,553881847.3508818,0.0,0.0,2003.1
2026-02-11 13:30:00,FLAT,553881847.3508818,553881847.3508818,0.0,0.0,2009.0
2026-02-11 13:45:00,FLAT,553881847.3508818,553881847.3508818,0.0,0.0,2013.6
2026-02-11 14:00:00,FLAT,553881847.3508818,553881847.3508818,0.0,0.0,2015.0
2026-02-11 14:15:00,FLAT,547368965.305086,547368965.305086,0.0,0.0,2014.0
2026-02-11 14:30:00,FLAT,547368965.305086,547368965.305086,0.0,0.0,2020.0
2026-02-12 09:00:00,FLAT,547368965.305086,547368965.305086,0.0,0.0,2017.8
2026-02-12 09:15:00,FLAT,547368965.305086,547368965.305086,0.0,0.0,2016.4
2026-02-12 09:30:00,FLAT,547368965.305086,547368965.305086,0.0,0.0,2017.4
2026-02-12 09:45:00,FLAT,547368965.305086,547368965.305086,0.0,0.0,2017.1
2026-02-12 10:00:00,FLAT,547368965.305086,547368965.305086,0.0,0.0,2017.4
2026-02-12 10:15:00,FLAT,547368965.305086,547368965.305086,0.0,0.0,2017.5
2026-02-12 10:30:00,FLAT,547368965.305086,547368965.305086,0.0,0.0,2018.9
2026-02-12 10:45:00,FLAT,547368965.305086,547368965.305086,0.0,0.0,2018.0
2026-02-12 11:00:00,FLAT,547368965.305086,547368965.305086,0.0,0.0,2020.7
2026-02-12 11:15:00,FLAT,547368965.305086,547368965.305086,0.0,0.0,2019.1
2026-02-12 13:00:00,FLAT,547368965.305086,547368965.305086,0.0,0.0,2018.7
2026-02-12 13:15:00,FLAT,547368965.305086,547368965.305086,0.0,0.0,2021.3
2026-02-12 13:30:00,FLAT,547368965.305086,547368965.305086,0.0,0.0,2019.9
2026-02-12 13:45:00,FLAT,547368965.305086,547368965.305086,0.0,0.0,2025.2
2026-02-12 14:00:00,FLAT,547368965.305086,547368965.305086,0.0,0.0,2024.2
2026-02-12 14:15:00,FLAT,547368965.305086,547368965.305086,0.0,0.0,2020.0
2026-02-12 14:30:00,FLAT,547368965.305086,547368965.305086,0.0,0.0,2024.6
2026-02-13 09:00:00,FLAT,547368965.305086,547368965.305086,0.0,0.0,2018.8
2026-02-13 09:15:00,FLAT,547368965.305086,547368965.305086,0.0,0.0,2018.0
2026-02-13 09:30:00,FLAT,547368965.305086,547368965.305086,0.0,0.0,2013.6
2026-02-13 09:45:00,FLAT,547368965.305086,547368965.305086,0.0,0.0,2014.3
2026-02-13 10:00:00,FLAT,547368965.305086,547368965.305086,0.0,0.0,2013.3
2026-02-13 10:15:00,FLAT,547368965.305086,547368965.305086,0.0,0.0,2015.5
2026-02-13 10:30:00,FLAT,547368965.305086,547368965.305086,0.0,0.0,2015.9
2026-02-13 10:45:00,FLAT,547368965.305086,547368965.305086,0.0,0.0,2019.9
2026-02-13 11:00:00,FLAT,547368965.305086,547368965.305086,0.0,0.0,2019.5
2026-02-13 11:15:00,FLAT,547368965.305086,547368965.305086,0.0,0.0,2020.4
2026-02-13 13:00:00,FLAT,547368965.305086,547368965.305086,0.0,0.0,2019.5
2026-02-13 13:15:00,FLAT,547368965.305086,547368965.305086,0.0,0.0,2018.4
2026-02-13 13:30:00,FLAT,547368965.305086,547368965.305086,0.0,0.0,2019.1
2026-02-13 13:45:00,FLAT,547368965.305086,547368965.305086,0.0,0.0,2017.6
2026-02-13 14:00:00,FLAT,547368965.305086,547368965.305086,0.0,0.0,2011.4
2026-02-13 14:15:00,FLAT,548178766.8096936,548178766.8096936,0.0,0.0,2011.0
2026-02-13 14:30:00,FLAT,548178766.8096936,548178766.8096936,0.0,0.0,2010.0
2026-02-23 09:00:00,FLAT,548178766.8096936,548178766.8096936,0.0,0.0,2040.7
2026-02-23 09:15:00,FLAT,548178766.8096936,548178766.8096936,0.0,0.0,2039.6
2026-02-23 09:30:00,FLAT,548178766.8096936,548178766.8096936,0.0,0.0,2037.1
2026-02-23 09:45:00,FLAT,548178766.8096936,548178766.8096936,0.0,0.0,2037.6
2026-02-23 10:00:00,FLAT,548178766.8096936,548178766.8096936,0.0,0.0,2037.8
2026-02-23 10:15:00,FLAT,548178766.8096936,548178766.8096936,0.0,0.0,2039.0
2026-02-23 10:30:00,FLAT,548178766.8096936,548178766.8096936,0.0,0.0,2039.8
2026-02-23 10:45:00,FLAT,548178766.8096936,548178766.8096936,0.0,0.0,2040.7
2026-02-23 11:00:00,FLAT,548178766.8096936,548178766.8096936,0.0,0.0,2042.3
2026-02-23 11:15:00,FLAT,548178766.8096936,548178766.8096936,0.0,0.0,2042.2
2026-02-23 13:00:00,FLAT,548178766.8096936,548178766.8096936,0.0,0.0,2045.0
2026-02-23 13:15:00,FLAT,548178766.8096936,548178766.8096936,0.0,0.0,2044.8
2026-02-23 13:30:00,FLAT,548178766.8096936,548178766.8096936,0.0,0.0,2043.4
2026-02-23 13:45:00,FLAT,548178766.8096936,548178766.8096936,0.0,0.0,2042.1
2026-02-23 14:00:00,FLAT,548178766.8096936,548178766.8096936,0.0,0.0,2041.0
2026-02-23 14:15:00,FLAT,548178766.8096936,548178766.8096936,0.0,0.0,2043.8
2026-02-23 14:30:00,FLAT,548178766.8096936,548178766.8096936,0.0,0.0,2042.6
2026-02-24 09:00:00,FLAT,548178766.8096936,548178766.8096936,0.0,0.0,2037.6
2026-02-24 09:15:00,FLAT,548178766.8096936,548178766.8096936,0.0,0.0,2039.5
2026-02-24 09:30:00,FLAT,548178766.8096936,548178766.8096936,0.0,0.0,2037.4
2026-02-24 09:45:00,FLAT,548178766.8096936,548178766.8096936,0.0,0.0,2032.3
2026-02-24 10:00:00,FLAT,543468491.8096937,543468491.8096937,0.0,0.0,2036.0
2026-02-24 10:15:00,FLAT,543468491.8096937,543468491.8096937,0.0,0.0,2036.0
2026-02-24 10:30:00,FLAT,543468491.8096937,543468491.8096937,0.0,0.0,2041.7
2026-02-24 10:45:00,FLAT,543468491.8096937,543468491.8096937,0.0,0.0,2041.3
2026-02-24 11:00:00,FLAT,543468491.8096937,543468491.8096937,0.0,0.0,2044.0
2026-02-24 11:15:00,FLAT,543468491.8096937,543468491.8096937,0.0,0.0,2043.5
2026-02-24 13:00:00,FLAT,543468491.8096937,543468491.8096937,0.0,0.0,2043.0
2026-02-24 13:15:00,FLAT,543468491.8096937,543468491.8096937,0.0,0.0,2043.9
2026-02-24 13:30:00,FLAT,543468491.8096937,543468491.8096937,0.0,0.0,2044.0
2026-02-24 13:45:00,FLAT,543468491.8096937,543468491.8096937,0.0,0.0,2044.5
2026-02-24 14:00:00,FLAT,543468491.8096937,543468491.8096937,0.0,0.0,2039.9
2026-02-24 14:15:00,FLAT,543468491.8096937,543468491.8096937,0.0,0.0,2046.2
2026-02-24 14:30:00,FLAT,543468491.8096937,543468491.8096937,0.0,0.0,2046.4
2026-02-25 09:00:00,FLAT,543468491.8096937,543468491.8096937,0.0,0.0,2050.5
2026-02-25 09:15:00,FLAT,543468491.8096937,543468491.8096937,0.0,0.0,2048.0
2026-02-25 09:30:00,FLAT,543468491.8096937,543468491.8096937,0.0,0.0,2047.7
2026-02-25 09:45:00,FLAT,543468491.8096937,543468491.8096937,0.0,0.0,2051.8
2026-02-25 10:00:00,FLAT,543468491.8096937,543468491.8096937,0.0,0.0,2064.8
2026-02-25 10:15:00,LONG,543159476.381665,541656622.8569262,-1502853.5247388391,0.0,2058.6
2026-02-25 10:30:00,FLAT,538748222.8569262,538748222.8569262,0.0,0.0,2055.2
2026-02-25 10:45:00,FLAT,538748222.8569262,538748222.8569262,0.0,0.0,2056.0
2026-02-25 11:00:00,FLAT,538748222.8569262,538748222.8569262,0.0,0.0,2046.3
2026-02-25 11:15:00,FLAT,538748222.8569262,538748222.8569262,0.0,0.0,2049.0
2026-02-25 13:00:00,FLAT,538748222.8569262,538748222.8569262,0.0,0.0,2051.4
2026-02-25 13:15:00,FLAT,538748222.8569262,538748222.8569262,0.0,0.0,2047.9
2026-02-25 13:30:00,FLAT,538748222.8569262,538748222.8569262,0.0,0.0,2053.0
2026-02-25 13:45:00,FLAT,538748222.8569262,538748222.8569262,0.0,0.0,2051.7
2026-02-25 14:00:00,FLAT,538748222.8569262,538748222.8569262,0.0,0.0,2048.9
2026-02-25 14:15:00,FLAT,538748222.8569262,538748222.8569262,0.0,0.0,2050.0
2026-02-25 14:30:00,FLAT,538748222.8569262,538748222.8569262,0.0,0.0,2052.0
2026-02-26 09:00:00,FLAT,538748222.8569262,538748222.8569262,0.0,0.0,2049.1
2026-02-26 09:15:00,FLAT,538748222.8569262,538748222.8569262,0.0,0.0,2056.8
2026-02-26 09:30:00,FLAT,538748222.8569262,538748222.8569262,0.0,0.0,2062.1
2026-02-26 09:45:00,FLAT,538748222.8569262,538748222.8569262,0.0,0.0,2061.0
2026-02-26 10:00:00,FLAT,538748222.8569262,538748222.8569262,0.0,0.0,2058.7
2026-02-26 10:15:00,FLAT,538748222.8569262,538748222.8569262,0.0,0.0,2055.3
2026-02-26 10:30:00,FLAT,538748222.8569262,538748222.8569262,0.0,0.0,2056.0
2026-02-26 10:45:00,LONG,538440007.4601114,537070695.3614005,-1369312.098710907,0.0,2053.4
2026-02-26 11:00:00,LONG,538440007.4601114,536470695.36140054,-1969312.098710816,0.0,2052.8
2026-02-26 11:15:00,LONG,538440007.4601114,539370695.3614002,930687.9012888203,0.0,2055.7
2026-02-26 13:00:00,LONG,538440007.4601114,537570695.3614005,-869312.0987109069,0.0,2053.9
2026-02-26 13:15:00,LONG,538440007.4601114,535670695.36140037,-2769312.098710998,0.0,2052.0
2026-02-26 13:30:00,LONG,538440007.4601114,538570695.3614005,130687.90128909313,0.0,2054.9
2026-02-26 13:45:00,LONG,538440007.4601114,541370695.3614002,2930687.9012888204,0.0,2057.7
2026-02-26 14:00:00,LONG,538440007.4601114,548470695.3614006,10030687.901289184,0.0,2064.8
2026-02-26 14:15:00,FLAT,556908491.0439333,556908491.0439333,0.0,0.0,2073.4
2026-02-26 14:30:00,FLAT,556908491.0439333,556908491.0439333,0.0,0.0,2074.6
2026-02-27 09:00:00,FLAT,556908491.0439333,556908491.0439333,0.0,0.0,2069.6
2026-02-27 09:15:00,FLAT,556908491.0439333,556908491.0439333,0.0,0.0,2069.7
2026-02-27 09:30:00,FLAT,556908491.0439333,556908491.0439333,0.0,0.0,2065.5
2026-02-27 09:45:00,FLAT,556908491.0439333,556908491.0439333,0.0,0.0,2065.7
2026-02-27 10:00:00,FLAT,556908491.0439333,556908491.0439333,0.0,0.0,2063.4
2026-02-27 10:15:00,FLAT,556908491.0439333,556908491.0439333,0.0,0.0,2058.8
2026-02-27 10:30:00,FLAT,556908491.0439333,556908491.0439333,0.0,0.0,2056.4
2026-02-27 10:45:00,FLAT,556908491.0439333,556908491.0439333,0.0,0.0,2057.7
2026-02-27 11:00:00,FLAT,556908491.0439333,556908491.0439333,0.0,0.0,2059.2
2026-02-27 11:15:00,FLAT,556908491.0439333,556908491.0439333,0.0,0.0,2061.6
2026-02-27 13:00:00,FLAT,556908491.0439333,556908491.0439333,0.0,0.0,2057.5
2026-02-27 13:15:00,FLAT,556908491.0439333,556908491.0439333,0.0,0.0,2060.2
2026-02-27 13:30:00,FLAT,556908491.0439333,556908491.0439333,0.0,0.0,2061.5
2026-02-27 13:45:00,FLAT,556908491.0439333,556908491.0439333,0.0,0.0,2057.5
2026-02-27 14:00:00,FLAT,556908491.0439333,556908491.0439333,0.0,0.0,2053.5
2026-02-27 14:15:00,FLAT,556908491.0439333,556908491.0439333,0.0,0.0,2053.0
2026-02-27 14:30:00,FLAT,556908491.0439333,556908491.0439333,0.0,0.0,2052.9
