datetime,position,equity,cash,unrealized_pnl,close_price
2024-01-03 09:30:00,FLAT,500000000.0,500000000.0,0.0,1129.2
2024-01-03 09:45:00,FLAT,500000000.0,500000000.0,0.0,1128.5
2024-01-03 10:00:00,FLAT,500000000.0,500000000.0,0.0,1129.0
2024-01-03 10:15:00,FLAT,500000000.0,500000000.0,0.0,1129.8
2024-01-03 10:30:00,FLAT,500000000.0,500000000.0,0.0,1130.5
2024-01-03 10:45:00,LONG,502530335.00000006,499830335.0,2700000.0000000456,1133.8
2024-01-03 11:00:00,LONG,502330335.0,499830335.0,2500000.0,1133.6
2024-01-03 11:15:00,LONG,502330335.0,499830335.0,2500000.0,1133.6
2024-01-03 11:30:00,LONG,502230335.0000001,499830335.0,2400000.000000091,1133.5
2024-01-03 13:00:00,LONG,502330335.0,499830335.0,2500000.0,1133.6
2024-01-03 13:15:00,LONG,502530335.00000006,499830335.0,2700000.0000000456,1133.8
2024-01-03 13:30:00,LONG,504830335.0,499830335.0,5000000.0,1136.1
2024-01-03 13:45:00,LONG,504930335.0000001,499830335.0,5100000.000000136,1136.2
2024-01-03 14:00:00,LONG,503930335.0000001,499830335.0,4100000.0000001364,1135.2
2024-01-03 14:15:00,LONG,510830335.0,499830335.0,11000000.0,1142.1
2024-01-03 14:30:00,FLAT,512158795.0,512158795.0,0.0,1144.0
2024-01-04 09:00:00,FLAT,512158795.0,512158795.0,0.0,1146.5
2024-01-04 09:15:00,FLAT,512158795.0,512158795.0,0.0,1146.4
2024-01-04 09:30:00,FLAT,512158795.0,512158795.0,0.0,1147.5
2024-01-04 09:45:00,FLAT,512158795.0,512158795.0,0.0,1148.3
2024-01-04 10:00:00,FLAT,512158795.0,512158795.0,0.0,1147.9
2024-01-04 10:15:00,FLAT,512158795.0,512158795.0,0.0,1148.6
2024-01-04 10:30:00,FLAT,512158795.0,512158795.0,0.0,1149.8
2024-01-04 10:45:00,LONG,514786264.99999994,511986265.0,2799999.9999999544,1153.0
2024-01-04 11:00:00,LONG,518786264.99999994,511986265.0,6799999.999999954,1157.0
2024-01-04 11:15:00,LONG,525286264.99999994,511986265.0,13299999.999999955,1163.5
2024-01-04 11:30:00,LONG,525386264.9999999,511986265.0,13399999.999999864,1163.6
2024-01-04 13:00:00,LONG,521586264.9999999,511986265.0,9599999.999999909,1159.8
2024-01-04 13:15:00,FLAT,525502590.4545453,525502590.4545453,0.0,1167.1
2024-01-04 13:30:00,FLAT,525502590.4545453,525502590.4545453,0.0,1166.8
2024-01-04 13:45:00,FLAT,525502590.4545453,525502590.4545453,0.0,1167.5
2024-01-04 14:00:00,FLAT,525502590.4545453,525502590.4545453,0.0,1167.9
2024-01-04 14:15:00,FLAT,525502590.4545453,525502590.4545453,0.0,1159.5
2024-01-04 14:30:00,FLAT,525502590.4545453,525502590.4545453,0.0,1158.1
2024-01-05 09:00:00,FLAT,525502590.4545453,525502590.4545453,0.0,1161.0
2024-01-05 09:15:00,FLAT,525502590.4545453,525502590.4545453,0.0,1160.8
2024-01-05 09:30:00,FLAT,525502590.4545453,525502590.4545453,0.0,1161.0
2024-01-05 09:45:00,FLAT,525502590.4545453,525502590.4545453,0.0,1161.4
2024-01-05 10:00:00,FLAT,525502590.4545453,525502590.4545453,0.0,1161.7
2024-01-05 10:15:00,FLAT,525502590.4545453,525502590.4545453,0.0,1161.3
2024-01-05 10:30:00,FLAT,525502590.4545453,525502590.4545453,0.0,1157.1
2024-01-05 10:45:00,FLAT,525502590.4545453,525502590.4545453,0.0,1156.8
2024-01-05 11:00:00,FLAT,525502590.4545453,525502590.4545453,0.0,1156.1
2024-01-05 11:15:00,FLAT,525502590.4545453,525502590.4545453,0.0,1157.3
2024-01-05 11:30:00,FLAT,525502590.4545453,525502590.4545453,0.0,1157.3
2024-01-05 13:00:00,FLAT,525502590.4545453,525502590.4545453,0.0,1156.3
2024-01-05 13:15:00,FLAT,525502590.4545453,525502590.4545453,0.0,1158.9
2024-01-05 13:30:00,FLAT,525502590.4545453,525502590.4545453,0.0,1157.1
2024-01-05 13:45:00,FLAT,525502590.4545453,525502590.4545453,0.0,1157.8
2024-01-05 14:00:00,FLAT,525502590.4545453,525502590.4545453,0.0,1156.0
2024-01-05 14:15:00,FLAT,525502590.4545453,525502590.4545453,0.0,1163.4
2024-01-05 14:30:00,LONG,524728035.4545452,525328035.4545453,-600000.0000001364,1163.1
2024-01-08 09:00:00,LONG,530728035.4545452,525328035.4545453,5399999.999999864,1169.1
2024-01-08 09:15:00,LONG,532928035.4545452,525328035.4545453,7599999.999999909,1171.3
2024-01-08 09:30:00,LONG,531328035.4545453,525328035.4545453,6000000.0,1169.7
2024-01-08 09:45:00,LONG,531828035.4545453,525328035.4545453,6500000.0,1170.2
2024-01-08 10:00:00,LONG,531628035.45454526,525328035.4545453,6299999.999999954,1170.0
2024-01-08 10:15:00,LONG,532828035.4545453,525328035.4545453,7500000.0,1171.2
2024-01-08 10:30:00,LONG,530728035.4545452,525328035.4545453,5399999.999999864,1169.1
2024-01-08 10:45:00,LONG,527928035.4545452,525328035.4545453,2599999.999999909,1166.3
2024-01-08 11:00:00,LONG,528328035.4545453,525328035.4545453,3000000.0,1166.7
2024-01-08 11:15:00,LONG,527628035.45454526,525328035.4545453,2299999.9999999544,1166.0
2024-01-08 11:30:00,LONG,527928035.4545452,525328035.4545453,2599999.999999909,1166.3
2024-01-08 13:00:00,LONG,527328035.4545453,525328035.4545453,2000000.0,1165.7
2024-01-08 13:15:00,LONG,525628035.45454526,525328035.4545453,299999.99999995454,1164.0
2024-01-08 13:30:00,LONG,524328035.4545453,525328035.4545453,-1000000.0,1162.7
2024-01-08 13:45:00,FLAT,522608407.7272726,522608407.7272726,0.0,1166.7
2024-01-08 14:00:00,FLAT,522608407.7272726,522608407.7272726,0.0,1164.1
2024-01-08 14:15:00,FLAT,522608407.7272726,522608407.7272726,0.0,1166.2
2024-01-08 14:30:00,FLAT,522608407.7272726,522608407.7272726,0.0,1166.8
2024-01-09 09:00:00,FLAT,522608407.7272726,522608407.7272726,0.0,1163.7
2024-01-09 09:15:00,FLAT,522608407.7272726,522608407.7272726,0.0,1161.9
2024-01-09 09:30:00,FLAT,522608407.7272726,522608407.7272726,0.0,1162.8
2024-01-09 09:45:00,FLAT,522608407.7272726,522608407.7272726,0.0,1163.1
2024-01-09 10:00:00,FLAT,522608407.7272726,522608407.7272726,0.0,1162.6
2024-01-09 10:15:00,FLAT,522608407.7272726,522608407.7272726,0.0,1163.2
2024-01-09 10:30:00,FLAT,522608407.7272726,522608407.7272726,0.0,1163.9
2024-01-09 10:45:00,FLAT,522608407.7272726,522608407.7272726,0.0,1163.5
2024-01-09 11:00:00,FLAT,522608407.7272726,522608407.7272726,0.0,1162.4
2024-01-09 11:15:00,FLAT,522608407.7272726,522608407.7272726,0.0,1161.2
2024-01-09 11:30:00,FLAT,522608407.7272726,522608407.7272726,0.0,1161.4
2024-01-09 13:00:00,FLAT,522608407.7272726,522608407.7272726,0.0,1162.6
2024-01-09 13:15:00,FLAT,522608407.7272726,522608407.7272726,0.0,1162.0
2024-01-09 13:30:00,FLAT,522608407.7272726,522608407.7272726,0.0,1162.3
2024-01-09 13:45:00,FLAT,522608407.7272726,522608407.7272726,0.0,1159.8
2024-01-09 14:00:00,FLAT,522608407.7272726,522608407.7272726,0.0,1164.1
2024-01-09 14:15:00,LONG,521533672.7272725,522433672.7272726,-900000.0000000909,1164.0
2024-01-09 14:30:00,LONG,521233672.72727257,522433672.7272726,-1200000.0000000454,1163.7
2024-01-10 09:00:00,FLAT,519741133.6363633,519741133.6363633,0.0,1162.0
2024-01-10 09:15:00,FLAT,519741133.6363633,519741133.6363633,0.0,1162.2
2024-01-10 09:30:00,FLAT,519741133.6363633,519741133.6363633,0.0,1163.1
2024-01-10 09:45:00,FLAT,519741133.6363633,519741133.6363633,0.0,1163.2
2024-01-10 10:00:00,FLAT,519741133.6363633,519741133.6363633,0.0,1163.6
2024-01-10 10:15:00,FLAT,519741133.6363633,519741133.6363633,0.0,1164.4
2024-01-10 10:30:00,FLAT,519741133.6363633,519741133.6363633,0.0,1169.2
2024-01-10 10:45:00,FLAT,516963284.9999998,516963284.9999998,0.0,1168.1
2024-01-10 11:00:00,FLAT,516963284.9999998,516963284.9999998,0.0,1168.3
2024-01-10 11:15:00,FLAT,516963284.9999998,516963284.9999998,0.0,1166.4
2024-01-10 11:30:00,FLAT,516963284.9999998,516963284.9999998,0.0,1166.4
2024-01-10 13:00:00,FLAT,516963284.9999998,516963284.9999998,0.0,1164.3
2024-01-10 13:15:00,FLAT,516963284.9999998,516963284.9999998,0.0,1162.7
2024-01-10 13:30:00,FLAT,516963284.9999998,516963284.9999998,0.0,1162.8
2024-01-10 13:45:00,FLAT,516963284.9999998,516963284.9999998,0.0,1164.0
2024-01-10 14:00:00,FLAT,516963284.9999998,516963284.9999998,0.0,1163.1
2024-01-10 14:15:00,FLAT,516963284.9999998,516963284.9999998,0.0,1163.8
2024-01-10 14:30:00,FLAT,516963284.9999998,516963284.9999998,0.0,1163.9
2024-01-11 09:00:00,FLAT,516963284.9999998,516963284.9999998,0.0,1166.2
2024-01-11 09:15:00,FLAT,516963284.9999998,516963284.9999998,0.0,1166.1
2024-01-11 09:30:00,FLAT,516963284.9999998,516963284.9999998,0.0,1167.3
2024-01-11 09:45:00,FLAT,516963284.9999998,516963284.9999998,0.0,1174.0
2024-01-11 10:00:00,FLAT,513838563.6363635,513838563.6363635,0.0,1172.6
2024-01-11 10:15:00,FLAT,513838563.6363635,513838563.6363635,0.0,1173.4
2024-01-11 10:30:00,FLAT,513838563.6363635,513838563.6363635,0.0,1174.8
2024-01-11 10:45:00,FLAT,513838563.6363635,513838563.6363635,0.0,1175.0
2024-01-11 11:00:00,FLAT,513838563.6363635,513838563.6363635,0.0,1173.2
2024-01-11 11:15:00,FLAT,513838563.6363635,513838563.6363635,0.0,1170.3
2024-01-11 11:30:00,FLAT,513838563.6363635,513838563.6363635,0.0,1170.0
2024-01-11 13:00:00,FLAT,513838563.6363635,513838563.6363635,0.0,1170.8
2024-01-11 13:15:00,FLAT,513838563.6363635,513838563.6363635,0.0,1169.1
2024-01-11 13:30:00,FLAT,513838563.6363635,513838563.6363635,0.0,1167.5
2024-01-11 13:45:00,FLAT,513838563.6363635,513838563.6363635,0.0,1167.1
2024-01-11 14:00:00,FLAT,513838563.6363635,513838563.6363635,0.0,1162.9
2024-01-11 14:15:00,FLAT,513838563.6363635,513838563.6363635,0.0,1164.6
2024-01-11 14:30:00,FLAT,513838563.6363635,513838563.6363635,0.0,1166.5
2024-01-12 09:00:00,FLAT,513838563.6363635,513838563.6363635,0.0,1160.1
2024-01-12 09:15:00,FLAT,513838563.6363635,513838563.6363635,0.0,1154.5
2024-01-12 09:30:00,FLAT,513838563.6363635,513838563.6363635,0.0,1153.9
2024-01-12 09:45:00,FLAT,513838563.6363635,513838563.6363635,0.0,1155.3
2024-01-12 10:00:00,FLAT,513838563.6363635,513838563.6363635,0.0,1156.5
2024-01-12 10:15:00,FLAT,513838563.6363635,513838563.6363635,0.0,1157.9
2024-01-12 10:30:00,FLAT,513838563.6363635,513838563.6363635,0.0,1160.8
2024-01-12 10:45:00,FLAT,513838563.6363635,513838563.6363635,0.0,1164.5
2024-01-12 11:00:00,FLAT,513838563.6363635,513838563.6363635,0.0,1164.3
2024-01-12 11:15:00,FLAT,513838563.6363635,513838563.6363635,0.0,1164.3
2024-01-12 11:30:00,FLAT,513838563.6363635,513838563.6363635,0.0,1164.3
2024-01-12 13:00:00,FLAT,513838563.6363635,513838563.6363635,0.0,1164.2
2024-01-12 13:15:00,FLAT,513838563.6363635,513838563.6363635,0.0,1166.7
2024-01-12 13:30:00,FLAT,513838563.6363635,513838563.6363635,0.0,1165.4
2024-01-12 13:45:00,FLAT,513838563.6363635,513838563.6363635,0.0,1165.6
2024-01-12 14:00:00,FLAT,513838563.6363635,513838563.6363635,0.0,1165.4
2024-01-12 14:15:00,FLAT,513838563.6363635,513838563.6363635,0.0,1165.7
2024-01-12 14:30:00,FLAT,513838563.6363635,513838563.6363635,0.0,1168.0
2024-01-15 09:00:00,FLAT,513838563.6363635,513838563.6363635,0.0,1173.4
2024-01-15 09:15:00,FLAT,513838563.6363635,513838563.6363635,0.0,1172.0
2024-01-15 09:30:00,FLAT,513838563.6363635,513838563.6363635,0.0,1171.4
2024-01-15 09:45:00,FLAT,513838563.6363635,513838563.6363635,0.0,1171.4
2024-01-15 10:00:00,FLAT,513838563.6363635,513838563.6363635,0.0,1170.4
2024-01-15 10:15:00,FLAT,513838563.6363635,513838563.6363635,0.0,1171.0
2024-01-15 10:30:00,FLAT,513838563.6363635,513838563.6363635,0.0,1170.0
2024-01-15 10:45:00,FLAT,513838563.6363635,513838563.6363635,0.0,1170.2
2024-01-15 11:00:00,FLAT,513838563.6363635,513838563.6363635,0.0,1169.8
2024-01-15 11:15:00,FLAT,513838563.6363635,513838563.6363635,0.0,1170.1
2024-01-15 11:30:00,FLAT,513838563.6363635,513838563.6363635,0.0,1170.3
2024-01-15 13:00:00,FLAT,513838563.6363635,513838563.6363635,0.0,1170.0
2024-01-15 13:15:00,FLAT,513838563.6363635,513838563.6363635,0.0,1170.9
2024-01-15 13:30:00,FLAT,513838563.6363635,513838563.6363635,0.0,1169.4
2024-01-15 13:45:00,FLAT,513838563.6363635,513838563.6363635,0.0,1170.0
2024-01-15 14:00:00,FLAT,513838563.6363635,513838563.6363635,0.0,1168.4
2024-01-15 14:15:00,FLAT,513838563.6363635,513838563.6363635,0.0,1163.7
2024-01-15 14:30:00,FLAT,513838563.6363635,513838563.6363635,0.0,1164.4
2024-01-16 09:00:00,FLAT,513838563.6363635,513838563.6363635,0.0,1158.4
2024-01-16 09:15:00,FLAT,513838563.6363635,513838563.6363635,0.0,1161.5
2024-01-16 09:30:00,FLAT,513838563.6363635,513838563.6363635,0.0,1159.1
2024-01-16 09:45:00,FLAT,513838563.6363635,513838563.6363635,0.0,1159.6
2024-01-16 10:00:00,FLAT,513838563.6363635,513838563.6363635,0.0,1159.9
2024-01-16 10:15:00,FLAT,513838563.6363635,513838563.6363635,0.0,1160.6
2024-01-16 10:30:00,FLAT,513838563.6363635,513838563.6363635,0.0,1159.5
2024-01-16 10:45:00,FLAT,513838563.6363635,513838563.6363635,0.0,1163.0
2024-01-16 11:00:00,LONG,512364008.63636357,513664008.6363635,-1299999.9999999546,1162.4
2024-01-16 11:15:00,LONG,512764008.6363634,513664008.6363635,-900000.0000000909,1162.8
2024-01-16 13:00:00,FLAT,510730776.590909,510730776.590909,0.0,1162.0
2024-01-16 13:15:00,FLAT,510730776.590909,510730776.590909,0.0,1162.9
2024-01-16 13:30:00,FLAT,510730776.590909,510730776.590909,0.0,1162.9
2024-01-16 13:45:00,FLAT,510730776.590909,510730776.590909,0.0,1161.3
2024-01-16 14:00:00,FLAT,510730776.590909,510730776.590909,0.0,1163.7
2024-01-16 14:15:00,FLAT,510730776.590909,510730776.590909,0.0,1170.0
2024-01-16 14:30:00,LONG,510455126.5909091,510555126.590909,-99999.99999990905,1170.9
2024-01-17 09:00:00,LONG,509955126.5909091,510555126.590909,-599999.9999999091,1170.4
2024-01-17 09:15:00,FLAT,507638978.6363635,507638978.6363635,0.0,1170.0
2024-01-17 09:30:00,FLAT,507638978.6363635,507638978.6363635,0.0,1172.3
2024-01-17 09:45:00,FLAT,507638978.6363635,507638978.6363635,0.0,1172.3
2024-01-17 10:00:00,FLAT,507638978.6363635,507638978.6363635,0.0,1173.5
2024-01-17 10:15:00,FLAT,507638978.6363635,507638978.6363635,0.0,1177.9
2024-01-17 10:30:00,LONG,505962188.6363635,507462188.6363635,-1500000.0,1177.1
2024-01-17 10:45:00,LONG,506362188.6363636,507462188.6363635,-1099999.999999909,1177.5
2024-01-17 11:00:00,LONG,506262188.6363637,507462188.6363635,-1199999.9999998182,1177.4
2024-01-17 11:15:00,FLAT,504581258.86363643,504581258.86363643,0.0,1176.5
2024-01-17 11:30:00,FLAT,504581258.86363643,504581258.86363643,0.0,1176.4
2024-01-17 13:00:00,FLAT,504581258.86363643,504581258.86363643,0.0,1172.6
2024-01-17 13:15:00,FLAT,504581258.86363643,504581258.86363643,0.0,1171.0
2024-01-17 13:30:00,FLAT,504581258.86363643,504581258.86363643,0.0,1170.0
2024-01-17 13:45:00,FLAT,504581258.86363643,504581258.86363643,0.0,1169.9
2024-01-17 14:00:00,FLAT,504581258.86363643,504581258.86363643,0.0,1167.3
2024-01-17 14:15:00,FLAT,504581258.86363643,504581258.86363643,0.0,1165.1
2024-01-17 14:30:00,FLAT,504581258.86363643,504581258.86363643,0.0,1166.9
2024-01-18 09:00:00,FLAT,504581258.86363643,504581258.86363643,0.0,1169.1
2024-01-18 09:15:00,FLAT,504581258.86363643,504581258.86363643,0.0,1169.3
2024-01-18 09:30:00,FLAT,504581258.86363643,504581258.86363643,0.0,1168.2
2024-01-18 09:45:00,FLAT,504581258.86363643,504581258.86363643,0.0,1170.6
2024-01-18 10:00:00,FLAT,504581258.86363643,504581258.86363643,0.0,1169.3
2024-01-18 10:15:00,FLAT,504581258.86363643,504581258.86363643,0.0,1169.2
2024-01-18 10:30:00,FLAT,504581258.86363643,504581258.86363643,0.0,1167.2
2024-01-18 10:45:00,FLAT,504581258.86363643,504581258.86363643,0.0,1167.2
2024-01-18 11:00:00,FLAT,504581258.86363643,504581258.86363643,0.0,1167.0
2024-01-18 11:15:00,FLAT,504581258.86363643,504581258.86363643,0.0,1168.4
2024-01-18 13:00:00,FLAT,504581258.86363643,504581258.86363643,0.0,1169.5
2024-01-18 13:15:00,FLAT,504581258.86363643,504581258.86363643,0.0,1171.7
2024-01-18 13:30:00,FLAT,504581258.86363643,504581258.86363643,0.0,1173.3
2024-01-18 13:45:00,FLAT,504581258.86363643,504581258.86363643,0.0,1175.5
2024-01-18 14:00:00,FLAT,504581258.86363643,504581258.86363643,0.0,1175.2
2024-01-18 14:15:00,FLAT,504581258.86363643,504581258.86363643,0.0,1172.9
2024-01-18 14:30:00,FLAT,504581258.86363643,504581258.86363643,0.0,1173.0
2024-01-19 09:00:00,FLAT,504581258.86363643,504581258.86363643,0.0,1181.6
2024-01-19 09:15:00,FLAT,504581258.86363643,504581258.86363643,0.0,1184.4
2024-01-19 09:30:00,FLAT,504581258.86363643,504581258.86363643,0.0,1184.0
2024-01-19 09:45:00,FLAT,504581258.86363643,504581258.86363643,0.0,1183.5
2024-01-19 10:00:00,FLAT,504581258.86363643,504581258.86363643,0.0,1187.5
2024-01-19 10:15:00,FLAT,501216129.31818193,501216129.31818193,0.0,1184.6
2024-01-19 10:30:00,FLAT,501216129.31818193,501216129.31818193,0.0,1184.7
2024-01-19 10:45:00,FLAT,501216129.31818193,501216129.31818193,0.0,1185.6
2024-01-19 11:00:00,FLAT,501216129.31818193,501216129.31818193,0.0,1185.0
2024-01-19 11:15:00,FLAT,501216129.31818193,501216129.31818193,0.0,1184.5
2024-01-19 11:30:00,FLAT,501216129.31818193,501216129.31818193,0.0,1184.0
2024-01-19 13:00:00,FLAT,501216129.31818193,501216129.31818193,0.0,1185.2
2024-01-19 13:15:00,FLAT,501216129.31818193,501216129.31818193,0.0,1185.0
2024-01-19 13:30:00,FLAT,501216129.31818193,501216129.31818193,0.0,1183.7
2024-01-19 13:45:00,FLAT,501216129.31818193,501216129.31818193,0.0,1182.6
2024-01-19 14:00:00,FLAT,501216129.31818193,501216129.31818193,0.0,1185.1
2024-01-19 14:15:00,FLAT,501216129.31818193,501216129.31818193,0.0,1187.0
2024-01-19 14:30:00,FLAT,501216129.31818193,501216129.31818193,0.0,1188.4
2024-01-22 09:00:00,FLAT,501216129.31818193,501216129.31818193,0.0,1195.7
2024-01-22 09:15:00,FLAT,501216129.31818193,501216129.31818193,0.0,1192.6
2024-01-22 09:30:00,FLAT,501216129.31818193,501216129.31818193,0.0,1194.2
2024-01-22 09:45:00,FLAT,501216129.31818193,501216129.31818193,0.0,1190.3
2024-01-22 10:00:00,FLAT,501216129.31818193,501216129.31818193,0.0,1189.6
2024-01-22 10:15:00,FLAT,501216129.31818193,501216129.31818193,0.0,1190.7
2024-01-22 10:30:00,FLAT,501216129.31818193,501216129.31818193,0.0,1190.6
2024-01-22 10:45:00,FLAT,501216129.31818193,501216129.31818193,0.0,1190.2
2024-01-22 11:00:00,FLAT,501216129.31818193,501216129.31818193,0.0,1189.5
2024-01-22 11:15:00,FLAT,501216129.31818193,501216129.31818193,0.0,1189.4
2024-01-22 11:30:00,FLAT,501216129.31818193,501216129.31818193,0.0,1189.7
2024-01-22 13:00:00,FLAT,501216129.31818193,501216129.31818193,0.0,1189.8
2024-01-22 13:15:00,FLAT,501216129.31818193,501216129.31818193,0.0,1190.0
2024-01-22 13:30:00,FLAT,501216129.31818193,501216129.31818193,0.0,1189.0
2024-01-22 13:45:00,FLAT,501216129.31818193,501216129.31818193,0.0,1188.8
2024-01-22 14:00:00,FLAT,501216129.31818193,501216129.31818193,0.0,1188.0
2024-01-22 14:15:00,FLAT,501216129.31818193,501216129.31818193,0.0,1196.0
2024-01-22 14:30:00,LONG,502236759.318182,501036759.31818193,1200000.0000000454,1197.0
2024-01-23 09:00:00,FLAT,497757854.31818205,497757854.31818205,0.0,1194.3
2024-01-23 09:15:00,FLAT,497757854.31818205,497757854.31818205,0.0,1193.2
2024-01-23 09:30:00,FLAT,497757854.31818205,497757854.31818205,0.0,1193.5
2024-01-23 09:45:00,FLAT,497757854.31818205,497757854.31818205,0.0,1192.7
2024-01-23 10:00:00,FLAT,497757854.31818205,497757854.31818205,0.0,1190.7
2024-01-23 10:15:00,FLAT,497757854.31818205,497757854.31818205,0.0,1190.6
2024-01-23 10:30:00,FLAT,497757854.31818205,497757854.31818205,0.0,1190.6
2024-01-23 10:45:00,FLAT,497757854.31818205,497757854.31818205,0.0,1190.4
2024-01-23 11:00:00,FLAT,497757854.31818205,497757854.31818205,0.0,1190.0
2024-01-23 11:15:00,FLAT,497757854.31818205,497757854.31818205,0.0,1185.6
2024-01-23 11:30:00,FLAT,497757854.31818205,497757854.31818205,0.0,1185.5
2024-01-23 13:00:00,FLAT,497757854.31818205,497757854.31818205,0.0,1184.5
2024-01-23 13:15:00,FLAT,497757854.31818205,497757854.31818205,0.0,1185.4
2024-01-23 13:30:00,FLAT,497757854.31818205,497757854.31818205,0.0,1185.6
2024-01-23 13:45:00,FLAT,497757854.31818205,497757854.31818205,0.0,1185.5
2024-01-23 14:00:00,FLAT,497757854.31818205,497757854.31818205,0.0,1183.4
2024-01-23 14:15:00,FLAT,497757854.31818205,497757854.31818205,0.0,1184.2
2024-01-23 14:30:00,FLAT,497757854.31818205,497757854.31818205,0.0,1183.7
2024-01-24 09:00:00,FLAT,497757854.31818205,497757854.31818205,0.0,1185.1
2024-01-24 09:15:00,FLAT,497757854.31818205,497757854.31818205,0.0,1185.4
2024-01-24 09:30:00,FLAT,497757854.31818205,497757854.31818205,0.0,1188.6
2024-01-24 09:45:00,FLAT,497757854.31818205,497757854.31818205,0.0,1187.4
2024-01-24 10:00:00,FLAT,497757854.31818205,497757854.31818205,0.0,1187.5
2024-01-24 10:15:00,FLAT,497757854.31818205,497757854.31818205,0.0,1187.2
2024-01-24 10:30:00,FLAT,497757854.31818205,497757854.31818205,0.0,1184.0
2024-01-24 10:45:00,FLAT,497757854.31818205,497757854.31818205,0.0,1184.1
2024-01-24 11:00:00,FLAT,497757854.31818205,497757854.31818205,0.0,1184.3
2024-01-24 11:15:00,FLAT,497757854.31818205,497757854.31818205,0.0,1187.9
2024-01-24 11:30:00,FLAT,497757854.31818205,497757854.31818205,0.0,1188.3
2024-01-24 13:00:00,FLAT,497757854.31818205,497757854.31818205,0.0,1188.7
2024-01-24 13:15:00,FLAT,497757854.31818205,497757854.31818205,0.0,1189.4
2024-01-24 13:30:00,FLAT,497757854.31818205,497757854.31818205,0.0,1187.0
2024-01-24 13:45:00,FLAT,497757854.31818205,497757854.31818205,0.0,1184.5
2024-01-24 14:00:00,FLAT,497757854.31818205,497757854.31818205,0.0,1180.9
2024-01-24 14:15:00,FLAT,497757854.31818205,497757854.31818205,0.0,1181.7
2024-01-24 14:30:00,FLAT,497757854.31818205,497757854.31818205,0.0,1181.7
2024-01-25 09:00:00,FLAT,497757854.31818205,497757854.31818205,0.0,1181.2
2024-01-25 09:15:00,FLAT,497757854.31818205,497757854.31818205,0.0,1181.8
2024-01-25 09:30:00,FLAT,497757854.31818205,497757854.31818205,0.0,1181.9
2024-01-25 09:45:00,FLAT,497757854.31818205,497757854.31818205,0.0,1178.7
2024-01-25 10:00:00,FLAT,497757854.31818205,497757854.31818205,0.0,1177.8
2024-01-25 10:15:00,FLAT,497757854.31818205,497757854.31818205,0.0,1179.0
2024-01-25 10:30:00,FLAT,497757854.31818205,497757854.31818205,0.0,1180.8
2024-01-25 10:45:00,FLAT,497757854.31818205,497757854.31818205,0.0,1179.7
2024-01-25 11:00:00,FLAT,497757854.31818205,497757854.31818205,0.0,1178.5
2024-01-25 11:15:00,FLAT,497757854.31818205,497757854.31818205,0.0,1179.9
2024-01-25 11:30:00,FLAT,497757854.31818205,497757854.31818205,0.0,1179.9
2024-01-25 13:00:00,FLAT,497757854.31818205,497757854.31818205,0.0,1180.8
2024-01-25 13:15:00,FLAT,497757854.31818205,497757854.31818205,0.0,1180.5
2024-01-25 13:30:00,FLAT,497757854.31818205,497757854.31818205,0.0,1181.4
2024-01-25 13:45:00,FLAT,497757854.31818205,497757854.31818205,0.0,1178.0
2024-01-25 14:00:00,FLAT,497757854.31818205,497757854.31818205,0.0,1177.1
2024-01-25 14:15:00,FLAT,497757854.31818205,497757854.31818205,0.0,1182.6
2024-01-25 14:30:00,FLAT,497757854.31818205,497757854.31818205,0.0,1182.9
2024-01-26 09:00:00,FLAT,497757854.31818205,497757854.31818205,0.0,1183.1
2024-01-26 09:15:00,FLAT,497757854.31818205,497757854.31818205,0.0,1185.0
2024-01-26 09:30:00,FLAT,497757854.31818205,497757854.31818205,0.0,1185.5
2024-01-26 09:45:00,FLAT,497757854.31818205,497757854.31818205,0.0,1186.2
2024-01-26 10:00:00,FLAT,497757854.31818205,497757854.31818205,0.0,1185.7
2024-01-26 10:15:00,FLAT,497757854.31818205,497757854.31818205,0.0,1186.5
2024-01-26 10:30:00,FLAT,497757854.31818205,497757854.31818205,0.0,1186.6
2024-01-26 10:45:00,FLAT,497757854.31818205,497757854.31818205,0.0,1186.1
2024-01-26 11:00:00,FLAT,497757854.31818205,497757854.31818205,0.0,1186.0
2024-01-26 11:15:00,FLAT,497757854.31818205,497757854.31818205,0.0,1185.9
2024-01-26 11:30:00,FLAT,497757854.31818205,497757854.31818205,0.0,1186.1
2024-01-26 13:00:00,FLAT,497757854.31818205,497757854.31818205,0.0,1187.5
2024-01-26 13:15:00,FLAT,497757854.31818205,497757854.31818205,0.0,1185.7
2024-01-26 13:30:00,FLAT,497757854.31818205,497757854.31818205,0.0,1185.3
2024-01-26 13:45:00,FLAT,497757854.31818205,497757854.31818205,0.0,1185.4
2024-01-26 14:00:00,FLAT,497757854.31818205,497757854.31818205,0.0,1185.5
2024-01-26 14:15:00,FLAT,497757854.31818205,497757854.31818205,0.0,1187.9
2024-01-26 14:30:00,FLAT,497757854.31818205,497757854.31818205,0.0,1188.3
2024-01-29 09:00:00,FLAT,497757854.31818205,497757854.31818205,0.0,1185.7
2024-01-29 09:15:00,FLAT,497757854.31818205,497757854.31818205,0.0,1186.7
2024-01-29 09:30:00,FLAT,497757854.31818205,497757854.31818205,0.0,1186.7
2024-01-29 09:45:00,FLAT,497757854.31818205,497757854.31818205,0.0,1186.4
2024-01-29 10:00:00,FLAT,497757854.31818205,497757854.31818205,0.0,1187.3
2024-01-29 10:15:00,FLAT,497757854.31818205,497757854.31818205,0.0,1187.3
2024-01-29 10:30:00,FLAT,497757854.31818205,497757854.31818205,0.0,1187.5
2024-01-29 10:45:00,FLAT,497757854.31818205,497757854.31818205,0.0,1186.0
2024-01-29 11:00:00,FLAT,497757854.31818205,497757854.31818205,0.0,1186.3
2024-01-29 11:15:00,FLAT,497757854.31818205,497757854.31818205,0.0,1186.5
2024-01-29 11:30:00,FLAT,497757854.31818205,497757854.31818205,0.0,1186.0
2024-01-29 13:00:00,FLAT,497757854.31818205,497757854.31818205,0.0,1186.5
2024-01-29 13:15:00,FLAT,497757854.31818205,497757854.31818205,0.0,1185.4
2024-01-29 13:30:00,FLAT,497757854.31818205,497757854.31818205,0.0,1184.5
2024-01-29 13:45:00,FLAT,497757854.31818205,497757854.31818205,0.0,1185.1
2024-01-29 14:00:00,FLAT,497757854.31818205,497757854.31818205,0.0,1182.8
2024-01-29 14:15:00,FLAT,497757854.31818205,497757854.31818205,0.0,1182.5
2024-01-29 14:30:00,FLAT,497757854.31818205,497757854.31818205,0.0,1183.2
2024-01-30 09:00:00,FLAT,497757854.31818205,497757854.31818205,0.0,1183.5
2024-01-30 09:15:00,FLAT,497757854.31818205,497757854.31818205,0.0,1183.5
2024-01-30 09:30:00,FLAT,497757854.31818205,497757854.31818205,0.0,1183.1
2024-01-30 09:45:00,FLAT,497757854.31818205,497757854.31818205,0.0,1184.1
2024-01-30 10:00:00,FLAT,497757854.31818205,497757854.31818205,0.0,1183.5
2024-01-30 10:15:00,FLAT,497757854.31818205,497757854.31818205,0.0,1184.0
2024-01-30 10:30:00,FLAT,497757854.31818205,497757854.31818205,0.0,1183.8
2024-01-30 10:45:00,FLAT,497757854.31818205,497757854.31818205,0.0,1183.5
2024-01-30 11:00:00,FLAT,497757854.31818205,497757854.31818205,0.0,1183.1
2024-01-30 11:15:00,FLAT,497757854.31818205,497757854.31818205,0.0,1183.9
2024-01-30 11:30:00,FLAT,497757854.31818205,497757854.31818205,0.0,1184.0
2024-01-30 13:00:00,FLAT,497757854.31818205,497757854.31818205,0.0,1183.7
2024-01-30 13:15:00,FLAT,497757854.31818205,497757854.31818205,0.0,1183.6
2024-01-30 13:30:00,FLAT,497757854.31818205,497757854.31818205,0.0,1183.2
2024-01-30 13:45:00,FLAT,497757854.31818205,497757854.31818205,0.0,1184.5
2024-01-30 14:00:00,FLAT,495838922.5000003,495838922.5000003,0.0,1183.9
2024-01-30 14:15:00,FLAT,495838922.5000003,495838922.5000003,0.0,1186.8
2024-01-30 14:30:00,FLAT,495838922.5000003,495838922.5000003,0.0,1188.0
2024-01-31 09:00:00,FLAT,495838922.5000003,495838922.5000003,0.0,1187.6
2024-01-31 09:15:00,FLAT,495838922.5000003,495838922.5000003,0.0,1188.0
2024-01-31 09:30:00,FLAT,495838922.5000003,495838922.5000003,0.0,1187.0
2024-01-31 09:45:00,FLAT,495838922.5000003,495838922.5000003,0.0,1186.5
2024-01-31 10:00:00,FLAT,495838922.5000003,495838922.5000003,0.0,1185.0
2024-01-31 10:15:00,FLAT,495838922.5000003,495838922.5000003,0.0,1180.6
2024-01-31 10:30:00,FLAT,495838922.5000003,495838922.5000003,0.0,1180.0
2024-01-31 10:45:00,FLAT,495838922.5000003,495838922.5000003,0.0,1180.1
2024-01-31 11:00:00,FLAT,495838922.5000003,495838922.5000003,0.0,1178.3
2024-01-31 11:15:00,FLAT,495838922.5000003,495838922.5000003,0.0,1178.3
2024-01-31 11:30:00,FLAT,495838922.5000003,495838922.5000003,0.0,1178.2
2024-01-31 13:00:00,FLAT,495838922.5000003,495838922.5000003,0.0,1179.0
2024-01-31 13:15:00,FLAT,495838922.5000003,495838922.5000003,0.0,1177.8
2024-01-31 13:30:00,FLAT,495838922.5000003,495838922.5000003,0.0,1176.8
2024-01-31 13:45:00,FLAT,495838922.5000003,495838922.5000003,0.0,1172.6
2024-01-31 14:00:00,FLAT,495838922.5000003,495838922.5000003,0.0,1173.8
2024-01-31 14:15:00,FLAT,495838922.5000003,495838922.5000003,0.0,1167.0
2024-01-31 14:30:00,FLAT,495838922.5000003,495838922.5000003,0.0,1170.0
2024-02-01 09:00:00,FLAT,495838922.5000003,495838922.5000003,0.0,1169.8
2024-02-01 09:15:00,FLAT,495838922.5000003,495838922.5000003,0.0,1170.9
2024-02-01 09:30:00,FLAT,495838922.5000003,495838922.5000003,0.0,1171.6
2024-02-01 09:45:00,FLAT,495838922.5000003,495838922.5000003,0.0,1173.2
2024-02-01 10:00:00,LONG,495762852.5000004,495662852.5000003,100000.00000013642,1173.9
2024-02-01 10:15:00,LONG,497062852.5000004,495662852.5000003,1400000.000000091,1175.2
2024-02-01 10:30:00,LONG,497762852.5000004,495662852.5000003,2100000.0000001364,1175.9
2024-02-01 10:45:00,LONG,499062852.5000004,495662852.5000003,3400000.000000091,1177.2
2024-02-01 11:00:00,LONG,498362852.50000036,495662852.5000003,2700000.0000000456,1176.5
2024-02-01 11:15:00,LONG,498262852.5000004,495662852.5000003,2600000.0000001364,1176.4
2024-02-01 11:30:00,LONG,498162852.5000003,495662852.5000003,2500000.0,1176.3
2024-02-01 13:00:00,LONG,497762852.5000004,495662852.5000003,2100000.0000001364,1175.9
2024-02-01 13:15:00,LONG,499262852.5000004,495662852.5000003,3600000.0000001364,1177.4
2024-02-01 13:30:00,LONG,501662852.5000003,495662852.5000003,6000000.0,1179.8
2024-02-01 13:45:00,LONG,499462852.50000024,495662852.5000003,3799999.9999999544,1177.6
2024-02-01 14:00:00,LONG,499062852.5000004,495662852.5000003,3400000.000000091,1177.2
2024-02-01 14:15:00,LONG,499462852.50000024,495662852.5000003,3799999.9999999544,1177.6
2024-02-01 14:30:00,LONG,499562852.5000004,495662852.5000003,3900000.000000091,1177.7
2024-02-02 09:00:00,LONG,500662852.5000003,495662852.5000003,5000000.0,1178.8
2024-02-02 09:15:00,LONG,503362852.50000036,495662852.5000003,7700000.000000046,1181.5
2024-02-02 09:30:00,LONG,502762852.5000004,495662852.5000003,7100000.000000136,1180.9
2024-02-02 09:45:00,LONG,502562852.5000004,495662852.5000003,6900000.000000091,1180.7
2024-02-02 10:00:00,LONG,502062852.5000004,495662852.5000003,6400000.000000091,1180.2
2024-02-02 10:15:00,LONG,499862852.50000036,495662852.5000003,4200000.000000046,1178.0
2024-02-02 10:30:00,LONG,499262852.5000004,495662852.5000003,3600000.0000001364,1177.4
2024-02-02 10:45:00,LONG,499862852.50000036,495662852.5000003,4200000.000000046,1178.0
2024-02-02 11:00:00,LONG,499462852.50000024,495662852.5000003,3799999.9999999544,1177.6
2024-02-02 11:15:00,LONG,499862852.50000036,495662852.5000003,4200000.000000046,1178.0
2024-02-02 13:00:00,LONG,501162852.5000003,495662852.5000003,5500000.0,1179.3
2024-02-02 13:15:00,LONG,501662852.5000003,495662852.5000003,6000000.0,1179.8
2024-02-02 13:30:00,LONG,501162852.5000003,495662852.5000003,5500000.0,1179.3
2024-02-02 13:45:00,LONG,500162852.5000003,495662852.5000003,4500000.0,1178.3
2024-02-02 14:00:00,LONG,499862852.50000036,495662852.5000003,4200000.000000046,1178.0
2024-02-02 14:15:00,LONG,498062852.5000004,495662852.5000003,2400000.000000091,1176.2
2024-02-02 14:30:00,LONG,501362852.50000036,495662852.5000003,5700000.000000046,1179.5
2024-02-05 09:00:00,LONG,504262852.5000004,495662852.5000003,8600000.000000136,1182.4
2024-02-05 09:15:00,LONG,504062852.5000004,495662852.5000003,8400000.000000091,1182.2
2024-02-05 09:30:00,LONG,503562852.5000004,495662852.5000003,7900000.000000091,1181.7
2024-02-05 09:45:00,LONG,507162852.5000003,495662852.5000003,11500000.0,1185.3
2024-02-05 10:00:00,LONG,507162852.5000003,495662852.5000003,11500000.0,1185.3
2024-02-05 10:15:00,LONG,507462852.50000024,495662852.5000003,11799999.999999955,1185.6
2024-02-05 10:30:00,LONG,508762852.5000004,495662852.5000003,13100000.000000136,1186.9
2024-02-05 10:45:00,LONG,508262852.5000004,495662852.5000003,12600000.000000136,1186.4
2024-02-05 11:00:00,LONG,508662852.5000003,495662852.5000003,13000000.0,1186.8
2024-02-05 11:15:00,LONG,508062852.5000004,495662852.5000003,12400000.000000091,1186.2
2024-02-05 13:00:00,LONG,508262852.5000004,495662852.5000003,12600000.000000136,1186.4
2024-02-05 13:15:00,LONG,509462852.50000024,495662852.5000003,13799999.999999955,1187.6
2024-02-05 13:30:00,FLAT,510839024.7727277,510839024.7727277,0.0,1190.8
2024-02-05 13:45:00,FLAT,510839024.7727277,510839024.7727277,0.0,1202.5
2024-02-05 14:00:00,LONG,515658514.7727277,510658514.7727277,5000000.0,1208.4
2024-02-05 14:15:00,LONG,511158514.7727277,510658514.7727277,500000.0,1203.9
2024-02-05 14:30:00,LONG,512258514.7727276,510658514.7727277,1599999.999999909,1205.0
2024-02-06 09:00:00,LONG,510658514.7727277,510658514.7727277,0.0,1203.4
2024-02-06 09:15:00,LONG,511758514.7727276,510658514.7727277,1099999.999999909,1204.5
2024-02-06 09:30:00,LONG,511158514.7727277,510658514.7727277,500000.0,1203.9
2024-02-06 09:45:00,LONG,510858514.77272755,510658514.7727277,199999.9999998181,1203.6
2024-02-06 10:00:00,FLAT,507619342.72727305,507619342.72727305,0.0,1202.2
2024-02-06 10:15:00,FLAT,507619342.72727305,507619342.72727305,0.0,1203.5
2024-02-06 10:30:00,FLAT,507619342.72727305,507619342.72727305,0.0,1204.3
2024-02-06 10:45:00,FLAT,507619342.72727305,507619342.72727305,0.0,1203.3
2024-02-06 11:00:00,FLAT,507619342.72727305,507619342.72727305,0.0,1204.4
2024-02-06 11:15:00,FLAT,507619342.72727305,507619342.72727305,0.0,1204.0
2024-02-06 11:30:00,FLAT,507619342.72727305,507619342.72727305,0.0,1203.8
2024-02-06 13:00:00,FLAT,507619342.72727305,507619342.72727305,0.0,1204.1
2024-02-06 13:15:00,FLAT,507619342.72727305,507619342.72727305,0.0,1204.3
2024-02-06 13:30:00,FLAT,507619342.72727305,507619342.72727305,0.0,1203.5
2024-02-06 13:45:00,FLAT,507619342.72727305,507619342.72727305,0.0,1202.1
2024-02-06 14:00:00,FLAT,507619342.72727305,507619342.72727305,0.0,1204.2
2024-02-06 14:15:00,FLAT,507619342.72727305,507619342.72727305,0.0,1202.5
2024-02-06 14:30:00,FLAT,507619342.72727305,507619342.72727305,0.0,1204.0
2024-02-07 09:00:00,FLAT,507619342.72727305,507619342.72727305,0.0,1207.2
2024-02-07 09:15:00,FLAT,507619342.72727305,507619342.72727305,0.0,1206.5
2024-02-07 09:30:00,FLAT,507619342.72727305,507619342.72727305,0.0,1207.0
2024-02-07 09:45:00,FLAT,507619342.72727305,507619342.72727305,0.0,1206.8
2024-02-07 10:00:00,FLAT,507619342.72727305,507619342.72727305,0.0,1207.1
2024-02-07 10:15:00,FLAT,507619342.72727305,507619342.72727305,0.0,1206.4
2024-02-07 10:30:00,FLAT,507619342.72727305,507619342.72727305,0.0,1207.0
2024-02-07 10:45:00,FLAT,507619342.72727305,507619342.72727305,0.0,1209.0
2024-02-07 11:00:00,LONG,506937902.72727305,507437902.72727305,-500000.0,1209.1
2024-02-07 11:15:00,LONG,506637902.7272731,507437902.72727305,-799999.9999999545,1208.8
2024-02-07 11:30:00,LONG,506837902.72727317,507437902.72727305,-599999.9999999091,1209.0
2024-02-07 13:00:00,LONG,507337902.72727317,507437902.72727305,-99999.99999990905,1209.5
2024-02-07 13:15:00,LONG,510337902.72727317,507437902.72727305,2900000.000000091,1212.5
2024-02-07 13:30:00,LONG,513937902.72727305,507437902.72727305,6500000.0,1216.1
2024-02-07 13:45:00,LONG,515737902.7272732,507437902.72727305,8300000.000000182,1217.9
2024-02-07 14:00:00,FLAT,515473411.8181822,515473411.8181822,0.0,1218.2
2024-02-07 14:15:00,FLAT,515473411.8181822,515473411.8181822,0.0,1216.7
2024-02-07 14:30:00,FLAT,515473411.8181822,515473411.8181822,0.0,1220.9
2024-02-15 09:00:00,FLAT,515473411.8181822,515473411.8181822,0.0,1221.7
2024-02-15 09:15:00,FLAT,515473411.8181822,515473411.8181822,0.0,1221.6
2024-02-15 09:30:00,FLAT,515473411.8181822,515473411.8181822,0.0,1222.3
2024-02-15 09:45:00,FLAT,515473411.8181822,515473411.8181822,0.0,1222.5
2024-02-15 10:00:00,FLAT,515473411.8181822,515473411.8181822,0.0,1222.3
2024-02-15 10:15:00,FLAT,515473411.8181822,515473411.8181822,0.0,1221.5
2024-02-15 10:30:00,FLAT,515473411.8181822,515473411.8181822,0.0,1220.9
2024-02-15 10:45:00,FLAT,515473411.8181822,515473411.8181822,0.0,1221.6
2024-02-15 11:00:00,FLAT,515473411.8181822,515473411.8181822,0.0,1222.4
2024-02-15 11:15:00,FLAT,515473411.8181822,515473411.8181822,0.0,1222.0
2024-02-15 13:00:00,FLAT,515473411.8181822,515473411.8181822,0.0,1222.9
2024-02-15 13:15:00,FLAT,515473411.8181822,515473411.8181822,0.0,1222.0
2024-02-15 13:30:00,FLAT,515473411.8181822,515473411.8181822,0.0,1223.8
2024-02-15 13:45:00,FLAT,515473411.8181822,515473411.8181822,0.0,1226.4
2024-02-15 14:00:00,FLAT,513210141.59090954,513210141.59090954,0.0,1224.5
2024-02-15 14:15:00,FLAT,513210141.59090954,513210141.59090954,0.0,1218.7
2024-02-15 14:30:00,FLAT,513210141.59090954,513210141.59090954,0.0,1217.5
2024-02-16 09:00:00,FLAT,513210141.59090954,513210141.59090954,0.0,1229.0
2024-02-16 09:15:00,FLAT,513210141.59090954,513210141.59090954,0.0,1227.5
2024-02-16 09:30:00,FLAT,513210141.59090954,513210141.59090954,0.0,1227.7
2024-02-16 09:45:00,FLAT,513210141.59090954,513210141.59090954,0.0,1226.7
2024-02-16 10:00:00,FLAT,513210141.59090954,513210141.59090954,0.0,1227.0
2024-02-16 10:15:00,FLAT,513210141.59090954,513210141.59090954,0.0,1227.5
2024-02-16 10:30:00,FLAT,513210141.59090954,513210141.59090954,0.0,1228.3
2024-02-16 10:45:00,FLAT,513210141.59090954,513210141.59090954,0.0,1226.1
2024-02-16 11:00:00,FLAT,513210141.59090954,513210141.59090954,0.0,1224.2
2024-02-16 11:15:00,FLAT,513210141.59090954,513210141.59090954,0.0,1225.2
2024-02-16 11:30:00,FLAT,513210141.59090954,513210141.59090954,0.0,1225.0
2024-02-16 13:00:00,FLAT,513210141.59090954,513210141.59090954,0.0,1225.3
2024-02-16 13:15:00,FLAT,513210141.59090954,513210141.59090954,0.0,1225.6
2024-02-16 13:30:00,FLAT,513210141.59090954,513210141.59090954,0.0,1226.1
2024-02-16 13:45:00,FLAT,513210141.59090954,513210141.59090954,0.0,1226.1
2024-02-16 14:00:00,FLAT,513210141.59090954,513210141.59090954,0.0,1226.6
2024-02-16 14:15:00,FLAT,513210141.59090954,513210141.59090954,0.0,1230.1
2024-02-16 14:30:00,LONG,513125446.59090966,513025446.59090954,100000.00000013642,1231.4
2024-02-19 09:00:00,LONG,513425446.59090966,513025446.59090954,400000.0000000909,1231.7
2024-02-19 09:15:00,LONG,513825446.5909095,513025446.59090954,799999.9999999545,1232.1
2024-02-19 09:30:00,LONG,513725446.5909096,513025446.59090954,700000.0000000455,1232.0
2024-02-19 09:45:00,LONG,515325446.5909095,513025446.59090954,2299999.9999999544,1233.6
2024-02-19 10:00:00,LONG,517725446.5909096,513025446.59090954,4700000.000000046,1236.0
2024-02-19 10:15:00,LONG,516525446.59090954,513025446.59090954,3500000.0,1234.8
2024-02-19 10:30:00,LONG,516725446.5909096,513025446.59090954,3700000.0000000456,1235.0
2024-02-19 10:45:00,LONG,516025446.59090954,513025446.59090954,3000000.0,1234.3
2024-02-19 11:00:00,LONG,514525446.59090954,513025446.59090954,1500000.0,1232.8
2024-02-19 11:15:00,LONG,514325446.5909095,513025446.59090954,1299999.9999999546,1232.6
2024-02-19 11:30:00,LONG,514325446.5909095,513025446.59090954,1299999.9999999546,1232.6
2024-02-19 13:00:00,LONG,515025446.59090954,513025446.59090954,2000000.0,1233.3
2024-02-19 13:15:00,LONG,517625446.59090966,513025446.59090954,4600000.000000136,1235.9
2024-02-19 13:30:00,LONG,518325446.5909095,513025446.59090954,5299999.999999954,1236.6
2024-02-19 13:45:00,LONG,520625446.59090966,513025446.59090954,7600000.000000136,1238.9
2024-02-19 14:00:00,LONG,520425446.59090966,513025446.59090954,7400000.000000091,1238.7
2024-02-19 14:15:00,FLAT,523730027.0454551,523730027.0454551,0.0,1243.1
2024-02-19 14:30:00,FLAT,523730027.0454551,523730027.0454551,0.0,1243.1
2024-02-20 09:00:00,FLAT,523730027.0454551,523730027.0454551,0.0,1240.4
2024-02-20 09:15:00,FLAT,523730027.0454551,523730027.0454551,0.0,1240.5
2024-02-20 09:30:00,FLAT,523730027.0454551,523730027.0454551,0.0,1238.8
2024-02-20 09:45:00,FLAT,523730027.0454551,523730027.0454551,0.0,1239.5
2024-02-20 10:00:00,FLAT,523730027.0454551,523730027.0454551,0.0,1240.0
2024-02-20 10:15:00,FLAT,523730027.0454551,523730027.0454551,0.0,1240.4
2024-02-20 10:30:00,FLAT,523730027.0454551,523730027.0454551,0.0,1241.3
2024-02-20 10:45:00,FLAT,523730027.0454551,523730027.0454551,0.0,1242.2
2024-02-20 11:00:00,FLAT,523730027.0454551,523730027.0454551,0.0,1240.1
2024-02-20 11:15:00,FLAT,523730027.0454551,523730027.0454551,0.0,1240.3
2024-02-20 11:30:00,FLAT,523730027.0454551,523730027.0454551,0.0,1240.4
2024-02-20 13:00:00,FLAT,523730027.0454551,523730027.0454551,0.0,1242.1
2024-02-20 13:15:00,FLAT,523730027.0454551,523730027.0454551,0.0,1240.2
2024-02-20 13:30:00,FLAT,523730027.0454551,523730027.0454551,0.0,1241.3
2024-02-20 13:45:00,FLAT,523730027.0454551,523730027.0454551,0.0,1240.9
2024-02-20 14:00:00,FLAT,523730027.0454551,523730027.0454551,0.0,1240.8
2024-02-20 14:15:00,FLAT,523730027.0454551,523730027.0454551,0.0,1240.9
2024-02-20 14:30:00,FLAT,523730027.0454551,523730027.0454551,0.0,1241.5
2024-02-21 09:00:00,FLAT,523730027.0454551,523730027.0454551,0.0,1237.3
2024-02-21 09:15:00,FLAT,523730027.0454551,523730027.0454551,0.0,1238.7
2024-02-21 09:30:00,FLAT,523730027.0454551,523730027.0454551,0.0,1240.9
2024-02-21 09:45:00,FLAT,523730027.0454551,523730027.0454551,0.0,1241.1
2024-02-21 10:00:00,FLAT,523730027.0454551,523730027.0454551,0.0,1246.9
2024-02-21 10:15:00,LONG,521842872.04545504,523542872.0454551,-1700000.0000000454,1246.0
2024-02-21 10:30:00,FLAT,520406159.54545504,520406159.54545504,0.0,1242.2
2024-02-21 10:45:00,FLAT,520406159.54545504,520406159.54545504,0.0,1241.1
2024-02-21 11:00:00,FLAT,520406159.54545504,520406159.54545504,0.0,1238.3
2024-02-21 11:15:00,FLAT,520406159.54545504,520406159.54545504,0.0,1237.8
2024-02-21 13:00:00,FLAT,520406159.54545504,520406159.54545504,0.0,1238.9
2024-02-21 13:15:00,FLAT,520406159.54545504,520406159.54545504,0.0,1238.5
2024-02-21 13:30:00,FLAT,520406159.54545504,520406159.54545504,0.0,1238.6
2024-02-21 13:45:00,FLAT,520406159.54545504,520406159.54545504,0.0,1240.1
2024-02-21 14:00:00,FLAT,520406159.54545504,520406159.54545504,0.0,1240.4
2024-02-21 14:15:00,LONG,522319994.54545516,520219994.54545504,2100000.0000001364,1243.2
2024-02-21 14:30:00,LONG,521719994.54545504,520219994.54545504,1500000.0,1242.6
2024-02-22 09:00:00,LONG,519919994.5454551,520219994.54545504,-299999.99999995454,1240.8
2024-02-22 09:15:00,LONG,519719994.54545504,520219994.54545504,-500000.0,1240.6
2024-02-22 09:30:00,FLAT,517316055.45454615,517316055.45454615,0.0,1239.7
2024-02-22 09:45:00,FLAT,517316055.45454615,517316055.45454615,0.0,1240.8
2024-02-22 10:00:00,FLAT,517316055.45454615,517316055.45454615,0.0,1239.4
2024-02-22 10:15:00,FLAT,517316055.45454615,517316055.45454615,0.0,1239.8
2024-02-22 10:30:00,FLAT,517316055.45454615,517316055.45454615,0.0,1238.8
2024-02-22 10:45:00,FLAT,517316055.45454615,517316055.45454615,0.0,1240.0
2024-02-22 11:00:00,FLAT,517316055.45454615,517316055.45454615,0.0,1240.1
2024-02-22 11:15:00,FLAT,517316055.45454615,517316055.45454615,0.0,1240.4
2024-02-22 11:30:00,FLAT,517316055.45454615,517316055.45454615,0.0,1240.4
2024-02-22 13:00:00,FLAT,517316055.45454615,517316055.45454615,0.0,1240.5
2024-02-22 13:15:00,FLAT,517316055.45454615,517316055.45454615,0.0,1241.9
2024-02-22 13:30:00,FLAT,517316055.45454615,517316055.45454615,0.0,1238.8
2024-02-22 13:45:00,FLAT,517316055.45454615,517316055.45454615,0.0,1237.9
2024-02-22 14:00:00,FLAT,517316055.45454615,517316055.45454615,0.0,1239.0
2024-02-22 14:15:00,FLAT,517316055.45454615,517316055.45454615,0.0,1239.1
2024-02-22 14:30:00,FLAT,517316055.45454615,517316055.45454615,0.0,1239.5
2024-02-23 09:00:00,FLAT,517316055.45454615,517316055.45454615,0.0,1241.4
2024-02-23 09:15:00,FLAT,517316055.45454615,517316055.45454615,0.0,1244.0
2024-02-23 09:30:00,FLAT,517316055.45454615,517316055.45454615,0.0,1243.3
2024-02-23 09:45:00,FLAT,517316055.45454615,517316055.45454615,0.0,1240.5
2024-02-23 10:00:00,FLAT,517316055.45454615,517316055.45454615,0.0,1242.7
2024-02-23 10:15:00,FLAT,517316055.45454615,517316055.45454615,0.0,1244.2
2024-02-23 10:30:00,FLAT,517316055.45454615,517316055.45454615,0.0,1249.0
2024-02-23 10:45:00,LONG,517328585.4545462,517128585.45454615,200000.00000004546,1250.0
2024-02-23 11:00:00,LONG,517628585.45454615,517128585.45454615,500000.0,1250.3
2024-02-23 11:15:00,LONG,517328585.4545462,517128585.45454615,200000.00000004546,1250.0
2024-02-23 11:30:00,LONG,517128585.45454615,517128585.45454615,0.0,1249.8
2024-02-23 13:00:00,LONG,520128585.45454615,517128585.45454615,3000000.0,1252.8
2024-02-23 13:15:00,LONG,518428585.4545461,517128585.45454615,1299999.9999999546,1251.1
2024-02-23 13:30:00,LONG,517428585.4545461,517128585.45454615,299999.99999995454,1250.1
2024-02-23 13:45:00,FLAT,514091542.9545463,514091542.9545463,0.0,1246.8
2024-02-23 14:00:00,FLAT,514091542.9545463,514091542.9545463,0.0,1231.7
2024-02-23 14:15:00,FLAT,514091542.9545463,514091542.9545463,0.0,1227.4
2024-02-23 14:30:00,FLAT,514091542.9545463,514091542.9545463,0.0,1225.0
2024-02-26 09:00:00,FLAT,514091542.9545463,514091542.9545463,0.0,1226.3
2024-02-26 09:15:00,FLAT,514091542.9545463,514091542.9545463,0.0,1226.3
2024-02-26 09:30:00,FLAT,514091542.9545463,514091542.9545463,0.0,1227.2
2024-02-26 09:45:00,FLAT,514091542.9545463,514091542.9545463,0.0,1225.4
2024-02-26 10:00:00,FLAT,514091542.9545463,514091542.9545463,0.0,1226.7
2024-02-26 10:15:00,FLAT,514091542.9545463,514091542.9545463,0.0,1226.1
2024-02-26 10:30:00,FLAT,514091542.9545463,514091542.9545463,0.0,1225.0
2024-02-26 10:45:00,FLAT,514091542.9545463,514091542.9545463,0.0,1224.5
2024-02-26 11:00:00,FLAT,514091542.9545463,514091542.9545463,0.0,1224.7
2024-02-26 11:15:00,FLAT,514091542.9545463,514091542.9545463,0.0,1225.0
2024-02-26 13:00:00,FLAT,514091542.9545463,514091542.9545463,0.0,1225.4
2024-02-26 13:15:00,FLAT,514091542.9545463,514091542.9545463,0.0,1227.2
2024-02-26 13:30:00,FLAT,514091542.9545463,514091542.9545463,0.0,1228.3
2024-02-26 13:45:00,FLAT,514091542.9545463,514091542.9545463,0.0,1228.4
2024-02-26 14:00:00,FLAT,514091542.9545463,514091542.9545463,0.0,1230.0
2024-02-26 14:15:00,FLAT,514091542.9545463,514091542.9545463,0.0,1229.5
2024-02-26 14:30:00,FLAT,514091542.9545463,514091542.9545463,0.0,1231.4
2024-02-27 09:00:00,FLAT,514091542.9545463,514091542.9545463,0.0,1232.5
2024-02-27 09:15:00,FLAT,514091542.9545463,514091542.9545463,0.0,1233.2
2024-02-27 09:30:00,FLAT,514091542.9545463,514091542.9545463,0.0,1233.0
2024-02-27 09:45:00,FLAT,514091542.9545463,514091542.9545463,0.0,1237.4
2024-02-27 10:00:00,LONG,514205842.9545462,513905842.9545463,299999.99999995454,1238.3
2024-02-27 10:15:00,LONG,513705842.9545462,513905842.9545463,-200000.00000004546,1237.8
2024-02-27 10:30:00,LONG,514905842.9545463,513905842.9545463,1000000.0,1239.0
2024-02-27 10:45:00,LONG,513505842.95454615,513905842.9545463,-400000.0000000909,1237.6
2024-02-27 11:00:00,FLAT,511202338.8636372,511202338.8636372,0.0,1235.3
2024-02-27 11:15:00,FLAT,511202338.8636372,511202338.8636372,0.0,1234.2
2024-02-27 11:30:00,FLAT,511202338.8636372,511202338.8636372,0.0,1234.5
2024-02-27 13:00:00,FLAT,511202338.8636372,511202338.8636372,0.0,1235.6
2024-02-27 13:15:00,FLAT,511202338.8636372,511202338.8636372,0.0,1236.5
2024-02-27 13:30:00,FLAT,511202338.8636372,511202338.8636372,0.0,1238.6
2024-02-27 13:45:00,FLAT,511202338.8636372,511202338.8636372,0.0,1236.3
2024-02-27 14:00:00,FLAT,511202338.8636372,511202338.8636372,0.0,1239.4
2024-02-27 14:15:00,LONG,513516413.8636372,511016413.8636372,2500000.0,1242.0
2024-02-27 14:30:00,LONG,514516413.8636372,511016413.8636372,3500000.0,1243.0
2024-02-28 09:00:00,LONG,516616413.8636371,511016413.8636372,5599999.999999909,1245.1
2024-02-28 09:15:00,LONG,515316413.86363715,511016413.8636372,4299999.999999954,1243.8
2024-02-28 09:30:00,LONG,515016413.8636372,511016413.8636372,4000000.0,1243.5
2024-02-28 09:45:00,LONG,517016413.8636372,511016413.8636372,6000000.0,1245.5
2024-02-28 10:00:00,LONG,516316413.86363715,511016413.8636372,5299999.999999954,1244.8
2024-02-28 10:15:00,LONG,516616413.8636371,511016413.8636372,5599999.999999909,1245.1
2024-02-28 10:30:00,LONG,515416413.8636373,511016413.8636372,4400000.000000091,1243.9
2024-02-28 10:45:00,LONG,515316413.86363715,511016413.8636372,4299999.999999954,1243.8
2024-02-28 11:00:00,LONG,514216413.86363727,511016413.8636372,3200000.0000000456,1242.7
2024-02-28 11:15:00,LONG,515816413.86363715,511016413.8636372,4799999.999999954,1244.3
2024-02-28 11:30:00,LONG,516216413.86363727,511016413.8636372,5200000.000000046,1244.7
2024-02-28 13:00:00,LONG,520616413.8636371,511016413.8636372,9599999.999999909,1249.1
2024-02-28 13:15:00,FLAT,523137733.4090919,523137733.4090919,0.0,1250.5
2024-02-28 13:30:00,FLAT,523137733.4090919,523137733.4090919,0.0,1253.0
2024-02-28 13:45:00,FLAT,523137733.4090919,523137733.4090919,0.0,1257.5
2024-02-28 14:00:00,FLAT,523137733.4090919,523137733.4090919,0.0,1255.7
2024-02-28 14:15:00,FLAT,523137733.4090919,523137733.4090919,0.0,1262.0
2024-02-28 14:30:00,LONG,523348343.409092,522948343.4090919,400000.0000000909,1263.0
2024-02-29 09:00:00,LONG,527548343.409092,522948343.4090919,4600000.000000136,1267.2
2024-02-29 09:15:00,LONG,528848343.409092,522948343.4090919,5900000.000000091,1268.5
2024-02-29 09:30:00,LONG,531148343.40909195,522948343.4090919,8200000.000000046,1270.8
2024-02-29 09:45:00,LONG,527848343.409092,522948343.4090919,4900000.000000091,1267.5
2024-02-29 10:00:00,LONG,527548343.409092,522948343.4090919,4600000.000000136,1267.2
2024-02-29 10:15:00,LONG,523648343.40909195,522948343.4090919,700000.0000000455,1263.3
2024-02-29 10:30:00,LONG,523848343.409092,522948343.4090919,900000.0000000909,1263.5
2024-02-29 10:45:00,LONG,526548343.409092,522948343.4090919,3600000.0000001364,1266.2
2024-02-29 11:00:00,LONG,524748343.40909207,522948343.4090919,1800000.0000001818,1264.4
2024-02-29 11:15:00,LONG,522148343.40909195,522948343.4090919,-799999.9999999545,1261.8
2024-02-29 11:30:00,LONG,522548343.409092,522948343.4090919,-399999.99999986356,1262.2
2024-02-29 13:00:00,FLAT,519509440.9090919,519509440.9090919,0.0,1259.5
2024-02-29 13:15:00,FLAT,519509440.9090919,519509440.9090919,0.0,1259.8
2024-02-29 13:30:00,FLAT,519509440.9090919,519509440.9090919,0.0,1261.6
2024-02-29 13:45:00,FLAT,519509440.9090919,519509440.9090919,0.0,1259.3
2024-02-29 14:00:00,FLAT,519509440.9090919,519509440.9090919,0.0,1258.5
2024-02-29 14:15:00,FLAT,519509440.9090919,519509440.9090919,0.0,1263.3
2024-02-29 14:30:00,FLAT,519509440.9090919,519509440.9090919,0.0,1263.0
2024-03-01 09:00:00,FLAT,519509440.9090919,519509440.9090919,0.0,1264.3
2024-03-01 09:15:00,FLAT,519509440.9090919,519509440.9090919,0.0,1261.7
2024-03-01 09:30:00,FLAT,519509440.9090919,519509440.9090919,0.0,1263.9
2024-03-01 09:45:00,FLAT,519509440.9090919,519509440.9090919,0.0,1261.6
2024-03-01 10:00:00,FLAT,519509440.9090919,519509440.9090919,0.0,1263.0
2024-03-01 10:15:00,FLAT,519509440.9090919,519509440.9090919,0.0,1262.3
2024-03-01 10:30:00,FLAT,519509440.9090919,519509440.9090919,0.0,1263.6
2024-03-01 10:45:00,FLAT,519509440.9090919,519509440.9090919,0.0,1264.6
2024-03-01 11:00:00,FLAT,519509440.9090919,519509440.9090919,0.0,1263.6
2024-03-01 11:15:00,FLAT,519509440.9090919,519509440.9090919,0.0,1263.4
2024-03-01 11:30:00,FLAT,519509440.9090919,519509440.9090919,0.0,1263.4
2024-03-01 13:00:00,FLAT,519509440.9090919,519509440.9090919,0.0,1263.2
2024-03-01 13:15:00,FLAT,519509440.9090919,519509440.9090919,0.0,1264.7
2024-03-01 13:30:00,FLAT,519509440.9090919,519509440.9090919,0.0,1264.0
2024-03-01 13:45:00,FLAT,519509440.9090919,519509440.9090919,0.0,1262.7
2024-03-01 14:00:00,FLAT,519509440.9090919,519509440.9090919,0.0,1263.1
2024-03-01 14:15:00,FLAT,519509440.9090919,519509440.9090919,0.0,1268.1
2024-03-01 14:30:00,LONG,518819255.9090919,519319255.9090919,-500000.0,1267.4
2024-03-04 09:00:00,LONG,522319255.9090919,519319255.9090919,3000000.0,1270.9
2024-03-04 09:15:00,LONG,521019255.9090917,519319255.9090919,1699999.9999998182,1269.6
2024-03-04 09:30:00,LONG,521319255.9090919,519319255.9090919,2000000.0,1269.9
2024-03-04 09:45:00,LONG,521419255.9090918,519319255.9090919,2099999.999999909,1270.0
2024-03-04 10:00:00,LONG,520319255.9090919,519319255.9090919,1000000.0,1268.9
2024-03-04 10:15:00,FLAT,517461139.31818277,517461139.31818277,0.0,1266.2
2024-03-04 10:30:00,FLAT,517461139.31818277,517461139.31818277,0.0,1265.1
2024-03-04 10:45:00,FLAT,517461139.31818277,517461139.31818277,0.0,1265.3
2024-03-04 11:00:00,FLAT,517461139.31818277,517461139.31818277,0.0,1266.2
2024-03-04 11:15:00,FLAT,517461139.31818277,517461139.31818277,0.0,1266.5
2024-03-04 11:30:00,FLAT,517461139.31818277,517461139.31818277,0.0,1266.4
2024-03-04 13:00:00,FLAT,517461139.31818277,517461139.31818277,0.0,1266.6
2024-03-04 13:15:00,FLAT,517461139.31818277,517461139.31818277,0.0,1269.4
2024-03-04 13:30:00,FLAT,517461139.31818277,517461139.31818277,0.0,1268.0
2024-03-04 13:45:00,FLAT,517461139.31818277,517461139.31818277,0.0,1270.4
2024-03-04 14:00:00,FLAT,517461139.31818277,517461139.31818277,0.0,1266.8
2024-03-04 14:15:00,FLAT,517461139.31818277,517461139.31818277,0.0,1267.3
2024-03-04 14:30:00,FLAT,517461139.31818277,517461139.31818277,0.0,1266.9
2024-03-05 09:00:00,FLAT,517461139.31818277,517461139.31818277,0.0,1268.3
2024-03-05 09:15:00,FLAT,517461139.31818277,517461139.31818277,0.0,1266.3
2024-03-05 09:30:00,FLAT,517461139.31818277,517461139.31818277,0.0,1267.5
2024-03-05 09:45:00,FLAT,517461139.31818277,517461139.31818277,0.0,1266.9
2024-03-05 10:00:00,FLAT,517461139.31818277,517461139.31818277,0.0,1266.9
2024-03-05 10:15:00,FLAT,517461139.31818277,517461139.31818277,0.0,1265.3
2024-03-05 10:30:00,FLAT,517461139.31818277,517461139.31818277,0.0,1266.1
2024-03-05 10:45:00,FLAT,517461139.31818277,517461139.31818277,0.0,1265.6
2024-03-05 11:00:00,FLAT,517461139.31818277,517461139.31818277,0.0,1266.9
2024-03-05 11:15:00,FLAT,517461139.31818277,517461139.31818277,0.0,1266.1
2024-03-05 11:30:00,FLAT,517461139.31818277,517461139.31818277,0.0,1266.1
2024-03-05 13:00:00,FLAT,517461139.31818277,517461139.31818277,0.0,1266.4
2024-03-05 13:15:00,FLAT,517461139.31818277,517461139.31818277,0.0,1264.5
2024-03-05 13:30:00,FLAT,517461139.31818277,517461139.31818277,0.0,1266.5
2024-03-05 13:45:00,FLAT,517461139.31818277,517461139.31818277,0.0,1268.2
2024-03-05 14:00:00,LONG,516470819.3181828,517270819.31818277,-799999.9999999545,1268.0
2024-03-05 14:15:00,FLAT,515048985.9090919,515048985.9090919,0.0,1277.7
2024-03-05 14:30:00,FLAT,515048985.9090919,515048985.9090919,0.0,1278.0
2024-03-06 09:00:00,FLAT,515048985.9090919,515048985.9090919,0.0,1275.8
2024-03-06 09:15:00,FLAT,515048985.9090919,515048985.9090919,0.0,1278.6
2024-03-06 09:30:00,FLAT,515048985.9090919,515048985.9090919,0.0,1279.8
2024-03-06 09:45:00,FLAT,515048985.9090919,515048985.9090919,0.0,1279.0
2024-03-06 10:00:00,FLAT,515048985.9090919,515048985.9090919,0.0,1278.6
2024-03-06 10:15:00,FLAT,515048985.9090919,515048985.9090919,0.0,1277.9
2024-03-06 10:30:00,FLAT,515048985.9090919,515048985.9090919,0.0,1276.8
2024-03-06 10:45:00,FLAT,515048985.9090919,515048985.9090919,0.0,1277.9
2024-03-06 11:00:00,FLAT,515048985.9090919,515048985.9090919,0.0,1276.6
2024-03-06 11:15:00,FLAT,515048985.9090919,515048985.9090919,0.0,1273.7
2024-03-06 11:30:00,FLAT,515048985.9090919,515048985.9090919,0.0,1273.7
2024-03-06 13:00:00,FLAT,515048985.9090919,515048985.9090919,0.0,1273.4
2024-03-06 13:15:00,FLAT,515048985.9090919,515048985.9090919,0.0,1274.1
2024-03-06 13:30:00,FLAT,515048985.9090919,515048985.9090919,0.0,1269.2
2024-03-06 13:45:00,FLAT,515048985.9090919,515048985.9090919,0.0,1258.3
2024-03-06 14:00:00,FLAT,515048985.9090919,515048985.9090919,0.0,1260.3
2024-03-06 14:15:00,FLAT,515048985.9090919,515048985.9090919,0.0,1267.2
2024-03-06 14:30:00,FLAT,515048985.9090919,515048985.9090919,0.0,1266.9
2024-03-07 09:00:00,FLAT,515048985.9090919,515048985.9090919,0.0,1266.0
2024-03-07 09:15:00,FLAT,515048985.9090919,515048985.9090919,0.0,1267.7
2024-03-07 09:30:00,FLAT,515048985.9090919,515048985.9090919,0.0,1270.1
2024-03-07 09:45:00,FLAT,515048985.9090919,515048985.9090919,0.0,1267.5
2024-03-07 10:00:00,FLAT,515048985.9090919,515048985.9090919,0.0,1268.0
2024-03-07 10:15:00,FLAT,515048985.9090919,515048985.9090919,0.0,1271.0
2024-03-07 10:30:00,FLAT,515048985.9090919,515048985.9090919,0.0,1270.9
2024-03-07 10:45:00,FLAT,515048985.9090919,515048985.9090919,0.0,1270.0
2024-03-07 11:00:00,FLAT,515048985.9090919,515048985.9090919,0.0,1269.0
2024-03-07 11:15:00,FLAT,515048985.9090919,515048985.9090919,0.0,1267.1
2024-03-07 11:30:00,FLAT,515048985.9090919,515048985.9090919,0.0,1267.1
2024-03-07 13:00:00,FLAT,515048985.9090919,515048985.9090919,0.0,1269.3
2024-03-07 13:15:00,FLAT,515048985.9090919,515048985.9090919,0.0,1270.0
2024-03-07 13:30:00,FLAT,515048985.9090919,515048985.9090919,0.0,1273.8
2024-03-07 13:45:00,FLAT,515048985.9090919,515048985.9090919,0.0,1272.9
2024-03-07 14:00:00,FLAT,515048985.9090919,515048985.9090919,0.0,1274.9
2024-03-07 14:15:00,FLAT,515048985.9090919,515048985.9090919,0.0,1273.1
2024-03-07 14:30:00,FLAT,515048985.9090919,515048985.9090919,0.0,1272.8
2024-03-08 09:00:00,FLAT,515048985.9090919,515048985.9090919,0.0,1273.9
2024-03-08 09:15:00,FLAT,515048985.9090919,515048985.9090919,0.0,1270.6
2024-03-08 09:30:00,FLAT,515048985.9090919,515048985.9090919,0.0,1262.2
2024-03-08 09:45:00,FLAT,515048985.9090919,515048985.9090919,0.0,1262.1
2024-03-08 10:00:00,FLAT,515048985.9090919,515048985.9090919,0.0,1259.0
2024-03-08 10:15:00,FLAT,515048985.9090919,515048985.9090919,0.0,1256.9
2024-03-08 10:30:00,FLAT,515048985.9090919,515048985.9090919,0.0,1257.3
2024-03-08 10:45:00,FLAT,515048985.9090919,515048985.9090919,0.0,1257.6
2024-03-08 11:00:00,FLAT,515048985.9090919,515048985.9090919,0.0,1259.6
2024-03-08 11:15:00,FLAT,515048985.9090919,515048985.9090919,0.0,1257.5
2024-03-08 11:30:00,FLAT,515048985.9090919,515048985.9090919,0.0,1256.6
2024-03-08 13:00:00,FLAT,515048985.9090919,515048985.9090919,0.0,1254.0
2024-03-08 13:15:00,FLAT,515048985.9090919,515048985.9090919,0.0,1254.6
2024-03-08 13:30:00,FLAT,515048985.9090919,515048985.9090919,0.0,1255.7
2024-03-08 13:45:00,FLAT,515048985.9090919,515048985.9090919,0.0,1256.9
2024-03-08 14:00:00,FLAT,515048985.9090919,515048985.9090919,0.0,1257.1
2024-03-08 14:15:00,FLAT,515048985.9090919,515048985.9090919,0.0,1249.9
2024-03-08 14:30:00,FLAT,515048985.9090919,515048985.9090919,0.0,1250.3
2024-03-11 09:00:00,FLAT,515048985.9090919,515048985.9090919,0.0,1252.3
2024-03-11 09:15:00,FLAT,515048985.9090919,515048985.9090919,0.0,1253.8
2024-03-11 09:30:00,FLAT,515048985.9090919,515048985.9090919,0.0,1253.0
2024-03-11 09:45:00,FLAT,515048985.9090919,515048985.9090919,0.0,1253.6
2024-03-11 10:00:00,FLAT,515048985.9090919,515048985.9090919,0.0,1253.6
2024-03-11 10:15:00,FLAT,515048985.9090919,515048985.9090919,0.0,1251.5
2024-03-11 10:30:00,FLAT,515048985.9090919,515048985.9090919,0.0,1251.8
2024-03-11 10:45:00,FLAT,515048985.9090919,515048985.9090919,0.0,1251.2
2024-03-11 11:00:00,FLAT,515048985.9090919,515048985.9090919,0.0,1251.2
2024-03-11 11:15:00,FLAT,515048985.9090919,515048985.9090919,0.0,1252.0
2024-03-11 11:30:00,FLAT,515048985.9090919,515048985.9090919,0.0,1252.1
2024-03-11 13:00:00,FLAT,515048985.9090919,515048985.9090919,0.0,1250.6
2024-03-11 13:15:00,FLAT,515048985.9090919,515048985.9090919,0.0,1248.8
2024-03-11 13:30:00,FLAT,515048985.9090919,515048985.9090919,0.0,1250.3
2024-03-11 13:45:00,FLAT,515048985.9090919,515048985.9090919,0.0,1246.9
2024-03-11 14:00:00,FLAT,515048985.9090919,515048985.9090919,0.0,1244.8
2024-03-11 14:15:00,FLAT,515048985.9090919,515048985.9090919,0.0,1232.9
2024-03-11 14:30:00,FLAT,515048985.9090919,515048985.9090919,0.0,1232.8
2024-03-12 09:00:00,FLAT,515048985.9090919,515048985.9090919,0.0,1233.0
2024-03-12 09:15:00,FLAT,515048985.9090919,515048985.9090919,0.0,1233.9
2024-03-12 09:30:00,FLAT,515048985.9090919,515048985.9090919,0.0,1235.2
2024-03-12 09:45:00,FLAT,515048985.9090919,515048985.9090919,0.0,1235.5
2024-03-12 10:00:00,FLAT,515048985.9090919,515048985.9090919,0.0,1237.3
2024-03-12 10:15:00,FLAT,511791775.2272738,511791775.2272738,0.0,1235.3
2024-03-12 10:30:00,FLAT,511791775.2272738,511791775.2272738,0.0,1234.2
2024-03-12 10:45:00,FLAT,511791775.2272738,511791775.2272738,0.0,1235.3
2024-03-12 11:00:00,FLAT,511791775.2272738,511791775.2272738,0.0,1236.8
2024-03-12 11:15:00,FLAT,511791775.2272738,511791775.2272738,0.0,1237.0
2024-03-12 11:30:00,FLAT,511791775.2272738,511791775.2272738,0.0,1236.8
2024-03-12 13:00:00,FLAT,511791775.2272738,511791775.2272738,0.0,1238.3
2024-03-12 13:15:00,FLAT,511791775.2272738,511791775.2272738,0.0,1238.1
2024-03-12 13:30:00,FLAT,511791775.2272738,511791775.2272738,0.0,1237.6
2024-03-12 13:45:00,FLAT,511791775.2272738,511791775.2272738,0.0,1238.2
2024-03-12 14:00:00,FLAT,511791775.2272738,511791775.2272738,0.0,1239.5
2024-03-12 14:15:00,FLAT,511791775.2272738,511791775.2272738,0.0,1238.5
2024-03-12 14:30:00,FLAT,511791775.2272738,511791775.2272738,0.0,1237.1
2024-03-13 09:00:00,FLAT,511791775.2272738,511791775.2272738,0.0,1243.3
2024-03-13 09:15:00,FLAT,511791775.2272738,511791775.2272738,0.0,1243.1
2024-03-13 09:30:00,FLAT,511791775.2272738,511791775.2272738,0.0,1244.1
2024-03-13 09:45:00,FLAT,511791775.2272738,511791775.2272738,0.0,1246.2
2024-03-13 10:00:00,FLAT,511791775.2272738,511791775.2272738,0.0,1246.9
2024-03-13 10:15:00,FLAT,511791775.2272738,511791775.2272738,0.0,1247.0
2024-03-13 10:30:00,FLAT,511791775.2272738,511791775.2272738,0.0,1248.5
2024-03-13 10:45:00,FLAT,511791775.2272738,511791775.2272738,0.0,1249.2
2024-03-13 11:00:00,LONG,511904335.227274,511604335.2272738,300000.0000001819,1249.9
2024-03-13 11:15:00,LONG,512704335.22727394,511604335.2272738,1100000.0000001364,1250.7
2024-03-13 11:30:00,LONG,512504335.22727394,511604335.2272738,900000.0000000909,1250.5
2024-03-13 13:00:00,LONG,510904335.227274,511604335.2272738,-699999.9999998182,1248.9
2024-03-13 13:15:00,LONG,512404335.227274,511604335.2272738,800000.0000001818,1250.4
2024-03-13 13:30:00,LONG,518604335.2272738,511604335.2272738,7000000.0,1256.6
2024-03-13 13:45:00,LONG,518404335.227274,511604335.2272738,6800000.000000182,1256.4
2024-03-13 14:00:00,LONG,522404335.227274,511604335.2272738,10800000.000000183,1260.4
2024-03-13 14:15:00,FLAT,527559927.95454687,527559927.95454687,0.0,1271.4
2024-03-13 14:30:00,FLAT,527559927.95454687,527559927.95454687,0.0,1273.6
2024-03-14 09:00:00,FLAT,527559927.95454687,527559927.95454687,0.0,1272.0
2024-03-14 09:15:00,FLAT,527559927.95454687,527559927.95454687,0.0,1270.5
2024-03-14 09:30:00,FLAT,527559927.95454687,527559927.95454687,0.0,1267.3
2024-03-14 09:45:00,FLAT,527559927.95454687,527559927.95454687,0.0,1266.6
2024-03-14 10:00:00,FLAT,527559927.95454687,527559927.95454687,0.0,1266.4
2024-03-14 10:15:00,FLAT,527559927.95454687,527559927.95454687,0.0,1270.2
2024-03-14 10:30:00,FLAT,527559927.95454687,527559927.95454687,0.0,1269.4
2024-03-14 10:45:00,FLAT,527559927.95454687,527559927.95454687,0.0,1269.5
2024-03-14 11:00:00,FLAT,527559927.95454687,527559927.95454687,0.0,1270.2
2024-03-14 11:15:00,FLAT,527559927.95454687,527559927.95454687,0.0,1268.7
2024-03-14 11:30:00,FLAT,527559927.95454687,527559927.95454687,0.0,1268.5
2024-03-14 13:00:00,FLAT,527559927.95454687,527559927.95454687,0.0,1268.3
2024-03-14 13:15:00,FLAT,527559927.95454687,527559927.95454687,0.0,1266.1
2024-03-14 13:30:00,FLAT,527559927.95454687,527559927.95454687,0.0,1263.1
2024-03-14 13:45:00,FLAT,527559927.95454687,527559927.95454687,0.0,1263.5
2024-03-14 14:00:00,FLAT,527559927.95454687,527559927.95454687,0.0,1257.4
2024-03-14 14:15:00,FLAT,527559927.95454687,527559927.95454687,0.0,1260.6
2024-03-14 14:30:00,FLAT,527559927.95454687,527559927.95454687,0.0,1262.0
2024-03-15 09:00:00,FLAT,527559927.95454687,527559927.95454687,0.0,1256.5
2024-03-15 09:15:00,FLAT,527559927.95454687,527559927.95454687,0.0,1253.4
2024-03-15 09:30:00,FLAT,527559927.95454687,527559927.95454687,0.0,1253.1
2024-03-15 09:45:00,FLAT,527559927.95454687,527559927.95454687,0.0,1256.2
2024-03-15 10:00:00,FLAT,527559927.95454687,527559927.95454687,0.0,1256.6
2024-03-15 10:15:00,FLAT,527559927.95454687,527559927.95454687,0.0,1258.7
2024-03-15 10:30:00,FLAT,527559927.95454687,527559927.95454687,0.0,1256.9
2024-03-15 10:45:00,FLAT,527559927.95454687,527559927.95454687,0.0,1254.5
2024-03-15 11:00:00,FLAT,527559927.95454687,527559927.95454687,0.0,1252.9
2024-03-15 11:15:00,FLAT,527559927.95454687,527559927.95454687,0.0,1247.6
2024-03-15 11:30:00,FLAT,527559927.95454687,527559927.95454687,0.0,1247.5
2024-03-15 13:00:00,FLAT,527559927.95454687,527559927.95454687,0.0,1246.1
2024-03-15 13:15:00,FLAT,527559927.95454687,527559927.95454687,0.0,1246.0
2024-03-15 13:30:00,FLAT,527559927.95454687,527559927.95454687,0.0,1248.6
2024-03-15 13:45:00,FLAT,527559927.95454687,527559927.95454687,0.0,1249.4
2024-03-15 14:00:00,FLAT,527559927.95454687,527559927.95454687,0.0,1252.7
2024-03-15 14:15:00,LONG,533271962.954547,527371962.95454687,5900000.000000091,1259.0
2024-03-15 14:30:00,LONG,536771962.954547,527371962.95454687,9400000.000000091,1262.5
2024-03-18 09:00:00,LONG,528471962.954547,527371962.95454687,1100000.0000001364,1254.2
2024-03-18 09:15:00,LONG,526471962.954547,527371962.95454687,-899999.9999998636,1252.2
2024-03-18 09:30:00,LONG,526871962.95454687,527371962.95454687,-500000.0,1252.6
2024-03-18 09:45:00,FLAT,524020836.13636523,524020836.13636523,0.0,1246.8
2024-03-18 10:00:00,FLAT,524020836.13636523,524020836.13636523,0.0,1245.8
2024-03-18 10:15:00,FLAT,524020836.13636523,524020836.13636523,0.0,1233.0
2024-03-18 10:30:00,FLAT,524020836.13636523,524020836.13636523,0.0,1231.9
2024-03-18 10:45:00,FLAT,524020836.13636523,524020836.13636523,0.0,1231.0
2024-03-18 11:00:00,FLAT,524020836.13636523,524020836.13636523,0.0,1226.3
2024-03-18 11:15:00,FLAT,524020836.13636523,524020836.13636523,0.0,1223.3
2024-03-18 11:30:00,FLAT,524020836.13636523,524020836.13636523,0.0,1223.0
2024-03-18 13:00:00,FLAT,524020836.13636523,524020836.13636523,0.0,1232.5
2024-03-18 13:15:00,FLAT,524020836.13636523,524020836.13636523,0.0,1231.8
2024-03-18 13:30:00,FLAT,524020836.13636523,524020836.13636523,0.0,1230.1
2024-03-18 13:45:00,FLAT,524020836.13636523,524020836.13636523,0.0,1230.8
2024-03-18 14:00:00,FLAT,524020836.13636523,524020836.13636523,0.0,1233.0
2024-03-18 14:15:00,FLAT,524020836.13636523,524020836.13636523,0.0,1236.9
2024-03-18 14:30:00,FLAT,524020836.13636523,524020836.13636523,0.0,1237.0
2024-03-19 09:00:00,FLAT,524020836.13636523,524020836.13636523,0.0,1231.8
2024-03-19 09:15:00,FLAT,524020836.13636523,524020836.13636523,0.0,1229.5
2024-03-19 09:30:00,FLAT,524020836.13636523,524020836.13636523,0.0,1228.5
2024-03-19 09:45:00,FLAT,524020836.13636523,524020836.13636523,0.0,1227.2
2024-03-19 10:00:00,FLAT,524020836.13636523,524020836.13636523,0.0,1229.0
2024-03-19 10:15:00,FLAT,524020836.13636523,524020836.13636523,0.0,1228.2
2024-03-19 10:30:00,FLAT,524020836.13636523,524020836.13636523,0.0,1227.8
2024-03-19 10:45:00,FLAT,524020836.13636523,524020836.13636523,0.0,1230.4
2024-03-19 11:00:00,FLAT,524020836.13636523,524020836.13636523,0.0,1231.5
2024-03-19 11:15:00,FLAT,524020836.13636523,524020836.13636523,0.0,1233.5
2024-03-19 11:30:00,FLAT,524020836.13636523,524020836.13636523,0.0,1233.6
2024-03-19 13:00:00,FLAT,524020836.13636523,524020836.13636523,0.0,1232.5
2024-03-19 13:15:00,FLAT,524020836.13636523,524020836.13636523,0.0,1234.0
2024-03-19 13:30:00,FLAT,524020836.13636523,524020836.13636523,0.0,1231.5
2024-03-19 13:45:00,FLAT,524020836.13636523,524020836.13636523,0.0,1229.6
2024-03-19 14:00:00,FLAT,524020836.13636523,524020836.13636523,0.0,1230.4
2024-03-19 14:15:00,FLAT,524020836.13636523,524020836.13636523,0.0,1231.0
2024-03-19 14:30:00,FLAT,524020836.13636523,524020836.13636523,0.0,1230.5
2024-03-20 09:00:00,FLAT,524020836.13636523,524020836.13636523,0.0,1233.3
2024-03-20 09:15:00,FLAT,524020836.13636523,524020836.13636523,0.0,1232.4
2024-03-20 09:30:00,FLAT,524020836.13636523,524020836.13636523,0.0,1232.7
2024-03-20 09:45:00,FLAT,524020836.13636523,524020836.13636523,0.0,1231.1
2024-03-20 10:00:00,FLAT,524020836.13636523,524020836.13636523,0.0,1229.8
2024-03-20 10:15:00,FLAT,524020836.13636523,524020836.13636523,0.0,1240.4
2024-03-20 10:30:00,LONG,528534641.1363653,523834641.13636523,4700000.000000046,1246.0
2024-03-20 10:45:00,LONG,530634641.1363652,523834641.13636523,6799999.999999954,1248.1
2024-03-20 11:00:00,LONG,529934641.13636535,523834641.13636523,6100000.000000136,1247.4
2024-03-20 11:15:00,LONG,529534641.1363653,523834641.13636523,5700000.000000046,1247.0
2024-03-20 11:30:00,LONG,529534641.1363653,523834641.13636523,5700000.000000046,1247.0
2024-03-20 13:00:00,LONG,526634641.1363652,523834641.13636523,2799999.9999999544,1244.1
2024-03-20 13:15:00,LONG,529234641.13636535,523834641.13636523,5400000.000000091,1246.7
2024-03-20 13:30:00,LONG,529734641.13636535,523834641.13636523,5900000.000000091,1247.2
2024-03-20 13:45:00,LONG,534234641.13636535,523834641.13636523,10400000.000000091,1251.7
2024-03-20 14:00:00,LONG,541534641.1363653,523834641.13636523,17700000.000000045,1259.0
2024-03-20 14:15:00,LONG,541534641.1363653,523834641.13636523,17700000.000000045,1259.0
2024-03-20 14:30:00,LONG,543434641.1363654,523834641.13636523,19600000.000000138,1260.9
2024-03-21 09:00:00,FLAT,544472594.772729,544472594.772729,0.0,1268.0
2024-03-21 09:15:00,FLAT,544472594.772729,544472594.772729,0.0,1267.5
2024-03-21 09:30:00,FLAT,544472594.772729,544472594.772729,0.0,1266.5
2024-03-21 09:45:00,FLAT,544472594.772729,544472594.772729,0.0,1266.6
2024-03-21 10:00:00,FLAT,544472594.772729,544472594.772729,0.0,1267.9
2024-03-21 10:15:00,FLAT,544472594.772729,544472594.772729,0.0,1263.5
2024-03-21 10:30:00,FLAT,544472594.772729,544472594.772729,0.0,1265.8
2024-03-21 10:45:00,FLAT,544472594.772729,544472594.772729,0.0,1268.0
2024-03-21 11:00:00,FLAT,544472594.772729,544472594.772729,0.0,1268.1
2024-03-21 11:15:00,FLAT,544472594.772729,544472594.772729,0.0,1269.9
2024-03-21 11:30:00,FLAT,544472594.772729,544472594.772729,0.0,1269.3
2024-03-21 13:00:00,FLAT,544472594.772729,544472594.772729,0.0,1268.0
2024-03-21 13:15:00,FLAT,544472594.772729,544472594.772729,0.0,1269.7
2024-03-21 13:30:00,FLAT,544472594.772729,544472594.772729,0.0,1267.1
2024-03-21 13:45:00,FLAT,544472594.772729,544472594.772729,0.0,1267.9
2024-03-21 14:00:00,FLAT,544472594.772729,544472594.772729,0.0,1268.4
2024-03-21 14:15:00,FLAT,544472594.772729,544472594.772729,0.0,1275.2
2024-03-22 09:00:00,LONG,542279439.772729,544279439.772729,-2000000.0,1285.7
2024-03-22 09:15:00,LONG,544279439.772729,544279439.772729,0.0,1287.7
2024-03-22 09:30:00,LONG,549579439.772729,544279439.772729,5299999.999999954,1293.0
2024-03-22 09:45:00,FLAT,550039937.0454564,550039937.0454564,0.0,1289.5
2024-03-22 10:00:00,FLAT,550039937.0454564,550039937.0454564,0.0,1284.1
2024-03-22 10:15:00,FLAT,550039937.0454564,550039937.0454564,0.0,1279.6
2024-03-22 10:30:00,FLAT,550039937.0454564,550039937.0454564,0.0,1282.7
2024-03-22 10:45:00,FLAT,550039937.0454564,550039937.0454564,0.0,1282.8
2024-03-22 11:00:00,FLAT,550039937.0454564,550039937.0454564,0.0,1283.3
2024-03-22 11:15:00,FLAT,550039937.0454564,550039937.0454564,0.0,1284.7
2024-03-22 11:30:00,FLAT,550039937.0454564,550039937.0454564,0.0,1285.0
2024-03-22 13:00:00,FLAT,550039937.0454564,550039937.0454564,0.0,1285.5
2024-03-22 13:15:00,FLAT,550039937.0454564,550039937.0454564,0.0,1288.0
2024-03-22 13:30:00,FLAT,550039937.0454564,550039937.0454564,0.0,1282.9
2024-03-22 13:45:00,FLAT,550039937.0454564,550039937.0454564,0.0,1285.6
2024-03-22 14:00:00,FLAT,550039937.0454564,550039937.0454564,0.0,1283.0
2024-03-22 14:15:00,FLAT,550039937.0454564,550039937.0454564,0.0,1284.5
2024-03-22 14:30:00,FLAT,550039937.0454564,550039937.0454564,0.0,1287.9
2024-03-25 09:00:00,FLAT,550039937.0454564,550039937.0454564,0.0,1276.3
2024-03-25 09:15:00,FLAT,550039937.0454564,550039937.0454564,0.0,1280.0
2024-03-25 09:30:00,FLAT,550039937.0454564,550039937.0454564,0.0,1280.6
2024-03-25 09:45:00,FLAT,550039937.0454564,550039937.0454564,0.0,1284.4
2024-03-25 10:00:00,FLAT,550039937.0454564,550039937.0454564,0.0,1283.4
2024-03-25 10:15:00,FLAT,550039937.0454564,550039937.0454564,0.0,1287.2
2024-03-25 10:30:00,FLAT,550039937.0454564,550039937.0454564,0.0,1282.7
2024-03-25 10:45:00,FLAT,550039937.0454564,550039937.0454564,0.0,1282.0
2024-03-25 11:00:00,FLAT,550039937.0454564,550039937.0454564,0.0,1282.2
2024-03-25 11:15:00,FLAT,550039937.0454564,550039937.0454564,0.0,1282.9
2024-03-25 11:30:00,FLAT,550039937.0454564,550039937.0454564,0.0,1283.0
2024-03-25 13:00:00,FLAT,550039937.0454564,550039937.0454564,0.0,1282.2
2024-03-25 13:15:00,FLAT,550039937.0454564,550039937.0454564,0.0,1278.9
2024-03-25 13:30:00,FLAT,550039937.0454564,550039937.0454564,0.0,1279.2
2024-03-25 13:45:00,FLAT,550039937.0454564,550039937.0454564,0.0,1278.8
2024-03-25 14:00:00,FLAT,550039937.0454564,550039937.0454564,0.0,1275.0
2024-03-25 14:15:00,FLAT,550039937.0454564,550039937.0454564,0.0,1271.5
2024-03-25 14:30:00,FLAT,550039937.0454564,550039937.0454564,0.0,1272.0
2024-03-26 09:00:00,FLAT,550039937.0454564,550039937.0454564,0.0,1272.1
2024-03-26 09:15:00,FLAT,550039937.0454564,550039937.0454564,0.0,1271.4
2024-03-26 09:30:00,FLAT,550039937.0454564,550039937.0454564,0.0,1272.0
2024-03-26 09:45:00,FLAT,550039937.0454564,550039937.0454564,0.0,1270.5
2024-03-26 10:00:00,FLAT,550039937.0454564,550039937.0454564,0.0,1273.8
2024-03-26 10:15:00,FLAT,550039937.0454564,550039937.0454564,0.0,1273.8
2024-03-26 10:30:00,FLAT,550039937.0454564,550039937.0454564,0.0,1274.5
2024-03-26 10:45:00,FLAT,550039937.0454564,550039937.0454564,0.0,1274.6
2024-03-26 11:00:00,FLAT,550039937.0454564,550039937.0454564,0.0,1277.8
2024-03-26 11:15:00,LONG,550348177.0454564,549848177.0454564,500000.0,1278.9
2024-03-26 11:30:00,LONG,550248177.0454563,549848177.0454564,399999.99999986356,1278.8
2024-03-26 13:00:00,LONG,549348177.0454564,549848177.0454564,-500000.0,1277.9
2024-03-26 13:15:00,LONG,549748177.0454563,549848177.0454564,-100000.00000013642,1278.3
2024-03-26 13:30:00,LONG,554948177.0454563,549848177.0454564,5099999.999999909,1283.5
2024-03-26 13:45:00,LONG,557948177.0454563,549848177.0454564,8099999.999999909,1286.5
2024-03-26 14:00:00,LONG,555348177.0454564,549848177.0454564,5500000.0,1283.9
2024-03-26 14:15:00,LONG,558948177.0454563,549848177.0454564,9099999.999999909,1287.5
2024-03-26 14:30:00,LONG,559448177.0454563,549848177.0454564,9599999.999999909,1288.0
2024-03-27 09:00:00,LONG,556848177.0454564,549848177.0454564,7000000.0,1285.4
2024-03-27 09:15:00,LONG,558348177.0454564,549848177.0454564,8500000.0,1286.9
2024-03-27 09:30:00,LONG,560048177.0454562,549848177.0454564,10199999.999999817,1288.6
2024-03-27 09:45:00,LONG,558448177.0454563,549848177.0454564,8599999.999999909,1287.0
2024-03-27 10:00:00,LONG,556648177.0454564,549848177.0454564,6799999.999999954,1285.2
2024-03-27 10:15:00,LONG,556248177.0454563,549848177.0454564,6399999.999999864,1284.8
2024-03-27 10:30:00,LONG,556148177.0454564,549848177.0454564,6299999.999999954,1284.7
2024-03-27 10:45:00,LONG,552548177.0454562,549848177.0454564,2699999.999999818,1281.1
2024-03-27 11:00:00,LONG,552848177.0454564,549848177.0454564,3000000.0,1281.4
2024-03-27 11:15:00,LONG,552548177.0454562,549848177.0454564,2699999.999999818,1281.1
2024-03-27 11:30:00,LONG,552548177.0454562,549848177.0454564,2699999.999999818,1281.1
2024-03-27 13:00:00,LONG,553848177.0454564,549848177.0454564,4000000.0,1282.4
2024-03-27 13:15:00,LONG,555048177.0454562,549848177.0454564,5199999.999999818,1283.6
2024-03-27 13:30:00,LONG,555848177.0454564,549848177.0454564,6000000.0,1284.4
2024-03-27 13:45:00,LONG,557048177.0454562,549848177.0454564,7199999.999999818,1285.6
2024-03-27 14:00:00,LONG,558448177.0454563,549848177.0454564,8599999.999999909,1287.0
2024-03-27 14:15:00,LONG,556848177.0454564,549848177.0454564,7000000.0,1285.4
2024-03-27 14:30:00,LONG,557448177.0454563,549848177.0454564,7599999.999999909,1286.0
2024-03-28 09:00:00,FLAT,566644777.5000019,566644777.5000019,0.0,1299.7
2024-03-28 09:15:00,FLAT,566644777.5000019,566644777.5000019,0.0,1300.2
2024-03-28 09:30:00,FLAT,566644777.5000019,566644777.5000019,0.0,1301.5
2024-03-28 09:45:00,FLAT,566644777.5000019,566644777.5000019,0.0,1300.3
2024-03-28 10:00:00,FLAT,566644777.5000019,566644777.5000019,0.0,1299.6
2024-03-28 10:15:00,FLAT,566644777.5000019,566644777.5000019,0.0,1299.0
2024-03-28 10:30:00,FLAT,566644777.5000019,566644777.5000019,0.0,1297.2
2024-03-28 10:45:00,FLAT,566644777.5000019,566644777.5000019,0.0,1296.8
2024-03-28 11:00:00,FLAT,566644777.5000019,566644777.5000019,0.0,1296.5
2024-03-28 11:15:00,FLAT,566644777.5000019,566644777.5000019,0.0,1296.7
2024-03-28 11:30:00,FLAT,566644777.5000019,566644777.5000019,0.0,1296.9
2024-03-28 13:00:00,FLAT,566644777.5000019,566644777.5000019,0.0,1299.9
2024-03-28 13:15:00,FLAT,566644777.5000019,566644777.5000019,0.0,1300.7
2024-03-28 13:30:00,FLAT,566644777.5000019,566644777.5000019,0.0,1299.0
2024-03-28 13:45:00,FLAT,566644777.5000019,566644777.5000019,0.0,1297.3
2024-03-28 14:00:00,FLAT,566644777.5000019,566644777.5000019,0.0,1296.5
2024-03-28 14:15:00,FLAT,566644777.5000019,566644777.5000019,0.0,1305.0
2024-03-28 14:30:00,LONG,568848937.500002,566448937.5000019,2400000.000000091,1308.0
2024-03-29 09:00:00,LONG,565348937.500002,566448937.5000019,-1099999.999999909,1304.5
2024-03-29 09:15:00,FLAT,563521689.0909109,563521689.0909109,0.0,1301.8
2024-03-29 09:30:00,FLAT,563521689.0909109,563521689.0909109,0.0,1302.1
2024-03-29 09:45:00,FLAT,563521689.0909109,563521689.0909109,0.0,1298.5
2024-03-29 10:00:00,FLAT,563521689.0909109,563521689.0909109,0.0,1298.2
2024-03-29 10:15:00,FLAT,563521689.0909109,563521689.0909109,0.0,1298.4
2024-03-29 10:30:00,FLAT,563521689.0909109,563521689.0909109,0.0,1297.7
2024-03-29 10:45:00,FLAT,563521689.0909109,563521689.0909109,0.0,1297.1
2024-03-29 11:00:00,FLAT,563521689.0909109,563521689.0909109,0.0,1297.2
2024-03-29 11:15:00,FLAT,563521689.0909109,563521689.0909109,0.0,1297.3
2024-03-29 11:30:00,FLAT,563521689.0909109,563521689.0909109,0.0,1297.3
2024-03-29 13:00:00,FLAT,563521689.0909109,563521689.0909109,0.0,1298.0
2024-03-29 13:15:00,FLAT,563521689.0909109,563521689.0909109,0.0,1298.7
2024-03-29 13:30:00,FLAT,563521689.0909109,563521689.0909109,0.0,1300.4
2024-03-29 13:45:00,FLAT,563521689.0909109,563521689.0909109,0.0,1300.2
2024-03-29 14:00:00,FLAT,563521689.0909109,563521689.0909109,0.0,1298.1
2024-03-29 14:15:00,FLAT,563521689.0909109,563521689.0909109,0.0,1299.3
2024-03-29 14:30:00,FLAT,563521689.0909109,563521689.0909109,0.0,1299.1
2024-04-01 09:00:00,FLAT,563521689.0909109,563521689.0909109,0.0,1291.5
2024-04-01 09:15:00,FLAT,563521689.0909109,563521689.0909109,0.0,1292.6
2024-04-01 09:30:00,FLAT,563521689.0909109,563521689.0909109,0.0,1296.6
2024-04-01 09:45:00,FLAT,563521689.0909109,563521689.0909109,0.0,1298.3
2024-04-01 10:00:00,LONG,562326914.0909109,563326914.0909109,-1000000.0,1297.5
2024-04-01 10:15:00,FLAT,560664327.5000018,560664327.5000018,0.0,1296.8
2024-04-01 10:30:00,FLAT,560664327.5000018,560664327.5000018,0.0,1293.0
2024-04-01 10:45:00,FLAT,560664327.5000018,560664327.5000018,0.0,1292.0
2024-04-01 11:00:00,FLAT,560664327.5000018,560664327.5000018,0.0,1286.8
2024-04-01 11:15:00,FLAT,560664327.5000018,560664327.5000018,0.0,1286.4
2024-04-01 11:30:00,FLAT,560664327.5000018,560664327.5000018,0.0,1286.3
2024-04-01 13:00:00,FLAT,560664327.5000018,560664327.5000018,0.0,1287.9
2024-04-01 13:15:00,FLAT,560664327.5000018,560664327.5000018,0.0,1289.0
2024-04-01 13:30:00,FLAT,560664327.5000018,560664327.5000018,0.0,1284.6
2024-04-01 13:45:00,FLAT,560664327.5000018,560664327.5000018,0.0,1290.5
2024-04-01 14:00:00,FLAT,560664327.5000018,560664327.5000018,0.0,1293.4
2024-04-01 14:15:00,FLAT,556908330.9090925,556908330.9090925,0.0,1292.5
2024-04-01 14:30:00,FLAT,556908330.9090925,556908330.9090925,0.0,1293.9
2024-04-02 09:00:00,FLAT,556908330.9090925,556908330.9090925,0.0,1280.2
2024-04-02 09:15:00,FLAT,556908330.9090925,556908330.9090925,0.0,1281.6
2024-04-02 09:30:00,FLAT,556908330.9090925,556908330.9090925,0.0,1276.6
2024-04-02 09:45:00,FLAT,556908330.9090925,556908330.9090925,0.0,1277.8
2024-04-02 10:00:00,FLAT,556908330.9090925,556908330.9090925,0.0,1278.3
2024-04-02 10:15:00,FLAT,556908330.9090925,556908330.9090925,0.0,1278.8
2024-04-02 10:30:00,FLAT,556908330.9090925,556908330.9090925,0.0,1277.8
2024-04-02 10:45:00,FLAT,556908330.9090925,556908330.9090925,0.0,1277.3
2024-04-02 11:00:00,FLAT,556908330.9090925,556908330.9090925,0.0,1277.7
2024-04-02 11:15:00,FLAT,556908330.9090925,556908330.9090925,0.0,1283.1
2024-04-02 11:30:00,FLAT,556908330.9090925,556908330.9090925,0.0,1283.0
2024-04-02 13:00:00,FLAT,556908330.9090925,556908330.9090925,0.0,1284.7
2024-04-02 13:15:00,FLAT,556908330.9090925,556908330.9090925,0.0,1282.7
2024-04-02 13:30:00,FLAT,556908330.9090925,556908330.9090925,0.0,1286.8
2024-04-02 13:45:00,FLAT,556908330.9090925,556908330.9090925,0.0,1286.8
2024-04-02 14:00:00,FLAT,556908330.9090925,556908330.9090925,0.0,1288.8
2024-04-02 14:15:00,LONG,557214995.9090925,556714995.9090925,500000.0,1289.4
2024-04-02 14:30:00,LONG,559714995.9090925,556714995.9090925,3000000.0,1291.9
2024-04-03 09:00:00,FLAT,552222305.9090923,552222305.9090923,0.0,1284.8
2024-04-03 09:15:00,FLAT,552222305.9090923,552222305.9090923,0.0,1283.7
2024-04-03 09:30:00,FLAT,552222305.9090923,552222305.9090923,0.0,1283.4
2024-04-03 09:45:00,FLAT,552222305.9090923,552222305.9090923,0.0,1285.0
2024-04-03 10:00:00,FLAT,552222305.9090923,552222305.9090923,0.0,1287.3
2024-04-03 10:15:00,FLAT,548545520.4545467,548545520.4545467,0.0,1285.7
2024-04-03 10:30:00,FLAT,548545520.4545467,548545520.4545467,0.0,1284.6
2024-04-03 10:45:00,FLAT,548545520.4545467,548545520.4545467,0.0,1282.9
2024-04-03 11:00:00,FLAT,548545520.4545467,548545520.4545467,0.0,1280.2
2024-04-03 11:15:00,FLAT,548545520.4545467,548545520.4545467,0.0,1280.7
2024-04-03 11:30:00,FLAT,548545520.4545467,548545520.4545467,0.0,1280.7
2024-04-03 13:00:00,FLAT,548545520.4545467,548545520.4545467,0.0,1279.0
2024-04-03 13:15:00,FLAT,548545520.4545467,548545520.4545467,0.0,1280.3
2024-04-03 13:30:00,FLAT,548545520.4545467,548545520.4545467,0.0,1281.8
2024-04-03 13:45:00,FLAT,548545520.4545467,548545520.4545467,0.0,1278.7
2024-04-03 14:00:00,FLAT,548545520.4545467,548545520.4545467,0.0,1280.9
2024-04-03 14:15:00,FLAT,548545520.4545467,548545520.4545467,0.0,1272.7
2024-04-03 14:30:00,FLAT,548545520.4545467,548545520.4545467,0.0,1271.9
2024-04-04 09:00:00,FLAT,548545520.4545467,548545520.4545467,0.0,1277.2
2024-04-04 09:15:00,FLAT,548545520.4545467,548545520.4545467,0.0,1278.0
2024-04-04 09:30:00,FLAT,548545520.4545467,548545520.4545467,0.0,1278.3
2024-04-04 09:45:00,FLAT,548545520.4545467,548545520.4545467,0.0,1278.0
2024-04-04 10:00:00,FLAT,548545520.4545467,548545520.4545467,0.0,1279.9
2024-04-04 10:15:00,FLAT,548545520.4545467,548545520.4545467,0.0,1278.6
2024-04-04 10:30:00,FLAT,548545520.4545467,548545520.4545467,0.0,1276.1
2024-04-04 10:45:00,FLAT,548545520.4545467,548545520.4545467,0.0,1274.8
2024-04-04 11:00:00,FLAT,548545520.4545467,548545520.4545467,0.0,1273.6
2024-04-04 11:15:00,FLAT,548545520.4545467,548545520.4545467,0.0,1271.0
2024-04-04 11:30:00,FLAT,548545520.4545467,548545520.4545467,0.0,1270.9
2024-04-04 13:00:00,FLAT,548545520.4545467,548545520.4545467,0.0,1271.4
2024-04-04 13:15:00,FLAT,548545520.4545467,548545520.4545467,0.0,1272.3
2024-04-04 13:30:00,FLAT,548545520.4545467,548545520.4545467,0.0,1272.5
2024-04-04 13:45:00,FLAT,548545520.4545467,548545520.4545467,0.0,1271.1
2024-04-04 14:00:00,FLAT,548545520.4545467,548545520.4545467,0.0,1273.8
2024-04-04 14:15:00,FLAT,548545520.4545467,548545520.4545467,0.0,1269.7
2024-04-04 14:30:00,FLAT,548545520.4545467,548545520.4545467,0.0,1267.0
2024-04-05 09:00:00,FLAT,548545520.4545467,548545520.4545467,0.0,1255.4
2024-04-05 09:15:00,FLAT,548545520.4545467,548545520.4545467,0.0,1256.7
2024-04-05 09:30:00,FLAT,548545520.4545467,548545520.4545467,0.0,1257.5
2024-04-05 09:45:00,FLAT,548545520.4545467,548545520.4545467,0.0,1256.5
2024-04-05 10:00:00,FLAT,548545520.4545467,548545520.4545467,0.0,1254.6
2024-04-05 10:15:00,FLAT,548545520.4545467,548545520.4545467,0.0,1256.1
2024-04-05 10:30:00,FLAT,548545520.4545467,548545520.4545467,0.0,1256.2
2024-04-05 10:45:00,FLAT,548545520.4545467,548545520.4545467,0.0,1256.9
2024-04-05 11:00:00,FLAT,548545520.4545467,548545520.4545467,0.0,1257.0
2024-04-05 11:15:00,FLAT,548545520.4545467,548545520.4545467,0.0,1258.3
2024-04-05 11:30:00,FLAT,548545520.4545467,548545520.4545467,0.0,1258.2
2024-04-05 13:00:00,FLAT,548545520.4545467,548545520.4545467,0.0,1259.6
2024-04-05 13:15:00,FLAT,548545520.4545467,548545520.4545467,0.0,1260.7
2024-04-05 13:30:00,FLAT,548545520.4545467,548545520.4545467,0.0,1259.5
2024-04-05 13:45:00,FLAT,548545520.4545467,548545520.4545467,0.0,1258.6
2024-04-05 14:00:00,FLAT,548545520.4545467,548545520.4545467,0.0,1263.9
2024-04-05 14:15:00,FLAT,545716537.9545469,545716537.9545469,0.0,1257.2
2024-04-05 14:30:00,FLAT,545716537.9545469,545716537.9545469,0.0,1256.6
2024-04-08 09:00:00,FLAT,545716537.9545469,545716537.9545469,0.0,1256.2
2024-04-08 09:15:00,FLAT,545716537.9545469,545716537.9545469,0.0,1254.0
2024-04-08 09:30:00,FLAT,545716537.9545469,545716537.9545469,0.0,1254.3
2024-04-08 09:45:00,FLAT,545716537.9545469,545716537.9545469,0.0,1252.0
2024-04-08 10:00:00,FLAT,545716537.9545469,545716537.9545469,0.0,1248.6
2024-04-08 10:15:00,FLAT,545716537.9545469,545716537.9545469,0.0,1251.3
2024-04-08 10:30:00,FLAT,545716537.9545469,545716537.9545469,0.0,1251.9
2024-04-08 10:45:00,FLAT,545716537.9545469,545716537.9545469,0.0,1249.4
2024-04-08 11:00:00,FLAT,545716537.9545469,545716537.9545469,0.0,1249.5
2024-04-08 11:15:00,FLAT,545716537.9545469,545716537.9545469,0.0,1250.2
2024-04-08 11:30:00,FLAT,545716537.9545469,545716537.9545469,0.0,1250.6
2024-04-08 13:00:00,FLAT,545716537.9545469,545716537.9545469,0.0,1252.8
2024-04-08 13:15:00,FLAT,545716537.9545469,545716537.9545469,0.0,1254.9
2024-04-08 13:30:00,FLAT,545716537.9545469,545716537.9545469,0.0,1256.8
2024-04-08 13:45:00,FLAT,545716537.9545469,545716537.9545469,0.0,1256.8
2024-04-08 14:00:00,FLAT,545716537.9545469,545716537.9545469,0.0,1256.0
2024-04-08 14:15:00,FLAT,545716537.9545469,545716537.9545469,0.0,1252.3
2024-04-08 14:30:00,FLAT,545716537.9545469,545716537.9545469,0.0,1253.0
2024-04-09 09:00:00,FLAT,545716537.9545469,545716537.9545469,0.0,1257.5
2024-04-09 09:15:00,FLAT,545716537.9545469,545716537.9545469,0.0,1256.3
2024-04-09 09:30:00,FLAT,545716537.9545469,545716537.9545469,0.0,1257.2
2024-04-09 09:45:00,FLAT,545716537.9545469,545716537.9545469,0.0,1256.9
2024-04-09 10:00:00,FLAT,545716537.9545469,545716537.9545469,0.0,1256.8
2024-04-09 10:15:00,FLAT,545716537.9545469,545716537.9545469,0.0,1255.0
2024-04-09 10:30:00,FLAT,545716537.9545469,545716537.9545469,0.0,1255.8
2024-04-09 10:45:00,FLAT,545716537.9545469,545716537.9545469,0.0,1254.8
2024-04-09 11:00:00,FLAT,545716537.9545469,545716537.9545469,0.0,1256.6
2024-04-09 11:15:00,FLAT,545716537.9545469,545716537.9545469,0.0,1258.6
2024-04-09 11:30:00,FLAT,545716537.9545469,545716537.9545469,0.0,1258.5
2024-04-09 13:00:00,FLAT,545716537.9545469,545716537.9545469,0.0,1259.7
2024-04-09 13:15:00,FLAT,545716537.9545469,545716537.9545469,0.0,1259.7
2024-04-09 13:30:00,FLAT,545716537.9545469,545716537.9545469,0.0,1260.6
2024-04-09 13:45:00,FLAT,545716537.9545469,545716537.9545469,0.0,1260.8
2024-04-09 14:00:00,FLAT,545716537.9545469,545716537.9545469,0.0,1262.8
2024-04-09 14:15:00,LONG,545127012.9545468,545527012.9545469,-400000.0000000909,1263.1
2024-04-09 14:30:00,FLAT,543106004.5454559,543106004.5454559,0.0,1261.8
2024-04-10 09:00:00,FLAT,543106004.5454559,543106004.5454559,0.0,1268.9
2024-04-10 09:15:00,FLAT,543106004.5454559,543106004.5454559,0.0,1268.7
2024-04-10 09:30:00,FLAT,543106004.5454559,543106004.5454559,0.0,1270.6
2024-04-10 09:45:00,FLAT,543106004.5454559,543106004.5454559,0.0,1270.0
2024-04-10 10:00:00,FLAT,543106004.5454559,543106004.5454559,0.0,1271.5
2024-04-10 10:15:00,FLAT,540511160.2272741,540511160.2272741,0.0,1270.1
2024-04-10 10:30:00,FLAT,540511160.2272741,540511160.2272741,0.0,1270.0
2024-04-10 10:45:00,FLAT,540511160.2272741,540511160.2272741,0.0,1269.1
2024-04-10 11:00:00,FLAT,540511160.2272741,540511160.2272741,0.0,1269.1
2024-04-10 11:15:00,FLAT,540511160.2272741,540511160.2272741,0.0,1268.9
2024-04-10 11:30:00,FLAT,540511160.2272741,540511160.2272741,0.0,1269.0
2024-04-10 13:00:00,FLAT,540511160.2272741,540511160.2272741,0.0,1269.1
2024-04-10 13:15:00,FLAT,540511160.2272741,540511160.2272741,0.0,1267.0
2024-04-10 13:30:00,FLAT,540511160.2272741,540511160.2272741,0.0,1266.2
2024-04-10 13:45:00,FLAT,540511160.2272741,540511160.2272741,0.0,1265.1
2024-04-10 14:00:00,FLAT,540511160.2272741,540511160.2272741,0.0,1265.8
2024-04-10 14:15:00,FLAT,540511160.2272741,540511160.2272741,0.0,1259.9
2024-04-10 14:30:00,FLAT,540511160.2272741,540511160.2272741,0.0,1258.3
2024-04-11 09:00:00,FLAT,540511160.2272741,540511160.2272741,0.0,1252.6
2024-04-11 09:15:00,FLAT,540511160.2272741,540511160.2272741,0.0,1253.8
2024-04-11 09:30:00,FLAT,540511160.2272741,540511160.2272741,0.0,1255.7
2024-04-11 09:45:00,FLAT,540511160.2272741,540511160.2272741,0.0,1255.9
2024-04-11 10:00:00,FLAT,540511160.2272741,540511160.2272741,0.0,1256.9
2024-04-11 10:15:00,FLAT,540511160.2272741,540511160.2272741,0.0,1257.9
2024-04-11 10:30:00,FLAT,540511160.2272741,540511160.2272741,0.0,1257.7
2024-04-11 10:45:00,FLAT,540511160.2272741,540511160.2272741,0.0,1256.6
2024-04-11 11:00:00,FLAT,540511160.2272741,540511160.2272741,0.0,1256.1
2024-04-11 11:15:00,FLAT,540511160.2272741,540511160.2272741,0.0,1259.2
2024-04-11 11:30:00,FLAT,540511160.2272741,540511160.2272741,0.0,1259.6
2024-04-11 13:00:00,FLAT,540511160.2272741,540511160.2272741,0.0,1260.3
2024-04-11 13:15:00,FLAT,540511160.2272741,540511160.2272741,0.0,1260.3
2024-04-11 13:30:00,FLAT,540511160.2272741,540511160.2272741,0.0,1262.2
2024-04-11 13:45:00,FLAT,540511160.2272741,540511160.2272741,0.0,1261.3
2024-04-11 14:00:00,FLAT,540511160.2272741,540511160.2272741,0.0,1262.6
2024-04-11 14:15:00,FLAT,540511160.2272741,540511160.2272741,0.0,1261.0
2024-04-11 14:30:00,FLAT,540511160.2272741,540511160.2272741,0.0,1264.0
2024-04-12 09:00:00,FLAT,540511160.2272741,540511160.2272741,0.0,1267.7
2024-04-12 09:15:00,FLAT,540511160.2272741,540511160.2272741,0.0,1266.0
2024-04-12 09:30:00,FLAT,540511160.2272741,540511160.2272741,0.0,1265.4
2024-04-12 09:45:00,FLAT,540511160.2272741,540511160.2272741,0.0,1263.2
2024-04-12 10:00:00,FLAT,540511160.2272741,540511160.2272741,0.0,1263.3
2024-04-12 10:15:00,FLAT,540511160.2272741,540511160.2272741,0.0,1261.7
2024-04-12 10:30:00,FLAT,540511160.2272741,540511160.2272741,0.0,1261.7
2024-04-12 10:45:00,FLAT,540511160.2272741,540511160.2272741,0.0,1264.1
2024-04-12 11:00:00,FLAT,540511160.2272741,540511160.2272741,0.0,1265.0
2024-04-12 11:15:00,FLAT,540511160.2272741,540511160.2272741,0.0,1265.7
2024-04-12 11:30:00,FLAT,540511160.2272741,540511160.2272741,0.0,1265.3
2024-04-12 13:00:00,FLAT,540511160.2272741,540511160.2272741,0.0,1264.8
2024-04-12 13:15:00,FLAT,540511160.2272741,540511160.2272741,0.0,1267.2
2024-04-12 13:30:00,FLAT,540511160.2272741,540511160.2272741,0.0,1272.1
2024-04-12 13:45:00,FLAT,540511160.2272741,540511160.2272741,0.0,1271.8
2024-04-12 14:00:00,FLAT,540511160.2272741,540511160.2272741,0.0,1281.1
2024-04-12 14:15:00,LONG,541718935.2272742,540318935.2272741,1400000.000000091,1282.9
2024-04-12 14:30:00,LONG,547618935.2272741,540318935.2272741,7299999.999999954,1288.8
2024-04-15 09:00:00,FLAT,537422570.4545467,537422570.4545467,0.0,1277.9
2024-04-15 09:15:00,FLAT,537422570.4545467,537422570.4545467,0.0,1283.0
2024-04-15 09:30:00,FLAT,537422570.4545467,537422570.4545467,0.0,1278.9
2024-04-15 09:45:00,FLAT,537422570.4545467,537422570.4545467,0.0,1279.6
2024-04-15 10:00:00,FLAT,537422570.4545467,537422570.4545467,0.0,1276.8
2024-04-15 10:15:00,FLAT,537422570.4545467,537422570.4545467,0.0,1276.2
2024-04-15 10:30:00,FLAT,537422570.4545467,537422570.4545467,0.0,1275.1
2024-04-15 10:45:00,FLAT,537422570.4545467,537422570.4545467,0.0,1276.2
2024-04-15 11:00:00,FLAT,537422570.4545467,537422570.4545467,0.0,1275.2
2024-04-15 11:15:00,FLAT,537422570.4545467,537422570.4545467,0.0,1272.8
2024-04-15 11:30:00,FLAT,537422570.4545467,537422570.4545467,0.0,1272.7
2024-04-15 13:00:00,FLAT,537422570.4545467,537422570.4545467,0.0,1274.3
2024-04-15 13:15:00,FLAT,537422570.4545467,537422570.4545467,0.0,1276.2
2024-04-15 13:30:00,FLAT,537422570.4545467,537422570.4545467,0.0,1274.7
2024-04-15 13:45:00,FLAT,537422570.4545467,537422570.4545467,0.0,1272.0
2024-04-15 14:00:00,FLAT,537422570.4545467,537422570.4545467,0.0,1263.8
2024-04-15 14:15:00,FLAT,537422570.4545467,537422570.4545467,0.0,1234.9
2024-04-15 14:30:00,FLAT,537422570.4545467,537422570.4545467,0.0,1237.0
2024-04-16 09:00:00,FLAT,537422570.4545467,537422570.4545467,0.0,1235.4
2024-04-16 09:15:00,FLAT,537422570.4545467,537422570.4545467,0.0,1233.0
2024-04-16 09:30:00,FLAT,537422570.4545467,537422570.4545467,0.0,1228.7
2024-04-16 09:45:00,FLAT,537422570.4545467,537422570.4545467,0.0,1232.1
2024-04-16 10:00:00,FLAT,537422570.4545467,537422570.4545467,0.0,1231.8
2024-04-16 10:15:00,FLAT,537422570.4545467,537422570.4545467,0.0,1233.3
2024-04-16 10:30:00,FLAT,537422570.4545467,537422570.4545467,0.0,1226.2
2024-04-16 10:45:00,FLAT,537422570.4545467,537422570.4545467,0.0,1226.2
2024-04-16 11:00:00,FLAT,537422570.4545467,537422570.4545467,0.0,1228.0
2024-04-16 11:15:00,FLAT,537422570.4545467,537422570.4545467,0.0,1226.0
2024-04-16 11:30:00,FLAT,537422570.4545467,537422570.4545467,0.0,1226.0
2024-04-16 13:00:00,FLAT,537422570.4545467,537422570.4545467,0.0,1225.0
2024-04-16 13:15:00,FLAT,537422570.4545467,537422570.4545467,0.0,1222.8
2024-04-16 13:30:00,FLAT,537422570.4545467,537422570.4545467,0.0,1224.2
2024-04-16 13:45:00,FLAT,537422570.4545467,537422570.4545467,0.0,1226.7
2024-04-16 14:00:00,FLAT,537422570.4545467,537422570.4545467,0.0,1227.1
2024-04-16 14:15:00,FLAT,537422570.4545467,537422570.4545467,0.0,1228.0
2024-04-16 14:30:00,FLAT,537422570.4545467,537422570.4545467,0.0,1229.8
2024-04-17 09:00:00,FLAT,537422570.4545467,537422570.4545467,0.0,1232.9
2024-04-17 09:15:00,FLAT,537422570.4545467,537422570.4545467,0.0,1230.0
2024-04-17 09:30:00,FLAT,537422570.4545467,537422570.4545467,0.0,1231.3
2024-04-17 09:45:00,FLAT,537422570.4545467,537422570.4545467,0.0,1231.0
2024-04-17 10:00:00,FLAT,537422570.4545467,537422570.4545467,0.0,1228.6
2024-04-17 10:15:00,FLAT,537422570.4545467,537422570.4545467,0.0,1226.4
2024-04-17 10:30:00,FLAT,537422570.4545467,537422570.4545467,0.0,1224.6
2024-04-17 10:45:00,FLAT,537422570.4545467,537422570.4545467,0.0,1225.0
2024-04-17 11:00:00,FLAT,537422570.4545467,537422570.4545467,0.0,1227.0
2024-04-17 11:15:00,FLAT,537422570.4545467,537422570.4545467,0.0,1226.9
2024-04-17 11:30:00,FLAT,537422570.4545467,537422570.4545467,0.0,1226.7
2024-04-17 13:00:00,FLAT,537422570.4545467,537422570.4545467,0.0,1226.5
2024-04-17 13:15:00,FLAT,537422570.4545467,537422570.4545467,0.0,1225.7
2024-04-17 13:30:00,FLAT,537422570.4545467,537422570.4545467,0.0,1225.8
2024-04-17 13:45:00,FLAT,537422570.4545467,537422570.4545467,0.0,1219.3
2024-04-17 14:00:00,FLAT,537422570.4545467,537422570.4545467,0.0,1214.2
2024-04-17 14:15:00,FLAT,537422570.4545467,537422570.4545467,0.0,1215.0
2024-04-17 14:30:00,FLAT,537422570.4545467,537422570.4545467,0.0,1211.1
2024-04-19 09:00:00,FLAT,537422570.4545467,537422570.4545467,0.0,1198.0
2024-04-19 09:15:00,FLAT,537422570.4545467,537422570.4545467,0.0,1198.4
2024-04-19 09:30:00,FLAT,537422570.4545467,537422570.4545467,0.0,1203.7
2024-04-19 09:45:00,FLAT,537422570.4545467,537422570.4545467,0.0,1201.6
2024-04-19 10:00:00,FLAT,537422570.4545467,537422570.4545467,0.0,1201.3
2024-04-19 10:15:00,FLAT,537422570.4545467,537422570.4545467,0.0,1202.3
2024-04-19 10:30:00,FLAT,537422570.4545467,537422570.4545467,0.0,1196.0
2024-04-19 10:45:00,FLAT,537422570.4545467,537422570.4545467,0.0,1196.6
2024-04-19 11:00:00,FLAT,537422570.4545467,537422570.4545467,0.0,1196.4
2024-04-19 11:15:00,FLAT,537422570.4545467,537422570.4545467,0.0,1194.5
2024-04-19 11:30:00,FLAT,537422570.4545467,537422570.4545467,0.0,1194.7
2024-04-19 13:00:00,FLAT,537422570.4545467,537422570.4545467,0.0,1200.2
2024-04-19 13:15:00,FLAT,537422570.4545467,537422570.4545467,0.0,1197.4
2024-04-19 13:30:00,FLAT,537422570.4545467,537422570.4545467,0.0,1199.5
2024-04-19 13:45:00,FLAT,537422570.4545467,537422570.4545467,0.0,1208.0
2024-04-19 14:00:00,FLAT,532724067.2727286,532724067.2727286,0.0,1207.0
2024-04-19 14:15:00,FLAT,532724067.2727286,532724067.2727286,0.0,1197.3
2024-04-19 14:30:00,FLAT,532724067.2727286,532724067.2727286,0.0,1196.6
2024-04-22 09:00:00,FLAT,532724067.2727286,532724067.2727286,0.0,1206.0
2024-04-22 09:15:00,FLAT,532724067.2727286,532724067.2727286,0.0,1204.3
2024-04-22 09:30:00,FLAT,532724067.2727286,532724067.2727286,0.0,1204.8
2024-04-22 09:45:00,FLAT,532724067.2727286,532724067.2727286,0.0,1206.7
2024-04-22 10:00:00,FLAT,532724067.2727286,532724067.2727286,0.0,1207.4
2024-04-22 10:15:00,FLAT,532724067.2727286,532724067.2727286,0.0,1207.3
2024-04-22 10:30:00,FLAT,532724067.2727286,532724067.2727286,0.0,1211.3
2024-04-22 10:45:00,LONG,531442327.27272874,532542327.2727286,-1099999.999999909,1210.5
2024-04-22 11:00:00,LONG,530242327.2727287,532542327.2727286,-2299999.9999999544,1209.3
2024-04-22 11:15:00,FLAT,528602060.2272741,528602060.2272741,0.0,1205.0
2024-04-22 11:30:00,FLAT,528602060.2272741,528602060.2272741,0.0,1204.9
2024-04-22 13:00:00,FLAT,528602060.2272741,528602060.2272741,0.0,1206.6
2024-04-22 13:15:00,FLAT,528602060.2272741,528602060.2272741,0.0,1208.3
2024-04-22 13:30:00,FLAT,528602060.2272741,528602060.2272741,0.0,1208.0
2024-04-22 13:45:00,FLAT,528602060.2272741,528602060.2272741,0.0,1213.1
2024-04-22 14:00:00,FLAT,524929295.68181944,524929295.68181944,0.0,1211.3
2024-04-22 14:15:00,FLAT,524929295.68181944,524929295.68181944,0.0,1207.0
2024-04-22 14:30:00,FLAT,524929295.68181944,524929295.68181944,0.0,1206.0
2024-04-23 09:00:00,FLAT,524929295.68181944,524929295.68181944,0.0,1207.6
2024-04-23 09:15:00,FLAT,524929295.68181944,524929295.68181944,0.0,1209.6
2024-04-23 09:30:00,FLAT,524929295.68181944,524929295.68181944,0.0,1210.8
2024-04-23 09:45:00,FLAT,524929295.68181944,524929295.68181944,0.0,1210.4
2024-04-23 10:00:00,FLAT,524929295.68181944,524929295.68181944,0.0,1206.1
2024-04-23 10:15:00,FLAT,524929295.68181944,524929295.68181944,0.0,1206.3
2024-04-23 10:30:00,FLAT,524929295.68181944,524929295.68181944,0.0,1206.4
2024-04-23 10:45:00,FLAT,524929295.68181944,524929295.68181944,0.0,1209.3
2024-04-23 11:00:00,FLAT,524929295.68181944,524929295.68181944,0.0,1205.7
2024-04-23 11:15:00,FLAT,524929295.68181944,524929295.68181944,0.0,1208.0
2024-04-23 11:30:00,FLAT,524929295.68181944,524929295.68181944,0.0,1208.3
2024-04-23 13:00:00,FLAT,524929295.68181944,524929295.68181944,0.0,1208.9
2024-04-23 13:15:00,FLAT,524929295.68181944,524929295.68181944,0.0,1206.0
2024-04-23 13:30:00,FLAT,524929295.68181944,524929295.68181944,0.0,1207.3
2024-04-23 13:45:00,FLAT,524929295.68181944,524929295.68181944,0.0,1205.0
2024-04-23 14:00:00,FLAT,524929295.68181944,524929295.68181944,0.0,1195.1
2024-04-23 14:15:00,FLAT,524929295.68181944,524929295.68181944,0.0,1190.3
2024-04-23 14:30:00,FLAT,524929295.68181944,524929295.68181944,0.0,1192.5
2024-04-24 09:00:00,FLAT,524929295.68181944,524929295.68181944,0.0,1211.3
2024-04-24 09:15:00,FLAT,524929295.68181944,524929295.68181944,0.0,1213.7
2024-04-24 09:30:00,FLAT,524929295.68181944,524929295.68181944,0.0,1216.6
2024-04-24 09:45:00,FLAT,524929295.68181944,524929295.68181944,0.0,1221.5
2024-04-24 10:00:00,LONG,523545965.6818194,524745965.68181944,-1200000.0000000454,1221.0
2024-04-24 10:15:00,LONG,523945965.6818195,524745965.68181944,-799999.9999999545,1221.4
2024-04-24 10:30:00,LONG,523345965.6818193,524745965.68181944,-1400000.000000091,1220.8
2024-04-24 10:45:00,LONG,525845965.6818193,524745965.68181944,1099999.999999909,1223.3
2024-04-24 11:00:00,LONG,525245965.68181944,524745965.68181944,500000.0,1222.7
2024-04-24 11:15:00,LONG,526045965.6818194,524745965.68181944,1299999.9999999546,1223.5
2024-04-24 13:00:00,LONG,529845965.6818193,524745965.68181944,5099999.999999909,1227.3
2024-04-24 13:15:00,LONG,529145965.6818193,524745965.68181944,4399999.999999864,1226.6
2024-04-24 13:30:00,LONG,531145965.6818193,524745965.68181944,6399999.999999864,1228.6
2024-04-24 13:45:00,LONG,530845965.6818193,524745965.68181944,6099999.999999909,1228.3
2024-04-24 14:00:00,LONG,534945965.6818195,524745965.68181944,10200000.000000045,1232.4
2024-04-24 14:15:00,LONG,533045965.6818194,524745965.68181944,8299999.999999954,1230.5
2024-04-24 14:30:00,LONG,531745965.68181944,524745965.68181944,7000000.0,1229.2
2024-04-25 09:00:00,LONG,529845965.6818193,524745965.68181944,5099999.999999909,1227.3
2024-04-25 09:15:00,LONG,531145965.6818193,524745965.68181944,6399999.999999864,1228.6
2024-04-25 09:30:00,LONG,529645965.6818193,524745965.68181944,4899999.999999864,1227.1
2024-04-25 09:45:00,LONG,528645965.6818193,524745965.68181944,3899999.9999998636,1226.1
2024-04-25 10:00:00,LONG,527445965.6818195,524745965.68181944,2700000.0000000456,1224.9
2024-04-25 10:15:00,LONG,530745965.68181944,524745965.68181944,6000000.0,1228.2
2024-04-25 10:30:00,LONG,528845965.6818193,524745965.68181944,4099999.999999909,1226.3
2024-04-25 10:45:00,LONG,528245965.68181944,524745965.68181944,3500000.0,1225.7
2024-04-25 11:00:00,LONG,528045965.6818194,524745965.68181944,3299999.9999999544,1225.5
2024-04-25 11:15:00,LONG,529945965.6818195,524745965.68181944,5200000.000000046,1227.4
2024-04-25 11:30:00,LONG,529745965.68181944,524745965.68181944,5000000.0,1227.2
2024-04-25 13:00:00,LONG,529145965.6818193,524745965.68181944,4399999.999999864,1226.6
2024-04-25 13:15:00,LONG,528645965.6818193,524745965.68181944,3899999.9999998636,1226.1
2024-04-25 13:30:00,LONG,532045965.6818194,524745965.68181944,7299999.999999954,1229.5
2024-04-25 13:45:00,LONG,531045965.6818194,524745965.68181944,6299999.999999954,1228.5
2024-04-25 14:00:00,LONG,528645965.6818193,524745965.68181944,3899999.9999998636,1226.1
2024-04-25 14:15:00,LONG,530545965.6818194,524745965.68181944,5799999.999999954,1228.0
2024-04-25 14:30:00,LONG,531945965.6818195,524745965.68181944,7200000.000000046,1229.4
2024-04-26 09:00:00,LONG,525145965.6818193,524745965.68181944,399999.99999986356,1222.6
2024-04-26 09:15:00,LONG,527445965.6818195,524745965.68181944,2700000.0000000456,1224.9
2024-04-26 09:30:00,LONG,527345965.6818193,524745965.68181944,2599999.999999909,1224.8
2024-04-26 09:45:00,LONG,529445965.6818195,524745965.68181944,4700000.000000046,1226.9
2024-04-26 10:00:00,LONG,536845965.6818193,524745965.68181944,12099999.999999909,1234.3
2024-04-26 10:15:00,LONG,537745965.6818194,524745965.68181944,13000000.0,1235.2
2024-04-26 10:30:00,LONG,541345965.6818193,524745965.68181944,16599999.999999909,1238.8
2024-04-26 10:45:00,LONG,539545965.6818194,524745965.68181944,14799999.999999955,1237.0
2024-04-26 11:00:00,LONG,536645965.6818193,524745965.68181944,11899999.999999864,1234.1
2024-04-26 11:15:00,LONG,531045965.6818194,524745965.68181944,6299999.999999954,1228.5
2024-04-26 11:30:00,LONG,531045965.6818194,524745965.68181944,6299999.999999954,1228.5
2024-04-26 13:00:00,LONG,529645965.6818193,524745965.68181944,4899999.999999864,1227.1
2024-04-26 13:15:00,LONG,533845965.6818193,524745965.68181944,9099999.999999909,1231.3
2024-04-26 13:30:00,LONG,531545965.6818194,524745965.68181944,6799999.999999954,1229.0
2024-04-26 13:45:00,LONG,534345965.6818193,524745965.68181944,9599999.999999909,1231.8
2024-04-26 14:00:00,LONG,532145965.6818193,524745965.68181944,7399999.999999864,1229.6
2024-04-26 14:15:00,LONG,534645965.6818193,524745965.68181944,9899999.999999864,1232.1
2024-04-26 14:30:00,LONG,534545965.6818194,524745965.68181944,9799999.999999955,1232.0
2024-05-02 09:00:00,LONG,541045965.6818194,524745965.68181944,16299999.999999955,1238.5
2024-05-02 09:15:00,LONG,539045965.6818194,524745965.68181944,14299999.999999955,1236.5
2024-05-02 09:30:00,LONG,540545965.6818194,524745965.68181944,15799999.999999955,1238.0
2024-05-02 09:45:00,LONG,539645965.6818193,524745965.68181944,14899999.999999864,1237.1
2024-05-02 10:00:00,LONG,542445965.6818194,524745965.68181944,17700000.000000045,1239.9
2024-05-02 10:15:00,LONG,541045965.6818194,524745965.68181944,16299999.999999955,1238.5
2024-05-02 10:30:00,LONG,537945965.6818194,524745965.68181944,13200000.000000045,1235.4
2024-05-02 10:45:00,LONG,537945965.6818194,524745965.68181944,13200000.000000045,1235.4
2024-05-02 11:00:00,LONG,535045965.6818194,524745965.68181944,10299999.999999955,1232.5
2024-05-02 11:15:00,LONG,536145965.6818193,524745965.68181944,11399999.999999864,1233.6
2024-05-02 11:30:00,LONG,536145965.6818193,524745965.68181944,11399999.999999864,1233.6
2024-05-02 13:00:00,LONG,537245965.6818194,524745965.68181944,12500000.0,1234.7
2024-05-02 13:15:00,LONG,538945965.6818194,524745965.68181944,14200000.000000045,1236.4
2024-05-02 13:30:00,LONG,536245965.68181944,524745965.68181944,11500000.0,1233.7
2024-05-02 13:45:00,LONG,538845965.6818193,524745965.68181944,14099999.999999909,1236.3
2024-05-02 14:00:00,LONG,540545965.6818194,524745965.68181944,15799999.999999955,1238.0
2024-05-02 14:15:00,LONG,542745965.6818194,524745965.68181944,18000000.0,1240.2
2024-05-02 14:30:00,LONG,542745965.6818194,524745965.68181944,18000000.0,1240.2
2024-05-03 09:00:00,LONG,554245965.6818194,524745965.68181944,29500000.0,1251.7
2024-05-03 09:15:00,LONG,553545965.6818194,524745965.68181944,28799999.999999955,1251.0
2024-05-03 09:30:00,LONG,552845965.6818193,524745965.68181944,28099999.99999991,1250.3
2024-05-03 09:45:00,LONG,553245965.6818194,524745965.68181944,28500000.0,1250.7
2024-05-03 10:00:00,LONG,552245965.6818194,524745965.68181944,27500000.0,1249.7
2024-05-03 10:15:00,LONG,552945965.6818194,524745965.68181944,28200000.000000045,1250.4
2024-05-03 10:30:00,LONG,554445965.6818194,524745965.68181944,29700000.000000045,1251.9
2024-05-03 10:45:00,LONG,553345965.6818193,524745965.68181944,28599999.99999991,1250.8
2024-05-03 11:00:00,LONG,553545965.6818194,524745965.68181944,28799999.999999955,1251.0
2024-05-03 11:15:00,LONG,553245965.6818194,524745965.68181944,28500000.0,1250.7
2024-05-03 11:30:00,LONG,553445965.6818194,524745965.68181944,28700000.000000045,1250.9
2024-05-03 13:00:00,LONG,552545965.6818194,524745965.68181944,27799999.999999955,1250.0
2024-05-03 13:15:00,LONG,552145965.6818193,524745965.68181944,27399999.999999862,1249.6
2024-05-03 13:30:00,LONG,553345965.6818193,524745965.68181944,28599999.99999991,1250.8
2024-05-03 13:45:00,LONG,555345965.6818193,524745965.68181944,30599999.99999991,1252.8
2024-05-03 14:00:00,LONG,551145965.6818193,524745965.68181944,26399999.999999862,1248.6
2024-05-03 14:15:00,LONG,551545965.6818194,524745965.68181944,26799999.999999955,1249.0
2024-05-03 14:30:00,LONG,549945965.6818194,524745965.68181944,25200000.000000045,1247.4
2024-05-06 09:00:00,FLAT,559084729.3181833,559084729.3181833,0.0,1258.4
2024-05-06 09:15:00,FLAT,559084729.3181833,559084729.3181833,0.0,1257.5
2024-05-06 09:30:00,FLAT,559084729.3181833,559084729.3181833,0.0,1257.5
2024-05-06 09:45:00,FLAT,559084729.3181833,559084729.3181833,0.0,1257.0
2024-05-06 10:00:00,FLAT,559084729.3181833,559084729.3181833,0.0,1258.0
2024-05-06 10:15:00,FLAT,559084729.3181833,559084729.3181833,0.0,1260.0
2024-05-06 10:30:00,FLAT,559084729.3181833,559084729.3181833,0.0,1260.1
2024-05-06 10:45:00,FLAT,559084729.3181833,559084729.3181833,0.0,1262.7
2024-05-06 11:00:00,LONG,560095279.3181833,558895279.3181833,1200000.0000000454,1264.2
2024-05-06 11:15:00,LONG,559495279.3181832,558895279.3181833,599999.9999999091,1263.6
2024-05-06 11:30:00,LONG,559695279.3181833,558895279.3181833,799999.9999999545,1263.8
2024-05-06 13:00:00,LONG,560295279.3181834,558895279.3181833,1400000.000000091,1264.4
2024-05-06 13:15:00,LONG,561895279.3181833,558895279.3181833,3000000.0,1266.0
2024-05-06 13:30:00,LONG,560495279.3181832,558895279.3181833,1599999.999999909,1264.6
2024-05-06 13:45:00,LONG,561795279.3181834,558895279.3181833,2900000.000000091,1265.9
2024-05-06 14:00:00,LONG,564795279.3181834,558895279.3181833,5900000.000000091,1268.9
2024-05-06 14:15:00,LONG,568995279.3181832,558895279.3181833,10099999.999999909,1273.1
2024-05-06 14:30:00,LONG,571895279.3181833,558895279.3181833,13000000.0,1276.0
2024-05-07 09:00:00,LONG,566595279.3181833,558895279.3181833,7700000.000000046,1270.7
2024-05-07 09:15:00,LONG,565895279.3181833,558895279.3181833,7000000.0,1270.0
2024-05-07 09:30:00,LONG,564495279.3181832,558895279.3181833,5599999.999999909,1268.6
2024-05-07 09:45:00,LONG,564495279.3181832,558895279.3181833,5599999.999999909,1268.6
2024-05-07 10:00:00,LONG,563095279.3181833,558895279.3181833,4200000.000000046,1267.2
2024-05-07 10:15:00,LONG,565295279.3181834,558895279.3181833,6400000.000000091,1269.4
2024-05-07 10:30:00,LONG,566795279.3181834,558895279.3181833,7900000.000000091,1270.9
2024-05-07 10:45:00,LONG,563795279.3181834,558895279.3181833,4900000.000000091,1267.9
2024-05-07 11:00:00,LONG,564895279.3181833,558895279.3181833,6000000.0,1269.0
2024-05-07 11:15:00,LONG,563795279.3181834,558895279.3181833,4900000.000000091,1267.9
2024-05-07 11:30:00,LONG,563895279.3181833,558895279.3181833,5000000.0,1268.0
2024-05-07 13:00:00,LONG,564595279.3181833,558895279.3181833,5700000.000000046,1268.7
2024-05-07 13:15:00,LONG,566295279.3181834,558895279.3181833,7400000.000000091,1270.4
2024-05-07 13:30:00,LONG,564595279.3181833,558895279.3181833,5700000.000000046,1268.7
2024-05-07 13:45:00,LONG,565895279.3181833,558895279.3181833,7000000.0,1270.0
2024-05-07 14:00:00,LONG,567595279.3181833,558895279.3181833,8700000.000000045,1271.7
2024-05-07 14:15:00,LONG,572095279.3181833,558895279.3181833,13200000.000000045,1276.2
2024-05-07 14:30:00,LONG,571495279.3181832,558895279.3181833,12599999.999999909,1275.6
2024-05-08 09:00:00,LONG,560695279.3181833,558895279.3181833,1799999.9999999546,1264.8
2024-05-08 09:15:00,LONG,561595279.3181833,558895279.3181833,2700000.0000000456,1265.7
2024-05-08 09:30:00,LONG,561395279.3181833,558895279.3181833,2500000.0,1265.5
2024-05-08 09:45:00,LONG,564095279.3181833,558895279.3181833,5200000.000000046,1268.2
2024-05-08 10:00:00,LONG,563095279.3181833,558895279.3181833,4200000.000000046,1267.2
2024-05-08 10:15:00,LONG,565495279.3181832,558895279.3181833,6599999.999999909,1269.6
2024-05-08 10:30:00,LONG,566295279.3181834,558895279.3181833,7400000.000000091,1270.4
2024-05-08 10:45:00,LONG,567695279.3181833,558895279.3181833,8799999.999999955,1271.8
2024-05-08 11:00:00,LONG,564595279.3181833,558895279.3181833,5700000.000000046,1268.7
2024-05-08 11:15:00,LONG,564895279.3181833,558895279.3181833,6000000.0,1269.0
2024-05-08 11:30:00,LONG,564995279.3181832,558895279.3181833,6099999.999999909,1269.1
2024-05-08 13:00:00,LONG,564895279.3181833,558895279.3181833,6000000.0,1269.0
2024-05-08 13:15:00,LONG,563495279.3181832,558895279.3181833,4599999.999999909,1267.6
2024-05-08 13:30:00,LONG,567095279.3181833,558895279.3181833,8200000.000000046,1271.2
2024-05-08 13:45:00,LONG,568495279.3181832,558895279.3181833,9599999.999999909,1272.6
2024-05-08 14:00:00,LONG,568195279.3181833,558895279.3181833,9299999.999999955,1272.3
2024-05-08 14:15:00,LONG,568695279.3181833,558895279.3181833,9799999.999999955,1272.8
2024-05-08 14:30:00,LONG,569795279.3181834,558895279.3181833,10900000.000000091,1273.9
2024-05-09 09:00:00,LONG,574995279.3181832,558895279.3181833,16099999.999999909,1279.1
2024-05-09 09:15:00,FLAT,575357876.5909109,575357876.5909109,0.0,1281.4
2024-05-09 09:30:00,FLAT,575357876.5909109,575357876.5909109,0.0,1278.0
2024-05-09 09:45:00,FLAT,575357876.5909109,575357876.5909109,0.0,1278.5
2024-05-09 10:00:00,FLAT,575357876.5909109,575357876.5909109,0.0,1280.7
2024-05-09 10:15:00,FLAT,575357876.5909109,575357876.5909109,0.0,1278.5
2024-05-09 10:30:00,FLAT,575357876.5909109,575357876.5909109,0.0,1276.8
2024-05-09 10:45:00,FLAT,575357876.5909109,575357876.5909109,0.0,1275.7
2024-05-09 11:00:00,FLAT,575357876.5909109,575357876.5909109,0.0,1272.7
2024-05-09 11:15:00,FLAT,575357876.5909109,575357876.5909109,0.0,1271.1
2024-05-09 11:30:00,FLAT,575357876.5909109,575357876.5909109,0.0,1271.1
2024-05-09 13:00:00,FLAT,575357876.5909109,575357876.5909109,0.0,1271.3
2024-05-09 13:15:00,FLAT,575357876.5909109,575357876.5909109,0.0,1273.6
2024-05-09 13:30:00,FLAT,575357876.5909109,575357876.5909109,0.0,1274.8
2024-05-09 13:45:00,FLAT,575357876.5909109,575357876.5909109,0.0,1274.5
2024-05-09 14:00:00,FLAT,575357876.5909109,575357876.5909109,0.0,1274.3
2024-05-09 14:15:00,FLAT,575357876.5909109,575357876.5909109,0.0,1274.5
2024-05-09 14:30:00,FLAT,575357876.5909109,575357876.5909109,0.0,1274.0
2024-05-10 09:00:00,FLAT,575357876.5909109,575357876.5909109,0.0,1275.9
2024-05-10 09:15:00,FLAT,575357876.5909109,575357876.5909109,0.0,1275.5
2024-05-10 09:30:00,FLAT,575357876.5909109,575357876.5909109,0.0,1277.7
2024-05-10 09:45:00,FLAT,575357876.5909109,575357876.5909109,0.0,1279.0
2024-05-10 10:00:00,FLAT,575357876.5909109,575357876.5909109,0.0,1277.9
2024-05-10 10:15:00,FLAT,575357876.5909109,575357876.5909109,0.0,1277.1
2024-05-10 10:30:00,FLAT,575357876.5909109,575357876.5909109,0.0,1275.7
2024-05-10 10:45:00,FLAT,575357876.5909109,575357876.5909109,0.0,1273.7
2024-05-10 11:00:00,FLAT,575357876.5909109,575357876.5909109,0.0,1265.5
2024-05-10 11:15:00,FLAT,575357876.5909109,575357876.5909109,0.0,1264.7
2024-05-10 11:30:00,FLAT,575357876.5909109,575357876.5909109,0.0,1264.9
2024-05-10 13:00:00,FLAT,575357876.5909109,575357876.5909109,0.0,1267.6
2024-05-10 13:15:00,FLAT,575357876.5909109,575357876.5909109,0.0,1266.8
2024-05-10 13:30:00,FLAT,575357876.5909109,575357876.5909109,0.0,1267.1
2024-05-10 13:45:00,FLAT,575357876.5909109,575357876.5909109,0.0,1264.7
2024-05-10 14:00:00,FLAT,575357876.5909109,575357876.5909109,0.0,1266.7
2024-05-10 14:15:00,FLAT,575357876.5909109,575357876.5909109,0.0,1269.5
2024-05-10 14:30:00,FLAT,575357876.5909109,575357876.5909109,0.0,1268.0
2024-05-13 09:00:00,FLAT,575357876.5909109,575357876.5909109,0.0,1273.0
2024-05-13 09:15:00,FLAT,575357876.5909109,575357876.5909109,0.0,1270.2
2024-05-13 09:30:00,FLAT,575357876.5909109,575357876.5909109,0.0,1272.3
2024-05-13 09:45:00,FLAT,575357876.5909109,575357876.5909109,0.0,1270.5
2024-05-13 10:00:00,FLAT,575357876.5909109,575357876.5909109,0.0,1270.1
2024-05-13 10:15:00,FLAT,575357876.5909109,575357876.5909109,0.0,1270.4
2024-05-13 10:30:00,FLAT,575357876.5909109,575357876.5909109,0.0,1267.9
2024-05-13 10:45:00,FLAT,575357876.5909109,575357876.5909109,0.0,1268.1
2024-05-13 11:00:00,FLAT,575357876.5909109,575357876.5909109,0.0,1267.8
2024-05-13 11:15:00,FLAT,575357876.5909109,575357876.5909109,0.0,1268.8
2024-05-13 11:30:00,FLAT,575357876.5909109,575357876.5909109,0.0,1268.9
2024-05-13 13:00:00,FLAT,575357876.5909109,575357876.5909109,0.0,1266.5
2024-05-13 13:15:00,FLAT,575357876.5909109,575357876.5909109,0.0,1269.8
2024-05-13 13:30:00,FLAT,575357876.5909109,575357876.5909109,0.0,1271.2
2024-05-13 13:45:00,FLAT,575357876.5909109,575357876.5909109,0.0,1271.3
2024-05-13 14:00:00,FLAT,575357876.5909109,575357876.5909109,0.0,1270.1
2024-05-13 14:15:00,FLAT,575357876.5909109,575357876.5909109,0.0,1265.6
2024-05-13 14:30:00,FLAT,575357876.5909109,575357876.5909109,0.0,1265.5
2024-05-14 09:00:00,FLAT,575357876.5909109,575357876.5909109,0.0,1275.7
2024-05-14 09:15:00,FLAT,575357876.5909109,575357876.5909109,0.0,1275.1
2024-05-14 09:30:00,FLAT,575357876.5909109,575357876.5909109,0.0,1275.1
2024-05-14 09:45:00,FLAT,575357876.5909109,575357876.5909109,0.0,1278.0
2024-05-14 10:00:00,LONG,573466131.5909109,575166131.5909109,-1700000.0000000454,1276.6
2024-05-14 10:15:00,FLAT,572202075.2272745,572202075.2272745,0.0,1276.3
2024-05-14 10:30:00,FLAT,572202075.2272745,572202075.2272745,0.0,1276.2
2024-05-14 10:45:00,FLAT,572202075.2272745,572202075.2272745,0.0,1273.3
2024-05-14 11:00:00,FLAT,572202075.2272745,572202075.2272745,0.0,1272.8
2024-05-14 11:15:00,FLAT,572202075.2272745,572202075.2272745,0.0,1273.3
2024-05-14 11:30:00,FLAT,572202075.2272745,572202075.2272745,0.0,1273.3
2024-05-14 13:00:00,FLAT,572202075.2272745,572202075.2272745,0.0,1273.6
2024-05-14 13:15:00,FLAT,572202075.2272745,572202075.2272745,0.0,1272.5
2024-05-14 13:30:00,FLAT,572202075.2272745,572202075.2272745,0.0,1273.8
2024-05-14 13:45:00,FLAT,572202075.2272745,572202075.2272745,0.0,1273.4
2024-05-14 14:00:00,FLAT,572202075.2272745,572202075.2272745,0.0,1272.6
2024-05-14 14:15:00,FLAT,572202075.2272745,572202075.2272745,0.0,1276.1
2024-05-14 14:30:00,FLAT,572202075.2272745,572202075.2272745,0.0,1276.8
2024-05-15 09:00:00,FLAT,572202075.2272745,572202075.2272745,0.0,1279.4
2024-05-15 09:15:00,FLAT,572202075.2272745,572202075.2272745,0.0,1278.1
2024-05-15 09:30:00,FLAT,572202075.2272745,572202075.2272745,0.0,1279.1
2024-05-15 09:45:00,FLAT,572202075.2272745,572202075.2272745,0.0,1280.0
2024-05-15 10:00:00,FLAT,572202075.2272745,572202075.2272745,0.0,1281.4
2024-05-15 10:15:00,FLAT,569922485.0000018,569922485.0000018,0.0,1280.5
2024-05-15 10:30:00,FLAT,569922485.0000018,569922485.0000018,0.0,1279.8
2024-05-15 10:45:00,FLAT,569922485.0000018,569922485.0000018,0.0,1282.3
2024-05-15 11:00:00,FLAT,569922485.0000018,569922485.0000018,0.0,1284.3
2024-05-15 11:15:00,FLAT,569922485.0000018,569922485.0000018,0.0,1284.5
2024-05-15 11:30:00,FLAT,569922485.0000018,569922485.0000018,0.0,1284.6
2024-05-15 13:00:00,FLAT,569922485.0000018,569922485.0000018,0.0,1287.4
2024-05-15 13:15:00,FLAT,569922485.0000018,569922485.0000018,0.0,1287.5
2024-05-15 13:30:00,FLAT,569922485.0000018,569922485.0000018,0.0,1290.9
2024-05-15 13:45:00,FLAT,569922485.0000018,569922485.0000018,0.0,1291.0
2024-05-15 14:00:00,FLAT,569922485.0000018,569922485.0000018,0.0,1287.7
2024-05-15 14:15:00,FLAT,569922485.0000018,569922485.0000018,0.0,1285.2
2024-05-15 14:30:00,FLAT,569922485.0000018,569922485.0000018,0.0,1286.7
2024-05-16 09:00:00,FLAT,569922485.0000018,569922485.0000018,0.0,1295.8
2024-05-16 09:15:00,FLAT,569922485.0000018,569922485.0000018,0.0,1294.9
2024-05-16 09:30:00,FLAT,569922485.0000018,569922485.0000018,0.0,1295.8
2024-05-16 09:45:00,FLAT,569922485.0000018,569922485.0000018,0.0,1299.6
2024-05-16 10:00:00,LONG,577527440.0000018,569727440.0000018,7799999.999999954,1308.1
2024-05-16 10:15:00,LONG,575327440.0000019,569727440.0000018,5600000.000000136,1305.9
2024-05-16 10:30:00,LONG,575527440.0000018,569727440.0000018,5799999.999999954,1306.1
2024-05-16 10:45:00,LONG,576927440.0000018,569727440.0000018,7200000.000000046,1307.5
2024-05-16 11:00:00,LONG,575527440.0000018,569727440.0000018,5799999.999999954,1306.1
2024-05-16 11:15:00,LONG,575727440.0000018,569727440.0000018,6000000.0,1306.3
2024-05-16 11:30:00,LONG,575827440.0000019,569727440.0000018,6100000.000000136,1306.4
2024-05-16 13:00:00,LONG,575927440.0000018,569727440.0000018,6200000.000000046,1306.5
2024-05-16 13:15:00,LONG,578827440.0000019,569727440.0000018,9100000.000000136,1309.4
2024-05-16 13:30:00,LONG,576027440.0000018,569727440.0000018,6299999.999999954,1306.6
2024-05-16 13:45:00,LONG,576227440.0000018,569727440.0000018,6500000.0,1306.8
2024-05-16 14:00:00,LONG,578127440.0000019,569727440.0000018,8400000.000000091,1308.7
2024-05-16 14:15:00,LONG,578927440.0000018,569727440.0000018,9200000.000000045,1309.5
2024-05-16 14:30:00,LONG,579027440.0000018,569727440.0000018,9299999.999999955,1309.6
2024-05-17 09:00:00,LONG,573627440.0000019,569727440.0000018,3900000.000000091,1304.2
2024-05-17 09:15:00,LONG,573127440.0000019,569727440.0000018,3400000.000000091,1303.7
2024-05-17 09:30:00,LONG,573427440.0000018,569727440.0000018,3700000.0000000456,1304.0
2024-05-17 09:45:00,LONG,574727440.0000018,569727440.0000018,5000000.0,1305.3
2024-05-17 10:00:00,LONG,572827440.0000019,569727440.0000018,3100000.0000001364,1303.4
2024-05-17 10:15:00,LONG,572527440.0000018,569727440.0000018,2799999.9999999544,1303.1
2024-05-17 10:30:00,LONG,573327440.0000019,569727440.0000018,3600000.0000001364,1303.9
2024-05-17 10:45:00,LONG,573127440.0000019,569727440.0000018,3400000.000000091,1303.7
2024-05-17 11:00:00,LONG,574427440.0000018,569727440.0000018,4700000.000000046,1305.0
2024-05-17 11:15:00,LONG,574427440.0000018,569727440.0000018,4700000.000000046,1305.0
2024-05-17 11:30:00,LONG,574627440.0000019,569727440.0000018,4900000.000000091,1305.2
2024-05-17 13:00:00,LONG,573827440.0000019,569727440.0000018,4100000.0000001364,1304.4
2024-05-17 13:15:00,LONG,572827440.0000019,569727440.0000018,3100000.0000001364,1303.4
2024-05-17 13:30:00,LONG,573827440.0000019,569727440.0000018,4100000.0000001364,1304.4
2024-05-17 13:45:00,LONG,572027440.0000018,569727440.0000018,2299999.9999999544,1302.6
2024-05-17 14:00:00,LONG,573727440.0000018,569727440.0000018,4000000.0,1304.3
2024-05-17 14:15:00,LONG,575727440.0000018,569727440.0000018,6000000.0,1306.3
2024-05-17 14:30:00,LONG,575427440.0000018,569727440.0000018,5700000.000000046,1306.0
2024-05-20 09:00:00,LONG,586427440.0000018,569727440.0000018,16700000.000000045,1317.0
2024-05-20 09:15:00,FLAT,587602411.3636382,587602411.3636382,0.0,1317.0
2024-05-20 09:30:00,FLAT,587602411.3636382,587602411.3636382,0.0,1317.6
2024-05-20 09:45:00,FLAT,587602411.3636382,587602411.3636382,0.0,1317.6
2024-05-20 10:00:00,FLAT,587602411.3636382,587602411.3636382,0.0,1316.6
2024-05-20 10:15:00,FLAT,587602411.3636382,587602411.3636382,0.0,1317.9
2024-05-20 10:30:00,FLAT,587602411.3636382,587602411.3636382,0.0,1317.3
2024-05-20 10:45:00,FLAT,587602411.3636382,587602411.3636382,0.0,1316.0
2024-05-20 11:00:00,FLAT,587602411.3636382,587602411.3636382,0.0,1315.0
2024-05-20 11:15:00,FLAT,587602411.3636382,587602411.3636382,0.0,1312.7
2024-05-20 11:30:00,FLAT,587602411.3636382,587602411.3636382,0.0,1312.6
2024-05-20 13:00:00,FLAT,587602411.3636382,587602411.3636382,0.0,1313.8
2024-05-20 13:15:00,FLAT,587602411.3636382,587602411.3636382,0.0,1314.0
2024-05-20 13:30:00,FLAT,587602411.3636382,587602411.3636382,0.0,1311.5
2024-05-20 13:45:00,FLAT,587602411.3636382,587602411.3636382,0.0,1314.0
2024-05-20 14:00:00,FLAT,587602411.3636382,587602411.3636382,0.0,1313.5
2024-05-20 14:15:00,FLAT,587602411.3636382,587602411.3636382,0.0,1313.4
2024-05-20 14:30:00,FLAT,587602411.3636382,587602411.3636382,0.0,1312.6
2024-05-21 09:00:00,FLAT,587602411.3636382,587602411.3636382,0.0,1308.3
2024-05-21 09:15:00,FLAT,587602411.3636382,587602411.3636382,0.0,1308.8
2024-05-21 09:30:00,FLAT,587602411.3636382,587602411.3636382,0.0,1308.2
2024-05-21 09:45:00,FLAT,587602411.3636382,587602411.3636382,0.0,1306.6
2024-05-21 10:00:00,FLAT,587602411.3636382,587602411.3636382,0.0,1307.0
2024-05-21 10:15:00,FLAT,587602411.3636382,587602411.3636382,0.0,1307.9
2024-05-21 10:30:00,FLAT,587602411.3636382,587602411.3636382,0.0,1307.0
2024-05-21 10:45:00,FLAT,587602411.3636382,587602411.3636382,0.0,1306.5
2024-05-21 11:00:00,FLAT,587602411.3636382,587602411.3636382,0.0,1306.4
2024-05-21 11:15:00,FLAT,587602411.3636382,587602411.3636382,0.0,1306.8
2024-05-21 11:30:00,FLAT,587602411.3636382,587602411.3636382,0.0,1307.0
2024-05-21 13:00:00,FLAT,587602411.3636382,587602411.3636382,0.0,1306.8
2024-05-21 13:15:00,FLAT,587602411.3636382,587602411.3636382,0.0,1304.6
2024-05-21 13:30:00,FLAT,587602411.3636382,587602411.3636382,0.0,1303.8
2024-05-21 13:45:00,FLAT,587602411.3636382,587602411.3636382,0.0,1303.1
2024-05-21 14:00:00,FLAT,587602411.3636382,587602411.3636382,0.0,1297.4
2024-05-21 14:15:00,FLAT,587602411.3636382,587602411.3636382,0.0,1305.6
2024-05-21 14:30:00,FLAT,587602411.3636382,587602411.3636382,0.0,1306.0
2024-05-22 09:00:00,FLAT,587602411.3636382,587602411.3636382,0.0,1310.0
2024-05-22 09:15:00,FLAT,587602411.3636382,587602411.3636382,0.0,1310.0
2024-05-22 09:30:00,FLAT,587602411.3636382,587602411.3636382,0.0,1307.3
2024-05-22 09:45:00,FLAT,587602411.3636382,587602411.3636382,0.0,1307.2
2024-05-22 10:00:00,FLAT,587602411.3636382,587602411.3636382,0.0,1307.0
2024-05-22 10:15:00,FLAT,587602411.3636382,587602411.3636382,0.0,1305.8
2024-05-22 10:30:00,FLAT,587602411.3636382,587602411.3636382,0.0,1305.2
2024-05-22 10:45:00,FLAT,587602411.3636382,587602411.3636382,0.0,1303.9
2024-05-22 11:00:00,FLAT,587602411.3636382,587602411.3636382,0.0,1298.4
2024-05-22 11:15:00,FLAT,587602411.3636382,587602411.3636382,0.0,1299.8
2024-05-22 11:30:00,FLAT,587602411.3636382,587602411.3636382,0.0,1299.5
2024-05-22 13:00:00,FLAT,587602411.3636382,587602411.3636382,0.0,1299.2
2024-05-22 13:15:00,FLAT,587602411.3636382,587602411.3636382,0.0,1298.2
2024-05-22 13:30:00,FLAT,587602411.3636382,587602411.3636382,0.0,1295.3
2024-05-22 13:45:00,FLAT,587602411.3636382,587602411.3636382,0.0,1294.7
2024-05-22 14:00:00,FLAT,587602411.3636382,587602411.3636382,0.0,1292.7
2024-05-22 14:15:00,FLAT,587602411.3636382,587602411.3636382,0.0,1292.2
2024-05-22 14:30:00,FLAT,587602411.3636382,587602411.3636382,0.0,1290.0
2024-05-23 09:00:00,FLAT,587602411.3636382,587602411.3636382,0.0,1287.5
2024-05-23 09:15:00,FLAT,587602411.3636382,587602411.3636382,0.0,1288.1
2024-05-23 09:30:00,FLAT,587602411.3636382,587602411.3636382,0.0,1290.3
2024-05-23 09:45:00,FLAT,587602411.3636382,587602411.3636382,0.0,1290.8
2024-05-23 10:00:00,FLAT,587602411.3636382,587602411.3636382,0.0,1290.0
2024-05-23 10:15:00,FLAT,587602411.3636382,587602411.3636382,0.0,1290.4
2024-05-23 10:30:00,FLAT,587602411.3636382,587602411.3636382,0.0,1290.2
2024-05-23 10:45:00,FLAT,587602411.3636382,587602411.3636382,0.0,1288.6
2024-05-23 11:00:00,FLAT,587602411.3636382,587602411.3636382,0.0,1285.3
2024-05-23 11:15:00,FLAT,587602411.3636382,587602411.3636382,0.0,1285.9
2024-05-23 11:30:00,FLAT,587602411.3636382,587602411.3636382,0.0,1286.3
2024-05-23 13:00:00,FLAT,587602411.3636382,587602411.3636382,0.0,1288.3
2024-05-23 13:15:00,FLAT,587602411.3636382,587602411.3636382,0.0,1288.0
2024-05-23 13:30:00,FLAT,587602411.3636382,587602411.3636382,0.0,1289.3
2024-05-23 13:45:00,FLAT,587602411.3636382,587602411.3636382,0.0,1292.8
2024-05-23 14:00:00,FLAT,584692042.5000015,584692042.5000015,0.0,1292.1
2024-05-23 14:15:00,FLAT,584692042.5000015,584692042.5000015,0.0,1294.9
2024-05-23 14:30:00,FLAT,584692042.5000015,584692042.5000015,0.0,1295.0
2024-05-24 09:00:00,FLAT,584692042.5000015,584692042.5000015,0.0,1292.0
2024-05-24 09:15:00,FLAT,584692042.5000015,584692042.5000015,0.0,1292.8
2024-05-24 09:30:00,FLAT,584692042.5000015,584692042.5000015,0.0,1292.7
2024-05-24 09:45:00,FLAT,584692042.5000015,584692042.5000015,0.0,1295.7
2024-05-24 10:00:00,FLAT,584692042.5000015,584692042.5000015,0.0,1296.6
2024-05-24 10:15:00,LONG,584197462.5000015,584497462.5000015,-299999.99999995454,1296.9
2024-05-24 10:30:00,LONG,590797462.5000015,584497462.5000015,6299999.999999954,1303.5
2024-05-24 10:45:00,LONG,586197462.5000015,584497462.5000015,1700000.0000000454,1298.9
2024-05-24 11:00:00,FLAT,581666914.3181833,581666914.3181833,0.0,1288.6
2024-05-24 11:15:00,FLAT,581666914.3181833,581666914.3181833,0.0,1286.6
2024-05-24 11:30:00,FLAT,581666914.3181833,581666914.3181833,0.0,1286.5
2024-05-24 13:00:00,FLAT,581666914.3181833,581666914.3181833,0.0,1288.0
2024-05-24 13:15:00,FLAT,581666914.3181833,581666914.3181833,0.0,1288.6
2024-05-24 13:30:00,FLAT,581666914.3181833,581666914.3181833,0.0,1282.3
2024-05-24 13:45:00,FLAT,581666914.3181833,581666914.3181833,0.0,1281.6
2024-05-24 14:00:00,FLAT,581666914.3181833,581666914.3181833,0.0,1276.0
2024-05-24 14:15:00,FLAT,581666914.3181833,581666914.3181833,0.0,1279.8
2024-05-24 14:30:00,FLAT,581666914.3181833,581666914.3181833,0.0,1275.0
2024-05-27 09:00:00,FLAT,581666914.3181833,581666914.3181833,0.0,1280.0
2024-05-27 09:15:00,FLAT,581666914.3181833,581666914.3181833,0.0,1277.8
2024-05-27 09:30:00,FLAT,581666914.3181833,581666914.3181833,0.0,1280.1
2024-05-27 09:45:00,FLAT,581666914.3181833,581666914.3181833,0.0,1280.7
2024-05-27 10:00:00,FLAT,581666914.3181833,581666914.3181833,0.0,1277.7
2024-05-27 10:15:00,FLAT,581666914.3181833,581666914.3181833,0.0,1277.7
2024-05-27 10:30:00,FLAT,581666914.3181833,581666914.3181833,0.0,1280.2
2024-05-27 10:45:00,FLAT,581666914.3181833,581666914.3181833,0.0,1277.7
2024-05-27 11:00:00,FLAT,581666914.3181833,581666914.3181833,0.0,1278.5
2024-05-27 11:15:00,FLAT,581666914.3181833,581666914.3181833,0.0,1278.0
2024-05-27 11:30:00,FLAT,581666914.3181833,581666914.3181833,0.0,1278.0
2024-05-27 13:00:00,FLAT,581666914.3181833,581666914.3181833,0.0,1280.3
2024-05-27 13:15:00,FLAT,581666914.3181833,581666914.3181833,0.0,1278.5
2024-05-27 13:30:00,FLAT,581666914.3181833,581666914.3181833,0.0,1278.2
2024-05-27 13:45:00,FLAT,581666914.3181833,581666914.3181833,0.0,1275.2
2024-05-27 14:00:00,FLAT,581666914.3181833,581666914.3181833,0.0,1278.1
2024-05-27 14:15:00,FLAT,581666914.3181833,581666914.3181833,0.0,1278.3
2024-05-27 14:30:00,FLAT,581666914.3181833,581666914.3181833,0.0,1278.4
2024-05-28 09:00:00,FLAT,581666914.3181833,581666914.3181833,0.0,1282.9
2024-05-28 09:15:00,FLAT,581666914.3181833,581666914.3181833,0.0,1282.5
2024-05-28 09:30:00,FLAT,581666914.3181833,581666914.3181833,0.0,1283.8
2024-05-28 09:45:00,FLAT,581666914.3181833,581666914.3181833,0.0,1283.6
2024-05-28 10:00:00,FLAT,581666914.3181833,581666914.3181833,0.0,1283.6
2024-05-28 10:15:00,FLAT,581666914.3181833,581666914.3181833,0.0,1282.3
2024-05-28 10:30:00,FLAT,581666914.3181833,581666914.3181833,0.0,1284.4
2024-05-28 10:45:00,FLAT,581666914.3181833,581666914.3181833,0.0,1284.0
2024-05-28 11:00:00,FLAT,581666914.3181833,581666914.3181833,0.0,1283.4
2024-05-28 11:15:00,FLAT,581666914.3181833,581666914.3181833,0.0,1284.1
2024-05-28 11:30:00,FLAT,581666914.3181833,581666914.3181833,0.0,1284.1
2024-05-28 13:00:00,FLAT,581666914.3181833,581666914.3181833,0.0,1285.1
2024-05-28 13:15:00,FLAT,581666914.3181833,581666914.3181833,0.0,1285.5
2024-05-28 13:30:00,FLAT,581666914.3181833,581666914.3181833,0.0,1282.7
2024-05-28 13:45:00,FLAT,581666914.3181833,581666914.3181833,0.0,1282.8
2024-05-28 14:00:00,FLAT,581666914.3181833,581666914.3181833,0.0,1286.9
2024-05-28 14:15:00,FLAT,581666914.3181833,581666914.3181833,0.0,1292.0
2024-05-28 14:30:00,LONG,580873144.3181834,581473144.3181833,-599999.9999999091,1291.2
2024-05-29 09:00:00,FLAT,579588718.8636378,579588718.8636378,0.0,1290.1
2024-05-29 09:15:00,FLAT,579588718.8636378,579588718.8636378,0.0,1289.6
2024-05-29 09:30:00,FLAT,579588718.8636378,579588718.8636378,0.0,1287.4
2024-05-29 09:45:00,FLAT,579588718.8636378,579588718.8636378,0.0,1286.1
2024-05-29 10:00:00,FLAT,579588718.8636378,579588718.8636378,0.0,1283.2
2024-05-29 10:15:00,FLAT,579588718.8636378,579588718.8636378,0.0,1284.6
2024-05-29 10:30:00,FLAT,579588718.8636378,579588718.8636378,0.0,1284.0
2024-05-29 10:45:00,FLAT,579588718.8636378,579588718.8636378,0.0,1282.8
2024-05-29 11:00:00,FLAT,579588718.8636378,579588718.8636378,0.0,1283.0
2024-05-29 11:15:00,FLAT,579588718.8636378,579588718.8636378,0.0,1284.2
2024-05-29 11:30:00,FLAT,579588718.8636378,579588718.8636378,0.0,1284.2
2024-05-29 13:00:00,FLAT,579588718.8636378,579588718.8636378,0.0,1284.6
2024-05-29 13:15:00,FLAT,579588718.8636378,579588718.8636378,0.0,1286.2
2024-05-29 13:30:00,FLAT,579588718.8636378,579588718.8636378,0.0,1288.3
2024-05-29 13:45:00,FLAT,579588718.8636378,579588718.8636378,0.0,1286.5
2024-05-29 14:00:00,FLAT,579588718.8636378,579588718.8636378,0.0,1284.4
2024-05-29 14:15:00,FLAT,579588718.8636378,579588718.8636378,0.0,1277.6
2024-05-29 14:30:00,FLAT,579588718.8636378,579588718.8636378,0.0,1278.0
2024-05-30 09:00:00,FLAT,579588718.8636378,579588718.8636378,0.0,1267.7
2024-05-30 09:15:00,FLAT,579588718.8636378,579588718.8636378,0.0,1269.0
2024-05-30 09:30:00,FLAT,579588718.8636378,579588718.8636378,0.0,1268.8
2024-05-30 09:45:00,FLAT,579588718.8636378,579588718.8636378,0.0,1268.5
2024-05-30 10:00:00,FLAT,579588718.8636378,579588718.8636378,0.0,1268.3
2024-05-30 10:15:00,FLAT,579588718.8636378,579588718.8636378,0.0,1268.0
2024-05-30 10:30:00,FLAT,579588718.8636378,579588718.8636378,0.0,1264.2
2024-05-30 10:45:00,FLAT,579588718.8636378,579588718.8636378,0.0,1264.2
2024-05-30 11:00:00,FLAT,579588718.8636378,579588718.8636378,0.0,1263.1
2024-05-30 11:15:00,FLAT,579588718.8636378,579588718.8636378,0.0,1260.5
2024-05-30 11:30:00,FLAT,579588718.8636378,579588718.8636378,0.0,1260.2
2024-05-30 13:00:00,FLAT,579588718.8636378,579588718.8636378,0.0,1261.9
2024-05-30 13:15:00,FLAT,579588718.8636378,579588718.8636378,0.0,1258.8
2024-05-30 13:30:00,FLAT,579588718.8636378,579588718.8636378,0.0,1259.3
2024-05-30 13:45:00,FLAT,579588718.8636378,579588718.8636378,0.0,1262.8
2024-05-30 14:00:00,FLAT,579588718.8636378,579588718.8636378,0.0,1264.7
2024-05-30 14:15:00,LONG,584198923.8636378,579398923.8636378,4799999.999999954,1270.1
2024-05-30 14:30:00,LONG,584998923.8636379,579398923.8636378,5600000.000000136,1270.9
2024-05-31 09:00:00,LONG,585098923.8636378,579398923.8636378,5700000.000000046,1271.0
2024-05-31 09:15:00,LONG,585198923.8636378,579398923.8636378,5799999.999999954,1271.1
2024-05-31 09:30:00,LONG,584298923.8636379,579398923.8636378,4900000.000000091,1270.2
2024-05-31 09:45:00,LONG,584098923.8636378,579398923.8636378,4700000.000000046,1270.0
2024-05-31 10:00:00,LONG,586798923.8636379,579398923.8636378,7400000.000000091,1272.7
2024-05-31 10:15:00,LONG,588698923.8636378,579398923.8636378,9299999.999999955,1274.6
2024-05-31 10:30:00,LONG,587798923.8636379,579398923.8636378,8400000.000000091,1273.7
2024-05-31 10:45:00,LONG,586898923.8636378,579398923.8636378,7500000.0,1272.8
2024-05-31 11:00:00,LONG,585898923.8636378,579398923.8636378,6500000.0,1271.8
2024-05-31 11:15:00,LONG,585898923.8636378,579398923.8636378,6500000.0,1271.8
2024-05-31 11:30:00,LONG,585898923.8636378,579398923.8636378,6500000.0,1271.8
2024-05-31 13:00:00,LONG,584598923.8636378,579398923.8636378,5200000.000000046,1270.5
2024-05-31 13:15:00,LONG,585798923.8636379,579398923.8636378,6400000.000000091,1271.7
2024-05-31 13:30:00,LONG,585998923.8636379,579398923.8636378,6600000.000000136,1271.9
2024-05-31 13:45:00,LONG,585998923.8636379,579398923.8636378,6600000.000000136,1271.9
2024-05-31 14:00:00,LONG,582198923.8636378,579398923.8636378,2799999.9999999544,1268.1
2024-05-31 14:15:00,LONG,582398923.8636378,579398923.8636378,3000000.0,1268.3
2024-05-31 14:30:00,LONG,584098923.8636378,579398923.8636378,4700000.000000046,1270.0
2024-06-03 09:00:00,LONG,595598923.8636378,579398923.8636378,16200000.000000045,1281.5
2024-06-03 09:15:00,LONG,596898923.8636378,579398923.8636378,17500000.0,1282.8
2024-06-03 09:30:00,FLAT,596788309.7727289,596788309.7727289,0.0,1282.5
2024-06-03 09:45:00,FLAT,596788309.7727289,596788309.7727289,0.0,1283.6
2024-06-03 10:00:00,FLAT,596788309.7727289,596788309.7727289,0.0,1289.5
2024-06-03 10:15:00,LONG,596394764.7727289,596594764.7727289,-200000.00000004546,1290.1
2024-06-03 10:30:00,LONG,597794764.7727289,596594764.7727289,1200000.0000000454,1291.5
2024-06-03 10:45:00,LONG,597594764.7727289,596594764.7727289,1000000.0,1291.3
2024-06-03 11:00:00,LONG,597894764.7727289,596594764.7727289,1299999.9999999546,1291.6
2024-06-03 11:15:00,LONG,601294764.7727289,596594764.7727289,4700000.000000046,1295.0
2024-06-03 11:30:00,LONG,601294764.7727289,596594764.7727289,4700000.000000046,1295.0
2024-06-03 13:00:00,LONG,601794764.7727289,596594764.7727289,5200000.000000046,1295.5
2024-06-03 13:15:00,LONG,603094764.7727289,596594764.7727289,6500000.0,1296.8
2024-06-03 13:30:00,LONG,601794764.7727289,596594764.7727289,5200000.000000046,1295.5
2024-06-03 13:45:00,LONG,602994764.772729,596594764.7727289,6400000.000000091,1296.7
2024-06-03 14:00:00,LONG,602694764.772729,596594764.7727289,6100000.000000136,1296.4
2024-06-03 14:15:00,LONG,599994764.772729,596594764.7727289,3400000.000000091,1293.7
2024-06-03 14:30:00,LONG,597294764.7727289,596594764.7727289,700000.0000000455,1291.0
2024-06-04 09:00:00,LONG,601194764.772729,596594764.7727289,4600000.000000136,1294.9
2024-06-04 09:15:00,LONG,600494764.772729,596594764.7727289,3900000.000000091,1294.2
2024-06-04 09:30:00,LONG,603894764.7727289,596594764.7727289,7299999.999999954,1297.6
2024-06-04 09:45:00,LONG,606794764.7727289,596594764.7727289,10200000.000000045,1300.5
2024-06-04 10:00:00,LONG,605594764.7727289,596594764.7727289,9000000.0,1299.3
2024-06-04 10:15:00,LONG,605294764.7727289,596594764.7727289,8700000.000000045,1299.0
2024-06-04 10:30:00,LONG,602794764.7727289,596594764.7727289,6200000.000000046,1296.5
2024-06-04 10:45:00,LONG,603694764.772729,596594764.7727289,7100000.000000136,1297.4
2024-06-04 11:00:00,LONG,604494764.772729,596594764.7727289,7900000.000000091,1298.2
2024-06-04 11:15:00,LONG,604994764.772729,596594764.7727289,8400000.000000091,1298.7
2024-06-04 11:30:00,LONG,604994764.772729,596594764.7727289,8400000.000000091,1298.7
2024-06-04 13:00:00,LONG,606094764.7727289,596594764.7727289,9500000.0,1299.8
2024-06-04 13:15:00,LONG,602994764.772729,596594764.7727289,6400000.000000091,1296.7
2024-06-04 13:30:00,LONG,603394764.7727289,596594764.7727289,6799999.999999954,1297.1
2024-06-04 13:45:00,LONG,599694764.772729,596594764.7727289,3100000.0000001364,1293.4
2024-06-04 14:00:00,LONG,600494764.772729,596594764.7727289,3900000.000000091,1294.2
2024-06-04 14:15:00,LONG,599594764.7727289,596594764.7727289,3000000.0,1293.3
2024-06-04 14:30:00,LONG,599294764.7727289,596594764.7727289,2700000.0000000456,1293.0
2024-06-05 09:00:00,LONG,610694764.772729,596594764.7727289,14100000.000000136,1304.4
2024-06-05 09:15:00,LONG,612394764.7727289,596594764.7727289,15799999.999999955,1306.1
2024-06-05 09:30:00,LONG,613994764.772729,596594764.7727289,17400000.00000009,1307.7
2024-06-05 09:45:00,LONG,613194764.772729,596594764.7727289,16600000.000000136,1306.9
2024-06-05 10:00:00,LONG,613394764.7727289,596594764.7727289,16799999.999999955,1307.1
2024-06-05 10:15:00,LONG,612994764.772729,596594764.7727289,16400000.000000091,1306.7
2024-06-05 10:30:00,LONG,612194764.772729,596594764.7727289,15600000.000000136,1305.9
2024-06-05 10:45:00,LONG,610494764.772729,596594764.7727289,13900000.000000091,1304.2
2024-06-05 11:00:00,LONG,609394764.7727289,596594764.7727289,12799999.999999955,1303.1
2024-06-05 11:15:00,LONG,610694764.772729,596594764.7727289,14100000.000000136,1304.4
2024-06-05 11:30:00,LONG,610394764.7727289,596594764.7727289,13799999.999999955,1304.1
2024-06-05 13:00:00,LONG,610894764.7727289,596594764.7727289,14299999.999999955,1304.6
2024-06-05 13:15:00,LONG,610094764.7727289,596594764.7727289,13500000.0,1303.8
2024-06-05 13:30:00,LONG,608694764.772729,596594764.7727289,12100000.000000136,1302.4
2024-06-05 13:45:00,LONG,611694764.772729,596594764.7727289,15100000.000000136,1305.4
2024-06-05 14:00:00,LONG,608794764.7727289,596594764.7727289,12200000.000000045,1302.5
2024-06-05 14:15:00,LONG,604094764.7727289,596594764.7727289,7500000.0,1297.8
2024-06-05 14:30:00,LONG,602294764.7727289,596594764.7727289,5700000.000000046,1296.0
2024-06-06 09:00:00,LONG,606994764.772729,596594764.7727289,10400000.000000091,1300.7
2024-06-06 09:15:00,LONG,608094764.7727289,596594764.7727289,11500000.0,1301.8
2024-06-06 09:30:00,LONG,607394764.7727289,596594764.7727289,10799999.999999955,1301.1
2024-06-06 09:45:00,LONG,607794764.7727289,596594764.7727289,11200000.000000045,1301.5
2024-06-06 10:00:00,LONG,606894764.7727289,596594764.7727289,10299999.999999955,1300.6
2024-06-06 10:15:00,LONG,605894764.7727289,596594764.7727289,9299999.999999955,1299.6
2024-06-06 10:30:00,LONG,605294764.7727289,596594764.7727289,8700000.000000045,1299.0
2024-06-06 10:45:00,LONG,606694764.772729,596594764.7727289,10100000.000000136,1300.4
2024-06-06 11:00:00,LONG,607294764.7727289,596594764.7727289,10700000.000000045,1301.0
2024-06-06 11:15:00,LONG,608194764.772729,596594764.7727289,11600000.000000136,1301.9
2024-06-06 11:30:00,LONG,608094764.7727289,596594764.7727289,11500000.0,1301.8
2024-06-06 13:00:00,LONG,607794764.7727289,596594764.7727289,11200000.000000045,1301.5
2024-06-06 13:15:00,LONG,611094764.7727289,596594764.7727289,14500000.0,1304.8
2024-06-06 13:30:00,LONG,610794764.7727289,596594764.7727289,14200000.000000045,1304.5
2024-06-06 13:45:00,LONG,605594764.7727289,596594764.7727289,9000000.0,1299.3
2024-06-06 14:00:00,LONG,607694764.772729,596594764.7727289,11100000.000000136,1301.4
2024-06-06 14:15:00,LONG,601194764.772729,596594764.7727289,4600000.000000136,1294.9
2024-06-06 14:30:00,LONG,601194764.772729,596594764.7727289,4600000.000000136,1294.9
2024-06-07 09:00:00,LONG,612894764.7727289,596594764.7727289,16299999.999999955,1306.6
2024-06-07 09:15:00,LONG,612994764.772729,596594764.7727289,16400000.000000091,1306.7
2024-06-07 09:30:00,LONG,610094764.7727289,596594764.7727289,13500000.0,1303.8
2024-06-07 09:45:00,LONG,609994764.772729,596594764.7727289,13400000.000000091,1303.7
2024-06-07 10:00:00,LONG,608294764.7727289,596594764.7727289,11700000.000000045,1302.0
2024-06-07 10:15:00,LONG,608394764.7727289,596594764.7727289,11799999.999999955,1302.1
2024-06-07 10:30:00,LONG,609194764.772729,596594764.7727289,12600000.000000136,1302.9
2024-06-07 10:45:00,LONG,609394764.7727289,596594764.7727289,12799999.999999955,1303.1
2024-06-07 11:00:00,LONG,609894764.7727289,596594764.7727289,13299999.999999955,1303.6
2024-06-07 11:15:00,LONG,609794764.7727289,596594764.7727289,13200000.000000045,1303.5
2024-06-07 11:30:00,LONG,610294764.7727289,596594764.7727289,13700000.000000045,1304.0
2024-06-07 13:00:00,LONG,607894764.7727289,596594764.7727289,11299999.999999955,1301.6
2024-06-07 13:15:00,LONG,609794764.7727289,596594764.7727289,13200000.000000045,1303.5
2024-06-07 13:30:00,LONG,607794764.7727289,596594764.7727289,11200000.000000045,1301.5
2024-06-07 13:45:00,LONG,609594764.7727289,596594764.7727289,13000000.0,1303.3
2024-06-07 14:00:00,LONG,605994764.772729,596594764.7727289,9400000.000000091,1299.7
2024-06-07 14:15:00,LONG,615694764.772729,596594764.7727289,19100000.000000138,1309.4
2024-06-07 14:30:00,LONG,614994764.772729,596594764.7727289,18400000.00000009,1308.7
2024-06-10 09:00:00,FLAT,619097814.7727289,619097814.7727289,0.0,1310.8
2024-06-10 09:15:00,FLAT,619097814.7727289,619097814.7727289,0.0,1311.9
2024-06-10 09:30:00,FLAT,619097814.7727289,619097814.7727289,0.0,1311.4
2024-06-10 09:45:00,FLAT,619097814.7727289,619097814.7727289,0.0,1311.0
2024-06-10 10:00:00,FLAT,619097814.7727289,619097814.7727289,0.0,1310.2
2024-06-10 10:15:00,FLAT,619097814.7727289,619097814.7727289,0.0,1311.2
2024-06-10 10:30:00,FLAT,619097814.7727289,619097814.7727289,0.0,1310.9
2024-06-10 10:45:00,FLAT,619097814.7727289,619097814.7727289,0.0,1311.9
2024-06-10 11:00:00,FLAT,619097814.7727289,619097814.7727289,0.0,1311.6
2024-06-10 11:15:00,FLAT,619097814.7727289,619097814.7727289,0.0,1309.4
2024-06-10 11:30:00,FLAT,619097814.7727289,619097814.7727289,0.0,1309.4
2024-06-10 13:00:00,FLAT,619097814.7727289,619097814.7727289,0.0,1309.5
2024-06-10 13:15:00,FLAT,619097814.7727289,619097814.7727289,0.0,1309.8
2024-06-10 13:30:00,FLAT,619097814.7727289,619097814.7727289,0.0,1307.8
2024-06-10 13:45:00,FLAT,619097814.7727289,619097814.7727289,0.0,1309.0
2024-06-10 14:00:00,FLAT,619097814.7727289,619097814.7727289,0.0,1306.6
2024-06-10 14:15:00,FLAT,619097814.7727289,619097814.7727289,0.0,1309.2
2024-06-10 14:30:00,FLAT,619097814.7727289,619097814.7727289,0.0,1308.8
2024-06-11 09:00:00,FLAT,619097814.7727289,619097814.7727289,0.0,1313.4
2024-06-11 09:15:00,FLAT,619097814.7727289,619097814.7727289,0.0,1311.8
2024-06-11 09:30:00,FLAT,619097814.7727289,619097814.7727289,0.0,1311.0
2024-06-11 09:45:00,FLAT,619097814.7727289,619097814.7727289,0.0,1309.9
2024-06-11 10:00:00,FLAT,619097814.7727289,619097814.7727289,0.0,1310.2
2024-06-11 10:15:00,FLAT,619097814.7727289,619097814.7727289,0.0,1309.0
2024-06-11 10:30:00,FLAT,619097814.7727289,619097814.7727289,0.0,1306.0
2024-06-11 10:45:00,FLAT,619097814.7727289,619097814.7727289,0.0,1305.0
2024-06-11 11:00:00,FLAT,619097814.7727289,619097814.7727289,0.0,1305.9
2024-06-11 11:15:00,FLAT,619097814.7727289,619097814.7727289,0.0,1305.2
2024-06-11 11:30:00,FLAT,619097814.7727289,619097814.7727289,0.0,1305.7
2024-06-11 13:00:00,FLAT,619097814.7727289,619097814.7727289,0.0,1305.2
2024-06-11 13:15:00,FLAT,619097814.7727289,619097814.7727289,0.0,1302.4
2024-06-11 13:30:00,FLAT,619097814.7727289,619097814.7727289,0.0,1302.7
2024-06-11 13:45:00,FLAT,619097814.7727289,619097814.7727289,0.0,1302.4
2024-06-11 14:00:00,FLAT,619097814.7727289,619097814.7727289,0.0,1302.7
2024-06-11 14:15:00,FLAT,619097814.7727289,619097814.7727289,0.0,1308.2
2024-06-11 14:30:00,FLAT,616801095.0000015,616801095.0000015,0.0,1306.2
2024-06-12 09:00:00,FLAT,616801095.0000015,616801095.0000015,0.0,1303.0
2024-06-12 09:15:00,FLAT,616801095.0000015,616801095.0000015,0.0,1302.8
2024-06-12 09:30:00,FLAT,616801095.0000015,616801095.0000015,0.0,1305.9
2024-06-12 09:45:00,FLAT,616801095.0000015,616801095.0000015,0.0,1305.1
2024-06-12 10:00:00,FLAT,616801095.0000015,616801095.0000015,0.0,1305.0
2024-06-12 10:15:00,FLAT,616801095.0000015,616801095.0000015,0.0,1306.0
2024-06-12 10:30:00,FLAT,616801095.0000015,616801095.0000015,0.0,1304.7
2024-06-12 10:45:00,FLAT,616801095.0000015,616801095.0000015,0.0,1304.5
2024-06-12 11:00:00,FLAT,616801095.0000015,616801095.0000015,0.0,1307.1
2024-06-12 11:15:00,LONG,615704925.0000017,616604925.0000015,-899999.9999998636,1306.9
2024-06-12 11:30:00,LONG,615604925.0000015,616604925.0000015,-1000000.0,1306.8
2024-06-12 13:00:00,LONG,618104925.0000015,616604925.0000015,1500000.0,1309.3
2024-06-12 13:15:00,LONG,618804925.0000015,616604925.0000015,2200000.0000000456,1310.0
2024-06-12 13:30:00,LONG,620604925.0000015,616604925.0000015,4000000.0,1311.8
2024-06-12 13:45:00,LONG,622604925.0000015,616604925.0000015,6000000.0,1313.8
2024-06-12 14:00:00,LONG,626204925.0000017,616604925.0000015,9600000.000000136,1317.4
2024-06-12 14:15:00,FLAT,629843103.1818198,629843103.1818198,0.0,1328.4
2024-06-12 14:30:00,FLAT,629843103.1818198,629843103.1818198,0.0,1327.4
2024-06-13 09:00:00,FLAT,629843103.1818198,629843103.1818198,0.0,1331.1
2024-06-13 09:15:00,FLAT,629843103.1818198,629843103.1818198,0.0,1330.3
2024-06-13 09:30:00,FLAT,629843103.1818198,629843103.1818198,0.0,1329.2
2024-06-13 09:45:00,FLAT,629843103.1818198,629843103.1818198,0.0,1325.6
2024-06-13 10:00:00,FLAT,629843103.1818198,629843103.1818198,0.0,1326.9
2024-06-13 10:15:00,FLAT,629843103.1818198,629843103.1818198,0.0,1327.8
2024-06-13 10:30:00,FLAT,629843103.1818198,629843103.1818198,0.0,1326.2
2024-06-13 10:45:00,FLAT,629843103.1818198,629843103.1818198,0.0,1326.7
2024-06-13 11:00:00,FLAT,629843103.1818198,629843103.1818198,0.0,1329.9
2024-06-13 11:15:00,FLAT,629843103.1818198,629843103.1818198,0.0,1329.2
2024-06-13 11:30:00,FLAT,629843103.1818198,629843103.1818198,0.0,1329.0
2024-06-13 13:00:00,FLAT,629843103.1818198,629843103.1818198,0.0,1327.8
2024-06-13 13:15:00,FLAT,629843103.1818198,629843103.1818198,0.0,1328.2
2024-06-13 13:30:00,FLAT,629843103.1818198,629843103.1818198,0.0,1331.3
2024-06-13 13:45:00,FLAT,629843103.1818198,629843103.1818198,0.0,1332.4
2024-06-13 14:00:00,FLAT,629843103.1818198,629843103.1818198,0.0,1333.9
2024-06-13 14:15:00,FLAT,629843103.1818198,629843103.1818198,0.0,1337.4
2024-06-13 14:30:00,LONG,630142478.1818198,629642478.1818198,500000.0,1338.0
2024-06-14 09:00:00,FLAT,625542438.1818197,625542438.1818197,0.0,1332.2
2024-06-14 09:15:00,FLAT,625542438.1818197,625542438.1818197,0.0,1330.6
2024-06-14 09:30:00,FLAT,625542438.1818197,625542438.1818197,0.0,1331.7
2024-06-14 09:45:00,FLAT,625542438.1818197,625542438.1818197,0.0,1334.2
2024-06-14 10:00:00,FLAT,625542438.1818197,625542438.1818197,0.0,1334.7
2024-06-14 10:15:00,FLAT,625542438.1818197,625542438.1818197,0.0,1333.3
2024-06-14 10:30:00,FLAT,625542438.1818197,625542438.1818197,0.0,1333.0
2024-06-14 10:45:00,FLAT,625542438.1818197,625542438.1818197,0.0,1331.9
2024-06-14 11:00:00,FLAT,625542438.1818197,625542438.1818197,0.0,1332.0
2024-06-14 11:15:00,FLAT,625542438.1818197,625542438.1818197,0.0,1332.8
2024-06-14 11:30:00,FLAT,625542438.1818197,625542438.1818197,0.0,1332.7
2024-06-14 13:00:00,FLAT,625542438.1818197,625542438.1818197,0.0,1333.1
2024-06-14 13:15:00,FLAT,625542438.1818197,625542438.1818197,0.0,1334.6
2024-06-14 13:30:00,FLAT,625542438.1818197,625542438.1818197,0.0,1333.1
2024-06-14 13:45:00,FLAT,625542438.1818197,625542438.1818197,0.0,1329.7
2024-06-14 14:00:00,FLAT,625542438.1818197,625542438.1818197,0.0,1332.4
2024-06-14 14:15:00,FLAT,625542438.1818197,625542438.1818197,0.0,1327.1
2024-06-14 14:30:00,FLAT,625542438.1818197,625542438.1818197,0.0,1327.5
2024-06-17 09:00:00,FLAT,625542438.1818197,625542438.1818197,0.0,1313.8
2024-06-17 09:15:00,FLAT,625542438.1818197,625542438.1818197,0.0,1312.3
2024-06-17 09:30:00,FLAT,625542438.1818197,625542438.1818197,0.0,1312.6
2024-06-17 09:45:00,FLAT,625542438.1818197,625542438.1818197,0.0,1308.8
2024-06-17 10:00:00,FLAT,625542438.1818197,625542438.1818197,0.0,1311.8
2024-06-17 10:15:00,FLAT,625542438.1818197,625542438.1818197,0.0,1312.6
2024-06-17 10:30:00,FLAT,625542438.1818197,625542438.1818197,0.0,1312.5
2024-06-17 10:45:00,FLAT,625542438.1818197,625542438.1818197,0.0,1311.5
2024-06-17 11:00:00,FLAT,625542438.1818197,625542438.1818197,0.0,1311.5
2024-06-17 11:15:00,FLAT,625542438.1818197,625542438.1818197,0.0,1310.5
2024-06-17 11:30:00,FLAT,625542438.1818197,625542438.1818197,0.0,1310.5
2024-06-17 13:00:00,FLAT,625542438.1818197,625542438.1818197,0.0,1311.4
2024-06-17 13:15:00,FLAT,625542438.1818197,625542438.1818197,0.0,1312.0
2024-06-17 13:30:00,FLAT,625542438.1818197,625542438.1818197,0.0,1310.1
2024-06-17 13:45:00,FLAT,625542438.1818197,625542438.1818197,0.0,1310.1
2024-06-17 14:00:00,FLAT,625542438.1818197,625542438.1818197,0.0,1311.3
2024-06-17 14:15:00,FLAT,625542438.1818197,625542438.1818197,0.0,1309.9
2024-06-17 14:30:00,FLAT,625542438.1818197,625542438.1818197,0.0,1310.0
2024-06-18 09:00:00,FLAT,625542438.1818197,625542438.1818197,0.0,1312.6
2024-06-18 09:15:00,FLAT,625542438.1818197,625542438.1818197,0.0,1312.7
2024-06-18 09:30:00,FLAT,625542438.1818197,625542438.1818197,0.0,1311.5
2024-06-18 09:45:00,FLAT,625542438.1818197,625542438.1818197,0.0,1312.0
2024-06-18 10:00:00,FLAT,625542438.1818197,625542438.1818197,0.0,1312.2
2024-06-18 10:15:00,FLAT,625542438.1818197,625542438.1818197,0.0,1312.9
2024-06-18 10:30:00,FLAT,625542438.1818197,625542438.1818197,0.0,1316.1
2024-06-18 10:45:00,LONG,624144918.1818197,625344918.1818197,-1200000.0000000454,1315.6
2024-06-18 11:00:00,LONG,624044918.1818197,625344918.1818197,-1299999.9999999546,1315.5
2024-06-18 11:15:00,FLAT,622597780.6818197,622597780.6818197,0.0,1316.1
2024-06-18 11:30:00,FLAT,622597780.6818197,622597780.6818197,0.0,1316.1
2024-06-18 13:00:00,FLAT,622597780.6818197,622597780.6818197,0.0,1318.0
2024-06-18 13:15:00,FLAT,622597780.6818197,622597780.6818197,0.0,1317.2
2024-06-18 13:30:00,FLAT,622597780.6818197,622597780.6818197,0.0,1316.3
2024-06-18 13:45:00,FLAT,622597780.6818197,622597780.6818197,0.0,1321.3
2024-06-18 14:00:00,FLAT,619978816.8181833,619978816.8181833,0.0,1316.3
2024-06-18 14:15:00,FLAT,619978816.8181833,619978816.8181833,0.0,1310.3
2024-06-18 14:30:00,FLAT,619978816.8181833,619978816.8181833,0.0,1309.0
2024-06-19 09:00:00,FLAT,619978816.8181833,619978816.8181833,0.0,1311.6
2024-06-19 09:15:00,FLAT,619978816.8181833,619978816.8181833,0.0,1310.7
2024-06-19 09:30:00,FLAT,619978816.8181833,619978816.8181833,0.0,1309.3
2024-06-19 09:45:00,FLAT,619978816.8181833,619978816.8181833,0.0,1306.6
2024-06-19 10:00:00,FLAT,619978816.8181833,619978816.8181833,0.0,1301.1
2024-06-19 10:15:00,FLAT,619978816.8181833,619978816.8181833,0.0,1302.5
2024-06-19 10:30:00,FLAT,619978816.8181833,619978816.8181833,0.0,1302.6
2024-06-19 10:45:00,FLAT,619978816.8181833,619978816.8181833,0.0,1302.4
2024-06-19 11:00:00,FLAT,619978816.8181833,619978816.8181833,0.0,1300.9
2024-06-19 11:15:00,FLAT,619978816.8181833,619978816.8181833,0.0,1301.7
2024-06-19 11:30:00,FLAT,619978816.8181833,619978816.8181833,0.0,1301.6
2024-06-19 13:00:00,FLAT,619978816.8181833,619978816.8181833,0.0,1303.2
2024-06-19 13:15:00,FLAT,619978816.8181833,619978816.8181833,0.0,1305.0
2024-06-19 13:30:00,FLAT,619978816.8181833,619978816.8181833,0.0,1306.5
2024-06-19 13:45:00,FLAT,619978816.8181833,619978816.8181833,0.0,1309.4
2024-06-19 14:00:00,LONG,631282346.8181833,619782346.8181833,11500000.0,1321.3
2024-06-19 14:15:00,FLAT,632638464.0909108,632638464.0909108,0.0,1314.9
2024-06-19 14:30:00,FLAT,632638464.0909108,632638464.0909108,0.0,1316.1
2024-06-20 09:00:00,FLAT,632638464.0909108,632638464.0909108,0.0,1318.5
2024-06-20 09:15:00,FLAT,632638464.0909108,632638464.0909108,0.0,1321.5
2024-06-20 09:30:00,FLAT,632638464.0909108,632638464.0909108,0.0,1323.3
2024-06-20 09:45:00,FLAT,632638464.0909108,632638464.0909108,0.0,1326.6
2024-06-20 10:00:00,FLAT,632638464.0909108,632638464.0909108,0.0,1325.5
2024-06-20 10:15:00,FLAT,632638464.0909108,632638464.0909108,0.0,1322.5
2024-06-20 10:30:00,FLAT,632638464.0909108,632638464.0909108,0.0,1323.3
2024-06-20 10:45:00,FLAT,632638464.0909108,632638464.0909108,0.0,1321.8
2024-06-20 11:00:00,FLAT,632638464.0909108,632638464.0909108,0.0,1321.2
2024-06-20 11:15:00,FLAT,632638464.0909108,632638464.0909108,0.0,1321.2
2024-06-20 11:30:00,FLAT,632638464.0909108,632638464.0909108,0.0,1321.2
2024-06-20 13:00:00,FLAT,632638464.0909108,632638464.0909108,0.0,1320.5
2024-06-20 13:15:00,FLAT,632638464.0909108,632638464.0909108,0.0,1321.0
2024-06-20 13:30:00,FLAT,632638464.0909108,632638464.0909108,0.0,1321.0
2024-06-20 13:45:00,FLAT,632638464.0909108,632638464.0909108,0.0,1319.4
2024-06-20 14:00:00,FLAT,632638464.0909108,632638464.0909108,0.0,1320.5
2024-06-20 14:15:00,FLAT,632638464.0909108,632638464.0909108,0.0,1323.7
2024-06-20 14:30:00,FLAT,632638464.0909108,632638464.0909108,0.0,1324.2
2024-06-21 09:00:00,FLAT,632638464.0909108,632638464.0909108,0.0,1319.5
2024-06-21 09:15:00,FLAT,632638464.0909108,632638464.0909108,0.0,1314.8
2024-06-21 09:30:00,FLAT,632638464.0909108,632638464.0909108,0.0,1315.9
2024-06-21 09:45:00,FLAT,632638464.0909108,632638464.0909108,0.0,1315.9
2024-06-21 10:00:00,FLAT,632638464.0909108,632638464.0909108,0.0,1318.3
2024-06-21 10:15:00,FLAT,632638464.0909108,632638464.0909108,0.0,1317.2
2024-06-21 10:30:00,FLAT,632638464.0909108,632638464.0909108,0.0,1317.3
2024-06-21 10:45:00,FLAT,632638464.0909108,632638464.0909108,0.0,1318.9
2024-06-21 11:00:00,FLAT,632638464.0909108,632638464.0909108,0.0,1320.5
2024-06-21 11:15:00,FLAT,632638464.0909108,632638464.0909108,0.0,1319.2
2024-06-21 11:30:00,FLAT,632638464.0909108,632638464.0909108,0.0,1319.4
2024-06-21 13:00:00,FLAT,632638464.0909108,632638464.0909108,0.0,1319.1
2024-06-21 13:15:00,FLAT,632638464.0909108,632638464.0909108,0.0,1317.2
2024-06-21 13:30:00,FLAT,632638464.0909108,632638464.0909108,0.0,1318.8
2024-06-21 13:45:00,FLAT,632638464.0909108,632638464.0909108,0.0,1316.8
2024-06-21 14:00:00,FLAT,632638464.0909108,632638464.0909108,0.0,1319.1
2024-06-21 14:15:00,FLAT,632638464.0909108,632638464.0909108,0.0,1317.8
2024-06-21 14:30:00,FLAT,632638464.0909108,632638464.0909108,0.0,1319.5
2024-06-24 09:00:00,FLAT,632638464.0909108,632638464.0909108,0.0,1314.2
2024-06-24 09:15:00,FLAT,632638464.0909108,632638464.0909108,0.0,1314.3
2024-06-24 09:30:00,FLAT,632638464.0909108,632638464.0909108,0.0,1315.2
2024-06-24 09:45:00,FLAT,632638464.0909108,632638464.0909108,0.0,1313.5
2024-06-24 10:00:00,FLAT,632638464.0909108,632638464.0909108,0.0,1307.5
2024-06-24 10:15:00,FLAT,632638464.0909108,632638464.0909108,0.0,1301.8
2024-06-24 10:30:00,FLAT,632638464.0909108,632638464.0909108,0.0,1299.5
2024-06-24 10:45:00,FLAT,632638464.0909108,632638464.0909108,0.0,1297.9
2024-06-24 11:00:00,FLAT,632638464.0909108,632638464.0909108,0.0,1297.1
2024-06-24 11:15:00,FLAT,632638464.0909108,632638464.0909108,0.0,1297.0
2024-06-24 11:30:00,FLAT,632638464.0909108,632638464.0909108,0.0,1296.8
2024-06-24 13:00:00,FLAT,632638464.0909108,632638464.0909108,0.0,1297.2
2024-06-24 13:15:00,FLAT,632638464.0909108,632638464.0909108,0.0,1294.4
2024-06-24 13:30:00,FLAT,632638464.0909108,632638464.0909108,0.0,1295.4
2024-06-24 13:45:00,FLAT,632638464.0909108,632638464.0909108,0.0,1296.9
2024-06-24 14:00:00,FLAT,632638464.0909108,632638464.0909108,0.0,1291.9
2024-06-24 14:15:00,FLAT,632638464.0909108,632638464.0909108,0.0,1287.1
2024-06-24 14:30:00,FLAT,632638464.0909108,632638464.0909108,0.0,1286.7
2024-06-25 09:00:00,FLAT,632638464.0909108,632638464.0909108,0.0,1290.7
2024-06-25 09:15:00,FLAT,632638464.0909108,632638464.0909108,0.0,1288.5
2024-06-25 09:30:00,FLAT,632638464.0909108,632638464.0909108,0.0,1291.2
2024-06-25 09:45:00,FLAT,632638464.0909108,632638464.0909108,0.0,1291.0
2024-06-25 10:00:00,FLAT,632638464.0909108,632638464.0909108,0.0,1289.3
2024-06-25 10:15:00,FLAT,632638464.0909108,632638464.0909108,0.0,1291.1
2024-06-25 10:30:00,FLAT,632638464.0909108,632638464.0909108,0.0,1288.7
2024-06-25 10:45:00,FLAT,632638464.0909108,632638464.0909108,0.0,1289.8
2024-06-25 11:00:00,FLAT,632638464.0909108,632638464.0909108,0.0,1289.0
2024-06-25 11:15:00,FLAT,632638464.0909108,632638464.0909108,0.0,1286.6
2024-06-25 11:30:00,FLAT,632638464.0909108,632638464.0909108,0.0,1286.2
2024-06-25 13:00:00,FLAT,632638464.0909108,632638464.0909108,0.0,1289.1
2024-06-25 13:15:00,FLAT,632638464.0909108,632638464.0909108,0.0,1291.9
2024-06-25 13:30:00,FLAT,632638464.0909108,632638464.0909108,0.0,1291.0
2024-06-25 13:45:00,FLAT,632638464.0909108,632638464.0909108,0.0,1288.0
2024-06-25 14:00:00,FLAT,632638464.0909108,632638464.0909108,0.0,1287.7
2024-06-25 14:15:00,FLAT,632638464.0909108,632638464.0909108,0.0,1286.5
2024-06-25 14:30:00,FLAT,632638464.0909108,632638464.0909108,0.0,1287.0
2024-06-26 09:00:00,FLAT,632638464.0909108,632638464.0909108,0.0,1289.1
2024-06-26 09:15:00,FLAT,632638464.0909108,632638464.0909108,0.0,1289.8
2024-06-26 09:30:00,FLAT,632638464.0909108,632638464.0909108,0.0,1291.5
2024-06-26 09:45:00,FLAT,632638464.0909108,632638464.0909108,0.0,1289.9
2024-06-26 10:00:00,FLAT,632638464.0909108,632638464.0909108,0.0,1287.9
2024-06-26 10:15:00,FLAT,632638464.0909108,632638464.0909108,0.0,1288.3
2024-06-26 10:30:00,FLAT,632638464.0909108,632638464.0909108,0.0,1283.5
2024-06-26 10:45:00,FLAT,632638464.0909108,632638464.0909108,0.0,1283.0
2024-06-26 11:00:00,FLAT,632638464.0909108,632638464.0909108,0.0,1277.7
2024-06-26 11:15:00,FLAT,632638464.0909108,632638464.0909108,0.0,1280.1
2024-06-26 11:30:00,FLAT,632638464.0909108,632638464.0909108,0.0,1280.7
2024-06-26 13:00:00,FLAT,632638464.0909108,632638464.0909108,0.0,1281.1
2024-06-26 13:15:00,FLAT,632638464.0909108,632638464.0909108,0.0,1282.6
2024-06-26 13:30:00,FLAT,632638464.0909108,632638464.0909108,0.0,1282.0
2024-06-26 13:45:00,FLAT,632638464.0909108,632638464.0909108,0.0,1285.1
2024-06-26 14:00:00,FLAT,629289502.2727287,629289502.2727287,0.0,1283.5
2024-06-26 14:15:00,FLAT,629289502.2727287,629289502.2727287,0.0,1289.5
2024-06-26 14:30:00,FLAT,629289502.2727287,629289502.2727287,0.0,1288.7
2024-06-27 09:00:00,FLAT,629289502.2727287,629289502.2727287,0.0,1284.3
2024-06-27 09:15:00,FLAT,629289502.2727287,629289502.2727287,0.0,1284.4
2024-06-27 09:30:00,FLAT,629289502.2727287,629289502.2727287,0.0,1283.1
2024-06-27 09:45:00,FLAT,629289502.2727287,629289502.2727287,0.0,1282.9
2024-06-27 10:00:00,FLAT,629289502.2727287,629289502.2727287,0.0,1285.8
2024-06-27 10:15:00,FLAT,629289502.2727287,629289502.2727287,0.0,1284.3
2024-06-27 10:30:00,FLAT,629289502.2727287,629289502.2727287,0.0,1281.9
2024-06-27 10:45:00,FLAT,629289502.2727287,629289502.2727287,0.0,1281.3
2024-06-27 11:00:00,FLAT,629289502.2727287,629289502.2727287,0.0,1282.8
2024-06-27 11:15:00,FLAT,629289502.2727287,629289502.2727287,0.0,1282.8
2024-06-27 11:30:00,FLAT,629289502.2727287,629289502.2727287,0.0,1283.1
2024-06-27 13:00:00,FLAT,629289502.2727287,629289502.2727287,0.0,1284.4
2024-06-27 13:15:00,FLAT,629289502.2727287,629289502.2727287,0.0,1286.3
2024-06-27 13:30:00,FLAT,629289502.2727287,629289502.2727287,0.0,1285.5
2024-06-27 13:45:00,FLAT,629289502.2727287,629289502.2727287,0.0,1286.4
2024-06-27 14:00:00,FLAT,629289502.2727287,629289502.2727287,0.0,1287.3
2024-06-27 14:15:00,FLAT,629289502.2727287,629289502.2727287,0.0,1289.8
2024-06-27 14:30:00,LONG,628595927.2727287,629095927.2727287,-500000.0,1290.0
2024-06-28 09:00:00,LONG,630295927.2727287,629095927.2727287,1200000.0000000454,1291.7
2024-06-28 09:15:00,LONG,629795927.2727287,629095927.2727287,700000.0000000455,1291.2
2024-06-28 09:30:00,LONG,627295927.2727287,629095927.2727287,-1799999.9999999546,1288.7
2024-06-28 09:45:00,FLAT,626302742.2727286,626302742.2727286,0.0,1287.3
2024-06-28 10:00:00,FLAT,626302742.2727286,626302742.2727286,0.0,1288.7
2024-06-28 10:15:00,FLAT,626302742.2727286,626302742.2727286,0.0,1287.9
2024-06-28 10:30:00,FLAT,626302742.2727286,626302742.2727286,0.0,1288.5
2024-06-28 10:45:00,FLAT,626302742.2727286,626302742.2727286,0.0,1288.2
2024-06-28 11:00:00,FLAT,626302742.2727286,626302742.2727286,0.0,1286.4
2024-06-28 11:15:00,FLAT,626302742.2727286,626302742.2727286,0.0,1287.6
2024-06-28 11:30:00,FLAT,626302742.2727286,626302742.2727286,0.0,1287.6
2024-06-28 13:00:00,FLAT,626302742.2727286,626302742.2727286,0.0,1286.2
2024-06-28 13:15:00,FLAT,626302742.2727286,626302742.2727286,0.0,1285.7
2024-06-28 13:30:00,FLAT,626302742.2727286,626302742.2727286,0.0,1282.8
2024-06-28 13:45:00,FLAT,626302742.2727286,626302742.2727286,0.0,1283.9
2024-06-28 14:00:00,FLAT,626302742.2727286,626302742.2727286,0.0,1288.0
2024-06-28 14:15:00,FLAT,626302742.2727286,626302742.2727286,0.0,1277.7
2024-06-28 14:30:00,FLAT,626302742.2727286,626302742.2727286,0.0,1277.0
2024-07-01 09:00:00,FLAT,626302742.2727286,626302742.2727286,0.0,1276.8
2024-07-01 09:15:00,FLAT,626302742.2727286,626302742.2727286,0.0,1275.5
2024-07-01 09:30:00,FLAT,626302742.2727286,626302742.2727286,0.0,1274.5
2024-07-01 09:45:00,FLAT,626302742.2727286,626302742.2727286,0.0,1274.0
2024-07-01 10:00:00,FLAT,626302742.2727286,626302742.2727286,0.0,1272.6
2024-07-01 10:15:00,FLAT,626302742.2727286,626302742.2727286,0.0,1275.3
2024-07-01 10:30:00,FLAT,626302742.2727286,626302742.2727286,0.0,1275.8
2024-07-01 10:45:00,FLAT,626302742.2727286,626302742.2727286,0.0,1275.0
2024-07-01 11:00:00,FLAT,626302742.2727286,626302742.2727286,0.0,1274.7
2024-07-01 11:15:00,FLAT,626302742.2727286,626302742.2727286,0.0,1274.2
2024-07-01 13:00:00,FLAT,626302742.2727286,626302742.2727286,0.0,1276.4
2024-07-01 13:15:00,FLAT,626302742.2727286,626302742.2727286,0.0,1275.9
2024-07-01 13:30:00,FLAT,626302742.2727286,626302742.2727286,0.0,1276.3
2024-07-01 13:45:00,FLAT,626302742.2727286,626302742.2727286,0.0,1279.3
2024-07-01 14:00:00,FLAT,623669109.7727283,623669109.7727283,0.0,1277.7
2024-07-01 14:15:00,FLAT,623669109.7727283,623669109.7727283,0.0,1284.5
2024-07-01 14:30:00,FLAT,623669109.7727283,623669109.7727283,0.0,1285.2
2024-07-02 09:00:00,FLAT,623669109.7727283,623669109.7727283,0.0,1287.4
2024-07-02 09:15:00,FLAT,623669109.7727283,623669109.7727283,0.0,1285.1
2024-07-02 09:30:00,FLAT,623669109.7727283,623669109.7727283,0.0,1286.6
2024-07-02 09:45:00,FLAT,623669109.7727283,623669109.7727283,0.0,1286.1
2024-07-02 10:00:00,FLAT,623669109.7727283,623669109.7727283,0.0,1286.5
2024-07-02 10:15:00,FLAT,623669109.7727283,623669109.7727283,0.0,1290.1
2024-07-02 10:30:00,LONG,624275534.7727283,623475534.7727283,799999.9999999545,1291.3
2024-07-02 10:45:00,LONG,625575534.7727282,623475534.7727283,2099999.999999909,1292.6
2024-07-02 11:00:00,LONG,628675534.7727283,623475534.7727283,5200000.000000046,1295.7
2024-07-02 11:15:00,LONG,627775534.7727283,623475534.7727283,4299999.999999954,1294.8
2024-07-02 11:30:00,LONG,627775534.7727283,623475534.7727283,4299999.999999954,1294.8
2024-07-02 13:00:00,LONG,628175534.7727283,623475534.7727283,4700000.000000046,1295.2
2024-07-02 13:15:00,LONG,628475534.7727283,623475534.7727283,5000000.0,1295.5
2024-07-02 13:30:00,LONG,631275534.7727283,623475534.7727283,7799999.999999954,1298.3
2024-07-02 13:45:00,LONG,629575534.7727282,623475534.7727283,6099999.999999909,1296.6
2024-07-02 14:00:00,LONG,626675534.7727283,623475534.7727283,3200000.0000000456,1293.7
2024-07-02 14:15:00,LONG,629775534.7727283,623475534.7727283,6299999.999999954,1296.8
2024-07-02 14:30:00,LONG,629475534.7727283,623475534.7727283,6000000.0,1296.5
2024-07-03 09:00:00,LONG,630775534.7727283,623475534.7727283,7299999.999999954,1297.8
2024-07-03 09:15:00,LONG,629775534.7727283,623475534.7727283,6299999.999999954,1296.8
2024-07-03 09:30:00,LONG,630575534.7727282,623475534.7727283,7099999.999999909,1297.6
2024-07-03 09:45:00,LONG,629275534.7727283,623475534.7727283,5799999.999999954,1296.3
2024-07-03 10:00:00,LONG,628475534.7727283,623475534.7727283,5000000.0,1295.5
2024-07-03 10:15:00,LONG,628275534.7727283,623475534.7727283,4799999.999999954,1295.3
2024-07-03 10:30:00,LONG,629275534.7727283,623475534.7727283,5799999.999999954,1296.3
2024-07-03 10:45:00,LONG,629775534.7727283,623475534.7727283,6299999.999999954,1296.8
2024-07-03 11:00:00,LONG,629175534.7727283,623475534.7727283,5700000.000000046,1296.2
2024-07-03 11:15:00,LONG,630775534.7727283,623475534.7727283,7299999.999999954,1297.8
2024-07-03 11:30:00,LONG,630675534.7727283,623475534.7727283,7200000.000000046,1297.7
2024-07-03 13:00:00,LONG,630475534.7727283,623475534.7727283,7000000.0,1297.5
2024-07-03 13:15:00,LONG,636175534.7727283,623475534.7727283,12700000.000000045,1303.2
2024-07-03 13:30:00,LONG,637075534.7727282,623475534.7727283,13599999.999999909,1304.1
2024-07-03 13:45:00,LONG,637875534.7727284,623475534.7727283,14400000.000000091,1304.9
2024-07-03 14:00:00,FLAT,639606783.4090918,639606783.4090918,0.0,1306.0
2024-07-03 14:15:00,FLAT,639606783.4090918,639606783.4090918,0.0,1305.5
2024-07-03 14:30:00,FLAT,639606783.4090918,639606783.4090918,0.0,1306.7
2024-07-04 09:00:00,FLAT,639606783.4090918,639606783.4090918,0.0,1307.7
2024-07-04 09:15:00,FLAT,639606783.4090918,639606783.4090918,0.0,1309.2
2024-07-04 09:30:00,FLAT,639606783.4090918,639606783.4090918,0.0,1310.6
2024-07-04 09:45:00,FLAT,639606783.4090918,639606783.4090918,0.0,1310.9
2024-07-04 10:00:00,FLAT,639606783.4090918,639606783.4090918,0.0,1309.6
2024-07-04 10:15:00,FLAT,639606783.4090918,639606783.4090918,0.0,1309.2
2024-07-04 10:30:00,FLAT,639606783.4090918,639606783.4090918,0.0,1308.5
2024-07-04 10:45:00,FLAT,639606783.4090918,639606783.4090918,0.0,1309.7
2024-07-04 11:00:00,FLAT,639606783.4090918,639606783.4090918,0.0,1308.2
2024-07-04 11:15:00,FLAT,639606783.4090918,639606783.4090918,0.0,1309.0
2024-07-04 13:00:00,FLAT,639606783.4090918,639606783.4090918,0.0,1309.5
2024-07-04 13:15:00,FLAT,639606783.4090918,639606783.4090918,0.0,1307.5
2024-07-04 13:30:00,FLAT,639606783.4090918,639606783.4090918,0.0,1307.0
2024-07-04 13:45:00,FLAT,639606783.4090918,639606783.4090918,0.0,1308.4
2024-07-04 14:00:00,FLAT,639606783.4090918,639606783.4090918,0.0,1306.9
2024-07-04 14:15:00,FLAT,639606783.4090918,639606783.4090918,0.0,1307.8
2024-07-04 14:30:00,FLAT,639606783.4090918,639606783.4090918,0.0,1308.5
2024-07-05 09:00:00,FLAT,639606783.4090918,639606783.4090918,0.0,1309.4
2024-07-05 09:15:00,FLAT,639606783.4090918,639606783.4090918,0.0,1308.7
2024-07-05 09:30:00,FLAT,639606783.4090918,639606783.4090918,0.0,1309.5
2024-07-05 09:45:00,FLAT,639606783.4090918,639606783.4090918,0.0,1309.7
2024-07-05 10:00:00,FLAT,639606783.4090918,639606783.4090918,0.0,1311.6
2024-07-05 10:15:00,FLAT,639606783.4090918,639606783.4090918,0.0,1314.1
2024-07-05 10:30:00,FLAT,636817278.1818191,636817278.1818191,0.0,1311.6
2024-07-05 10:45:00,FLAT,636817278.1818191,636817278.1818191,0.0,1310.0
2024-07-05 11:00:00,FLAT,636817278.1818191,636817278.1818191,0.0,1308.9
2024-07-05 11:15:00,FLAT,636817278.1818191,636817278.1818191,0.0,1308.7
2024-07-05 11:30:00,FLAT,636817278.1818191,636817278.1818191,0.0,1308.7
2024-07-05 13:00:00,FLAT,636817278.1818191,636817278.1818191,0.0,1309.8
2024-07-05 13:15:00,FLAT,636817278.1818191,636817278.1818191,0.0,1310.4
2024-07-05 13:30:00,FLAT,636817278.1818191,636817278.1818191,0.0,1307.8
2024-07-05 13:45:00,FLAT,636817278.1818191,636817278.1818191,0.0,1308.8
2024-07-05 14:00:00,FLAT,636817278.1818191,636817278.1818191,0.0,1312.3
2024-07-05 14:15:00,FLAT,634319238.4090916,634319238.4090916,0.0,1316.2
2024-07-05 14:30:00,FLAT,634319238.4090916,634319238.4090916,0.0,1317.4
2024-07-08 09:00:00,FLAT,634319238.4090916,634319238.4090916,0.0,1316.2
2024-07-08 09:15:00,FLAT,634319238.4090916,634319238.4090916,0.0,1316.4
2024-07-08 09:30:00,FLAT,634319238.4090916,634319238.4090916,0.0,1314.4
2024-07-08 09:45:00,FLAT,634319238.4090916,634319238.4090916,0.0,1314.2
2024-07-08 10:00:00,FLAT,634319238.4090916,634319238.4090916,0.0,1312.7
2024-07-08 10:15:00,FLAT,634319238.4090916,634319238.4090916,0.0,1312.0
2024-07-08 10:30:00,FLAT,634319238.4090916,634319238.4090916,0.0,1312.2
2024-07-08 10:45:00,FLAT,634319238.4090916,634319238.4090916,0.0,1309.0
2024-07-08 11:00:00,FLAT,634319238.4090916,634319238.4090916,0.0,1307.2
2024-07-08 11:15:00,FLAT,634319238.4090916,634319238.4090916,0.0,1308.2
2024-07-08 11:30:00,FLAT,634319238.4090916,634319238.4090916,0.0,1308.3
2024-07-08 13:00:00,FLAT,634319238.4090916,634319238.4090916,0.0,1308.5
2024-07-08 13:15:00,FLAT,634319238.4090916,634319238.4090916,0.0,1308.9
2024-07-08 13:30:00,FLAT,634319238.4090916,634319238.4090916,0.0,1310.3
2024-07-08 13:45:00,FLAT,634319238.4090916,634319238.4090916,0.0,1310.6
2024-07-08 14:00:00,FLAT,634319238.4090916,634319238.4090916,0.0,1309.8
2024-07-08 14:15:00,FLAT,634319238.4090916,634319238.4090916,0.0,1312.9
2024-07-08 14:30:00,LONG,634522363.4090917,634122363.4090916,400000.0000000909,1312.9
2024-07-09 09:00:00,LONG,636222363.4090915,634122363.4090916,2099999.999999909,1314.6
2024-07-09 09:15:00,LONG,633222363.4090915,634122363.4090916,-900000.0000000909,1311.6
2024-07-09 09:30:00,FLAT,632402989.5454552,632402989.5454552,0.0,1306.8
2024-07-09 09:45:00,FLAT,632402989.5454552,632402989.5454552,0.0,1306.1
2024-07-09 10:00:00,FLAT,632402989.5454552,632402989.5454552,0.0,1306.6
2024-07-09 10:15:00,FLAT,632402989.5454552,632402989.5454552,0.0,1307.2
2024-07-09 10:30:00,FLAT,632402989.5454552,632402989.5454552,0.0,1309.7
2024-07-09 10:45:00,FLAT,632402989.5454552,632402989.5454552,0.0,1308.9
2024-07-09 11:00:00,FLAT,632402989.5454552,632402989.5454552,0.0,1312.7
2024-07-09 11:15:00,LONG,631606024.5454553,632206024.5454552,-599999.9999999091,1312.5
2024-07-09 11:30:00,LONG,631506024.5454555,632206024.5454552,-699999.9999998182,1312.4
2024-07-09 13:00:00,LONG,638206024.5454552,632206024.5454552,6000000.0,1319.1
2024-07-09 13:15:00,LONG,637406024.5454552,632206024.5454552,5200000.000000046,1318.3
2024-07-09 13:30:00,LONG,635606024.5454553,632206024.5454552,3400000.000000091,1316.5
2024-07-09 13:45:00,LONG,637306024.5454553,632206024.5454552,5100000.000000136,1318.2
2024-07-09 14:00:00,LONG,639906024.5454552,632206024.5454552,7700000.000000046,1320.8
2024-07-09 14:15:00,LONG,638506024.5454555,632206024.5454552,6300000.000000182,1319.4
2024-07-09 14:30:00,LONG,637906024.5454552,632206024.5454552,5700000.000000046,1318.8
2024-07-10 09:00:00,LONG,639006024.5454555,632206024.5454552,6800000.000000182,1319.9
2024-07-10 09:15:00,LONG,635606024.5454553,632206024.5454552,3400000.000000091,1316.5
2024-07-10 09:30:00,LONG,636906024.5454552,632206024.5454552,4700000.000000046,1317.8
2024-07-10 09:45:00,LONG,637306024.5454553,632206024.5454552,5100000.000000136,1318.2
2024-07-10 10:00:00,LONG,639206024.5454552,632206024.5454552,7000000.0,1320.1
2024-07-10 10:15:00,LONG,638506024.5454555,632206024.5454552,6300000.000000182,1319.4
2024-07-10 10:30:00,LONG,637906024.5454552,632206024.5454552,5700000.000000046,1318.8
2024-07-10 10:45:00,LONG,636406024.5454552,632206024.5454552,4200000.000000046,1317.3
2024-07-10 11:00:00,LONG,637306024.5454553,632206024.5454552,5100000.000000136,1318.2
2024-07-10 11:15:00,LONG,638606024.5454553,632206024.5454552,6400000.000000091,1319.5
2024-07-10 11:30:00,LONG,638506024.5454555,632206024.5454552,6300000.000000182,1319.4
2024-07-10 13:00:00,LONG,636706024.5454552,632206024.5454552,4500000.0,1317.6
2024-07-10 13:15:00,LONG,635506024.5454555,632206024.5454552,3300000.000000182,1316.4
2024-07-10 13:30:00,LONG,635106024.5454553,632206024.5454552,2900000.000000091,1316.0
2024-07-10 13:45:00,LONG,635506024.5454555,632206024.5454552,3300000.000000182,1316.4
2024-07-10 14:00:00,LONG,633506024.5454555,632206024.5454552,1300000.0000001818,1314.4
2024-07-10 14:15:00,FLAT,629482165.9090916,629482165.9090916,0.0,1310.3
2024-07-10 14:30:00,FLAT,629482165.9090916,629482165.9090916,0.0,1312.0
2024-07-11 09:00:00,FLAT,629482165.9090916,629482165.9090916,0.0,1315.5
2024-07-11 09:15:00,FLAT,629482165.9090916,629482165.9090916,0.0,1314.2
2024-07-11 09:30:00,FLAT,629482165.9090916,629482165.9090916,0.0,1317.1
2024-07-11 09:45:00,FLAT,629482165.9090916,629482165.9090916,0.0,1316.4
2024-07-11 10:00:00,FLAT,629482165.9090916,629482165.9090916,0.0,1317.3
2024-07-11 10:15:00,FLAT,629482165.9090916,629482165.9090916,0.0,1315.2
2024-07-11 10:30:00,FLAT,629482165.9090916,629482165.9090916,0.0,1316.4
2024-07-11 10:45:00,FLAT,629482165.9090916,629482165.9090916,0.0,1314.5
2024-07-11 11:00:00,FLAT,629482165.9090916,629482165.9090916,0.0,1312.8
2024-07-11 11:15:00,FLAT,629482165.9090916,629482165.9090916,0.0,1312.7
2024-07-11 11:30:00,FLAT,629482165.9090916,629482165.9090916,0.0,1312.6
2024-07-11 13:00:00,FLAT,629482165.9090916,629482165.9090916,0.0,1312.4
2024-07-11 13:15:00,FLAT,629482165.9090916,629482165.9090916,0.0,1312.1
2024-07-11 13:30:00,FLAT,629482165.9090916,629482165.9090916,0.0,1312.6
2024-07-11 13:45:00,FLAT,629482165.9090916,629482165.9090916,0.0,1312.2
2024-07-11 14:00:00,FLAT,629482165.9090916,629482165.9090916,0.0,1311.5
2024-07-11 14:15:00,FLAT,629482165.9090916,629482165.9090916,0.0,1306.7
2024-07-11 14:30:00,FLAT,629482165.9090916,629482165.9090916,0.0,1306.3
2024-07-12 09:00:00,FLAT,629482165.9090916,629482165.9090916,0.0,1304.2
2024-07-12 09:15:00,FLAT,629482165.9090916,629482165.9090916,0.0,1306.9
2024-07-12 09:30:00,FLAT,629482165.9090916,629482165.9090916,0.0,1309.3
2024-07-12 09:45:00,FLAT,629482165.9090916,629482165.9090916,0.0,1308.9
2024-07-12 10:00:00,FLAT,629482165.9090916,629482165.9090916,0.0,1307.7
2024-07-12 10:15:00,FLAT,629482165.9090916,629482165.9090916,0.0,1306.7
2024-07-12 10:30:00,FLAT,629482165.9090916,629482165.9090916,0.0,1308.4
2024-07-12 10:45:00,FLAT,629482165.9090916,629482165.9090916,0.0,1306.4
2024-07-12 11:00:00,FLAT,629482165.9090916,629482165.9090916,0.0,1306.2
2024-07-12 11:15:00,FLAT,629482165.9090916,629482165.9090916,0.0,1306.3
2024-07-12 11:30:00,FLAT,629482165.9090916,629482165.9090916,0.0,1306.5
2024-07-12 13:00:00,FLAT,629482165.9090916,629482165.9090916,0.0,1303.4
2024-07-12 13:15:00,FLAT,629482165.9090916,629482165.9090916,0.0,1301.6
2024-07-12 13:30:00,FLAT,629482165.9090916,629482165.9090916,0.0,1303.6
2024-07-12 13:45:00,FLAT,629482165.9090916,629482165.9090916,0.0,1302.8
2024-07-12 14:00:00,FLAT,629482165.9090916,629482165.9090916,0.0,1303.9
2024-07-12 14:15:00,FLAT,629482165.9090916,629482165.9090916,0.0,1299.7
2024-07-12 14:30:00,FLAT,629482165.9090916,629482165.9090916,0.0,1298.0
2024-07-15 09:00:00,FLAT,629482165.9090916,629482165.9090916,0.0,1303.3
2024-07-15 09:15:00,FLAT,629482165.9090916,629482165.9090916,0.0,1302.9
2024-07-15 09:30:00,FLAT,629482165.9090916,629482165.9090916,0.0,1304.5
2024-07-15 09:45:00,FLAT,629482165.9090916,629482165.9090916,0.0,1304.0
2024-07-15 10:00:00,FLAT,629482165.9090916,629482165.9090916,0.0,1303.5
2024-07-15 10:15:00,FLAT,629482165.9090916,629482165.9090916,0.0,1304.1
2024-07-15 10:30:00,FLAT,629482165.9090916,629482165.9090916,0.0,1302.8
2024-07-15 10:45:00,FLAT,629482165.9090916,629482165.9090916,0.0,1303.5
2024-07-15 11:00:00,FLAT,629482165.9090916,629482165.9090916,0.0,1302.7
2024-07-15 11:15:00,FLAT,629482165.9090916,629482165.9090916,0.0,1303.1
2024-07-15 11:30:00,FLAT,629482165.9090916,629482165.9090916,0.0,1303.3
2024-07-15 13:00:00,FLAT,629482165.9090916,629482165.9090916,0.0,1302.1
2024-07-15 13:15:00,FLAT,629482165.9090916,629482165.9090916,0.0,1301.3
2024-07-15 13:30:00,FLAT,629482165.9090916,629482165.9090916,0.0,1299.8
2024-07-15 13:45:00,FLAT,629482165.9090916,629482165.9090916,0.0,1300.0
2024-07-15 14:00:00,FLAT,629482165.9090916,629482165.9090916,0.0,1296.0
2024-07-15 14:15:00,FLAT,629482165.9090916,629482165.9090916,0.0,1296.7
2024-07-15 14:30:00,FLAT,629482165.9090916,629482165.9090916,0.0,1295.7
2024-07-16 09:00:00,FLAT,629482165.9090916,629482165.9090916,0.0,1301.0
2024-07-16 09:15:00,FLAT,629482165.9090916,629482165.9090916,0.0,1302.9
2024-07-16 09:30:00,FLAT,629482165.9090916,629482165.9090916,0.0,1302.4
2024-07-16 09:45:00,FLAT,629482165.9090916,629482165.9090916,0.0,1302.0
2024-07-16 10:00:00,FLAT,629482165.9090916,629482165.9090916,0.0,1305.7
2024-07-16 10:15:00,LONG,628786205.9090916,629286205.9090916,-500000.0,1305.9
2024-07-16 10:30:00,LONG,630886205.9090915,629286205.9090916,1599999.999999909,1308.0
2024-07-16 10:45:00,LONG,630386205.9090915,629286205.9090916,1099999.999999909,1307.5
2024-07-16 11:00:00,LONG,629786205.9090916,629286205.9090916,500000.0,1306.9
2024-07-16 11:15:00,LONG,630686205.9090915,629286205.9090916,1399999.9999998636,1307.8
2024-07-16 11:30:00,LONG,630686205.9090915,629286205.9090916,1399999.9999998636,1307.8
2024-07-16 13:00:00,LONG,629686205.9090915,629286205.9090916,399999.99999986356,1306.8
2024-07-16 13:15:00,LONG,629086205.9090916,629286205.9090916,-200000.00000004546,1306.2
2024-07-16 13:30:00,FLAT,626290665.9090916,626290665.9090916,0.0,1305.6
2024-07-16 13:45:00,FLAT,626290665.9090916,626290665.9090916,0.0,1303.0
2024-07-16 14:00:00,FLAT,626290665.9090916,626290665.9090916,0.0,1300.6
2024-07-16 14:15:00,FLAT,626290665.9090916,626290665.9090916,0.0,1301.8
2024-07-16 14:30:00,FLAT,626290665.9090916,626290665.9090916,0.0,1301.7
2024-07-17 09:00:00,FLAT,626290665.9090916,626290665.9090916,0.0,1308.8
2024-07-17 09:15:00,FLAT,626290665.9090916,626290665.9090916,0.0,1306.5
2024-07-17 09:30:00,FLAT,626290665.9090916,626290665.9090916,0.0,1306.9
2024-07-17 09:45:00,FLAT,626290665.9090916,626290665.9090916,0.0,1304.8
2024-07-17 10:00:00,FLAT,626290665.9090916,626290665.9090916,0.0,1304.3
2024-07-17 10:15:00,FLAT,626290665.9090916,626290665.9090916,0.0,1303.6
2024-07-17 10:30:00,FLAT,626290665.9090916,626290665.9090916,0.0,1302.5
2024-07-17 10:45:00,FLAT,626290665.9090916,626290665.9090916,0.0,1304.9
2024-07-17 11:00:00,FLAT,626290665.9090916,626290665.9090916,0.0,1305.8
2024-07-17 11:15:00,FLAT,626290665.9090916,626290665.9090916,0.0,1306.0
2024-07-17 11:30:00,FLAT,626290665.9090916,626290665.9090916,0.0,1305.7
2024-07-17 13:00:00,FLAT,626290665.9090916,626290665.9090916,0.0,1305.0
2024-07-17 13:15:00,FLAT,626290665.9090916,626290665.9090916,0.0,1306.3
2024-07-17 13:30:00,FLAT,626290665.9090916,626290665.9090916,0.0,1312.8
2024-07-17 13:45:00,FLAT,626290665.9090916,626290665.9090916,0.0,1314.0
2024-07-17 14:00:00,FLAT,626290665.9090916,626290665.9090916,0.0,1317.0
2024-07-17 14:15:00,FLAT,626290665.9090916,626290665.9090916,0.0,1296.9
2024-07-17 14:30:00,FLAT,626290665.9090916,626290665.9090916,0.0,1296.0
2024-07-18 09:00:00,FLAT,626290665.9090916,626290665.9090916,0.0,1303.5
2024-07-18 09:15:00,FLAT,626290665.9090916,626290665.9090916,0.0,1302.4
2024-07-18 09:30:00,FLAT,626290665.9090916,626290665.9090916,0.0,1303.0
2024-07-18 09:45:00,FLAT,626290665.9090916,626290665.9090916,0.0,1302.2
2024-07-18 10:00:00,FLAT,626290665.9090916,626290665.9090916,0.0,1300.3
2024-07-18 10:15:00,FLAT,626290665.9090916,626290665.9090916,0.0,1302.1
2024-07-18 10:30:00,FLAT,626290665.9090916,626290665.9090916,0.0,1301.7
2024-07-18 10:45:00,FLAT,626290665.9090916,626290665.9090916,0.0,1300.7
2024-07-18 11:00:00,FLAT,626290665.9090916,626290665.9090916,0.0,1297.0
2024-07-18 11:15:00,FLAT,626290665.9090916,626290665.9090916,0.0,1296.3
2024-07-18 11:30:00,FLAT,626290665.9090916,626290665.9090916,0.0,1296.3
2024-07-18 13:00:00,FLAT,626290665.9090916,626290665.9090916,0.0,1295.3
2024-07-18 13:15:00,FLAT,626290665.9090916,626290665.9090916,0.0,1294.8
2024-07-18 13:30:00,FLAT,626290665.9090916,626290665.9090916,0.0,1295.3
2024-07-18 13:45:00,FLAT,626290665.9090916,626290665.9090916,0.0,1291.8
2024-07-18 14:00:00,FLAT,626290665.9090916,626290665.9090916,0.0,1291.6
2024-07-18 14:15:00,FLAT,626290665.9090916,626290665.9090916,0.0,1297.8
2024-07-18 14:30:00,LONG,624395935.9090916,626095935.9090916,-1700000.0000000454,1296.5
2024-07-19 09:00:00,LONG,631895935.9090916,626095935.9090916,5799999.999999954,1304.0
2024-07-19 09:15:00,LONG,636695935.9090915,626095935.9090916,10599999.999999909,1308.8
2024-07-19 09:30:00,LONG,636895935.9090916,626095935.9090916,10799999.999999955,1309.0
2024-07-19 09:45:00,LONG,634895935.9090916,626095935.9090916,8799999.999999955,1307.0
2024-07-19 10:00:00,LONG,634895935.9090916,626095935.9090916,8799999.999999955,1307.0
2024-07-19 10:15:00,LONG,633595935.9090916,626095935.9090916,7500000.0,1305.7
2024-07-19 10:30:00,LONG,634195935.9090915,626095935.9090916,8099999.999999909,1306.3
2024-07-19 10:45:00,LONG,632195935.9090915,626095935.9090916,6099999.999999909,1304.3
2024-07-19 11:00:00,LONG,630095935.9090916,626095935.9090916,4000000.0,1302.2
2024-07-19 11:15:00,LONG,630595935.9090916,626095935.9090916,4500000.0,1302.7
2024-07-19 11:30:00,LONG,630395935.9090916,626095935.9090916,4299999.999999954,1302.5
2024-07-19 13:00:00,LONG,628495935.9090915,626095935.9090916,2399999.9999998636,1300.6
2024-07-19 13:15:00,LONG,630995935.9090915,626095935.9090916,4899999.999999864,1303.1
2024-07-19 13:30:00,LONG,628095935.9090916,626095935.9090916,2000000.0,1300.2
2024-07-19 13:45:00,LONG,630695935.9090915,626095935.9090916,4599999.999999909,1302.8
2024-07-19 14:00:00,LONG,629695935.9090915,626095935.9090916,3599999.999999909,1301.8
2024-07-19 14:15:00,FLAT,623228879.5454551,623228879.5454551,0.0,1302.3
2024-07-19 14:30:00,FLAT,623228879.5454551,623228879.5454551,0.0,1302.0
2024-07-22 09:00:00,FLAT,623228879.5454551,623228879.5454551,0.0,1294.1
2024-07-22 09:15:00,FLAT,623228879.5454551,623228879.5454551,0.0,1296.0
2024-07-22 09:30:00,FLAT,623228879.5454551,623228879.5454551,0.0,1297.7
2024-07-22 09:45:00,FLAT,623228879.5454551,623228879.5454551,0.0,1301.6
2024-07-22 10:00:00,LONG,623033594.5454551,623033594.5454551,0.0,1301.9
2024-07-22 10:15:00,LONG,621433594.545455,623033594.5454551,-1600000.0000001364,1300.3
2024-07-22 10:30:00,FLAT,619347924.0909094,619347924.0909094,0.0,1298.2
2024-07-22 10:45:00,FLAT,619347924.0909094,619347924.0909094,0.0,1295.3
2024-07-22 11:00:00,FLAT,619347924.0909094,619347924.0909094,0.0,1293.5
2024-07-22 11:15:00,FLAT,619347924.0909094,619347924.0909094,0.0,1294.2
2024-07-22 11:30:00,FLAT,619347924.0909094,619347924.0909094,0.0,1294.5
2024-07-22 13:00:00,FLAT,619347924.0909094,619347924.0909094,0.0,1294.4
2024-07-22 13:15:00,FLAT,619347924.0909094,619347924.0909094,0.0,1295.8
2024-07-22 13:30:00,FLAT,619347924.0909094,619347924.0909094,0.0,1293.2
2024-07-22 13:45:00,FLAT,619347924.0909094,619347924.0909094,0.0,1293.8
2024-07-22 14:00:00,FLAT,619347924.0909094,619347924.0909094,0.0,1298.8
2024-07-22 14:15:00,FLAT,619347924.0909094,619347924.0909094,0.0,1299.3
2024-07-22 14:30:00,LONG,622552999.0909095,619152999.0909094,3400000.000000091,1302.9
2024-07-23 09:00:00,LONG,621452999.0909094,619152999.0909094,2299999.9999999544,1301.8
2024-07-23 09:15:00,LONG,622252999.0909092,619152999.0909094,3099999.999999909,1302.6
2024-07-23 09:30:00,LONG,621052999.0909095,619152999.0909094,1900000.000000091,1301.4
2024-07-23 09:45:00,LONG,620252999.0909092,619152999.0909094,1099999.999999909,1300.6
2024-07-23 10:00:00,LONG,619552999.0909095,619152999.0909094,400000.0000000909,1299.9
2024-07-23 10:15:00,LONG,618552999.0909095,619152999.0909094,-599999.9999999091,1298.9
2024-07-23 10:30:00,LONG,619652999.0909094,619152999.0909094,500000.0,1300.0
2024-07-23 10:45:00,LONG,619252999.0909092,619152999.0909094,99999.99999990905,1299.6
2024-07-23 11:00:00,LONG,618952999.0909094,619152999.0909094,-200000.00000004546,1299.3
2024-07-23 11:15:00,LONG,621552999.0909095,619152999.0909094,2400000.000000091,1301.9
2024-07-23 11:30:00,LONG,621852999.0909094,619152999.0909094,2700000.0000000456,1302.2
2024-07-23 13:00:00,LONG,620352999.0909094,619152999.0909094,1200000.0000000454,1300.7
2024-07-23 13:15:00,LONG,621252999.0909092,619152999.0909094,2099999.999999909,1301.6
2024-07-23 13:30:00,FLAT,616249389.5454547,616249389.5454547,0.0,1296.0
2024-07-23 13:45:00,FLAT,616249389.5454547,616249389.5454547,0.0,1295.5
2024-07-23 14:00:00,FLAT,616249389.5454547,616249389.5454547,0.0,1295.3
2024-07-23 14:15:00,FLAT,616249389.5454547,616249389.5454547,0.0,1288.0
2024-07-23 14:30:00,FLAT,616249389.5454547,616249389.5454547,0.0,1290.7
2024-07-24 09:00:00,FLAT,616249389.5454547,616249389.5454547,0.0,1282.8
2024-07-24 09:15:00,FLAT,616249389.5454547,616249389.5454547,0.0,1283.5
2024-07-24 09:30:00,FLAT,616249389.5454547,616249389.5454547,0.0,1283.1
2024-07-24 09:45:00,FLAT,616249389.5454547,616249389.5454547,0.0,1280.3
2024-07-24 10:00:00,FLAT,616249389.5454547,616249389.5454547,0.0,1278.6
2024-07-24 10:15:00,FLAT,616249389.5454547,616249389.5454547,0.0,1275.5
2024-07-24 10:30:00,FLAT,616249389.5454547,616249389.5454547,0.0,1278.2
2024-07-24 10:45:00,FLAT,616249389.5454547,616249389.5454547,0.0,1281.5
2024-07-24 11:00:00,FLAT,616249389.5454547,616249389.5454547,0.0,1281.5
2024-07-24 11:15:00,FLAT,616249389.5454547,616249389.5454547,0.0,1280.0
2024-07-24 11:30:00,FLAT,616249389.5454547,616249389.5454547,0.0,1279.8
2024-07-24 13:00:00,FLAT,616249389.5454547,616249389.5454547,0.0,1282.2
2024-07-24 13:15:00,FLAT,616249389.5454547,616249389.5454547,0.0,1284.0
2024-07-24 13:30:00,FLAT,616249389.5454547,616249389.5454547,0.0,1282.0
2024-07-24 13:45:00,FLAT,616249389.5454547,616249389.5454547,0.0,1279.8
2024-07-24 14:00:00,FLAT,616249389.5454547,616249389.5454547,0.0,1281.2
2024-07-24 14:15:00,FLAT,616249389.5454547,616249389.5454547,0.0,1284.5
2024-07-24 14:30:00,FLAT,616249389.5454547,616249389.5454547,0.0,1284.9
2024-07-25 09:00:00,FLAT,616249389.5454547,616249389.5454547,0.0,1275.0
2024-07-25 09:15:00,FLAT,616249389.5454547,616249389.5454547,0.0,1275.8
2024-07-25 09:30:00,FLAT,616249389.5454547,616249389.5454547,0.0,1275.0
2024-07-25 09:45:00,FLAT,616249389.5454547,616249389.5454547,0.0,1274.7
2024-07-25 10:00:00,FLAT,616249389.5454547,616249389.5454547,0.0,1276.2
2024-07-25 10:15:00,FLAT,616249389.5454547,616249389.5454547,0.0,1274.4
2024-07-25 10:30:00,FLAT,616249389.5454547,616249389.5454547,0.0,1274.1
2024-07-25 10:45:00,FLAT,616249389.5454547,616249389.5454547,0.0,1273.0
2024-07-25 11:00:00,FLAT,616249389.5454547,616249389.5454547,0.0,1272.3
2024-07-25 11:15:00,FLAT,616249389.5454547,616249389.5454547,0.0,1272.9
2024-07-25 11:30:00,FLAT,616249389.5454547,616249389.5454547,0.0,1272.6
2024-07-25 13:00:00,FLAT,616249389.5454547,616249389.5454547,0.0,1274.2
2024-07-25 13:15:00,FLAT,616249389.5454547,616249389.5454547,0.0,1273.6
2024-07-25 13:30:00,FLAT,616249389.5454547,616249389.5454547,0.0,1275.3
2024-07-25 13:45:00,FLAT,616249389.5454547,616249389.5454547,0.0,1273.7
2024-07-25 14:00:00,FLAT,616249389.5454547,616249389.5454547,0.0,1274.3
2024-07-25 14:15:00,FLAT,616249389.5454547,616249389.5454547,0.0,1274.8
2024-07-25 14:30:00,FLAT,616249389.5454547,616249389.5454547,0.0,1276.3
2024-07-26 09:00:00,FLAT,616249389.5454547,616249389.5454547,0.0,1279.0
2024-07-26 09:15:00,FLAT,616249389.5454547,616249389.5454547,0.0,1278.0
2024-07-26 09:30:00,FLAT,616249389.5454547,616249389.5454547,0.0,1277.7
2024-07-26 09:45:00,FLAT,616249389.5454547,616249389.5454547,0.0,1278.5
2024-07-26 10:00:00,FLAT,616249389.5454547,616249389.5454547,0.0,1277.6
2024-07-26 10:15:00,FLAT,616249389.5454547,616249389.5454547,0.0,1278.0
2024-07-26 10:30:00,FLAT,616249389.5454547,616249389.5454547,0.0,1278.6
2024-07-26 10:45:00,FLAT,616249389.5454547,616249389.5454547,0.0,1280.0
2024-07-26 11:00:00,FLAT,616249389.5454547,616249389.5454547,0.0,1278.4
2024-07-26 11:15:00,FLAT,616249389.5454547,616249389.5454547,0.0,1278.7
2024-07-26 11:30:00,FLAT,616249389.5454547,616249389.5454547,0.0,1278.6
2024-07-26 13:00:00,FLAT,616249389.5454547,616249389.5454547,0.0,1279.5
2024-07-26 13:15:00,FLAT,616249389.5454547,616249389.5454547,0.0,1279.5
2024-07-26 13:30:00,FLAT,616249389.5454547,616249389.5454547,0.0,1279.4
2024-07-26 13:45:00,FLAT,616249389.5454547,616249389.5454547,0.0,1278.5
2024-07-26 14:00:00,FLAT,616249389.5454547,616249389.5454547,0.0,1280.1
2024-07-26 14:15:00,FLAT,616249389.5454547,616249389.5454547,0.0,1284.0
2024-07-26 14:30:00,LONG,616256684.5454547,616056684.5454547,200000.00000004546,1284.9
2024-07-29 09:00:00,LONG,622856684.5454547,616056684.5454547,6799999.999999954,1291.5
2024-07-29 09:15:00,LONG,622956684.5454546,616056684.5454547,6899999.999999864,1291.6
2024-07-29 09:30:00,LONG,624256684.5454547,616056684.5454547,8200000.000000046,1292.9
2024-07-29 09:45:00,LONG,624856684.5454547,616056684.5454547,8799999.999999955,1293.5
2024-07-29 10:00:00,LONG,624156684.5454546,616056684.5454547,8099999.999999909,1292.8
2024-07-29 10:15:00,LONG,624356684.5454547,616056684.5454547,8299999.999999954,1293.0
2024-07-29 10:30:00,LONG,623356684.5454547,616056684.5454547,7299999.999999954,1292.0
2024-07-29 10:45:00,LONG,623456684.5454546,616056684.5454547,7399999.999999864,1292.1
2024-07-29 11:00:00,LONG,622556684.5454547,616056684.5454547,6500000.0,1291.2
2024-07-29 11:15:00,LONG,622656684.5454546,616056684.5454547,6599999.999999909,1291.3
2024-07-29 11:30:00,LONG,622756684.5454547,616056684.5454547,6700000.000000046,1291.4
2024-07-29 13:00:00,LONG,623256684.5454547,616056684.5454547,7200000.000000046,1291.9
2024-07-29 13:15:00,LONG,622956684.5454546,616056684.5454547,6899999.999999864,1291.6
2024-07-29 13:30:00,LONG,624156684.5454546,616056684.5454547,8099999.999999909,1292.8
2024-07-29 13:45:00,LONG,623956684.5454546,616056684.5454547,7899999.999999864,1292.6
2024-07-29 14:00:00,LONG,622956684.5454546,616056684.5454547,6899999.999999864,1291.6
2024-07-29 14:15:00,LONG,620556684.5454547,616056684.5454547,4500000.0,1289.2
2024-07-29 14:30:00,LONG,620456684.5454546,616056684.5454547,4399999.999999864,1289.1
2024-07-30 09:00:00,LONG,616756684.5454547,616056684.5454547,700000.0000000455,1285.4
2024-07-30 09:15:00,LONG,616856684.5454547,616056684.5454547,799999.9999999545,1285.5
2024-07-30 09:30:00,LONG,617156684.5454546,616056684.5454547,1099999.999999909,1285.8
2024-07-30 09:45:00,LONG,617256684.5454547,616056684.5454547,1200000.0000000454,1285.9
2024-07-30 10:00:00,LONG,617256684.5454547,616056684.5454547,1200000.0000000454,1285.9
2024-07-30 10:15:00,LONG,617856684.5454547,616056684.5454547,1799999.9999999546,1286.5
2024-07-30 10:30:00,LONG,617356684.5454547,616056684.5454547,1299999.9999999546,1286.0
2024-07-30 10:45:00,LONG,618056684.5454547,616056684.5454547,2000000.0,1286.7
2024-07-30 11:00:00,LONG,618356684.5454547,616056684.5454547,2299999.9999999544,1287.0
2024-07-30 11:15:00,LONG,620356684.5454547,616056684.5454547,4299999.999999954,1289.0
2024-07-30 11:30:00,LONG,620556684.5454547,616056684.5454547,4500000.0,1289.2
2024-07-30 13:00:00,LONG,621556684.5454547,616056684.5454547,5500000.0,1290.2
2024-07-30 13:15:00,LONG,621556684.5454547,616056684.5454547,5500000.0,1290.2
2024-07-30 13:30:00,LONG,618656684.5454546,616056684.5454547,2599999.999999909,1287.3
2024-07-30 13:45:00,LONG,617956684.5454546,616056684.5454547,1899999.9999998636,1286.6
2024-07-30 14:00:00,LONG,617856684.5454547,616056684.5454547,1799999.9999999546,1286.5
2024-07-30 14:15:00,LONG,621856684.5454547,616056684.5454547,5799999.999999954,1290.5
2024-07-30 14:30:00,LONG,623256684.5454547,616056684.5454547,7200000.000000046,1291.9
2024-07-31 09:00:00,LONG,623956684.5454546,616056684.5454547,7899999.999999864,1292.6
2024-07-31 09:15:00,FLAT,625844300.454546,625844300.454546,0.0,1295.5
2024-07-31 09:30:00,FLAT,625844300.454546,625844300.454546,0.0,1296.3
2024-07-31 09:45:00,FLAT,625844300.454546,625844300.454546,0.0,1296.9
2024-07-31 10:00:00,FLAT,625844300.454546,625844300.454546,0.0,1297.2
2024-07-31 10:15:00,FLAT,625844300.454546,625844300.454546,0.0,1297.0
2024-07-31 10:30:00,FLAT,625844300.454546,625844300.454546,0.0,1298.8
2024-07-31 10:45:00,FLAT,625844300.454546,625844300.454546,0.0,1299.4
2024-07-31 11:00:00,FLAT,625844300.454546,625844300.454546,0.0,1299.0
2024-07-31 11:15:00,FLAT,625844300.454546,625844300.454546,0.0,1301.1
2024-07-31 11:30:00,FLAT,625844300.454546,625844300.454546,0.0,1301.1
2024-07-31 13:00:00,FLAT,625844300.454546,625844300.454546,0.0,1300.7
2024-07-31 13:15:00,FLAT,625844300.454546,625844300.454546,0.0,1299.8
2024-07-31 13:30:00,FLAT,625844300.454546,625844300.454546,0.0,1300.6
2024-07-31 13:45:00,FLAT,625844300.454546,625844300.454546,0.0,1297.7
2024-07-31 14:00:00,FLAT,625844300.454546,625844300.454546,0.0,1301.5
2024-07-31 14:15:00,FLAT,625844300.454546,625844300.454546,0.0,1297.5
2024-07-31 14:30:00,FLAT,625844300.454546,625844300.454546,0.0,1299.4
2024-08-01 09:00:00,FLAT,625844300.454546,625844300.454546,0.0,1306.0
2024-08-01 09:15:00,FLAT,625844300.454546,625844300.454546,0.0,1303.7
2024-08-01 09:30:00,FLAT,625844300.454546,625844300.454546,0.0,1304.8
2024-08-01 09:45:00,FLAT,625844300.454546,625844300.454546,0.0,1302.8
2024-08-01 10:00:00,FLAT,625844300.454546,625844300.454546,0.0,1302.1
2024-08-01 10:15:00,FLAT,625844300.454546,625844300.454546,0.0,1301.2
2024-08-01 10:30:00,FLAT,625844300.454546,625844300.454546,0.0,1301.7
2024-08-01 10:45:00,FLAT,625844300.454546,625844300.454546,0.0,1299.3
2024-08-01 11:00:00,FLAT,625844300.454546,625844300.454546,0.0,1299.7
2024-08-01 11:15:00,FLAT,625844300.454546,625844300.454546,0.0,1299.0
2024-08-01 11:30:00,FLAT,625844300.454546,625844300.454546,0.0,1299.1
2024-08-01 13:00:00,FLAT,625844300.454546,625844300.454546,0.0,1296.9
2024-08-01 13:15:00,FLAT,625844300.454546,625844300.454546,0.0,1294.4
2024-08-01 13:30:00,FLAT,625844300.454546,625844300.454546,0.0,1293.1
2024-08-01 13:45:00,FLAT,625844300.454546,625844300.454546,0.0,1286.5
2024-08-01 14:00:00,FLAT,625844300.454546,625844300.454546,0.0,1271.8
2024-08-01 14:15:00,FLAT,625844300.454546,625844300.454546,0.0,1277.6
2024-08-01 14:30:00,FLAT,625844300.454546,625844300.454546,0.0,1279.0
2024-08-02 09:00:00,FLAT,625844300.454546,625844300.454546,0.0,1264.9
2024-08-02 09:15:00,FLAT,625844300.454546,625844300.454546,0.0,1265.4
2024-08-02 09:30:00,FLAT,625844300.454546,625844300.454546,0.0,1264.4
2024-08-02 09:45:00,FLAT,625844300.454546,625844300.454546,0.0,1264.4
2024-08-02 10:00:00,FLAT,625844300.454546,625844300.454546,0.0,1266.1
2024-08-02 10:15:00,FLAT,625844300.454546,625844300.454546,0.0,1265.8
2024-08-02 10:30:00,FLAT,625844300.454546,625844300.454546,0.0,1263.9
2024-08-02 10:45:00,FLAT,625844300.454546,625844300.454546,0.0,1261.5
2024-08-02 11:00:00,FLAT,625844300.454546,625844300.454546,0.0,1259.6
2024-08-02 11:15:00,FLAT,625844300.454546,625844300.454546,0.0,1262.4
2024-08-02 11:30:00,FLAT,625844300.454546,625844300.454546,0.0,1262.9
2024-08-02 13:00:00,FLAT,625844300.454546,625844300.454546,0.0,1261.8
2024-08-02 13:15:00,FLAT,625844300.454546,625844300.454546,0.0,1260.3
2024-08-02 13:30:00,FLAT,625844300.454546,625844300.454546,0.0,1259.4
2024-08-02 13:45:00,FLAT,625844300.454546,625844300.454546,0.0,1263.5
2024-08-02 14:00:00,FLAT,625844300.454546,625844300.454546,0.0,1271.2
2024-08-02 14:15:00,LONG,630053515.4545459,625653515.454546,4399999.999999864,1276.3
2024-08-02 14:30:00,LONG,629753515.4545459,625653515.454546,4099999.999999909,1276.0
2024-08-05 09:00:00,FLAT,610364995.4545459,610364995.4545459,0.0,1255.9
2024-08-05 09:15:00,FLAT,610364995.4545459,610364995.4545459,0.0,1259.0
2024-08-05 09:30:00,FLAT,610364995.4545459,610364995.4545459,0.0,1257.5
2024-08-05 09:45:00,FLAT,610364995.4545459,610364995.4545459,0.0,1256.8
2024-08-05 10:00:00,FLAT,610364995.4545459,610364995.4545459,0.0,1259.2
2024-08-05 10:15:00,FLAT,610364995.4545459,610364995.4545459,0.0,1261.0
2024-08-05 10:30:00,FLAT,610364995.4545459,610364995.4545459,0.0,1259.6
2024-08-05 10:45:00,FLAT,610364995.4545459,610364995.4545459,0.0,1256.3
2024-08-05 11:00:00,FLAT,610364995.4545459,610364995.4545459,0.0,1244.5
2024-08-05 11:15:00,FLAT,610364995.4545459,610364995.4545459,0.0,1252.5
2024-08-05 11:30:00,FLAT,610364995.4545459,610364995.4545459,0.0,1252.1
2024-08-05 13:00:00,FLAT,610364995.4545459,610364995.4545459,0.0,1240.0
2024-08-05 13:15:00,FLAT,610364995.4545459,610364995.4545459,0.0,1242.6
2024-08-05 13:30:00,FLAT,610364995.4545459,610364995.4545459,0.0,1239.0
2024-08-05 13:45:00,FLAT,610364995.4545459,610364995.4545459,0.0,1240.6
2024-08-05 14:00:00,FLAT,610364995.4545459,610364995.4545459,0.0,1237.5
2024-08-05 14:15:00,FLAT,610364995.4545459,610364995.4545459,0.0,1232.4
2024-08-05 14:30:00,FLAT,610364995.4545459,610364995.4545459,0.0,1233.9
2024-08-06 09:00:00,FLAT,610364995.4545459,610364995.4545459,0.0,1246.6
2024-08-06 09:15:00,FLAT,610364995.4545459,610364995.4545459,0.0,1244.5
2024-08-06 09:30:00,FLAT,610364995.4545459,610364995.4545459,0.0,1242.0
2024-08-06 09:45:00,FLAT,610364995.4545459,610364995.4545459,0.0,1240.0
2024-08-06 10:00:00,FLAT,610364995.4545459,610364995.4545459,0.0,1238.7
2024-08-06 10:15:00,FLAT,610364995.4545459,610364995.4545459,0.0,1242.8
2024-08-06 10:30:00,FLAT,610364995.4545459,610364995.4545459,0.0,1242.8
2024-08-06 10:45:00,FLAT,610364995.4545459,610364995.4545459,0.0,1243.1
2024-08-06 11:00:00,FLAT,610364995.4545459,610364995.4545459,0.0,1244.5
2024-08-06 11:15:00,FLAT,610364995.4545459,610364995.4545459,0.0,1244.8
2024-08-06 11:30:00,FLAT,610364995.4545459,610364995.4545459,0.0,1244.7
2024-08-06 13:00:00,FLAT,610364995.4545459,610364995.4545459,0.0,1248.9
2024-08-06 13:15:00,FLAT,610364995.4545459,610364995.4545459,0.0,1248.8
2024-08-06 13:30:00,FLAT,610364995.4545459,610364995.4545459,0.0,1251.4
2024-08-06 13:45:00,FLAT,610364995.4545459,610364995.4545459,0.0,1250.8
2024-08-06 14:00:00,FLAT,610364995.4545459,610364995.4545459,0.0,1252.5
2024-08-06 14:15:00,FLAT,610364995.4545459,610364995.4545459,0.0,1252.8
2024-08-06 14:30:00,FLAT,610364995.4545459,610364995.4545459,0.0,1252.4
2024-08-07 09:00:00,FLAT,610364995.4545459,610364995.4545459,0.0,1254.0
2024-08-07 09:15:00,FLAT,610364995.4545459,610364995.4545459,0.0,1253.5
2024-08-07 09:30:00,FLAT,610364995.4545459,610364995.4545459,0.0,1253.0
2024-08-07 09:45:00,FLAT,610364995.4545459,610364995.4545459,0.0,1250.8
2024-08-07 10:00:00,FLAT,610364995.4545459,610364995.4545459,0.0,1250.0
2024-08-07 10:15:00,FLAT,610364995.4545459,610364995.4545459,0.0,1248.3
2024-08-07 10:30:00,FLAT,610364995.4545459,610364995.4545459,0.0,1249.8
2024-08-07 10:45:00,FLAT,610364995.4545459,610364995.4545459,0.0,1248.9
2024-08-07 11:00:00,FLAT,610364995.4545459,610364995.4545459,0.0,1247.0
2024-08-07 11:15:00,FLAT,610364995.4545459,610364995.4545459,0.0,1247.1
2024-08-07 11:30:00,FLAT,610364995.4545459,610364995.4545459,0.0,1247.3
2024-08-07 13:00:00,FLAT,610364995.4545459,610364995.4545459,0.0,1249.8
2024-08-07 13:15:00,FLAT,610364995.4545459,610364995.4545459,0.0,1250.1
2024-08-07 13:30:00,FLAT,610364995.4545459,610364995.4545459,0.0,1251.3
2024-08-07 13:45:00,FLAT,610364995.4545459,610364995.4545459,0.0,1249.1
2024-08-07 14:00:00,FLAT,610364995.4545459,610364995.4545459,0.0,1252.8
2024-08-07 14:15:00,FLAT,607821208.8636367,607821208.8636367,0.0,1250.6
2024-08-07 14:30:00,FLAT,607821208.8636367,607821208.8636367,0.0,1253.0
2024-08-08 09:00:00,FLAT,607821208.8636367,607821208.8636367,0.0,1245.2
2024-08-08 09:15:00,FLAT,607821208.8636367,607821208.8636367,0.0,1246.3
2024-08-08 09:30:00,FLAT,607821208.8636367,607821208.8636367,0.0,1245.9
2024-08-08 09:45:00,FLAT,607821208.8636367,607821208.8636367,0.0,1242.6
2024-08-08 10:00:00,FLAT,607821208.8636367,607821208.8636367,0.0,1244.4
2024-08-08 10:15:00,FLAT,607821208.8636367,607821208.8636367,0.0,1245.5
2024-08-08 10:30:00,FLAT,607821208.8636367,607821208.8636367,0.0,1245.3
2024-08-08 10:45:00,FLAT,607821208.8636367,607821208.8636367,0.0,1248.4
2024-08-08 11:00:00,FLAT,607821208.8636367,607821208.8636367,0.0,1249.4
2024-08-08 11:15:00,LONG,606933708.8636367,607633708.8636367,-700000.0000000455,1249.3
2024-08-08 11:30:00,LONG,607133708.8636367,607633708.8636367,-500000.0,1249.5
2024-08-08 13:00:00,FLAT,604814785.454546,604814785.454546,0.0,1247.1
2024-08-08 13:15:00,FLAT,604814785.454546,604814785.454546,0.0,1246.7
2024-08-08 13:30:00,FLAT,604814785.454546,604814785.454546,0.0,1243.1
2024-08-08 13:45:00,FLAT,604814785.454546,604814785.454546,0.0,1241.8
2024-08-08 14:00:00,FLAT,604814785.454546,604814785.454546,0.0,1241.8
2024-08-08 14:15:00,FLAT,604814785.454546,604814785.454546,0.0,1241.9
2024-08-08 14:30:00,FLAT,604814785.454546,604814785.454546,0.0,1239.2
2024-08-09 09:00:00,FLAT,604814785.454546,604814785.454546,0.0,1251.0
2024-08-09 09:15:00,FLAT,604814785.454546,604814785.454546,0.0,1249.1
2024-08-09 09:30:00,FLAT,604814785.454546,604814785.454546,0.0,1250.6
2024-08-09 09:45:00,FLAT,604814785.454546,604814785.454546,0.0,1252.6
2024-08-09 10:00:00,LONG,604326835.454546,604626835.454546,-299999.99999995454,1252.7
2024-08-09 10:15:00,LONG,604026835.4545461,604626835.454546,-599999.9999999091,1252.4
2024-08-09 10:30:00,LONG,604426835.454546,604626835.454546,-200000.00000004546,1252.8
2024-08-09 10:45:00,FLAT,601352984.7727277,601352984.7727277,0.0,1250.4
2024-08-09 11:00:00,FLAT,601352984.7727277,601352984.7727277,0.0,1250.9
2024-08-09 11:15:00,FLAT,601352984.7727277,601352984.7727277,0.0,1250.9
2024-08-09 11:30:00,FLAT,601352984.7727277,601352984.7727277,0.0,1250.9
2024-08-09 13:00:00,FLAT,601352984.7727277,601352984.7727277,0.0,1252.2
2024-08-09 13:15:00,FLAT,601352984.7727277,601352984.7727277,0.0,1255.8
2024-08-09 13:30:00,FLAT,601352984.7727277,601352984.7727277,0.0,1255.4
2024-08-09 13:45:00,FLAT,601352984.7727277,601352984.7727277,0.0,1261.6
2024-08-09 14:00:00,FLAT,601352984.7727277,601352984.7727277,0.0,1264.8
2024-08-09 14:15:00,FLAT,601352984.7727277,601352984.7727277,0.0,1263.4
2024-08-09 14:30:00,FLAT,601352984.7727277,601352984.7727277,0.0,1264.3
2024-08-12 09:00:00,FLAT,601352984.7727277,601352984.7727277,0.0,1260.9
2024-08-12 09:15:00,FLAT,601352984.7727277,601352984.7727277,0.0,1262.4
2024-08-12 09:30:00,FLAT,601352984.7727277,601352984.7727277,0.0,1263.2
2024-08-12 09:45:00,FLAT,601352984.7727277,601352984.7727277,0.0,1260.0
2024-08-12 10:00:00,FLAT,601352984.7727277,601352984.7727277,0.0,1262.0
2024-08-12 10:15:00,FLAT,601352984.7727277,601352984.7727277,0.0,1261.5
2024-08-12 10:30:00,FLAT,601352984.7727277,601352984.7727277,0.0,1263.1
2024-08-12 10:45:00,FLAT,601352984.7727277,601352984.7727277,0.0,1263.5
2024-08-12 11:00:00,FLAT,601352984.7727277,601352984.7727277,0.0,1264.7
2024-08-12 11:15:00,FLAT,601352984.7727277,601352984.7727277,0.0,1265.4
2024-08-12 13:00:00,FLAT,601352984.7727277,601352984.7727277,0.0,1262.9
2024-08-12 13:15:00,FLAT,601352984.7727277,601352984.7727277,0.0,1261.6
2024-08-12 13:30:00,FLAT,601352984.7727277,601352984.7727277,0.0,1260.8
2024-08-12 13:45:00,FLAT,601352984.7727277,601352984.7727277,0.0,1264.6
2024-08-12 14:00:00,FLAT,601352984.7727277,601352984.7727277,0.0,1268.8
2024-08-12 14:15:00,LONG,601062574.7727276,601162574.7727277,-100000.00000013642,1269.3
2024-08-12 14:30:00,LONG,601762574.7727276,601162574.7727277,599999.9999999091,1270.0
2024-08-13 09:00:00,FLAT,598258935.4545459,598258935.4545459,0.0,1267.0
2024-08-13 09:15:00,FLAT,598258935.4545459,598258935.4545459,0.0,1267.6
2024-08-13 09:30:00,FLAT,598258935.4545459,598258935.4545459,0.0,1267.6
2024-08-13 09:45:00,FLAT,598258935.4545459,598258935.4545459,0.0,1268.7
2024-08-13 10:00:00,FLAT,598258935.4545459,598258935.4545459,0.0,1267.6
2024-08-13 10:15:00,FLAT,598258935.4545459,598258935.4545459,0.0,1268.7
2024-08-13 10:30:00,FLAT,598258935.4545459,598258935.4545459,0.0,1267.0
2024-08-13 10:45:00,FLAT,598258935.4545459,598258935.4545459,0.0,1266.2
2024-08-13 11:00:00,FLAT,598258935.4545459,598258935.4545459,0.0,1266.5
2024-08-13 11:15:00,FLAT,598258935.4545459,598258935.4545459,0.0,1265.6
2024-08-13 11:30:00,FLAT,598258935.4545459,598258935.4545459,0.0,1265.6
2024-08-13 13:00:00,FLAT,598258935.4545459,598258935.4545459,0.0,1266.5
2024-08-13 13:15:00,FLAT,598258935.4545459,598258935.4545459,0.0,1268.7
2024-08-13 13:30:00,FLAT,598258935.4545459,598258935.4545459,0.0,1268.7
2024-08-13 13:45:00,FLAT,598258935.4545459,598258935.4545459,0.0,1266.8
2024-08-13 14:00:00,FLAT,598258935.4545459,598258935.4545459,0.0,1264.2
2024-08-13 14:15:00,FLAT,598258935.4545459,598258935.4545459,0.0,1268.1
2024-08-13 14:30:00,FLAT,598258935.4545459,598258935.4545459,0.0,1266.5
2024-08-14 09:00:00,FLAT,598258935.4545459,598258935.4545459,0.0,1270.9
2024-08-14 09:15:00,FLAT,598258935.4545459,598258935.4545459,0.0,1271.5
2024-08-14 09:30:00,FLAT,598258935.4545459,598258935.4545459,0.0,1272.2
2024-08-14 09:45:00,FLAT,598258935.4545459,598258935.4545459,0.0,1271.0
2024-08-14 10:00:00,FLAT,598258935.4545459,598258935.4545459,0.0,1271.4
2024-08-14 10:15:00,FLAT,598258935.4545459,598258935.4545459,0.0,1271.4
2024-08-14 10:30:00,FLAT,598258935.4545459,598258935.4545459,0.0,1269.6
2024-08-14 10:45:00,FLAT,598258935.4545459,598258935.4545459,0.0,1270.3
2024-08-14 11:00:00,FLAT,598258935.4545459,598258935.4545459,0.0,1269.7
2024-08-14 11:15:00,FLAT,598258935.4545459,598258935.4545459,0.0,1270.3
2024-08-14 11:30:00,FLAT,598258935.4545459,598258935.4545459,0.0,1270.5
2024-08-14 13:00:00,FLAT,598258935.4545459,598258935.4545459,0.0,1270.7
2024-08-14 13:15:00,FLAT,598258935.4545459,598258935.4545459,0.0,1272.1
2024-08-14 13:30:00,FLAT,598258935.4545459,598258935.4545459,0.0,1269.1
2024-08-14 13:45:00,FLAT,598258935.4545459,598258935.4545459,0.0,1271.5
2024-08-14 14:00:00,FLAT,598258935.4545459,598258935.4545459,0.0,1269.1
2024-08-14 14:15:00,FLAT,598258935.4545459,598258935.4545459,0.0,1271.8
2024-08-14 14:30:00,FLAT,598258935.4545459,598258935.4545459,0.0,1272.0
2024-08-15 09:00:00,FLAT,598258935.4545459,598258935.4545459,0.0,1268.9
2024-08-15 09:15:00,FLAT,598258935.4545459,598258935.4545459,0.0,1268.3
2024-08-15 09:30:00,FLAT,598258935.4545459,598258935.4545459,0.0,1268.8
2024-08-15 09:45:00,FLAT,598258935.4545459,598258935.4545459,0.0,1268.9
2024-08-15 10:00:00,FLAT,598258935.4545459,598258935.4545459,0.0,1268.1
2024-08-15 10:15:00,FLAT,598258935.4545459,598258935.4545459,0.0,1267.9
2024-08-15 10:30:00,FLAT,598258935.4545459,598258935.4545459,0.0,1268.2
2024-08-15 10:45:00,FLAT,598258935.4545459,598258935.4545459,0.0,1267.6
2024-08-15 11:00:00,FLAT,598258935.4545459,598258935.4545459,0.0,1268.3
2024-08-15 11:15:00,FLAT,598258935.4545459,598258935.4545459,0.0,1267.9
2024-08-15 11:30:00,FLAT,598258935.4545459,598258935.4545459,0.0,1268.0
2024-08-15 13:00:00,FLAT,598258935.4545459,598258935.4545459,0.0,1267.7
2024-08-15 13:15:00,FLAT,598258935.4545459,598258935.4545459,0.0,1269.0
2024-08-15 13:30:00,FLAT,598258935.4545459,598258935.4545459,0.0,1268.5
2024-08-15 13:45:00,FLAT,598258935.4545459,598258935.4545459,0.0,1267.3
2024-08-15 14:00:00,FLAT,598258935.4545459,598258935.4545459,0.0,1264.4
2024-08-15 14:15:00,FLAT,598258935.4545459,598258935.4545459,0.0,1268.2
2024-08-15 14:30:00,FLAT,598258935.4545459,598258935.4545459,0.0,1268.6
2024-08-16 09:00:00,FLAT,598258935.4545459,598258935.4545459,0.0,1269.8
2024-08-16 09:15:00,FLAT,598258935.4545459,598258935.4545459,0.0,1269.1
2024-08-16 09:30:00,FLAT,598258935.4545459,598258935.4545459,0.0,1269.9
2024-08-16 09:45:00,FLAT,598258935.4545459,598258935.4545459,0.0,1270.2
2024-08-16 10:00:00,FLAT,598258935.4545459,598258935.4545459,0.0,1272.6
2024-08-16 10:15:00,LONG,601868000.4545459,598068000.4545459,3799999.9999999544,1276.7
2024-08-16 10:30:00,LONG,601468000.4545457,598068000.4545459,3399999.9999998636,1276.3
2024-08-16 10:45:00,LONG,604568000.4545459,598068000.4545459,6500000.0,1279.4
2024-08-16 11:00:00,LONG,604768000.4545456,598068000.4545459,6699999.999999818,1279.6
2024-08-16 11:15:00,LONG,604168000.4545457,598068000.4545459,6099999.999999909,1279.0
2024-08-16 11:30:00,LONG,604068000.4545459,598068000.4545459,6000000.0,1278.9
2024-08-16 13:00:00,LONG,607668000.4545457,598068000.4545459,9599999.999999909,1282.5
2024-08-16 13:15:00,FLAT,608575460.4545456,608575460.4545456,0.0,1284.0
2024-08-16 13:30:00,FLAT,608575460.4545456,608575460.4545456,0.0,1286.3
2024-08-16 13:45:00,FLAT,608575460.4545456,608575460.4545456,0.0,1287.2
2024-08-16 14:00:00,FLAT,608575460.4545456,608575460.4545456,0.0,1287.0
2024-08-16 14:15:00,FLAT,608575460.4545456,608575460.4545456,0.0,1289.0
2024-08-16 14:30:00,LONG,607782170.4545457,608382170.4545456,-599999.9999999091,1288.0
2024-08-19 09:00:00,LONG,611082170.4545456,608382170.4545456,2700000.0000000456,1291.3
2024-08-19 09:15:00,LONG,610682170.4545459,608382170.4545456,2300000.000000182,1290.9
2024-08-19 09:30:00,LONG,613482170.4545457,608382170.4545456,5100000.000000136,1293.7
2024-08-19 09:45:00,LONG,614682170.4545459,608382170.4545456,6300000.000000182,1294.9
2024-08-19 10:00:00,LONG,615782170.4545457,608382170.4545456,7400000.000000091,1296.0
2024-08-19 10:15:00,LONG,615382170.4545456,608382170.4545456,7000000.0,1295.6
2024-08-19 10:30:00,LONG,615782170.4545457,608382170.4545456,7400000.000000091,1296.0
2024-08-19 10:45:00,LONG,616982170.4545457,608382170.4545456,8600000.000000136,1297.2
2024-08-19 11:00:00,LONG,617182170.4545459,608382170.4545456,8800000.000000183,1297.4
2024-08-19 11:15:00,LONG,616182170.4545459,608382170.4545456,7800000.000000182,1296.4
2024-08-19 11:30:00,LONG,616182170.4545459,608382170.4545456,7800000.000000182,1296.4
2024-08-19 13:00:00,LONG,614782170.4545457,608382170.4545456,6400000.000000091,1295.0
2024-08-19 13:15:00,LONG,614882170.4545456,608382170.4545456,6500000.0,1295.1
2024-08-19 13:30:00,LONG,616382170.4545456,608382170.4545456,8000000.0,1296.6
2024-08-19 13:45:00,LONG,619082170.4545456,608382170.4545456,10700000.000000045,1299.3
2024-08-19 14:00:00,LONG,617882170.4545456,608382170.4545456,9500000.0,1298.1
2024-08-19 14:15:00,LONG,617982170.4545457,608382170.4545456,9600000.000000136,1298.2
2024-08-19 14:30:00,LONG,619382170.4545456,608382170.4545456,11000000.0,1299.6
2024-08-20 09:00:00,FLAT,621186930.4545456,621186930.4545456,0.0,1298.4
2024-08-20 09:15:00,FLAT,621186930.4545456,621186930.4545456,0.0,1299.6
2024-08-20 09:30:00,FLAT,621186930.4545456,621186930.4545456,0.0,1303.1
2024-08-20 09:45:00,FLAT,621186930.4545456,621186930.4545456,0.0,1303.9
2024-08-20 10:00:00,FLAT,621186930.4545456,621186930.4545456,0.0,1302.6
2024-08-20 10:15:00,FLAT,621186930.4545456,621186930.4545456,0.0,1302.7
2024-08-20 10:30:00,FLAT,621186930.4545456,621186930.4545456,0.0,1302.1
2024-08-20 10:45:00,FLAT,621186930.4545456,621186930.4545456,0.0,1301.3
2024-08-20 11:00:00,FLAT,621186930.4545456,621186930.4545456,0.0,1301.3
2024-08-20 11:15:00,FLAT,621186930.4545456,621186930.4545456,0.0,1301.4
2024-08-20 11:30:00,FLAT,621186930.4545456,621186930.4545456,0.0,1301.2
2024-08-20 13:00:00,FLAT,621186930.4545456,621186930.4545456,0.0,1304.7
2024-08-20 13:15:00,FLAT,621186930.4545456,621186930.4545456,0.0,1305.9
2024-08-20 13:30:00,FLAT,621186930.4545456,621186930.4545456,0.0,1305.3
2024-08-20 13:45:00,FLAT,621186930.4545456,621186930.4545456,0.0,1307.2
2024-08-20 14:00:00,FLAT,621186930.4545456,621186930.4545456,0.0,1305.3
2024-08-20 14:15:00,FLAT,621186930.4545456,621186930.4545456,0.0,1302.6
2024-08-20 14:30:00,FLAT,621186930.4545456,621186930.4545456,0.0,1302.4
2024-08-21 09:00:00,FLAT,621186930.4545456,621186930.4545456,0.0,1299.7
2024-08-21 09:15:00,FLAT,621186930.4545456,621186930.4545456,0.0,1301.5
2024-08-21 09:30:00,FLAT,621186930.4545456,621186930.4545456,0.0,1301.0
2024-08-21 09:45:00,FLAT,621186930.4545456,621186930.4545456,0.0,1301.0
2024-08-21 10:00:00,FLAT,621186930.4545456,621186930.4545456,0.0,1301.4
2024-08-21 10:15:00,FLAT,621186930.4545456,621186930.4545456,0.0,1299.6
2024-08-21 10:30:00,FLAT,621186930.4545456,621186930.4545456,0.0,1298.9
2024-08-21 10:45:00,FLAT,621186930.4545456,621186930.4545456,0.0,1298.8
2024-08-21 11:00:00,FLAT,621186930.4545456,621186930.4545456,0.0,1299.4
2024-08-21 11:15:00,FLAT,621186930.4545456,621186930.4545456,0.0,1300.5
2024-08-21 11:30:00,FLAT,621186930.4545456,621186930.4545456,0.0,1300.7
2024-08-21 13:00:00,FLAT,621186930.4545456,621186930.4545456,0.0,1305.2
2024-08-21 13:15:00,FLAT,621186930.4545456,621186930.4545456,0.0,1305.5
2024-08-21 13:30:00,FLAT,621186930.4545456,621186930.4545456,0.0,1307.2
2024-08-21 13:45:00,FLAT,621186930.4545456,621186930.4545456,0.0,1307.3
2024-08-21 14:00:00,FLAT,621186930.4545456,621186930.4545456,0.0,1307.6
2024-08-21 14:15:00,FLAT,621186930.4545456,621186930.4545456,0.0,1313.6
2024-08-21 14:30:00,FLAT,621186930.4545456,621186930.4545456,0.0,1313.5
2024-08-22 09:00:00,FLAT,621186930.4545456,621186930.4545456,0.0,1316.0
2024-08-22 09:15:00,FLAT,621186930.4545456,621186930.4545456,0.0,1314.7
2024-08-22 09:30:00,FLAT,621186930.4545456,621186930.4545456,0.0,1313.9
2024-08-22 09:45:00,FLAT,621186930.4545456,621186930.4545456,0.0,1311.7
2024-08-22 10:00:00,FLAT,621186930.4545456,621186930.4545456,0.0,1312.8
2024-08-22 10:15:00,FLAT,621186930.4545456,621186930.4545456,0.0,1312.4
2024-08-22 10:30:00,FLAT,621186930.4545456,621186930.4545456,0.0,1312.0
2024-08-22 10:45:00,FLAT,621186930.4545456,621186930.4545456,0.0,1314.5
2024-08-22 11:00:00,FLAT,621186930.4545456,621186930.4545456,0.0,1314.5
2024-08-22 11:15:00,FLAT,621186930.4545456,621186930.4545456,0.0,1314.0
2024-08-22 11:30:00,FLAT,621186930.4545456,621186930.4545456,0.0,1314.0
2024-08-22 13:00:00,FLAT,621186930.4545456,621186930.4545456,0.0,1312.6
2024-08-22 13:15:00,FLAT,621186930.4545456,621186930.4545456,0.0,1313.1
2024-08-22 13:30:00,FLAT,621186930.4545456,621186930.4545456,0.0,1313.3
2024-08-22 13:45:00,FLAT,621186930.4545456,621186930.4545456,0.0,1313.9
2024-08-22 14:00:00,FLAT,621186930.4545456,621186930.4545456,0.0,1312.7
2024-08-22 14:15:00,FLAT,621186930.4545456,621186930.4545456,0.0,1313.5
2024-08-22 14:30:00,FLAT,621186930.4545456,621186930.4545456,0.0,1315.0
2024-08-23 09:00:00,FLAT,621186930.4545456,621186930.4545456,0.0,1312.0
2024-08-23 09:15:00,FLAT,621186930.4545456,621186930.4545456,0.0,1313.2
2024-08-23 09:30:00,FLAT,621186930.4545456,621186930.4545456,0.0,1312.5
2024-08-23 09:45:00,FLAT,621186930.4545456,621186930.4545456,0.0,1311.8
2024-08-23 10:00:00,FLAT,621186930.4545456,621186930.4545456,0.0,1311.6
2024-08-23 10:15:00,FLAT,621186930.4545456,621186930.4545456,0.0,1312.8
2024-08-23 10:30:00,FLAT,621186930.4545456,621186930.4545456,0.0,1311.9
2024-08-23 10:45:00,FLAT,621186930.4545456,621186930.4545456,0.0,1312.3
2024-08-23 11:00:00,FLAT,621186930.4545456,621186930.4545456,0.0,1311.6
2024-08-23 11:15:00,FLAT,621186930.4545456,621186930.4545456,0.0,1310.9
2024-08-23 11:30:00,FLAT,621186930.4545456,621186930.4545456,0.0,1310.9
2024-08-23 13:00:00,FLAT,621186930.4545456,621186930.4545456,0.0,1313.3
2024-08-23 13:15:00,FLAT,621186930.4545456,621186930.4545456,0.0,1314.5
2024-08-23 13:30:00,FLAT,621186930.4545456,621186930.4545456,0.0,1315.0
2024-08-23 13:45:00,FLAT,621186930.4545456,621186930.4545456,0.0,1315.5
2024-08-23 14:00:00,FLAT,621186930.4545456,621186930.4545456,0.0,1315.9
2024-08-23 14:15:00,FLAT,621186930.4545456,621186930.4545456,0.0,1317.5
2024-08-23 14:30:00,FLAT,621186930.4545456,621186930.4545456,0.0,1318.0
2024-08-26 09:00:00,FLAT,621186930.4545456,621186930.4545456,0.0,1320.5
2024-08-26 09:15:00,FLAT,621186930.4545456,621186930.4545456,0.0,1319.6
2024-08-26 09:30:00,FLAT,621186930.4545456,621186930.4545456,0.0,1320.3
2024-08-26 09:45:00,FLAT,621186930.4545456,621186930.4545456,0.0,1320.0
2024-08-26 10:00:00,FLAT,621186930.4545456,621186930.4545456,0.0,1319.4
2024-08-26 10:15:00,FLAT,621186930.4545456,621186930.4545456,0.0,1319.5
2024-08-26 10:30:00,FLAT,621186930.4545456,621186930.4545456,0.0,1320.0
2024-08-26 10:45:00,FLAT,621186930.4545456,621186930.4545456,0.0,1320.0
2024-08-26 11:00:00,FLAT,621186930.4545456,621186930.4545456,0.0,1319.9
2024-08-26 11:15:00,FLAT,621186930.4545456,621186930.4545456,0.0,1320.6
2024-08-26 11:30:00,FLAT,621186930.4545456,621186930.4545456,0.0,1320.7
2024-08-26 13:00:00,FLAT,621186930.4545456,621186930.4545456,0.0,1322.6
2024-08-26 13:15:00,FLAT,621186930.4545456,621186930.4545456,0.0,1321.0
2024-08-26 13:30:00,FLAT,621186930.4545456,621186930.4545456,0.0,1320.8
2024-08-26 13:45:00,FLAT,621186930.4545456,621186930.4545456,0.0,1321.3
2024-08-26 14:00:00,FLAT,621186930.4545456,621186930.4545456,0.0,1316.8
2024-08-26 14:15:00,FLAT,621186930.4545456,621186930.4545456,0.0,1317.1
2024-08-26 14:30:00,FLAT,621186930.4545456,621186930.4545456,0.0,1318.9
2024-08-27 09:00:00,FLAT,621186930.4545456,621186930.4545456,0.0,1316.2
2024-08-27 09:15:00,FLAT,621186930.4545456,621186930.4545456,0.0,1316.6
2024-08-27 09:30:00,FLAT,621186930.4545456,621186930.4545456,0.0,1317.9
2024-08-27 09:45:00,FLAT,621186930.4545456,621186930.4545456,0.0,1317.1
2024-08-27 10:00:00,FLAT,621186930.4545456,621186930.4545456,0.0,1319.1
2024-08-27 10:15:00,LONG,619988975.4545456,620988975.4545456,-1000000.0,1318.7
2024-08-27 10:30:00,FLAT,618427738.6363636,618427738.6363636,0.0,1317.4
2024-08-27 10:45:00,FLAT,618427738.6363636,618427738.6363636,0.0,1317.1
2024-08-27 11:00:00,FLAT,618427738.6363636,618427738.6363636,0.0,1315.6
2024-08-27 11:15:00,FLAT,618427738.6363636,618427738.6363636,0.0,1316.7
2024-08-27 11:30:00,FLAT,618427738.6363636,618427738.6363636,0.0,1316.7
2024-08-27 13:00:00,FLAT,618427738.6363636,618427738.6363636,0.0,1317.4
2024-08-27 13:15:00,FLAT,618427738.6363636,618427738.6363636,0.0,1317.4
2024-08-27 13:30:00,FLAT,618427738.6363636,618427738.6363636,0.0,1318.0
2024-08-27 13:45:00,FLAT,618427738.6363636,618427738.6363636,0.0,1319.0
2024-08-27 14:00:00,FLAT,618427738.6363636,618427738.6363636,0.0,1319.6
2024-08-27 14:15:00,LONG,620729738.6363636,618229738.6363636,2500000.0,1322.5
2024-08-27 14:30:00,LONG,621629738.6363637,618229738.6363636,3400000.000000091,1323.4
2024-08-28 09:00:00,LONG,620329738.6363635,618229738.6363636,2099999.999999909,1322.1
2024-08-28 09:15:00,LONG,621329738.6363635,618229738.6363636,3099999.999999909,1323.1
2024-08-28 09:30:00,LONG,621029738.6363636,618229738.6363636,2799999.9999999544,1322.8
2024-08-28 09:45:00,LONG,620629738.6363637,618229738.6363636,2400000.000000091,1322.4
2024-08-28 10:00:00,LONG,619729738.6363636,618229738.6363636,1500000.0,1321.5
2024-08-28 10:15:00,LONG,620329738.6363635,618229738.6363636,2099999.999999909,1322.1
2024-08-28 10:30:00,LONG,621029738.6363636,618229738.6363636,2799999.9999999544,1322.8
2024-08-28 10:45:00,LONG,622329738.6363635,618229738.6363636,4099999.999999909,1324.1
2024-08-28 11:00:00,FLAT,616309269.7727273,616309269.7727273,0.0,1319.8
2024-08-28 11:15:00,FLAT,616309269.7727273,616309269.7727273,0.0,1318.4
2024-08-28 11:30:00,FLAT,616309269.7727273,616309269.7727273,0.0,1318.8
2024-08-28 13:00:00,FLAT,616309269.7727273,616309269.7727273,0.0,1320.2
2024-08-28 13:15:00,FLAT,616309269.7727273,616309269.7727273,0.0,1321.6
2024-08-28 13:30:00,FLAT,616309269.7727273,616309269.7727273,0.0,1321.5
2024-08-28 13:45:00,FLAT,616309269.7727273,616309269.7727273,0.0,1319.9
2024-08-28 14:00:00,FLAT,616309269.7727273,616309269.7727273,0.0,1321.7
2024-08-28 14:15:00,FLAT,616309269.7727273,616309269.7727273,0.0,1323.3
2024-08-28 14:30:00,FLAT,613926184.0909089,613926184.0909089,0.0,1323.6
2024-08-29 09:00:00,FLAT,613926184.0909089,613926184.0909089,0.0,1321.2
2024-08-29 09:15:00,FLAT,613926184.0909089,613926184.0909089,0.0,1324.7
2024-08-29 09:30:00,FLAT,613926184.0909089,613926184.0909089,0.0,1328.2
2024-08-29 09:45:00,FLAT,613926184.0909089,613926184.0909089,0.0,1328.3
2024-08-29 10:00:00,FLAT,613926184.0909089,613926184.0909089,0.0,1327.0
2024-08-29 10:15:00,FLAT,613926184.0909089,613926184.0909089,0.0,1327.1
2024-08-29 10:30:00,FLAT,613926184.0909089,613926184.0909089,0.0,1327.2
2024-08-29 10:45:00,FLAT,613926184.0909089,613926184.0909089,0.0,1327.3
2024-08-29 11:00:00,FLAT,613926184.0909089,613926184.0909089,0.0,1328.9
2024-08-29 11:15:00,FLAT,613926184.0909089,613926184.0909089,0.0,1328.0
2024-08-29 11:30:00,FLAT,613926184.0909089,613926184.0909089,0.0,1328.1
2024-08-29 13:00:00,FLAT,613926184.0909089,613926184.0909089,0.0,1328.7
2024-08-29 13:15:00,FLAT,613926184.0909089,613926184.0909089,0.0,1327.4
2024-08-29 13:30:00,FLAT,613926184.0909089,613926184.0909089,0.0,1326.3
2024-08-29 13:45:00,FLAT,613926184.0909089,613926184.0909089,0.0,1326.5
2024-08-29 14:00:00,FLAT,613926184.0909089,613926184.0909089,0.0,1327.5
2024-08-29 14:15:00,FLAT,613926184.0909089,613926184.0909089,0.0,1327.5
2024-08-29 14:30:00,FLAT,613926184.0909089,613926184.0909089,0.0,1326.7
2024-08-30 09:00:00,FLAT,613926184.0909089,613926184.0909089,0.0,1330.6
2024-08-30 09:15:00,FLAT,613926184.0909089,613926184.0909089,0.0,1330.7
2024-08-30 09:30:00,FLAT,613926184.0909089,613926184.0909089,0.0,1330.1
2024-08-30 09:45:00,FLAT,613926184.0909089,613926184.0909089,0.0,1329.5
2024-08-30 10:00:00,FLAT,613926184.0909089,613926184.0909089,0.0,1330.2
2024-08-30 10:15:00,FLAT,613926184.0909089,613926184.0909089,0.0,1330.5
2024-08-30 10:30:00,FLAT,613926184.0909089,613926184.0909089,0.0,1330.2
2024-08-30 10:45:00,FLAT,613926184.0909089,613926184.0909089,0.0,1329.6
2024-08-30 11:00:00,FLAT,613926184.0909089,613926184.0909089,0.0,1330.2
2024-08-30 11:15:00,FLAT,613926184.0909089,613926184.0909089,0.0,1330.6
2024-08-30 13:00:00,FLAT,613926184.0909089,613926184.0909089,0.0,1332.5
2024-08-30 13:15:00,FLAT,613926184.0909089,613926184.0909089,0.0,1333.1
2024-08-30 13:30:00,FLAT,613926184.0909089,613926184.0909089,0.0,1333.8
2024-08-30 13:45:00,FLAT,613926184.0909089,613926184.0909089,0.0,1333.4
2024-08-30 14:00:00,FLAT,613926184.0909089,613926184.0909089,0.0,1333.0
2024-08-30 14:15:00,FLAT,613926184.0909089,613926184.0909089,0.0,1332.3
2024-08-30 14:30:00,FLAT,613926184.0909089,613926184.0909089,0.0,1333.3
2024-09-04 09:00:00,FLAT,613926184.0909089,613926184.0909089,0.0,1312.3
2024-09-04 09:15:00,FLAT,613926184.0909089,613926184.0909089,0.0,1313.0
2024-09-04 09:30:00,FLAT,613926184.0909089,613926184.0909089,0.0,1313.3
2024-09-04 09:45:00,FLAT,613926184.0909089,613926184.0909089,0.0,1314.8
2024-09-04 10:00:00,FLAT,613926184.0909089,613926184.0909089,0.0,1313.9
2024-09-04 10:15:00,FLAT,613926184.0909089,613926184.0909089,0.0,1312.6
2024-09-04 10:30:00,FLAT,613926184.0909089,613926184.0909089,0.0,1312.6
2024-09-04 10:45:00,FLAT,613926184.0909089,613926184.0909089,0.0,1309.8
2024-09-04 11:00:00,FLAT,613926184.0909089,613926184.0909089,0.0,1310.6
2024-09-04 11:15:00,FLAT,613926184.0909089,613926184.0909089,0.0,1309.8
2024-09-04 11:30:00,FLAT,613926184.0909089,613926184.0909089,0.0,1309.6
2024-09-04 13:00:00,FLAT,613926184.0909089,613926184.0909089,0.0,1310.4
2024-09-04 13:15:00,FLAT,613926184.0909089,613926184.0909089,0.0,1311.4
2024-09-04 13:30:00,FLAT,613926184.0909089,613926184.0909089,0.0,1310.2
2024-09-04 13:45:00,FLAT,613926184.0909089,613926184.0909089,0.0,1311.0
2024-09-04 14:00:00,FLAT,613926184.0909089,613926184.0909089,0.0,1313.2
2024-09-04 14:15:00,FLAT,611477866.8181816,611477866.8181816,0.0,1312.8
2024-09-04 14:30:00,FLAT,611477866.8181816,611477866.8181816,0.0,1313.0
2024-09-05 09:00:00,FLAT,611477866.8181816,611477866.8181816,0.0,1315.5
2024-09-05 09:15:00,FLAT,611477866.8181816,611477866.8181816,0.0,1315.4
2024-09-05 09:30:00,FLAT,611477866.8181816,611477866.8181816,0.0,1317.4
2024-09-05 09:45:00,FLAT,611477866.8181816,611477866.8181816,0.0,1317.6
2024-09-05 10:00:00,FLAT,611477866.8181816,611477866.8181816,0.0,1317.4
2024-09-05 10:15:00,FLAT,611477866.8181816,611477866.8181816,0.0,1317.3
2024-09-05 10:30:00,FLAT,611477866.8181816,611477866.8181816,0.0,1316.5
2024-09-05 10:45:00,FLAT,611477866.8181816,611477866.8181816,0.0,1314.3
2024-09-05 11:00:00,FLAT,611477866.8181816,611477866.8181816,0.0,1314.5
2024-09-05 11:15:00,FLAT,611477866.8181816,611477866.8181816,0.0,1314.2
2024-09-05 13:00:00,FLAT,611477866.8181816,611477866.8181816,0.0,1315.3
2024-09-05 13:15:00,FLAT,611477866.8181816,611477866.8181816,0.0,1313.6
2024-09-05 13:30:00,FLAT,611477866.8181816,611477866.8181816,0.0,1313.5
2024-09-05 13:45:00,FLAT,611477866.8181816,611477866.8181816,0.0,1311.0
2024-09-05 14:00:00,FLAT,611477866.8181816,611477866.8181816,0.0,1312.2
2024-09-05 14:15:00,FLAT,611477866.8181816,611477866.8181816,0.0,1307.0
2024-09-05 14:30:00,FLAT,611477866.8181816,611477866.8181816,0.0,1306.8
2024-09-06 09:00:00,FLAT,611477866.8181816,611477866.8181816,0.0,1307.6
2024-09-06 09:15:00,FLAT,611477866.8181816,611477866.8181816,0.0,1306.5
2024-09-06 09:30:00,FLAT,611477866.8181816,611477866.8181816,0.0,1308.3
2024-09-06 09:45:00,FLAT,611477866.8181816,611477866.8181816,0.0,1310.0
2024-09-06 10:00:00,LONG,610881321.8181818,611281321.8181816,-399999.99999986356,1309.9
2024-09-06 10:15:00,LONG,610481321.8181816,611281321.8181816,-799999.9999999545,1309.5
2024-09-06 10:30:00,FLAT,608962367.9545454,608962367.9545454,0.0,1307.9
2024-09-06 10:45:00,FLAT,608962367.9545454,608962367.9545454,0.0,1308.2
2024-09-06 11:00:00,FLAT,608962367.9545454,608962367.9545454,0.0,1307.0
2024-09-06 11:15:00,FLAT,608962367.9545454,608962367.9545454,0.0,1308.0
2024-09-06 11:30:00,FLAT,608962367.9545454,608962367.9545454,0.0,1308.2
2024-09-06 13:00:00,FLAT,608962367.9545454,608962367.9545454,0.0,1307.0
2024-09-06 13:15:00,FLAT,608962367.9545454,608962367.9545454,0.0,1309.1
2024-09-06 13:30:00,FLAT,608962367.9545454,608962367.9545454,0.0,1309.6
2024-09-06 13:45:00,FLAT,608962367.9545454,608962367.9545454,0.0,1309.9
2024-09-06 14:00:00,FLAT,608962367.9545454,608962367.9545454,0.0,1310.0
2024-09-06 14:15:00,FLAT,608962367.9545454,608962367.9545454,0.0,1308.8
2024-09-06 14:30:00,FLAT,608962367.9545454,608962367.9545454,0.0,1309.5
2024-09-09 09:00:00,FLAT,608962367.9545454,608962367.9545454,0.0,1301.9
2024-09-09 09:15:00,FLAT,608962367.9545454,608962367.9545454,0.0,1302.3
2024-09-09 09:30:00,FLAT,608962367.9545454,608962367.9545454,0.0,1304.0
2024-09-09 09:45:00,FLAT,608962367.9545454,608962367.9545454,0.0,1302.8
2024-09-09 10:00:00,FLAT,608962367.9545454,608962367.9545454,0.0,1303.0
2024-09-09 10:15:00,FLAT,608962367.9545454,608962367.9545454,0.0,1302.1
2024-09-09 10:30:00,FLAT,608962367.9545454,608962367.9545454,0.0,1303.1
2024-09-09 10:45:00,FLAT,608962367.9545454,608962367.9545454,0.0,1303.0
2024-09-09 11:00:00,FLAT,608962367.9545454,608962367.9545454,0.0,1303.0
2024-09-09 11:15:00,FLAT,608962367.9545454,608962367.9545454,0.0,1303.8
2024-09-09 13:00:00,FLAT,608962367.9545454,608962367.9545454,0.0,1306.0
2024-09-09 13:15:00,FLAT,608962367.9545454,608962367.9545454,0.0,1305.8
2024-09-09 13:30:00,FLAT,608962367.9545454,608962367.9545454,0.0,1303.1
2024-09-09 13:45:00,FLAT,608962367.9545454,608962367.9545454,0.0,1303.2
2024-09-09 14:00:00,FLAT,608962367.9545454,608962367.9545454,0.0,1305.5
2024-09-09 14:15:00,FLAT,608962367.9545454,608962367.9545454,0.0,1306.9
2024-09-09 14:30:00,FLAT,608962367.9545454,608962367.9545454,0.0,1306.2
2024-09-10 09:00:00,FLAT,608962367.9545454,608962367.9545454,0.0,1312.4
2024-09-10 09:15:00,FLAT,608962367.9545454,608962367.9545454,0.0,1311.6
2024-09-10 09:30:00,FLAT,608962367.9545454,608962367.9545454,0.0,1310.8
2024-09-10 09:45:00,FLAT,608962367.9545454,608962367.9545454,0.0,1311.7
2024-09-10 10:00:00,FLAT,608962367.9545454,608962367.9545454,0.0,1310.7
2024-09-10 10:15:00,FLAT,608962367.9545454,608962367.9545454,0.0,1309.5
2024-09-10 10:30:00,FLAT,608962367.9545454,608962367.9545454,0.0,1308.7
2024-09-10 10:45:00,FLAT,608962367.9545454,608962367.9545454,0.0,1308.0
2024-09-10 11:00:00,FLAT,608962367.9545454,608962367.9545454,0.0,1308.9
2024-09-10 11:15:00,FLAT,608962367.9545454,608962367.9545454,0.0,1304.3
2024-09-10 11:30:00,FLAT,608962367.9545454,608962367.9545454,0.0,1303.3
2024-09-10 13:00:00,FLAT,608962367.9545454,608962367.9545454,0.0,1303.6
2024-09-10 13:15:00,FLAT,608962367.9545454,608962367.9545454,0.0,1300.9
2024-09-10 13:30:00,FLAT,608962367.9545454,608962367.9545454,0.0,1297.0
2024-09-10 13:45:00,FLAT,608962367.9545454,608962367.9545454,0.0,1296.4
2024-09-10 14:00:00,FLAT,608962367.9545454,608962367.9545454,0.0,1293.9
2024-09-10 14:15:00,FLAT,608962367.9545454,608962367.9545454,0.0,1293.2
2024-09-10 14:30:00,FLAT,608962367.9545454,608962367.9545454,0.0,1293.2
2024-09-11 09:00:00,FLAT,608962367.9545454,608962367.9545454,0.0,1291.1
2024-09-11 09:15:00,FLAT,608962367.9545454,608962367.9545454,0.0,1290.6
2024-09-11 09:30:00,FLAT,608962367.9545454,608962367.9545454,0.0,1291.5
2024-09-11 09:45:00,FLAT,608962367.9545454,608962367.9545454,0.0,1291.9
2024-09-11 10:00:00,FLAT,608962367.9545454,608962367.9545454,0.0,1289.2
2024-09-11 10:15:00,FLAT,608962367.9545454,608962367.9545454,0.0,1288.6
2024-09-11 10:30:00,FLAT,608962367.9545454,608962367.9545454,0.0,1287.5
2024-09-11 10:45:00,FLAT,608962367.9545454,608962367.9545454,0.0,1290.8
2024-09-11 11:00:00,FLAT,608962367.9545454,608962367.9545454,0.0,1291.4
2024-09-11 11:15:00,FLAT,608962367.9545454,608962367.9545454,0.0,1291.0
2024-09-11 11:30:00,FLAT,608962367.9545454,608962367.9545454,0.0,1290.7
2024-09-11 13:00:00,FLAT,608962367.9545454,608962367.9545454,0.0,1289.5
2024-09-11 13:15:00,FLAT,608962367.9545454,608962367.9545454,0.0,1291.8
2024-09-11 13:30:00,FLAT,608962367.9545454,608962367.9545454,0.0,1292.7
2024-09-11 13:45:00,FLAT,608962367.9545454,608962367.9545454,0.0,1294.3
2024-09-11 14:00:00,FLAT,608962367.9545454,608962367.9545454,0.0,1296.6
2024-09-11 14:15:00,FLAT,605614380.9090908,605614380.9090908,0.0,1292.4
2024-09-11 14:30:00,FLAT,605614380.9090908,605614380.9090908,0.0,1293.1
2024-09-12 09:00:00,FLAT,605614380.9090908,605614380.9090908,0.0,1299.6
2024-09-12 09:15:00,FLAT,605614380.9090908,605614380.9090908,0.0,1298.4
2024-09-12 09:30:00,FLAT,605614380.9090908,605614380.9090908,0.0,1299.4
2024-09-12 09:45:00,FLAT,605614380.9090908,605614380.9090908,0.0,1299.2
2024-09-12 10:00:00,FLAT,605614380.9090908,605614380.9090908,0.0,1299.6
2024-09-12 10:15:00,FLAT,605614380.9090908,605614380.9090908,0.0,1298.9
2024-09-12 10:30:00,FLAT,605614380.9090908,605614380.9090908,0.0,1301.9
2024-09-12 10:45:00,LONG,604319035.9090909,605419035.9090908,-1099999.999999909,1301.2
2024-09-12 11:00:00,FLAT,602892222.4999999,602892222.4999999,0.0,1298.8
2024-09-12 11:15:00,FLAT,602892222.4999999,602892222.4999999,0.0,1298.9
2024-09-12 11:30:00,FLAT,602892222.4999999,602892222.4999999,0.0,1299.0
2024-09-12 13:00:00,FLAT,602892222.4999999,602892222.4999999,0.0,1300.8
2024-09-12 13:15:00,FLAT,602892222.4999999,602892222.4999999,0.0,1299.6
2024-09-12 13:30:00,FLAT,602892222.4999999,602892222.4999999,0.0,1299.5
2024-09-12 13:45:00,FLAT,602892222.4999999,602892222.4999999,0.0,1301.5
2024-09-12 14:00:00,FLAT,602892222.4999999,602892222.4999999,0.0,1302.2
2024-09-12 14:15:00,FLAT,600747190.2272725,600747190.2272725,0.0,1299.9
2024-09-12 14:30:00,FLAT,600747190.2272725,600747190.2272725,0.0,1299.6
2024-09-13 09:00:00,FLAT,600747190.2272725,600747190.2272725,0.0,1297.8
2024-09-13 09:15:00,FLAT,600747190.2272725,600747190.2272725,0.0,1298.4
2024-09-13 09:30:00,FLAT,600747190.2272725,600747190.2272725,0.0,1294.8
2024-09-13 09:45:00,FLAT,600747190.2272725,600747190.2272725,0.0,1294.0
2024-09-13 10:00:00,FLAT,600747190.2272725,600747190.2272725,0.0,1294.0
2024-09-13 10:15:00,FLAT,600747190.2272725,600747190.2272725,0.0,1295.2
2024-09-13 10:30:00,FLAT,600747190.2272725,600747190.2272725,0.0,1296.8
2024-09-13 10:45:00,FLAT,600747190.2272725,600747190.2272725,0.0,1296.4
2024-09-13 11:00:00,FLAT,600747190.2272725,600747190.2272725,0.0,1296.9
2024-09-13 11:15:00,FLAT,600747190.2272725,600747190.2272725,0.0,1297.9
2024-09-13 11:30:00,FLAT,600747190.2272725,600747190.2272725,0.0,1298.0
2024-09-13 13:00:00,FLAT,600747190.2272725,600747190.2272725,0.0,1297.4
2024-09-13 13:15:00,FLAT,600747190.2272725,600747190.2272725,0.0,1295.3
2024-09-13 13:30:00,FLAT,600747190.2272725,600747190.2272725,0.0,1293.0
2024-09-13 13:45:00,FLAT,600747190.2272725,600747190.2272725,0.0,1294.0
2024-09-13 14:00:00,FLAT,600747190.2272725,600747190.2272725,0.0,1295.9
2024-09-13 14:15:00,FLAT,600747190.2272725,600747190.2272725,0.0,1295.2
2024-09-13 14:30:00,FLAT,600747190.2272725,600747190.2272725,0.0,1294.5
2024-09-16 09:00:00,FLAT,600747190.2272725,600747190.2272725,0.0,1294.8
2024-09-16 09:15:00,FLAT,600747190.2272725,600747190.2272725,0.0,1293.7
2024-09-16 09:30:00,FLAT,600747190.2272725,600747190.2272725,0.0,1295.9
2024-09-16 09:45:00,FLAT,600747190.2272725,600747190.2272725,0.0,1295.9
2024-09-16 10:00:00,FLAT,600747190.2272725,600747190.2272725,0.0,1296.6
2024-09-16 10:15:00,FLAT,600747190.2272725,600747190.2272725,0.0,1295.2
2024-09-16 10:30:00,FLAT,600747190.2272725,600747190.2272725,0.0,1294.4
2024-09-16 10:45:00,FLAT,600747190.2272725,600747190.2272725,0.0,1293.8
2024-09-16 11:00:00,FLAT,600747190.2272725,600747190.2272725,0.0,1294.4
2024-09-16 11:15:00,FLAT,600747190.2272725,600747190.2272725,0.0,1291.8
2024-09-16 11:30:00,FLAT,600747190.2272725,600747190.2272725,0.0,1291.4
2024-09-16 13:00:00,FLAT,600747190.2272725,600747190.2272725,0.0,1290.1
2024-09-16 13:15:00,FLAT,600747190.2272725,600747190.2272725,0.0,1288.8
2024-09-16 13:30:00,FLAT,600747190.2272725,600747190.2272725,0.0,1288.9
2024-09-16 13:45:00,FLAT,600747190.2272725,600747190.2272725,0.0,1290.7
2024-09-16 14:00:00,FLAT,600747190.2272725,600747190.2272725,0.0,1288.7
2024-09-16 14:15:00,FLAT,600747190.2272725,600747190.2272725,0.0,1283.8
2024-09-16 14:30:00,FLAT,600747190.2272725,600747190.2272725,0.0,1284.9
2024-09-17 09:00:00,FLAT,600747190.2272725,600747190.2272725,0.0,1282.4
2024-09-17 09:15:00,FLAT,600747190.2272725,600747190.2272725,0.0,1282.5
2024-09-17 09:30:00,FLAT,600747190.2272725,600747190.2272725,0.0,1283.6
2024-09-17 09:45:00,FLAT,600747190.2272725,600747190.2272725,0.0,1283.8
2024-09-17 10:00:00,FLAT,600747190.2272725,600747190.2272725,0.0,1284.8
2024-09-17 10:15:00,LONG,600054410.2272725,600554410.2272725,-500000.0,1284.7
2024-09-17 10:30:00,LONG,599554410.2272725,600554410.2272725,-1000000.0,1284.2
2024-09-17 10:45:00,FLAT,598243766.1363633,598243766.1363633,0.0,1283.1
2024-09-17 11:00:00,FLAT,598243766.1363633,598243766.1363633,0.0,1284.8
2024-09-17 11:15:00,FLAT,598243766.1363633,598243766.1363633,0.0,1285.0
2024-09-17 11:30:00,FLAT,598243766.1363633,598243766.1363633,0.0,1285.1
2024-09-17 13:00:00,FLAT,598243766.1363633,598243766.1363633,0.0,1286.2
2024-09-17 13:15:00,FLAT,598243766.1363633,598243766.1363633,0.0,1286.7
2024-09-17 13:30:00,FLAT,598243766.1363633,598243766.1363633,0.0,1287.7
2024-09-17 13:45:00,FLAT,598243766.1363633,598243766.1363633,0.0,1289.7
2024-09-17 14:00:00,LONG,601150206.1363631,598050206.1363633,3099999.999999909,1293.5
2024-09-17 14:15:00,FLAT,604837417.0454543,604837417.0454543,0.0,1300.4
2024-09-17 14:30:00,FLAT,604837417.0454543,604837417.0454543,0.0,1300.6
2024-09-18 09:00:00,FLAT,604837417.0454543,604837417.0454543,0.0,1305.2
2024-09-18 09:15:00,FLAT,604837417.0454543,604837417.0454543,0.0,1304.2
2024-09-18 09:30:00,FLAT,604837417.0454543,604837417.0454543,0.0,1306.6
2024-09-18 09:45:00,FLAT,604837417.0454543,604837417.0454543,0.0,1304.9
2024-09-18 10:00:00,FLAT,604837417.0454543,604837417.0454543,0.0,1306.0
2024-09-18 10:15:00,FLAT,604837417.0454543,604837417.0454543,0.0,1308.6
2024-09-18 10:30:00,LONG,610541067.0454544,604641067.0454543,5900000.000000091,1314.9
2024-09-18 10:45:00,LONG,607941067.0454543,604641067.0454543,3299999.9999999544,1312.3
2024-09-18 11:00:00,LONG,609641067.0454543,604641067.0454543,5000000.0,1314.0
2024-09-18 11:15:00,LONG,612441067.0454543,604641067.0454543,7799999.999999954,1316.8
2024-09-18 11:30:00,LONG,612541067.0454544,604641067.0454543,7900000.000000091,1316.9
2024-09-18 13:00:00,LONG,610741067.0454541,604641067.0454543,6099999.999999909,1315.1
2024-09-18 13:15:00,LONG,608541067.0454544,604641067.0454543,3900000.000000091,1312.9
2024-09-18 13:30:00,LONG,608241067.0454541,604641067.0454543,3599999.999999909,1312.6
2024-09-18 13:45:00,LONG,609241067.0454541,604641067.0454543,4599999.999999909,1313.6
2024-09-18 14:00:00,LONG,606541067.0454544,604641067.0454543,1900000.000000091,1310.9
2024-09-18 14:15:00,LONG,607241067.0454541,604641067.0454543,2599999.999999909,1311.6
2024-09-18 14:30:00,LONG,608541067.0454544,604641067.0454543,3900000.000000091,1312.9
2024-09-19 09:00:00,LONG,610141067.0454543,604641067.0454543,5500000.0,1314.5
2024-09-19 09:15:00,LONG,609141067.0454543,604641067.0454543,4500000.0,1313.5
2024-09-19 09:30:00,LONG,610341067.0454543,604641067.0454543,5700000.000000046,1314.7
2024-09-19 09:45:00,LONG,610541067.0454544,604641067.0454543,5900000.000000091,1314.9
2024-09-19 10:00:00,LONG,609741067.0454541,604641067.0454543,5099999.999999909,1314.1
2024-09-19 10:15:00,LONG,609441067.0454543,604641067.0454543,4799999.999999954,1313.8
2024-09-19 10:30:00,LONG,612241067.0454541,604641067.0454543,7599999.999999909,1316.6
2024-09-19 10:45:00,LONG,611441067.0454543,604641067.0454543,6799999.999999954,1315.8
2024-09-19 11:00:00,LONG,612041067.0454544,604641067.0454543,7400000.000000091,1316.4
2024-09-19 11:15:00,LONG,611141067.0454543,604641067.0454543,6500000.0,1315.5
2024-09-19 11:30:00,LONG,611241067.0454541,604641067.0454543,6599999.999999909,1315.6
2024-09-19 13:00:00,LONG,611841067.0454543,604641067.0454543,7200000.000000046,1316.2
2024-09-19 13:15:00,LONG,612241067.0454541,604641067.0454543,7599999.999999909,1316.6
2024-09-19 13:30:00,LONG,610941067.0454543,604641067.0454543,6299999.999999954,1315.3
2024-09-19 13:45:00,LONG,611941067.0454543,604641067.0454543,7299999.999999954,1316.3
2024-09-19 14:00:00,LONG,613241067.0454541,604641067.0454543,8599999.999999909,1317.6
2024-09-19 14:15:00,LONG,612641067.0454543,604641067.0454543,8000000.0,1317.0
2024-09-19 14:30:00,LONG,612641067.0454543,604641067.0454543,8000000.0,1317.0
2024-09-20 09:00:00,FLAT,625241597.0454543,625241597.0454543,0.0,1329.0
2024-09-20 09:15:00,FLAT,625241597.0454543,625241597.0454543,0.0,1329.4
2024-09-20 09:30:00,FLAT,625241597.0454543,625241597.0454543,0.0,1332.2
2024-09-20 09:45:00,FLAT,625241597.0454543,625241597.0454543,0.0,1335.7
2024-09-20 10:00:00,LONG,624741152.0454543,625041152.0454543,-299999.99999995454,1336.0
2024-09-20 10:15:00,LONG,623741152.0454543,625041152.0454543,-1299999.9999999546,1335.0
2024-09-20 10:30:00,LONG,624241152.0454543,625041152.0454543,-799999.9999999545,1335.5
2024-09-20 10:45:00,LONG,624941152.0454544,625041152.0454543,-99999.99999990905,1336.2
2024-09-20 11:00:00,LONG,625941152.0454544,625041152.0454543,900000.0000000909,1337.2
2024-09-20 11:15:00,LONG,624741152.0454543,625041152.0454543,-299999.99999995454,1336.0
2024-09-20 11:30:00,LONG,624741152.0454543,625041152.0454543,-299999.99999995454,1336.0
2024-09-20 13:00:00,LONG,624741152.0454543,625041152.0454543,-299999.99999995454,1336.0
2024-09-20 13:15:00,LONG,624641152.0454544,625041152.0454543,-399999.99999986356,1335.9
2024-09-20 13:30:00,LONG,623841152.0454543,625041152.0454543,-1200000.0000000454,1335.1
2024-09-20 13:45:00,FLAT,622032037.4999998,622032037.4999998,0.0,1333.5
2024-09-20 14:00:00,FLAT,622032037.4999998,622032037.4999998,0.0,1332.7
2024-09-20 14:15:00,FLAT,622032037.4999998,622032037.4999998,0.0,1331.6
2024-09-20 14:30:00,FLAT,622032037.4999998,622032037.4999998,0.0,1332.5
2024-09-23 09:00:00,FLAT,622032037.4999998,622032037.4999998,0.0,1331.9
2024-09-23 09:15:00,FLAT,622032037.4999998,622032037.4999998,0.0,1329.9
2024-09-23 09:30:00,FLAT,622032037.4999998,622032037.4999998,0.0,1328.0
2024-09-23 09:45:00,FLAT,622032037.4999998,622032037.4999998,0.0,1327.0
2024-09-23 10:00:00,FLAT,622032037.4999998,622032037.4999998,0.0,1327.5
2024-09-23 10:15:00,FLAT,622032037.4999998,622032037.4999998,0.0,1327.8
2024-09-23 10:30:00,FLAT,622032037.4999998,622032037.4999998,0.0,1327.8
2024-09-23 10:45:00,FLAT,622032037.4999998,622032037.4999998,0.0,1328.4
2024-09-23 11:00:00,FLAT,622032037.4999998,622032037.4999998,0.0,1328.0
2024-09-23 11:15:00,FLAT,622032037.4999998,622032037.4999998,0.0,1329.0
2024-09-23 11:30:00,FLAT,622032037.4999998,622032037.4999998,0.0,1329.0
2024-09-23 13:00:00,FLAT,622032037.4999998,622032037.4999998,0.0,1326.6
2024-09-23 13:15:00,FLAT,622032037.4999998,622032037.4999998,0.0,1328.8
2024-09-23 13:30:00,FLAT,622032037.4999998,622032037.4999998,0.0,1329.7
2024-09-23 13:45:00,FLAT,622032037.4999998,622032037.4999998,0.0,1328.3
2024-09-23 14:00:00,FLAT,622032037.4999998,622032037.4999998,0.0,1326.8
2024-09-23 14:15:00,FLAT,622032037.4999998,622032037.4999998,0.0,1326.0
2024-09-23 14:30:00,FLAT,622032037.4999998,622032037.4999998,0.0,1326.0
2024-09-24 09:00:00,FLAT,622032037.4999998,622032037.4999998,0.0,1325.6
2024-09-24 09:15:00,FLAT,622032037.4999998,622032037.4999998,0.0,1326.9
2024-09-24 09:30:00,FLAT,622032037.4999998,622032037.4999998,0.0,1327.3
2024-09-24 09:45:00,FLAT,622032037.4999998,622032037.4999998,0.0,1326.1
2024-09-24 10:00:00,FLAT,622032037.4999998,622032037.4999998,0.0,1325.4
2024-09-24 10:15:00,FLAT,622032037.4999998,622032037.4999998,0.0,1327.3
2024-09-24 10:30:00,FLAT,622032037.4999998,622032037.4999998,0.0,1326.8
2024-09-24 10:45:00,FLAT,622032037.4999998,622032037.4999998,0.0,1323.8
2024-09-24 11:00:00,FLAT,622032037.4999998,622032037.4999998,0.0,1323.3
2024-09-24 11:15:00,FLAT,622032037.4999998,622032037.4999998,0.0,1324.1
2024-09-24 11:30:00,FLAT,622032037.4999998,622032037.4999998,0.0,1324.1
2024-09-24 13:00:00,FLAT,622032037.4999998,622032037.4999998,0.0,1326.4
2024-09-24 13:15:00,FLAT,622032037.4999998,622032037.4999998,0.0,1325.8
2024-09-24 13:30:00,FLAT,622032037.4999998,622032037.4999998,0.0,1329.0
2024-09-24 13:45:00,FLAT,622032037.4999998,622032037.4999998,0.0,1328.9
2024-09-24 14:00:00,FLAT,622032037.4999998,622032037.4999998,0.0,1329.5
2024-09-24 14:15:00,FLAT,622032037.4999998,622032037.4999998,0.0,1334.4
2024-09-24 14:30:00,LONG,621231697.4999999,621831697.4999998,-599999.9999999091,1335.0
2024-09-25 09:00:00,LONG,625431697.4999999,621831697.4999998,3600000.0000001364,1339.2
2024-09-25 09:15:00,LONG,624731697.4999999,621831697.4999998,2900000.000000091,1338.5
2024-09-25 09:30:00,LONG,625631697.5,621831697.4999998,3800000.000000182,1339.4
2024-09-25 09:45:00,LONG,628831697.4999998,621831697.4999998,7000000.0,1342.6
2024-09-25 10:00:00,LONG,626931697.4999999,621831697.4999998,5100000.000000136,1340.7
2024-09-25 10:15:00,LONG,628131697.5,621831697.4999998,6300000.000000182,1341.9
2024-09-25 10:30:00,LONG,629031697.4999998,621831697.4999998,7200000.000000046,1342.8
2024-09-25 10:45:00,LONG,630331697.4999998,621831697.4999998,8500000.0,1344.1
2024-09-25 11:00:00,FLAT,632020707.9545454,632020707.9545454,0.0,1347.9
2024-09-25 11:15:00,FLAT,632020707.9545454,632020707.9545454,0.0,1348.3
2024-09-25 11:30:00,FLAT,632020707.9545454,632020707.9545454,0.0,1348.2
2024-09-25 13:00:00,FLAT,632020707.9545454,632020707.9545454,0.0,1346.2
2024-09-25 13:15:00,FLAT,632020707.9545454,632020707.9545454,0.0,1347.2
2024-09-25 13:30:00,FLAT,632020707.9545454,632020707.9545454,0.0,1344.3
2024-09-25 13:45:00,FLAT,632020707.9545454,632020707.9545454,0.0,1343.4
2024-09-25 14:00:00,FLAT,632020707.9545454,632020707.9545454,0.0,1342.7
2024-09-25 14:15:00,FLAT,632020707.9545454,632020707.9545454,0.0,1344.2
2024-09-25 14:30:00,FLAT,632020707.9545454,632020707.9545454,0.0,1345.2
2024-09-26 09:00:00,FLAT,632020707.9545454,632020707.9545454,0.0,1346.9
2024-09-26 09:15:00,FLAT,632020707.9545454,632020707.9545454,0.0,1347.3
2024-09-26 09:30:00,FLAT,632020707.9545454,632020707.9545454,0.0,1350.6
2024-09-26 09:45:00,FLAT,632020707.9545454,632020707.9545454,0.0,1352.7
2024-09-26 10:00:00,LONG,631617757.9545454,631817757.9545454,-200000.00000004546,1352.8
2024-09-26 10:15:00,LONG,632317757.9545454,631817757.9545454,500000.0,1353.5
2024-09-26 10:30:00,LONG,631917757.9545453,631817757.9545454,99999.99999990905,1353.1
2024-09-26 10:45:00,LONG,630417757.9545453,631817757.9545454,-1400000.000000091,1351.6
2024-09-26 11:00:00,LONG,631317757.9545454,631817757.9545454,-500000.0,1352.5
2024-09-26 11:15:00,LONG,633917757.9545453,631817757.9545454,2099999.999999909,1355.1
2024-09-26 11:30:00,LONG,634317757.9545454,631817757.9545454,2500000.0,1355.5
2024-09-26 13:00:00,LONG,637517757.9545454,631817757.9545454,5700000.000000046,1358.7
2024-09-26 13:15:00,LONG,638617757.9545454,631817757.9545454,6799999.999999954,1359.8
2024-09-26 13:30:00,LONG,638117757.9545454,631817757.9545454,6299999.999999954,1359.3
2024-09-26 13:45:00,LONG,642217757.9545455,631817757.9545454,10400000.000000091,1363.4
2024-09-26 14:00:00,LONG,641917757.9545453,631817757.9545454,10099999.999999909,1363.1
2024-09-26 14:15:00,LONG,637417757.9545453,631817757.9545454,5599999.999999909,1358.6
2024-09-26 14:30:00,LONG,638417757.9545453,631817757.9545454,6599999.999999909,1359.6
2024-09-27 09:00:00,LONG,637217757.9545455,631817757.9545454,5400000.000000091,1358.4
2024-09-27 09:15:00,LONG,639317757.9545454,631817757.9545454,7500000.0,1360.5
2024-09-27 09:30:00,LONG,641517757.9545454,631817757.9545454,9700000.000000045,1362.7
2024-09-27 09:45:00,LONG,638217757.9545455,631817757.9545454,6400000.000000091,1359.4
2024-09-27 10:00:00,LONG,633817757.9545454,631817757.9545454,2000000.0,1355.0
2024-09-27 10:15:00,LONG,635117757.9545454,631817757.9545454,3299999.9999999544,1356.3
2024-09-27 10:30:00,LONG,635017757.9545454,631817757.9545454,3200000.0000000456,1356.2
2024-09-27 10:45:00,LONG,637517757.9545454,631817757.9545454,5700000.000000046,1358.7
2024-09-27 11:00:00,LONG,636417757.9545453,631817757.9545454,4599999.999999909,1357.6
2024-09-27 11:15:00,LONG,636517757.9545454,631817757.9545454,4700000.000000046,1357.7
2024-09-27 11:30:00,LONG,636517757.9545454,631817757.9545454,4700000.000000046,1357.7
2024-09-27 13:00:00,LONG,636817757.9545454,631817757.9545454,5000000.0,1358.0
2024-09-27 13:15:00,LONG,635817757.9545454,631817757.9545454,4000000.0,1357.0
2024-09-27 13:30:00,LONG,636217757.9545455,631817757.9545454,4400000.000000091,1357.4
2024-09-27 13:45:00,LONG,634617757.9545454,631817757.9545454,2799999.9999999544,1355.8
2024-09-27 14:00:00,LONG,632717757.9545455,631817757.9545454,900000.0000000909,1353.9
2024-09-27 14:15:00,FLAT,629333332.0454545,629333332.0454545,0.0,1356.1
2024-09-27 14:30:00,FLAT,629333332.0454545,629333332.0454545,0.0,1357.2
2024-09-30 09:00:00,FLAT,629333332.0454545,629333332.0454545,0.0,1351.8
2024-09-30 09:15:00,FLAT,629333332.0454545,629333332.0454545,0.0,1353.3
2024-09-30 09:30:00,FLAT,629333332.0454545,629333332.0454545,0.0,1351.5
2024-09-30 09:45:00,FLAT,629333332.0454545,629333332.0454545,0.0,1352.9
2024-09-30 10:00:00,FLAT,629333332.0454545,629333332.0454545,0.0,1353.7
2024-09-30 10:15:00,FLAT,629333332.0454545,629333332.0454545,0.0,1354.1
2024-09-30 10:30:00,FLAT,629333332.0454545,629333332.0454545,0.0,1354.5
2024-09-30 10:45:00,FLAT,629333332.0454545,629333332.0454545,0.0,1355.0
2024-09-30 11:00:00,FLAT,629333332.0454545,629333332.0454545,0.0,1353.7
2024-09-30 11:15:00,FLAT,629333332.0454545,629333332.0454545,0.0,1353.5
2024-09-30 11:30:00,FLAT,629333332.0454545,629333332.0454545,0.0,1353.8
2024-09-30 13:00:00,FLAT,629333332.0454545,629333332.0454545,0.0,1353.0
2024-09-30 13:15:00,FLAT,629333332.0454545,629333332.0454545,0.0,1354.8
2024-09-30 13:30:00,FLAT,629333332.0454545,629333332.0454545,0.0,1354.0
2024-09-30 13:45:00,FLAT,629333332.0454545,629333332.0454545,0.0,1353.0
2024-09-30 14:00:00,FLAT,629333332.0454545,629333332.0454545,0.0,1353.2
2024-09-30 14:15:00,FLAT,629333332.0454545,629333332.0454545,0.0,1356.2
2024-09-30 14:30:00,LONG,629729872.0454544,629129872.0454545,599999.9999999091,1357.0
2024-10-01 09:00:00,LONG,634929872.0454545,629129872.0454545,5799999.999999954,1362.2
2024-10-01 09:15:00,LONG,636229872.0454544,629129872.0454545,7099999.999999909,1363.5
2024-10-01 09:30:00,FLAT,638861285.2272725,638861285.2272725,0.0,1367.8
2024-10-01 09:45:00,FLAT,638861285.2272725,638861285.2272725,0.0,1368.1
2024-10-01 10:00:00,FLAT,638861285.2272725,638861285.2272725,0.0,1367.8
2024-10-01 10:15:00,FLAT,638861285.2272725,638861285.2272725,0.0,1369.0
2024-10-01 10:30:00,FLAT,638861285.2272725,638861285.2272725,0.0,1368.3
2024-10-01 10:45:00,FLAT,638861285.2272725,638861285.2272725,0.0,1368.6
2024-10-01 11:00:00,FLAT,638861285.2272725,638861285.2272725,0.0,1371.5
2024-10-01 11:15:00,LONG,638355470.2272725,638655470.2272725,-299999.99999995454,1371.8
2024-10-01 11:30:00,LONG,638355470.2272725,638655470.2272725,-299999.99999995454,1371.8
2024-10-01 13:00:00,LONG,639255470.2272726,638655470.2272725,600000.0000001364,1372.7
2024-10-01 13:15:00,FLAT,635881858.6363635,635881858.6363635,0.0,1369.9
2024-10-01 13:30:00,FLAT,635881858.6363635,635881858.6363635,0.0,1371.7
2024-10-01 13:45:00,FLAT,635881858.6363635,635881858.6363635,0.0,1368.9
2024-10-01 14:00:00,FLAT,635881858.6363635,635881858.6363635,0.0,1366.5
2024-10-01 14:15:00,FLAT,635881858.6363635,635881858.6363635,0.0,1364.5
2024-10-01 14:30:00,FLAT,635881858.6363635,635881858.6363635,0.0,1364.5
2024-10-02 09:00:00,FLAT,635881858.6363635,635881858.6363635,0.0,1354.0
2024-10-02 09:15:00,FLAT,635881858.6363635,635881858.6363635,0.0,1354.7
2024-10-02 09:30:00,FLAT,635881858.6363635,635881858.6363635,0.0,1356.2
2024-10-02 09:45:00,FLAT,635881858.6363635,635881858.6363635,0.0,1356.1
2024-10-02 10:00:00,FLAT,635881858.6363635,635881858.6363635,0.0,1355.0
2024-10-02 10:15:00,FLAT,635881858.6363635,635881858.6363635,0.0,1356.9
2024-10-02 10:30:00,FLAT,635881858.6363635,635881858.6363635,0.0,1358.9
2024-10-02 10:45:00,LONG,636177918.6363635,635677918.6363635,500000.0,1360.1
2024-10-02 11:00:00,LONG,636177918.6363635,635677918.6363635,500000.0,1360.1
2024-10-02 11:15:00,LONG,635777918.6363636,635677918.6363635,100000.00000013642,1359.7
2024-10-02 11:30:00,LONG,635877918.6363635,635677918.6363635,200000.00000004546,1359.8
2024-10-02 13:00:00,FLAT,632674398.6363637,632674398.6363637,0.0,1357.5
2024-10-02 13:15:00,FLAT,632674398.6363637,632674398.6363637,0.0,1354.5
2024-10-02 13:30:00,FLAT,632674398.6363637,632674398.6363637,0.0,1354.5
2024-10-02 13:45:00,FLAT,632674398.6363637,632674398.6363637,0.0,1353.4
2024-10-02 14:00:00,FLAT,632674398.6363637,632674398.6363637,0.0,1356.6
2024-10-02 14:15:00,FLAT,632674398.6363637,632674398.6363637,0.0,1358.1
2024-10-02 14:30:00,FLAT,632674398.6363637,632674398.6363637,0.0,1357.9
2024-10-03 09:00:00,FLAT,632674398.6363637,632674398.6363637,0.0,1361.1
2024-10-03 09:15:00,FLAT,632674398.6363637,632674398.6363637,0.0,1365.4
2024-10-03 09:30:00,FLAT,632674398.6363637,632674398.6363637,0.0,1369.6
2024-10-03 09:45:00,FLAT,632674398.6363637,632674398.6363637,0.0,1368.4
2024-10-03 10:00:00,FLAT,632674398.6363637,632674398.6363637,0.0,1375.2
2024-10-03 10:15:00,FLAT,632674398.6363637,632674398.6363637,0.0,1374.5
2024-10-03 10:30:00,FLAT,632674398.6363637,632674398.6363637,0.0,1370.4
2024-10-03 10:45:00,FLAT,632674398.6363637,632674398.6363637,0.0,1370.3
2024-10-03 11:00:00,FLAT,632674398.6363637,632674398.6363637,0.0,1365.9
2024-10-03 11:15:00,FLAT,632674398.6363637,632674398.6363637,0.0,1364.4
2024-10-03 11:30:00,FLAT,632674398.6363637,632674398.6363637,0.0,1364.4
2024-10-03 13:00:00,FLAT,632674398.6363637,632674398.6363637,0.0,1364.4
2024-10-03 13:15:00,FLAT,632674398.6363637,632674398.6363637,0.0,1365.0
2024-10-03 13:30:00,FLAT,632674398.6363637,632674398.6363637,0.0,1358.2
2024-10-03 13:45:00,FLAT,632674398.6363637,632674398.6363637,0.0,1359.9
2024-10-03 14:00:00,FLAT,632674398.6363637,632674398.6363637,0.0,1356.7
2024-10-03 14:15:00,FLAT,632674398.6363637,632674398.6363637,0.0,1355.7
2024-10-03 14:30:00,FLAT,632674398.6363637,632674398.6363637,0.0,1356.2
2024-10-04 09:00:00,FLAT,632674398.6363637,632674398.6363637,0.0,1351.8
2024-10-04 09:15:00,FLAT,632674398.6363637,632674398.6363637,0.0,1348.2
2024-10-04 09:30:00,FLAT,632674398.6363637,632674398.6363637,0.0,1350.0
2024-10-04 09:45:00,FLAT,632674398.6363637,632674398.6363637,0.0,1348.0
2024-10-04 10:00:00,FLAT,632674398.6363637,632674398.6363637,0.0,1350.5
2024-10-04 10:15:00,FLAT,632674398.6363637,632674398.6363637,0.0,1348.6
2024-10-04 10:30:00,FLAT,632674398.6363637,632674398.6363637,0.0,1349.0
2024-10-04 10:45:00,FLAT,632674398.6363637,632674398.6363637,0.0,1347.3
2024-10-04 11:00:00,FLAT,632674398.6363637,632674398.6363637,0.0,1349.9
2024-10-04 11:15:00,FLAT,632674398.6363637,632674398.6363637,0.0,1349.8
2024-10-04 11:30:00,FLAT,632674398.6363637,632674398.6363637,0.0,1349.5
2024-10-04 13:00:00,FLAT,632674398.6363637,632674398.6363637,0.0,1348.3
2024-10-04 13:15:00,FLAT,632674398.6363637,632674398.6363637,0.0,1351.1
2024-10-04 13:30:00,FLAT,632674398.6363637,632674398.6363637,0.0,1347.9
2024-10-04 13:45:00,FLAT,632674398.6363637,632674398.6363637,0.0,1349.3
2024-10-04 14:00:00,FLAT,632674398.6363637,632674398.6363637,0.0,1348.8
2024-10-04 14:15:00,FLAT,632674398.6363637,632674398.6363637,0.0,1344.0
2024-10-04 14:30:00,FLAT,632674398.6363637,632674398.6363637,0.0,1346.5
2024-10-07 09:00:00,FLAT,632674398.6363637,632674398.6363637,0.0,1347.9
2024-10-07 09:15:00,FLAT,632674398.6363637,632674398.6363637,0.0,1347.7
2024-10-07 09:30:00,FLAT,632674398.6363637,632674398.6363637,0.0,1346.8
2024-10-07 09:45:00,FLAT,632674398.6363637,632674398.6363637,0.0,1344.6
2024-10-07 10:00:00,FLAT,632674398.6363637,632674398.6363637,0.0,1343.0
2024-10-07 10:15:00,FLAT,632674398.6363637,632674398.6363637,0.0,1343.1
2024-10-07 10:30:00,FLAT,632674398.6363637,632674398.6363637,0.0,1342.8
2024-10-07 10:45:00,FLAT,632674398.6363637,632674398.6363637,0.0,1342.7
2024-10-07 11:00:00,FLAT,632674398.6363637,632674398.6363637,0.0,1343.5
2024-10-07 11:15:00,FLAT,632674398.6363637,632674398.6363637,0.0,1344.9
2024-10-07 11:30:00,FLAT,632674398.6363637,632674398.6363637,0.0,1344.8
2024-10-07 13:00:00,FLAT,632674398.6363637,632674398.6363637,0.0,1343.8
2024-10-07 13:15:00,FLAT,632674398.6363637,632674398.6363637,0.0,1343.8
2024-10-07 13:30:00,FLAT,632674398.6363637,632674398.6363637,0.0,1339.5
2024-10-07 13:45:00,FLAT,632674398.6363637,632674398.6363637,0.0,1337.8
2024-10-07 14:00:00,FLAT,632674398.6363637,632674398.6363637,0.0,1336.2
2024-10-07 14:15:00,FLAT,632674398.6363637,632674398.6363637,0.0,1334.3
2024-10-07 14:30:00,FLAT,632674398.6363637,632674398.6363637,0.0,1337.4
2024-10-08 09:00:00,FLAT,632674398.6363637,632674398.6363637,0.0,1340.7
2024-10-08 09:15:00,FLAT,632674398.6363637,632674398.6363637,0.0,1341.6
2024-10-08 09:30:00,FLAT,632674398.6363637,632674398.6363637,0.0,1338.8
2024-10-08 09:45:00,FLAT,632674398.6363637,632674398.6363637,0.0,1341.1
2024-10-08 10:00:00,FLAT,632674398.6363637,632674398.6363637,0.0,1339.9
2024-10-08 10:15:00,FLAT,632674398.6363637,632674398.6363637,0.0,1339.1
2024-10-08 10:30:00,FLAT,632674398.6363637,632674398.6363637,0.0,1338.0
2024-10-08 10:45:00,FLAT,632674398.6363637,632674398.6363637,0.0,1339.7
2024-10-08 11:00:00,FLAT,632674398.6363637,632674398.6363637,0.0,1341.0
2024-10-08 11:15:00,FLAT,632674398.6363637,632674398.6363637,0.0,1340.8
2024-10-08 11:30:00,FLAT,632674398.6363637,632674398.6363637,0.0,1341.0
2024-10-08 13:00:00,FLAT,632674398.6363637,632674398.6363637,0.0,1339.5
2024-10-08 13:15:00,FLAT,632674398.6363637,632674398.6363637,0.0,1343.9
2024-10-08 13:30:00,FLAT,632674398.6363637,632674398.6363637,0.0,1344.7
2024-10-08 13:45:00,FLAT,632674398.6363637,632674398.6363637,0.0,1348.8
2024-10-08 14:00:00,FLAT,632674398.6363637,632674398.6363637,0.0,1344.2
2024-10-08 14:15:00,FLAT,632674398.6363637,632674398.6363637,0.0,1341.8
2024-10-08 14:30:00,FLAT,632674398.6363637,632674398.6363637,0.0,1341.0
2024-10-09 09:00:00,FLAT,632674398.6363637,632674398.6363637,0.0,1343.2
2024-10-09 09:15:00,FLAT,632674398.6363637,632674398.6363637,0.0,1344.1
2024-10-09 09:30:00,FLAT,632674398.6363637,632674398.6363637,0.0,1346.7
2024-10-09 09:45:00,FLAT,632674398.6363637,632674398.6363637,0.0,1347.9
2024-10-09 10:00:00,FLAT,632674398.6363637,632674398.6363637,0.0,1347.9
2024-10-09 10:15:00,FLAT,632674398.6363637,632674398.6363637,0.0,1345.9
2024-10-09 10:30:00,FLAT,632674398.6363637,632674398.6363637,0.0,1345.4
2024-10-09 10:45:00,FLAT,632674398.6363637,632674398.6363637,0.0,1347.8
2024-10-09 11:00:00,FLAT,632674398.6363637,632674398.6363637,0.0,1346.9
2024-10-09 11:15:00,FLAT,632674398.6363637,632674398.6363637,0.0,1347.9
2024-10-09 13:00:00,FLAT,632674398.6363637,632674398.6363637,0.0,1354.6
2024-10-09 13:15:00,FLAT,632674398.6363637,632674398.6363637,0.0,1353.3
2024-10-09 13:30:00,FLAT,632674398.6363637,632674398.6363637,0.0,1353.1
2024-10-09 13:45:00,FLAT,632674398.6363637,632674398.6363637,0.0,1354.6
2024-10-09 14:00:00,FLAT,632674398.6363637,632674398.6363637,0.0,1353.0
2024-10-09 14:15:00,FLAT,632674398.6363637,632674398.6363637,0.0,1354.5
2024-10-09 14:30:00,FLAT,632674398.6363637,632674398.6363637,0.0,1355.0
2024-10-10 09:00:00,FLAT,632674398.6363637,632674398.6363637,0.0,1365.1
2024-10-10 09:15:00,FLAT,632674398.6363637,632674398.6363637,0.0,1365.2
2024-10-10 09:30:00,FLAT,632674398.6363637,632674398.6363637,0.0,1371.4
2024-10-10 09:45:00,FLAT,632674398.6363637,632674398.6363637,0.0,1370.7
2024-10-10 10:00:00,FLAT,632674398.6363637,632674398.6363637,0.0,1371.5
2024-10-10 10:15:00,FLAT,632674398.6363637,632674398.6363637,0.0,1371.1
2024-10-10 10:30:00,FLAT,632674398.6363637,632674398.6363637,0.0,1368.0
2024-10-10 10:45:00,FLAT,632674398.6363637,632674398.6363637,0.0,1368.3
2024-10-10 11:00:00,FLAT,632674398.6363637,632674398.6363637,0.0,1369.0
2024-10-10 11:15:00,FLAT,632674398.6363637,632674398.6363637,0.0,1369.0
2024-10-10 11:30:00,FLAT,632674398.6363637,632674398.6363637,0.0,1368.9
2024-10-10 13:00:00,FLAT,632674398.6363637,632674398.6363637,0.0,1369.6
2024-10-10 13:15:00,FLAT,632674398.6363637,632674398.6363637,0.0,1366.9
2024-10-10 13:30:00,FLAT,632674398.6363637,632674398.6363637,0.0,1366.4
2024-10-10 13:45:00,FLAT,632674398.6363637,632674398.6363637,0.0,1369.5
2024-10-10 14:00:00,FLAT,632674398.6363637,632674398.6363637,0.0,1365.7
2024-10-10 14:15:00,FLAT,632674398.6363637,632674398.6363637,0.0,1365.1
2024-10-10 14:30:00,FLAT,632674398.6363637,632674398.6363637,0.0,1366.6
2024-10-11 09:00:00,FLAT,632674398.6363637,632674398.6363637,0.0,1366.5
2024-10-11 09:15:00,FLAT,632674398.6363637,632674398.6363637,0.0,1365.7
2024-10-11 09:30:00,FLAT,632674398.6363637,632674398.6363637,0.0,1365.9
2024-10-11 09:45:00,FLAT,632674398.6363637,632674398.6363637,0.0,1366.0
2024-10-11 10:00:00,FLAT,632674398.6363637,632674398.6363637,0.0,1365.8
2024-10-11 10:15:00,FLAT,632674398.6363637,632674398.6363637,0.0,1366.0
2024-10-11 10:30:00,FLAT,632674398.6363637,632674398.6363637,0.0,1365.6
2024-10-11 10:45:00,FLAT,632674398.6363637,632674398.6363637,0.0,1365.2
2024-10-11 11:00:00,FLAT,632674398.6363637,632674398.6363637,0.0,1365.1
2024-10-11 11:15:00,FLAT,632674398.6363637,632674398.6363637,0.0,1364.0
2024-10-11 11:30:00,FLAT,632674398.6363637,632674398.6363637,0.0,1363.6
2024-10-11 13:00:00,FLAT,632674398.6363637,632674398.6363637,0.0,1361.4
2024-10-11 13:15:00,FLAT,632674398.6363637,632674398.6363637,0.0,1361.2
2024-10-11 13:30:00,FLAT,632674398.6363637,632674398.6363637,0.0,1359.4
2024-10-11 13:45:00,FLAT,632674398.6363637,632674398.6363637,0.0,1359.4
2024-10-11 14:00:00,FLAT,632674398.6363637,632674398.6363637,0.0,1361.8
2024-10-11 14:15:00,FLAT,632674398.6363637,632674398.6363637,0.0,1364.4
2024-10-11 14:30:00,LONG,633069543.6363636,632469543.6363637,599999.9999999091,1366.3
2024-10-14 09:00:00,FLAT,642163203.6363636,642163203.6363636,0.0,1375.5
2024-10-14 09:15:00,FLAT,642163203.6363636,642163203.6363636,0.0,1373.3
2024-10-14 09:30:00,FLAT,642163203.6363636,642163203.6363636,0.0,1372.8
2024-10-14 09:45:00,FLAT,642163203.6363636,642163203.6363636,0.0,1367.9
2024-10-14 10:00:00,FLAT,642163203.6363636,642163203.6363636,0.0,1367.7
2024-10-14 10:15:00,FLAT,642163203.6363636,642163203.6363636,0.0,1369.3
2024-10-14 10:30:00,FLAT,642163203.6363636,642163203.6363636,0.0,1367.5
2024-10-14 10:45:00,FLAT,642163203.6363636,642163203.6363636,0.0,1366.1
2024-10-14 11:00:00,FLAT,642163203.6363636,642163203.6363636,0.0,1366.6
2024-10-14 11:15:00,FLAT,642163203.6363636,642163203.6363636,0.0,1367.2
2024-10-14 11:30:00,FLAT,642163203.6363636,642163203.6363636,0.0,1367.4
2024-10-14 13:00:00,FLAT,642163203.6363636,642163203.6363636,0.0,1366.9
2024-10-14 13:15:00,FLAT,642163203.6363636,642163203.6363636,0.0,1364.1
2024-10-14 13:30:00,FLAT,642163203.6363636,642163203.6363636,0.0,1363.8
2024-10-14 13:45:00,FLAT,642163203.6363636,642163203.6363636,0.0,1363.3
2024-10-14 14:00:00,FLAT,642163203.6363636,642163203.6363636,0.0,1365.3
2024-10-14 14:15:00,FLAT,642163203.6363636,642163203.6363636,0.0,1361.2
2024-10-14 14:30:00,FLAT,642163203.6363636,642163203.6363636,0.0,1358.5
2024-10-15 09:00:00,FLAT,642163203.6363636,642163203.6363636,0.0,1362.3
2024-10-15 09:15:00,FLAT,642163203.6363636,642163203.6363636,0.0,1364.3
2024-10-15 09:30:00,FLAT,642163203.6363636,642163203.6363636,0.0,1365.2
2024-10-15 09:45:00,FLAT,642163203.6363636,642163203.6363636,0.0,1368.1
2024-10-15 10:00:00,LONG,640457928.6363636,641957928.6363636,-1500000.0,1367.0
2024-10-15 10:15:00,FLAT,639025790.0,639025790.0,0.0,1365.3
2024-10-15 10:30:00,FLAT,639025790.0,639025790.0,0.0,1361.8
2024-10-15 10:45:00,FLAT,639025790.0,639025790.0,0.0,1362.6
2024-10-15 11:00:00,FLAT,639025790.0,639025790.0,0.0,1362.8
2024-10-15 11:15:00,FLAT,639025790.0,639025790.0,0.0,1361.7
2024-10-15 11:30:00,FLAT,639025790.0,639025790.0,0.0,1361.7
2024-10-15 13:00:00,FLAT,639025790.0,639025790.0,0.0,1362.0
2024-10-15 13:15:00,FLAT,639025790.0,639025790.0,0.0,1362.5
2024-10-15 13:30:00,FLAT,639025790.0,639025790.0,0.0,1360.8
2024-10-15 13:45:00,FLAT,639025790.0,639025790.0,0.0,1358.4
2024-10-15 14:00:00,FLAT,639025790.0,639025790.0,0.0,1356.3
2024-10-15 14:15:00,FLAT,639025790.0,639025790.0,0.0,1358.4
2024-10-15 14:30:00,FLAT,639025790.0,639025790.0,0.0,1360.0
2024-10-16 09:00:00,FLAT,639025790.0,639025790.0,0.0,1352.6
2024-10-16 09:15:00,FLAT,639025790.0,639025790.0,0.0,1355.1
2024-10-16 09:30:00,FLAT,639025790.0,639025790.0,0.0,1354.2
2024-10-16 09:45:00,FLAT,639025790.0,639025790.0,0.0,1354.5
2024-10-16 10:00:00,FLAT,639025790.0,639025790.0,0.0,1354.4
2024-10-16 10:15:00,FLAT,639025790.0,639025790.0,0.0,1354.2
2024-10-16 10:30:00,FLAT,639025790.0,639025790.0,0.0,1357.4
2024-10-16 10:45:00,LONG,638422120.0000001,638822120.0,-399999.99999986356,1357.4
2024-10-16 11:00:00,LONG,638722120.0000001,638822120.0,-99999.99999990905,1357.7
2024-10-16 11:15:00,LONG,638222120.0000001,638822120.0,-599999.9999999091,1357.2
2024-10-16 11:30:00,LONG,637922120.0000001,638822120.0,-899999.9999998636,1356.9
2024-10-16 13:00:00,FLAT,636009750.4545456,636009750.4545456,0.0,1356.4
2024-10-16 13:15:00,FLAT,636009750.4545456,636009750.4545456,0.0,1354.8
2024-10-16 13:30:00,FLAT,636009750.4545456,636009750.4545456,0.0,1356.0
2024-10-16 13:45:00,FLAT,636009750.4545456,636009750.4545456,0.0,1355.0
2024-10-16 14:00:00,FLAT,636009750.4545456,636009750.4545456,0.0,1353.3
2024-10-16 14:15:00,FLAT,636009750.4545456,636009750.4545456,0.0,1356.5
2024-10-16 14:30:00,FLAT,636009750.4545456,636009750.4545456,0.0,1357.9
2024-10-17 09:00:00,FLAT,636009750.4545456,636009750.4545456,0.0,1358.5
2024-10-17 09:15:00,FLAT,636009750.4545456,636009750.4545456,0.0,1357.6
2024-10-17 09:30:00,FLAT,636009750.4545456,636009750.4545456,0.0,1357.0
2024-10-17 09:45:00,FLAT,636009750.4545456,636009750.4545456,0.0,1356.2
2024-10-17 10:00:00,FLAT,636009750.4545456,636009750.4545456,0.0,1355.2
2024-10-17 10:15:00,FLAT,636009750.4545456,636009750.4545456,0.0,1354.6
2024-10-17 10:30:00,FLAT,636009750.4545456,636009750.4545456,0.0,1354.9
2024-10-17 10:45:00,FLAT,636009750.4545456,636009750.4545456,0.0,1353.7
2024-10-17 11:00:00,FLAT,636009750.4545456,636009750.4545456,0.0,1352.2
2024-10-17 11:15:00,FLAT,636009750.4545456,636009750.4545456,0.0,1347.5
2024-10-17 11:30:00,FLAT,636009750.4545456,636009750.4545456,0.0,1347.5
2024-10-17 13:00:00,FLAT,636009750.4545456,636009750.4545456,0.0,1348.4
2024-10-17 13:15:00,FLAT,636009750.4545456,636009750.4545456,0.0,1349.7
2024-10-17 13:30:00,FLAT,636009750.4545456,636009750.4545456,0.0,1353.5
2024-10-17 13:45:00,FLAT,636009750.4545456,636009750.4545456,0.0,1354.4
2024-10-17 14:00:00,FLAT,636009750.4545456,636009750.4545456,0.0,1359.5
2024-10-17 14:15:00,FLAT,633061192.5000002,633061192.5000002,0.0,1358.5
2024-10-17 14:30:00,FLAT,633061192.5000002,633061192.5000002,0.0,1358.0
2024-10-18 09:00:00,FLAT,633061192.5000002,633061192.5000002,0.0,1375.7
2024-10-18 09:15:00,FLAT,633061192.5000002,633061192.5000002,0.0,1374.5
2024-10-18 09:30:00,FLAT,633061192.5000002,633061192.5000002,0.0,1374.3
2024-10-18 09:45:00,FLAT,633061192.5000002,633061192.5000002,0.0,1373.7
2024-10-18 10:00:00,FLAT,633061192.5000002,633061192.5000002,0.0,1373.2
2024-10-18 10:15:00,FLAT,633061192.5000002,633061192.5000002,0.0,1374.4
2024-10-18 10:30:00,FLAT,633061192.5000002,633061192.5000002,0.0,1373.1
2024-10-18 10:45:00,FLAT,633061192.5000002,633061192.5000002,0.0,1369.5
2024-10-18 11:00:00,FLAT,633061192.5000002,633061192.5000002,0.0,1365.7
2024-10-18 11:15:00,FLAT,633061192.5000002,633061192.5000002,0.0,1364.9
2024-10-18 11:30:00,FLAT,633061192.5000002,633061192.5000002,0.0,1364.8
2024-10-18 13:00:00,FLAT,633061192.5000002,633061192.5000002,0.0,1367.9
2024-10-18 13:15:00,FLAT,633061192.5000002,633061192.5000002,0.0,1367.2
2024-10-18 13:30:00,FLAT,633061192.5000002,633061192.5000002,0.0,1369.6
2024-10-18 13:45:00,FLAT,633061192.5000002,633061192.5000002,0.0,1369.8
2024-10-18 14:00:00,FLAT,633061192.5000002,633061192.5000002,0.0,1374.9
2024-10-18 14:15:00,FLAT,630394455.2272731,630394455.2272731,0.0,1368.2
2024-10-18 14:30:00,FLAT,630394455.2272731,630394455.2272731,0.0,1368.0
2024-10-21 09:00:00,FLAT,630394455.2272731,630394455.2272731,0.0,1364.0
2024-10-21 09:15:00,FLAT,630394455.2272731,630394455.2272731,0.0,1364.2
2024-10-21 09:30:00,FLAT,630394455.2272731,630394455.2272731,0.0,1366.5
2024-10-21 09:45:00,FLAT,630394455.2272731,630394455.2272731,0.0,1363.5
2024-10-21 10:00:00,FLAT,630394455.2272731,630394455.2272731,0.0,1365.4
2024-10-21 10:15:00,FLAT,630394455.2272731,630394455.2272731,0.0,1364.9
2024-10-21 10:30:00,FLAT,630394455.2272731,630394455.2272731,0.0,1365.4
2024-10-21 10:45:00,FLAT,630394455.2272731,630394455.2272731,0.0,1364.7
2024-10-21 11:00:00,FLAT,630394455.2272731,630394455.2272731,0.0,1365.9
2024-10-21 11:15:00,FLAT,630394455.2272731,630394455.2272731,0.0,1368.7
2024-10-21 11:30:00,FLAT,630394455.2272731,630394455.2272731,0.0,1368.7
2024-10-21 13:00:00,FLAT,630394455.2272731,630394455.2272731,0.0,1368.1
2024-10-21 13:15:00,FLAT,630394455.2272731,630394455.2272731,0.0,1367.3
2024-10-21 13:30:00,FLAT,630394455.2272731,630394455.2272731,0.0,1366.1
2024-10-21 13:45:00,FLAT,630394455.2272731,630394455.2272731,0.0,1364.5
2024-10-21 14:00:00,FLAT,630394455.2272731,630394455.2272731,0.0,1365.2
2024-10-21 14:15:00,FLAT,630394455.2272731,630394455.2272731,0.0,1363.9
2024-10-21 14:30:00,FLAT,630394455.2272731,630394455.2272731,0.0,1363.6
2024-10-22 09:00:00,FLAT,630394455.2272731,630394455.2272731,0.0,1360.2
2024-10-22 09:15:00,FLAT,630394455.2272731,630394455.2272731,0.0,1361.2
2024-10-22 09:30:00,FLAT,630394455.2272731,630394455.2272731,0.0,1360.9
2024-10-22 09:45:00,FLAT,630394455.2272731,630394455.2272731,0.0,1359.8
2024-10-22 10:00:00,FLAT,630394455.2272731,630394455.2272731,0.0,1360.6
2024-10-22 10:15:00,FLAT,630394455.2272731,630394455.2272731,0.0,1360.0
2024-10-22 10:30:00,FLAT,630394455.2272731,630394455.2272731,0.0,1359.5
2024-10-22 10:45:00,FLAT,630394455.2272731,630394455.2272731,0.0,1360.8
2024-10-22 11:00:00,FLAT,630394455.2272731,630394455.2272731,0.0,1361.0
2024-10-22 11:15:00,FLAT,630394455.2272731,630394455.2272731,0.0,1360.7
2024-10-22 11:30:00,FLAT,630394455.2272731,630394455.2272731,0.0,1361.0
2024-10-22 13:00:00,FLAT,630394455.2272731,630394455.2272731,0.0,1359.9
2024-10-22 13:15:00,FLAT,630394455.2272731,630394455.2272731,0.0,1360.5
2024-10-22 13:30:00,FLAT,630394455.2272731,630394455.2272731,0.0,1362.3
2024-10-22 13:45:00,FLAT,630394455.2272731,630394455.2272731,0.0,1362.0
2024-10-22 14:00:00,FLAT,630394455.2272731,630394455.2272731,0.0,1358.9
2024-10-22 14:15:00,FLAT,630394455.2272731,630394455.2272731,0.0,1353.2
2024-10-22 14:30:00,FLAT,630394455.2272731,630394455.2272731,0.0,1353.9
2024-10-23 09:00:00,FLAT,630394455.2272731,630394455.2272731,0.0,1352.8
2024-10-23 09:15:00,FLAT,630394455.2272731,630394455.2272731,0.0,1351.1
2024-10-23 09:30:00,FLAT,630394455.2272731,630394455.2272731,0.0,1352.6
2024-10-23 09:45:00,FLAT,630394455.2272731,630394455.2272731,0.0,1351.8
2024-10-23 10:00:00,FLAT,630394455.2272731,630394455.2272731,0.0,1350.7
2024-10-23 10:15:00,FLAT,630394455.2272731,630394455.2272731,0.0,1348.9
2024-10-23 10:30:00,FLAT,630394455.2272731,630394455.2272731,0.0,1347.5
2024-10-23 10:45:00,FLAT,630394455.2272731,630394455.2272731,0.0,1348.4
2024-10-23 11:00:00,FLAT,630394455.2272731,630394455.2272731,0.0,1348.8
2024-10-23 11:15:00,FLAT,630394455.2272731,630394455.2272731,0.0,1351.9
2024-10-23 11:30:00,FLAT,630394455.2272731,630394455.2272731,0.0,1351.9
2024-10-23 13:00:00,FLAT,630394455.2272731,630394455.2272731,0.0,1351.5
2024-10-23 13:15:00,FLAT,630394455.2272731,630394455.2272731,0.0,1351.6
2024-10-23 13:30:00,FLAT,630394455.2272731,630394455.2272731,0.0,1352.6
2024-10-23 13:45:00,FLAT,630394455.2272731,630394455.2272731,0.0,1351.8
2024-10-23 14:00:00,FLAT,630394455.2272731,630394455.2272731,0.0,1351.4
2024-10-23 14:15:00,FLAT,630394455.2272731,630394455.2272731,0.0,1352.9
2024-10-23 14:30:00,FLAT,630394455.2272731,630394455.2272731,0.0,1352.6
2024-10-24 09:00:00,FLAT,630394455.2272731,630394455.2272731,0.0,1352.0
2024-10-24 09:15:00,FLAT,630394455.2272731,630394455.2272731,0.0,1353.4
2024-10-24 09:30:00,FLAT,630394455.2272731,630394455.2272731,0.0,1353.8
2024-10-24 09:45:00,FLAT,630394455.2272731,630394455.2272731,0.0,1352.7
2024-10-24 10:00:00,FLAT,630394455.2272731,630394455.2272731,0.0,1352.1
2024-10-24 10:15:00,FLAT,630394455.2272731,630394455.2272731,0.0,1352.2
2024-10-24 10:30:00,FLAT,630394455.2272731,630394455.2272731,0.0,1350.0
2024-10-24 10:45:00,FLAT,630394455.2272731,630394455.2272731,0.0,1350.2
2024-10-24 11:00:00,FLAT,630394455.2272731,630394455.2272731,0.0,1349.3
2024-10-24 11:15:00,FLAT,630394455.2272731,630394455.2272731,0.0,1349.4
2024-10-24 11:30:00,FLAT,630394455.2272731,630394455.2272731,0.0,1349.1
2024-10-24 13:00:00,FLAT,630394455.2272731,630394455.2272731,0.0,1349.7
2024-10-24 13:15:00,FLAT,630394455.2272731,630394455.2272731,0.0,1346.3
2024-10-24 13:30:00,FLAT,630394455.2272731,630394455.2272731,0.0,1345.5
2024-10-24 13:45:00,FLAT,630394455.2272731,630394455.2272731,0.0,1346.9
2024-10-24 14:00:00,FLAT,630394455.2272731,630394455.2272731,0.0,1342.0
2024-10-24 14:15:00,FLAT,630394455.2272731,630394455.2272731,0.0,1337.0
2024-10-24 14:30:00,FLAT,630394455.2272731,630394455.2272731,0.0,1338.0
2024-10-25 09:00:00,FLAT,630394455.2272731,630394455.2272731,0.0,1338.4
2024-10-25 09:15:00,FLAT,630394455.2272731,630394455.2272731,0.0,1337.7
2024-10-25 09:30:00,FLAT,630394455.2272731,630394455.2272731,0.0,1335.5
2024-10-25 09:45:00,FLAT,630394455.2272731,630394455.2272731,0.0,1337.8
2024-10-25 10:00:00,FLAT,630394455.2272731,630394455.2272731,0.0,1337.0
2024-10-25 10:15:00,FLAT,630394455.2272731,630394455.2272731,0.0,1338.1
2024-10-25 10:30:00,FLAT,630394455.2272731,630394455.2272731,0.0,1335.7
2024-10-25 10:45:00,FLAT,630394455.2272731,630394455.2272731,0.0,1333.9
2024-10-25 11:00:00,FLAT,630394455.2272731,630394455.2272731,0.0,1336.1
2024-10-25 11:15:00,FLAT,630394455.2272731,630394455.2272731,0.0,1335.9
2024-10-25 11:30:00,FLAT,630394455.2272731,630394455.2272731,0.0,1335.9
2024-10-25 13:00:00,FLAT,630394455.2272731,630394455.2272731,0.0,1335.2
2024-10-25 13:15:00,FLAT,630394455.2272731,630394455.2272731,0.0,1333.8
2024-10-25 13:30:00,FLAT,630394455.2272731,630394455.2272731,0.0,1333.6
2024-10-25 13:45:00,FLAT,630394455.2272731,630394455.2272731,0.0,1334.5
2024-10-25 14:00:00,FLAT,630394455.2272731,630394455.2272731,0.0,1332.5
2024-10-25 14:15:00,FLAT,630394455.2272731,630394455.2272731,0.0,1329.4
2024-10-25 14:30:00,FLAT,630394455.2272731,630394455.2272731,0.0,1328.8
2024-10-28 09:00:00,FLAT,630394455.2272731,630394455.2272731,0.0,1328.8
2024-10-28 09:15:00,FLAT,630394455.2272731,630394455.2272731,0.0,1329.2
2024-10-28 09:30:00,FLAT,630394455.2272731,630394455.2272731,0.0,1328.3
2024-10-28 09:45:00,FLAT,630394455.2272731,630394455.2272731,0.0,1327.7
2024-10-28 10:00:00,FLAT,630394455.2272731,630394455.2272731,0.0,1327.6
2024-10-28 10:15:00,FLAT,630394455.2272731,630394455.2272731,0.0,1327.9
2024-10-28 10:30:00,FLAT,630394455.2272731,630394455.2272731,0.0,1328.4
2024-10-28 10:45:00,FLAT,630394455.2272731,630394455.2272731,0.0,1330.1
2024-10-28 11:00:00,FLAT,630394455.2272731,630394455.2272731,0.0,1330.5
2024-10-28 11:15:00,FLAT,630394455.2272731,630394455.2272731,0.0,1329.7
2024-10-28 11:30:00,FLAT,630394455.2272731,630394455.2272731,0.0,1329.5
2024-10-28 13:00:00,FLAT,630394455.2272731,630394455.2272731,0.0,1329.7
2024-10-28 13:15:00,FLAT,630394455.2272731,630394455.2272731,0.0,1332.0
2024-10-28 13:30:00,FLAT,630394455.2272731,630394455.2272731,0.0,1331.2
2024-10-28 13:45:00,FLAT,630394455.2272731,630394455.2272731,0.0,1329.9
2024-10-28 14:00:00,FLAT,630394455.2272731,630394455.2272731,0.0,1330.7
2024-10-28 14:15:00,FLAT,630394455.2272731,630394455.2272731,0.0,1331.2
2024-10-28 14:30:00,FLAT,630394455.2272731,630394455.2272731,0.0,1331.5
2024-10-29 09:00:00,FLAT,630394455.2272731,630394455.2272731,0.0,1335.8
2024-10-29 09:15:00,FLAT,630394455.2272731,630394455.2272731,0.0,1336.0
2024-10-29 09:30:00,FLAT,630394455.2272731,630394455.2272731,0.0,1337.3
2024-10-29 09:45:00,FLAT,630394455.2272731,630394455.2272731,0.0,1337.9
2024-10-29 10:00:00,FLAT,630394455.2272731,630394455.2272731,0.0,1337.9
2024-10-29 10:15:00,FLAT,630394455.2272731,630394455.2272731,0.0,1337.7
2024-10-29 10:30:00,FLAT,630394455.2272731,630394455.2272731,0.0,1340.1
2024-10-29 10:45:00,FLAT,627838022.9545457,627838022.9545457,0.0,1338.0
2024-10-29 11:00:00,FLAT,627838022.9545457,627838022.9545457,0.0,1337.7
2024-10-29 11:15:00,FLAT,627838022.9545457,627838022.9545457,0.0,1338.3
2024-10-29 11:30:00,FLAT,627838022.9545457,627838022.9545457,0.0,1338.2
2024-10-29 13:00:00,FLAT,627838022.9545457,627838022.9545457,0.0,1337.5
2024-10-29 13:15:00,FLAT,627838022.9545457,627838022.9545457,0.0,1336.4
2024-10-29 13:30:00,FLAT,627838022.9545457,627838022.9545457,0.0,1335.7
2024-10-29 13:45:00,FLAT,627838022.9545457,627838022.9545457,0.0,1337.2
2024-10-29 14:00:00,FLAT,627838022.9545457,627838022.9545457,0.0,1338.5
2024-10-29 14:15:00,FLAT,627838022.9545457,627838022.9545457,0.0,1338.2
2024-10-29 14:30:00,FLAT,627838022.9545457,627838022.9545457,0.0,1339.8
2024-10-30 09:00:00,FLAT,627838022.9545457,627838022.9545457,0.0,1340.9
2024-10-30 09:15:00,FLAT,627838022.9545457,627838022.9545457,0.0,1341.1
2024-10-30 09:30:00,FLAT,627838022.9545457,627838022.9545457,0.0,1340.1
2024-10-30 09:45:00,FLAT,627838022.9545457,627838022.9545457,0.0,1339.7
2024-10-30 10:00:00,FLAT,627838022.9545457,627838022.9545457,0.0,1338.6
2024-10-30 10:15:00,FLAT,627838022.9545457,627838022.9545457,0.0,1338.0
2024-10-30 10:30:00,FLAT,627838022.9545457,627838022.9545457,0.0,1337.3
2024-10-30 10:45:00,FLAT,627838022.9545457,627838022.9545457,0.0,1336.0
2024-10-30 11:00:00,FLAT,627838022.9545457,627838022.9545457,0.0,1336.0
2024-10-30 11:15:00,FLAT,627838022.9545457,627838022.9545457,0.0,1333.8
2024-10-30 11:30:00,FLAT,627838022.9545457,627838022.9545457,0.0,1333.7
2024-10-30 13:00:00,FLAT,627838022.9545457,627838022.9545457,0.0,1335.7
2024-10-30 13:15:00,FLAT,627838022.9545457,627838022.9545457,0.0,1336.2
2024-10-30 13:30:00,FLAT,627838022.9545457,627838022.9545457,0.0,1336.3
2024-10-30 13:45:00,FLAT,627838022.9545457,627838022.9545457,0.0,1335.0
2024-10-30 14:00:00,FLAT,627838022.9545457,627838022.9545457,0.0,1333.5
2024-10-30 14:15:00,FLAT,627838022.9545457,627838022.9545457,0.0,1336.0
2024-10-30 14:30:00,FLAT,627838022.9545457,627838022.9545457,0.0,1338.0
2024-10-31 09:00:00,FLAT,627838022.9545457,627838022.9545457,0.0,1340.0
2024-10-31 09:15:00,FLAT,627838022.9545457,627838022.9545457,0.0,1337.4
2024-10-31 09:30:00,FLAT,627838022.9545457,627838022.9545457,0.0,1337.4
2024-10-31 09:45:00,FLAT,627838022.9545457,627838022.9545457,0.0,1337.6
2024-10-31 10:00:00,FLAT,627838022.9545457,627838022.9545457,0.0,1335.6
2024-10-31 10:15:00,FLAT,627838022.9545457,627838022.9545457,0.0,1336.0
2024-10-31 10:30:00,FLAT,627838022.9545457,627838022.9545457,0.0,1334.9
2024-10-31 10:45:00,FLAT,627838022.9545457,627838022.9545457,0.0,1336.0
2024-10-31 11:00:00,FLAT,627838022.9545457,627838022.9545457,0.0,1337.7
2024-10-31 11:15:00,FLAT,627838022.9545457,627838022.9545457,0.0,1337.5
2024-10-31 11:30:00,FLAT,627838022.9545457,627838022.9545457,0.0,1337.8
2024-10-31 13:00:00,FLAT,627838022.9545457,627838022.9545457,0.0,1338.7
2024-10-31 13:15:00,FLAT,627838022.9545457,627838022.9545457,0.0,1339.6
2024-10-31 13:30:00,FLAT,627838022.9545457,627838022.9545457,0.0,1342.4
2024-10-31 13:45:00,FLAT,627838022.9545457,627838022.9545457,0.0,1344.3
2024-10-31 14:00:00,LONG,628836317.9545457,627636317.9545457,1200000.0000000454,1345.9
2024-10-31 14:15:00,FLAT,625407644.3181819,625407644.3181819,0.0,1342.8
2024-10-31 14:30:00,FLAT,625407644.3181819,625407644.3181819,0.0,1344.0
2024-11-01 09:00:00,FLAT,625407644.3181819,625407644.3181819,0.0,1337.5
2024-11-01 09:15:00,FLAT,625407644.3181819,625407644.3181819,0.0,1338.1
2024-11-01 09:30:00,FLAT,625407644.3181819,625407644.3181819,0.0,1337.5
2024-11-01 09:45:00,FLAT,625407644.3181819,625407644.3181819,0.0,1338.1
2024-11-01 10:00:00,FLAT,625407644.3181819,625407644.3181819,0.0,1338.0
2024-11-01 10:15:00,FLAT,625407644.3181819,625407644.3181819,0.0,1338.8
2024-11-01 10:30:00,FLAT,625407644.3181819,625407644.3181819,0.0,1337.3
2024-11-01 10:45:00,FLAT,625407644.3181819,625407644.3181819,0.0,1337.4
2024-11-01 11:00:00,FLAT,625407644.3181819,625407644.3181819,0.0,1335.5
2024-11-01 11:15:00,FLAT,625407644.3181819,625407644.3181819,0.0,1337.4
2024-11-01 13:00:00,FLAT,625407644.3181819,625407644.3181819,0.0,1336.7
2024-11-01 13:15:00,FLAT,625407644.3181819,625407644.3181819,0.0,1337.6
2024-11-01 13:30:00,FLAT,625407644.3181819,625407644.3181819,0.0,1333.9
2024-11-01 13:45:00,FLAT,625407644.3181819,625407644.3181819,0.0,1333.5
2024-11-01 14:00:00,FLAT,625407644.3181819,625407644.3181819,0.0,1331.0
2024-11-01 14:15:00,FLAT,625407644.3181819,625407644.3181819,0.0,1329.7
2024-11-01 14:30:00,FLAT,625407644.3181819,625407644.3181819,0.0,1326.1
2024-11-04 09:00:00,FLAT,625407644.3181819,625407644.3181819,0.0,1330.8
2024-11-04 09:15:00,FLAT,625407644.3181819,625407644.3181819,0.0,1329.4
2024-11-04 09:30:00,FLAT,625407644.3181819,625407644.3181819,0.0,1327.0
2024-11-04 09:45:00,FLAT,625407644.3181819,625407644.3181819,0.0,1325.2
2024-11-04 10:00:00,FLAT,625407644.3181819,625407644.3181819,0.0,1323.7
2024-11-04 10:15:00,FLAT,625407644.3181819,625407644.3181819,0.0,1323.0
2024-11-04 10:30:00,FLAT,625407644.3181819,625407644.3181819,0.0,1323.1
2024-11-04 10:45:00,FLAT,625407644.3181819,625407644.3181819,0.0,1322.0
2024-11-04 11:00:00,FLAT,625407644.3181819,625407644.3181819,0.0,1322.8
2024-11-04 11:15:00,FLAT,625407644.3181819,625407644.3181819,0.0,1321.0
2024-11-04 13:00:00,FLAT,625407644.3181819,625407644.3181819,0.0,1322.1
2024-11-04 13:15:00,FLAT,625407644.3181819,625407644.3181819,0.0,1320.5
2024-11-04 13:30:00,FLAT,625407644.3181819,625407644.3181819,0.0,1319.8
2024-11-04 13:45:00,FLAT,625407644.3181819,625407644.3181819,0.0,1321.4
2024-11-04 14:00:00,FLAT,625407644.3181819,625407644.3181819,0.0,1321.3
2024-11-04 14:15:00,FLAT,625407644.3181819,625407644.3181819,0.0,1319.8
2024-11-04 14:30:00,FLAT,625407644.3181819,625407644.3181819,0.0,1319.6
2024-11-05 09:00:00,FLAT,625407644.3181819,625407644.3181819,0.0,1318.4
2024-11-05 09:15:00,FLAT,625407644.3181819,625407644.3181819,0.0,1319.0
2024-11-05 09:30:00,FLAT,625407644.3181819,625407644.3181819,0.0,1319.4
2024-11-05 09:45:00,FLAT,625407644.3181819,625407644.3181819,0.0,1318.8
2024-11-05 10:00:00,FLAT,625407644.3181819,625407644.3181819,0.0,1318.6
2024-11-05 10:15:00,FLAT,625407644.3181819,625407644.3181819,0.0,1318.5
2024-11-05 10:30:00,FLAT,625407644.3181819,625407644.3181819,0.0,1319.4
2024-11-05 10:45:00,FLAT,625407644.3181819,625407644.3181819,0.0,1319.1
2024-11-05 11:00:00,FLAT,625407644.3181819,625407644.3181819,0.0,1318.9
2024-11-05 11:15:00,FLAT,625407644.3181819,625407644.3181819,0.0,1318.9
2024-11-05 13:00:00,FLAT,625407644.3181819,625407644.3181819,0.0,1319.9
2024-11-05 13:15:00,FLAT,625407644.3181819,625407644.3181819,0.0,1322.8
2024-11-05 13:30:00,FLAT,625407644.3181819,625407644.3181819,0.0,1322.5
2024-11-05 13:45:00,FLAT,625407644.3181819,625407644.3181819,0.0,1320.8
2024-11-05 14:00:00,FLAT,625407644.3181819,625407644.3181819,0.0,1319.5
2024-11-05 14:15:00,FLAT,625407644.3181819,625407644.3181819,0.0,1320.1
2024-11-05 14:30:00,FLAT,625407644.3181819,625407644.3181819,0.0,1319.5
2024-11-06 09:00:00,FLAT,625407644.3181819,625407644.3181819,0.0,1326.7
2024-11-06 09:15:00,FLAT,625407644.3181819,625407644.3181819,0.0,1326.6
2024-11-06 09:30:00,FLAT,625407644.3181819,625407644.3181819,0.0,1328.0
2024-11-06 09:45:00,FLAT,625407644.3181819,625407644.3181819,0.0,1326.4
2024-11-06 10:00:00,FLAT,625407644.3181819,625407644.3181819,0.0,1326.5
2024-11-06 10:15:00,FLAT,625407644.3181819,625407644.3181819,0.0,1326.8
2024-11-06 10:30:00,FLAT,625407644.3181819,625407644.3181819,0.0,1325.5
2024-11-06 10:45:00,FLAT,625407644.3181819,625407644.3181819,0.0,1326.0
2024-11-06 11:00:00,FLAT,625407644.3181819,625407644.3181819,0.0,1327.0
2024-11-06 11:15:00,FLAT,625407644.3181819,625407644.3181819,0.0,1326.8
2024-11-06 13:00:00,FLAT,625407644.3181819,625407644.3181819,0.0,1328.5
2024-11-06 13:15:00,FLAT,625407644.3181819,625407644.3181819,0.0,1331.0
2024-11-06 13:30:00,FLAT,625407644.3181819,625407644.3181819,0.0,1331.5
2024-11-06 13:45:00,FLAT,625407644.3181819,625407644.3181819,0.0,1336.2
2024-11-06 14:00:00,LONG,628407154.3181819,625207154.3181819,3200000.0000000456,1339.8
2024-11-06 14:15:00,LONG,628207154.3181819,625207154.3181819,3000000.0,1339.6
2024-11-06 14:30:00,LONG,629107154.318182,625207154.3181819,3900000.000000091,1340.5
2024-11-07 09:00:00,LONG,631907154.3181819,625207154.3181819,6700000.000000046,1343.3
2024-11-07 09:15:00,LONG,629407154.3181819,625207154.3181819,4200000.000000046,1340.8
2024-11-07 09:30:00,LONG,625007154.3181821,625207154.3181819,-199999.9999998181,1336.4
2024-11-07 09:45:00,LONG,625607154.318182,625207154.3181819,400000.0000000909,1337.0
2024-11-07 10:00:00,LONG,626607154.318182,625207154.3181819,1400000.000000091,1338.0
2024-11-07 10:15:00,LONG,627207154.3181819,625207154.3181819,2000000.0,1338.6
2024-11-07 10:30:00,LONG,628307154.318182,625207154.3181819,3100000.0000001364,1339.7
2024-11-07 10:45:00,LONG,627807154.318182,625207154.3181819,2600000.0000001364,1339.2
2024-11-07 11:00:00,LONG,626207154.3181819,625207154.3181819,1000000.0,1337.6
2024-11-07 11:15:00,LONG,626707154.3181819,625207154.3181819,1500000.0,1338.1
2024-11-07 11:30:00,LONG,626707154.3181819,625207154.3181819,1500000.0,1338.1
2024-11-07 13:00:00,LONG,628607154.318182,625207154.3181819,3400000.000000091,1340.0
2024-11-07 13:15:00,LONG,629007154.3181821,625207154.3181819,3800000.000000182,1340.4
2024-11-07 13:30:00,LONG,626107154.318182,625207154.3181819,900000.0000000909,1337.5
2024-11-07 13:45:00,LONG,626407154.3181819,625207154.3181819,1200000.0000000454,1337.8
2024-11-07 14:00:00,LONG,626807154.318182,625207154.3181819,1600000.0000001364,1338.2
2024-11-07 14:15:00,FLAT,622875165.9090911,622875165.9090911,0.0,1334.3
2024-11-07 14:30:00,FLAT,622875165.9090911,622875165.9090911,0.0,1335.9
2024-11-08 09:00:00,FLAT,622875165.9090911,622875165.9090911,0.0,1339.5
2024-11-08 09:15:00,FLAT,622875165.9090911,622875165.9090911,0.0,1339.1
2024-11-08 09:30:00,FLAT,622875165.9090911,622875165.9090911,0.0,1337.3
2024-11-08 09:45:00,FLAT,622875165.9090911,622875165.9090911,0.0,1335.6
2024-11-08 10:00:00,FLAT,622875165.9090911,622875165.9090911,0.0,1335.5
2024-11-08 10:15:00,FLAT,622875165.9090911,622875165.9090911,0.0,1332.7
2024-11-08 10:30:00,FLAT,622875165.9090911,622875165.9090911,0.0,1332.3
2024-11-08 10:45:00,FLAT,622875165.9090911,622875165.9090911,0.0,1331.5
2024-11-08 11:00:00,FLAT,622875165.9090911,622875165.9090911,0.0,1329.0
2024-11-08 11:15:00,FLAT,622875165.9090911,622875165.9090911,0.0,1327.2
2024-11-08 11:30:00,FLAT,622875165.9090911,622875165.9090911,0.0,1327.1
2024-11-08 13:00:00,FLAT,622875165.9090911,622875165.9090911,0.0,1327.8
2024-11-08 13:15:00,FLAT,622875165.9090911,622875165.9090911,0.0,1327.8
2024-11-08 13:30:00,FLAT,622875165.9090911,622875165.9090911,0.0,1328.7
2024-11-08 13:45:00,FLAT,622875165.9090911,622875165.9090911,0.0,1323.0
2024-11-08 14:00:00,FLAT,622875165.9090911,622875165.9090911,0.0,1321.0
2024-11-08 14:15:00,FLAT,622875165.9090911,622875165.9090911,0.0,1325.0
2024-11-08 14:30:00,FLAT,622875165.9090911,622875165.9090911,0.0,1325.4
2024-11-11 09:00:00,FLAT,622875165.9090911,622875165.9090911,0.0,1321.9
2024-11-11 09:15:00,FLAT,622875165.9090911,622875165.9090911,0.0,1318.6
2024-11-11 09:30:00,FLAT,622875165.9090911,622875165.9090911,0.0,1319.1
2024-11-11 09:45:00,FLAT,622875165.9090911,622875165.9090911,0.0,1318.9
2024-11-11 10:00:00,FLAT,622875165.9090911,622875165.9090911,0.0,1319.0
2024-11-11 10:15:00,FLAT,622875165.9090911,622875165.9090911,0.0,1313.7
2024-11-11 10:30:00,FLAT,622875165.9090911,622875165.9090911,0.0,1308.2
2024-11-11 10:45:00,FLAT,622875165.9090911,622875165.9090911,0.0,1309.6
2024-11-11 11:00:00,FLAT,622875165.9090911,622875165.9090911,0.0,1309.7
2024-11-11 11:15:00,FLAT,622875165.9090911,622875165.9090911,0.0,1312.6
2024-11-11 11:30:00,FLAT,622875165.9090911,622875165.9090911,0.0,1312.9
2024-11-11 13:00:00,FLAT,622875165.9090911,622875165.9090911,0.0,1310.7
2024-11-11 13:15:00,FLAT,622875165.9090911,622875165.9090911,0.0,1307.5
2024-11-11 13:30:00,FLAT,622875165.9090911,622875165.9090911,0.0,1307.5
2024-11-11 13:45:00,FLAT,622875165.9090911,622875165.9090911,0.0,1312.4
2024-11-11 14:00:00,FLAT,622875165.9090911,622875165.9090911,0.0,1314.6
2024-11-11 14:15:00,FLAT,619403794.7727274,619403794.7727274,0.0,1317.7
2024-11-11 14:30:00,FLAT,619403794.7727274,619403794.7727274,0.0,1319.2
2024-11-12 09:00:00,FLAT,619403794.7727274,619403794.7727274,0.0,1320.8
2024-11-12 09:15:00,FLAT,619403794.7727274,619403794.7727274,0.0,1319.6
2024-11-12 09:30:00,FLAT,619403794.7727274,619403794.7727274,0.0,1321.5
2024-11-12 09:45:00,FLAT,619403794.7727274,619403794.7727274,0.0,1319.7
2024-11-12 10:00:00,FLAT,619403794.7727274,619403794.7727274,0.0,1318.1
2024-11-12 10:15:00,FLAT,619403794.7727274,619403794.7727274,0.0,1317.0
2024-11-12 10:30:00,FLAT,619403794.7727274,619403794.7727274,0.0,1317.4
2024-11-12 10:45:00,FLAT,619403794.7727274,619403794.7727274,0.0,1316.5
2024-11-12 11:00:00,FLAT,619403794.7727274,619403794.7727274,0.0,1314.5
2024-11-12 11:15:00,FLAT,619403794.7727274,619403794.7727274,0.0,1311.4
2024-11-12 11:30:00,FLAT,619403794.7727274,619403794.7727274,0.0,1311.5
2024-11-12 13:00:00,FLAT,619403794.7727274,619403794.7727274,0.0,1308.3
2024-11-12 13:15:00,FLAT,619403794.7727274,619403794.7727274,0.0,1307.5
2024-11-12 13:30:00,FLAT,619403794.7727274,619403794.7727274,0.0,1304.6
2024-11-12 13:45:00,FLAT,619403794.7727274,619403794.7727274,0.0,1307.7
2024-11-12 14:00:00,FLAT,619403794.7727274,619403794.7727274,0.0,1306.2
2024-11-12 14:15:00,FLAT,619403794.7727274,619403794.7727274,0.0,1308.7
2024-11-12 14:30:00,FLAT,619403794.7727274,619403794.7727274,0.0,1308.7
2024-11-13 09:00:00,FLAT,619403794.7727274,619403794.7727274,0.0,1304.5
2024-11-13 09:15:00,FLAT,619403794.7727274,619403794.7727274,0.0,1306.0
2024-11-13 09:30:00,FLAT,619403794.7727274,619403794.7727274,0.0,1308.3
2024-11-13 09:45:00,FLAT,619403794.7727274,619403794.7727274,0.0,1308.9
2024-11-13 10:00:00,FLAT,619403794.7727274,619403794.7727274,0.0,1306.0
2024-11-13 10:15:00,FLAT,619403794.7727274,619403794.7727274,0.0,1303.1
2024-11-13 10:30:00,FLAT,619403794.7727274,619403794.7727274,0.0,1303.5
2024-11-13 10:45:00,FLAT,619403794.7727274,619403794.7727274,0.0,1303.5
2024-11-13 11:00:00,FLAT,619403794.7727274,619403794.7727274,0.0,1300.9
2024-11-13 11:15:00,FLAT,619403794.7727274,619403794.7727274,0.0,1300.0
2024-11-13 11:30:00,FLAT,619403794.7727274,619403794.7727274,0.0,1300.2
2024-11-13 13:00:00,FLAT,619403794.7727274,619403794.7727274,0.0,1299.7
2024-11-13 13:15:00,FLAT,619403794.7727274,619403794.7727274,0.0,1300.7
2024-11-13 13:30:00,FLAT,619403794.7727274,619403794.7727274,0.0,1302.9
2024-11-13 13:45:00,FLAT,619403794.7727274,619403794.7727274,0.0,1305.0
2024-11-13 14:00:00,LONG,621907954.7727274,619207954.7727274,2700000.0000000456,1308.3
2024-11-13 14:15:00,LONG,626707954.7727274,619207954.7727274,7500000.0,1313.1
2024-11-13 14:30:00,LONG,623607954.7727275,619207954.7727274,4400000.000000091,1310.0
2024-11-14 09:00:00,FLAT,616303430.227273,616303430.227273,0.0,1303.3
2024-11-14 09:15:00,FLAT,616303430.227273,616303430.227273,0.0,1303.6
2024-11-14 09:30:00,FLAT,616303430.227273,616303430.227273,0.0,1302.4
2024-11-14 09:45:00,FLAT,616303430.227273,616303430.227273,0.0,1304.5
2024-11-14 10:00:00,FLAT,616303430.227273,616303430.227273,0.0,1308.9
2024-11-14 10:15:00,LONG,614107080.227273,616107080.227273,-2000000.0,1307.0
2024-11-14 10:30:00,FLAT,613033889.0909095,613033889.0909095,0.0,1306.2
2024-11-14 10:45:00,FLAT,613033889.0909095,613033889.0909095,0.0,1303.8
2024-11-14 11:00:00,FLAT,613033889.0909095,613033889.0909095,0.0,1303.9
2024-11-14 11:15:00,FLAT,613033889.0909095,613033889.0909095,0.0,1303.9
2024-11-14 11:30:00,FLAT,613033889.0909095,613033889.0909095,0.0,1304.2
2024-11-14 13:00:00,FLAT,613033889.0909095,613033889.0909095,0.0,1305.6
2024-11-14 13:15:00,FLAT,613033889.0909095,613033889.0909095,0.0,1301.4
2024-11-14 13:30:00,FLAT,613033889.0909095,613033889.0909095,0.0,1299.8
2024-11-14 13:45:00,FLAT,613033889.0909095,613033889.0909095,0.0,1299.6
2024-11-14 14:00:00,FLAT,613033889.0909095,613033889.0909095,0.0,1298.5
2024-11-14 14:15:00,FLAT,613033889.0909095,613033889.0909095,0.0,1295.1
2024-11-14 14:30:00,FLAT,613033889.0909095,613033889.0909095,0.0,1295.1
2024-11-15 09:00:00,FLAT,613033889.0909095,613033889.0909095,0.0,1289.2
2024-11-15 09:15:00,FLAT,613033889.0909095,613033889.0909095,0.0,1289.3
2024-11-15 09:30:00,FLAT,613033889.0909095,613033889.0909095,0.0,1287.5
2024-11-15 09:45:00,FLAT,613033889.0909095,613033889.0909095,0.0,1286.3
2024-11-15 10:00:00,FLAT,613033889.0909095,613033889.0909095,0.0,1287.2
2024-11-15 10:15:00,FLAT,613033889.0909095,613033889.0909095,0.0,1286.2
2024-11-15 10:30:00,FLAT,613033889.0909095,613033889.0909095,0.0,1283.7
2024-11-15 10:45:00,FLAT,613033889.0909095,613033889.0909095,0.0,1283.3
2024-11-15 11:00:00,FLAT,613033889.0909095,613033889.0909095,0.0,1280.1
2024-11-15 11:15:00,FLAT,613033889.0909095,613033889.0909095,0.0,1281.6
2024-11-15 11:30:00,FLAT,613033889.0909095,613033889.0909095,0.0,1281.1
2024-11-15 13:00:00,FLAT,613033889.0909095,613033889.0909095,0.0,1282.9
2024-11-15 13:15:00,FLAT,613033889.0909095,613033889.0909095,0.0,1284.7
2024-11-15 13:30:00,FLAT,613033889.0909095,613033889.0909095,0.0,1282.6
2024-11-15 13:45:00,FLAT,613033889.0909095,613033889.0909095,0.0,1284.8
2024-11-15 14:00:00,FLAT,613033889.0909095,613033889.0909095,0.0,1281.8
2024-11-15 14:15:00,FLAT,613033889.0909095,613033889.0909095,0.0,1280.4
2024-11-15 14:30:00,FLAT,613033889.0909095,613033889.0909095,0.0,1281.0
2024-11-18 09:00:00,FLAT,613033889.0909095,613033889.0909095,0.0,1274.0
2024-11-18 09:15:00,FLAT,613033889.0909095,613033889.0909095,0.0,1272.7
2024-11-18 09:30:00,FLAT,613033889.0909095,613033889.0909095,0.0,1270.1
2024-11-18 09:45:00,FLAT,613033889.0909095,613033889.0909095,0.0,1270.3
2024-11-18 10:00:00,FLAT,613033889.0909095,613033889.0909095,0.0,1270.8
2024-11-18 10:15:00,FLAT,613033889.0909095,613033889.0909095,0.0,1266.6
2024-11-18 10:30:00,FLAT,613033889.0909095,613033889.0909095,0.0,1265.3
2024-11-18 10:45:00,FLAT,613033889.0909095,613033889.0909095,0.0,1267.2
2024-11-18 11:00:00,FLAT,613033889.0909095,613033889.0909095,0.0,1265.0
2024-11-18 11:15:00,FLAT,613033889.0909095,613033889.0909095,0.0,1262.8
2024-11-18 11:30:00,FLAT,613033889.0909095,613033889.0909095,0.0,1263.0
2024-11-18 13:00:00,FLAT,613033889.0909095,613033889.0909095,0.0,1263.4
2024-11-18 13:15:00,FLAT,613033889.0909095,613033889.0909095,0.0,1267.2
2024-11-18 13:30:00,FLAT,613033889.0909095,613033889.0909095,0.0,1267.6
2024-11-18 13:45:00,FLAT,613033889.0909095,613033889.0909095,0.0,1271.7
2024-11-18 14:00:00,LONG,615143074.0909097,612843074.0909095,2300000.000000182,1274.4
2024-11-18 14:15:00,LONG,615243074.0909096,612843074.0909095,2400000.000000091,1274.5
2024-11-18 14:30:00,LONG,615743074.0909096,612843074.0909095,2900000.000000091,1275.0
2024-11-19 09:00:00,LONG,614643074.0909097,612843074.0909095,1800000.0000001818,1273.9
2024-11-19 09:15:00,FLAT,610029925.2272732,610029925.2272732,0.0,1267.9
2024-11-19 09:30:00,FLAT,610029925.2272732,610029925.2272732,0.0,1267.5
2024-11-19 09:45:00,FLAT,610029925.2272732,610029925.2272732,0.0,1264.6
2024-11-19 10:00:00,FLAT,610029925.2272732,610029925.2272732,0.0,1266.9
2024-11-19 10:15:00,FLAT,610029925.2272732,610029925.2272732,0.0,1265.1
2024-11-19 10:30:00,FLAT,610029925.2272732,610029925.2272732,0.0,1264.7
2024-11-19 10:45:00,FLAT,610029925.2272732,610029925.2272732,0.0,1267.4
2024-11-19 11:00:00,FLAT,610029925.2272732,610029925.2272732,0.0,1267.3
2024-11-19 11:15:00,FLAT,610029925.2272732,610029925.2272732,0.0,1270.4
2024-11-19 11:30:00,FLAT,610029925.2272732,610029925.2272732,0.0,1270.2
2024-11-19 13:00:00,FLAT,610029925.2272732,610029925.2272732,0.0,1267.8
2024-11-19 13:15:00,FLAT,610029925.2272732,610029925.2272732,0.0,1270.3
2024-11-19 13:30:00,FLAT,610029925.2272732,610029925.2272732,0.0,1266.5
2024-11-19 13:45:00,FLAT,610029925.2272732,610029925.2272732,0.0,1264.7
2024-11-19 14:00:00,FLAT,610029925.2272732,610029925.2272732,0.0,1269.1
2024-11-19 14:15:00,FLAT,610029925.2272732,610029925.2272732,0.0,1263.0
2024-11-19 14:30:00,FLAT,610029925.2272732,610029925.2272732,0.0,1264.0
2024-11-20 09:00:00,FLAT,610029925.2272732,610029925.2272732,0.0,1257.2
2024-11-20 09:15:00,FLAT,610029925.2272732,610029925.2272732,0.0,1258.1
2024-11-20 09:30:00,FLAT,610029925.2272732,610029925.2272732,0.0,1254.8
2024-11-20 09:45:00,FLAT,610029925.2272732,610029925.2272732,0.0,1258.7
2024-11-20 10:00:00,FLAT,610029925.2272732,610029925.2272732,0.0,1259.3
2024-11-20 10:15:00,FLAT,610029925.2272732,610029925.2272732,0.0,1258.9
2024-11-20 10:30:00,FLAT,610029925.2272732,610029925.2272732,0.0,1268.4
2024-11-20 10:45:00,FLAT,606131571.1363642,606131571.1363642,0.0,1267.8
2024-11-20 11:00:00,FLAT,606131571.1363642,606131571.1363642,0.0,1272.0
2024-11-20 11:15:00,FLAT,606131571.1363642,606131571.1363642,0.0,1272.2
2024-11-20 11:30:00,FLAT,606131571.1363642,606131571.1363642,0.0,1272.2
2024-11-20 13:00:00,FLAT,606131571.1363642,606131571.1363642,0.0,1274.5
2024-11-20 13:15:00,FLAT,606131571.1363642,606131571.1363642,0.0,1276.6
2024-11-20 13:30:00,FLAT,606131571.1363642,606131571.1363642,0.0,1277.2
2024-11-20 13:45:00,FLAT,606131571.1363642,606131571.1363642,0.0,1276.0
2024-11-20 14:00:00,FLAT,606131571.1363642,606131571.1363642,0.0,1274.3
2024-11-20 14:15:00,FLAT,606131571.1363642,606131571.1363642,0.0,1267.2
2024-11-20 14:30:00,FLAT,606131571.1363642,606131571.1363642,0.0,1268.5
2024-11-21 09:00:00,FLAT,606131571.1363642,606131571.1363642,0.0,1268.4
2024-11-21 09:15:00,FLAT,606131571.1363642,606131571.1363642,0.0,1268.8
2024-11-21 09:30:00,FLAT,606131571.1363642,606131571.1363642,0.0,1266.4
2024-11-21 09:45:00,FLAT,606131571.1363642,606131571.1363642,0.0,1266.7
2024-11-21 10:00:00,FLAT,606131571.1363642,606131571.1363642,0.0,1265.4
2024-11-21 10:15:00,FLAT,606131571.1363642,606131571.1363642,0.0,1267.5
2024-11-21 10:30:00,FLAT,606131571.1363642,606131571.1363642,0.0,1269.2
2024-11-21 10:45:00,FLAT,606131571.1363642,606131571.1363642,0.0,1269.5
2024-11-21 11:00:00,FLAT,606131571.1363642,606131571.1363642,0.0,1267.9
2024-11-21 11:15:00,FLAT,606131571.1363642,606131571.1363642,0.0,1270.0
2024-11-21 11:30:00,FLAT,606131571.1363642,606131571.1363642,0.0,1270.0
2024-11-21 13:00:00,FLAT,606131571.1363642,606131571.1363642,0.0,1273.7
2024-11-21 13:15:00,FLAT,606131571.1363642,606131571.1363642,0.0,1276.2
2024-11-21 13:30:00,FLAT,606131571.1363642,606131571.1363642,0.0,1275.0
2024-11-21 13:45:00,FLAT,606131571.1363642,606131571.1363642,0.0,1276.1
2024-11-21 14:00:00,FLAT,606131571.1363642,606131571.1363642,0.0,1279.3
2024-11-21 14:15:00,LONG,607439631.1363642,605939631.1363642,1500000.0,1281.1
2024-11-21 14:30:00,LONG,607439631.1363642,605939631.1363642,1500000.0,1281.1
2024-11-22 09:00:00,FLAT,622036156.5909096,622036156.5909096,0.0,1296.7
2024-11-22 09:15:00,FLAT,622036156.5909096,622036156.5909096,0.0,1296.5
2024-11-22 09:30:00,FLAT,622036156.5909096,622036156.5909096,0.0,1296.7
2024-11-22 09:45:00,FLAT,622036156.5909096,622036156.5909096,0.0,1293.7
2024-11-22 10:00:00,FLAT,622036156.5909096,622036156.5909096,0.0,1294.9
2024-11-22 10:15:00,FLAT,622036156.5909096,622036156.5909096,0.0,1292.3
2024-11-22 10:30:00,FLAT,622036156.5909096,622036156.5909096,0.0,1292.9
2024-11-22 10:45:00,FLAT,622036156.5909096,622036156.5909096,0.0,1295.7
2024-11-22 11:00:00,FLAT,622036156.5909096,622036156.5909096,0.0,1296.9
2024-11-22 11:15:00,FLAT,622036156.5909096,622036156.5909096,0.0,1297.7
2024-11-22 11:30:00,FLAT,622036156.5909096,622036156.5909096,0.0,1297.4
2024-11-22 13:00:00,FLAT,622036156.5909096,622036156.5909096,0.0,1296.8
2024-11-22 13:15:00,FLAT,622036156.5909096,622036156.5909096,0.0,1299.7
2024-11-22 13:30:00,FLAT,622036156.5909096,622036156.5909096,0.0,1299.8
2024-11-22 13:45:00,FLAT,622036156.5909096,622036156.5909096,0.0,1294.7
2024-11-22 14:00:00,FLAT,622036156.5909096,622036156.5909096,0.0,1295.7
2024-11-22 14:15:00,FLAT,622036156.5909096,622036156.5909096,0.0,1294.8
2024-11-22 14:30:00,FLAT,622036156.5909096,622036156.5909096,0.0,1297.0
2024-11-25 09:00:00,FLAT,622036156.5909096,622036156.5909096,0.0,1297.8
2024-11-25 09:15:00,FLAT,622036156.5909096,622036156.5909096,0.0,1297.2
2024-11-25 09:30:00,FLAT,622036156.5909096,622036156.5909096,0.0,1295.9
2024-11-25 09:45:00,FLAT,622036156.5909096,622036156.5909096,0.0,1294.9
2024-11-25 10:00:00,FLAT,622036156.5909096,622036156.5909096,0.0,1296.6
2024-11-25 10:15:00,FLAT,622036156.5909096,622036156.5909096,0.0,1297.7
2024-11-25 10:30:00,FLAT,622036156.5909096,622036156.5909096,0.0,1298.1
2024-11-25 10:45:00,FLAT,622036156.5909096,622036156.5909096,0.0,1296.8
2024-11-25 11:00:00,FLAT,622036156.5909096,622036156.5909096,0.0,1298.9
2024-11-25 11:15:00,FLAT,622036156.5909096,622036156.5909096,0.0,1297.1
2024-11-25 11:30:00,FLAT,622036156.5909096,622036156.5909096,0.0,1297.0
2024-11-25 13:00:00,FLAT,622036156.5909096,622036156.5909096,0.0,1297.8
2024-11-25 13:15:00,FLAT,622036156.5909096,622036156.5909096,0.0,1296.0
2024-11-25 13:30:00,FLAT,622036156.5909096,622036156.5909096,0.0,1297.4
2024-11-25 13:45:00,FLAT,622036156.5909096,622036156.5909096,0.0,1299.6
2024-11-25 14:00:00,FLAT,619501023.8636369,619501023.8636369,0.0,1296.7
2024-11-25 14:15:00,FLAT,619501023.8636369,619501023.8636369,0.0,1296.9
2024-11-25 14:30:00,FLAT,619501023.8636369,619501023.8636369,0.0,1296.0
2024-11-26 09:00:00,FLAT,619501023.8636369,619501023.8636369,0.0,1301.3
2024-11-26 09:15:00,FLAT,619501023.8636369,619501023.8636369,0.0,1305.2
2024-11-26 09:30:00,FLAT,619501023.8636369,619501023.8636369,0.0,1305.1
2024-11-26 09:45:00,FLAT,619501023.8636369,619501023.8636369,0.0,1304.5
2024-11-26 10:00:00,FLAT,619501023.8636369,619501023.8636369,0.0,1308.2
2024-11-26 10:15:00,FLAT,619501023.8636369,619501023.8636369,0.0,1309.1
2024-11-26 10:30:00,FLAT,619501023.8636369,619501023.8636369,0.0,1310.8
2024-11-26 10:45:00,FLAT,619501023.8636369,619501023.8636369,0.0,1309.7
2024-11-26 11:00:00,FLAT,619501023.8636369,619501023.8636369,0.0,1309.0
2024-11-26 11:15:00,FLAT,619501023.8636369,619501023.8636369,0.0,1310.3
2024-11-26 11:30:00,FLAT,619501023.8636369,619501023.8636369,0.0,1310.5
2024-11-26 13:00:00,FLAT,619501023.8636369,619501023.8636369,0.0,1309.4
2024-11-26 13:15:00,FLAT,619501023.8636369,619501023.8636369,0.0,1310.1
2024-11-26 13:30:00,FLAT,619501023.8636369,619501023.8636369,0.0,1309.0
2024-11-26 13:45:00,FLAT,619501023.8636369,619501023.8636369,0.0,1307.8
2024-11-26 14:00:00,FLAT,619501023.8636369,619501023.8636369,0.0,1308.5
2024-11-26 14:15:00,FLAT,619501023.8636369,619501023.8636369,0.0,1309.1
2024-11-26 14:30:00,FLAT,619501023.8636369,619501023.8636369,0.0,1310.0
2024-11-27 09:00:00,FLAT,619501023.8636369,619501023.8636369,0.0,1305.3
2024-11-27 09:15:00,FLAT,619501023.8636369,619501023.8636369,0.0,1305.8
2024-11-27 09:30:00,FLAT,619501023.8636369,619501023.8636369,0.0,1307.8
2024-11-27 09:45:00,FLAT,619501023.8636369,619501023.8636369,0.0,1308.0
2024-11-27 10:00:00,FLAT,619501023.8636369,619501023.8636369,0.0,1307.7
2024-11-27 10:15:00,FLAT,619501023.8636369,619501023.8636369,0.0,1306.8
2024-11-27 10:30:00,FLAT,619501023.8636369,619501023.8636369,0.0,1306.8
2024-11-27 10:45:00,FLAT,619501023.8636369,619501023.8636369,0.0,1306.3
2024-11-27 11:00:00,FLAT,619501023.8636369,619501023.8636369,0.0,1306.2
2024-11-27 11:15:00,FLAT,619501023.8636369,619501023.8636369,0.0,1307.1
2024-11-27 13:00:00,FLAT,619501023.8636369,619501023.8636369,0.0,1307.2
2024-11-27 13:15:00,FLAT,619501023.8636369,619501023.8636369,0.0,1308.0
2024-11-27 13:30:00,FLAT,619501023.8636369,619501023.8636369,0.0,1307.2
2024-11-27 13:45:00,FLAT,619501023.8636369,619501023.8636369,0.0,1308.1
2024-11-27 14:00:00,FLAT,619501023.8636369,619501023.8636369,0.0,1307.7
2024-11-27 14:15:00,FLAT,619501023.8636369,619501023.8636369,0.0,1307.4
2024-11-27 14:30:00,FLAT,619501023.8636369,619501023.8636369,0.0,1307.8
2024-11-28 09:00:00,FLAT,619501023.8636369,619501023.8636369,0.0,1316.2
2024-11-28 09:15:00,FLAT,619501023.8636369,619501023.8636369,0.0,1316.4
2024-11-28 09:30:00,FLAT,619501023.8636369,619501023.8636369,0.0,1317.6
2024-11-28 09:45:00,FLAT,619501023.8636369,619501023.8636369,0.0,1316.9
2024-11-28 10:00:00,FLAT,619501023.8636369,619501023.8636369,0.0,1316.2
2024-11-28 10:15:00,FLAT,619501023.8636369,619501023.8636369,0.0,1314.8
2024-11-28 10:30:00,FLAT,619501023.8636369,619501023.8636369,0.0,1312.5
2024-11-28 10:45:00,FLAT,619501023.8636369,619501023.8636369,0.0,1310.8
2024-11-28 11:00:00,FLAT,619501023.8636369,619501023.8636369,0.0,1310.5
2024-11-28 11:15:00,FLAT,619501023.8636369,619501023.8636369,0.0,1310.1
2024-11-28 11:30:00,FLAT,619501023.8636369,619501023.8636369,0.0,1310.2
2024-11-28 13:00:00,FLAT,619501023.8636369,619501023.8636369,0.0,1310.3
2024-11-28 13:15:00,FLAT,619501023.8636369,619501023.8636369,0.0,1309.6
2024-11-28 13:30:00,FLAT,619501023.8636369,619501023.8636369,0.0,1310.7
2024-11-28 13:45:00,FLAT,619501023.8636369,619501023.8636369,0.0,1310.2
2024-11-28 14:00:00,FLAT,619501023.8636369,619501023.8636369,0.0,1306.3
2024-11-28 14:15:00,FLAT,619501023.8636369,619501023.8636369,0.0,1307.9
2024-11-28 14:30:00,FLAT,619501023.8636369,619501023.8636369,0.0,1307.6
2024-11-29 09:00:00,FLAT,619501023.8636369,619501023.8636369,0.0,1305.7
2024-11-29 09:15:00,FLAT,619501023.8636369,619501023.8636369,0.0,1305.5
2024-11-29 09:30:00,FLAT,619501023.8636369,619501023.8636369,0.0,1306.0
2024-11-29 09:45:00,FLAT,619501023.8636369,619501023.8636369,0.0,1306.6
2024-11-29 10:00:00,FLAT,619501023.8636369,619501023.8636369,0.0,1305.5
2024-11-29 10:15:00,FLAT,619501023.8636369,619501023.8636369,0.0,1305.6
2024-11-29 10:30:00,FLAT,619501023.8636369,619501023.8636369,0.0,1307.0
2024-11-29 10:45:00,FLAT,619501023.8636369,619501023.8636369,0.0,1307.9
2024-11-29 11:00:00,FLAT,619501023.8636369,619501023.8636369,0.0,1313.1
2024-11-29 11:15:00,LONG,619503968.8636369,619303968.8636369,200000.00000004546,1313.9
2024-11-29 11:30:00,LONG,619403968.8636367,619303968.8636369,99999.99999990905,1313.8
2024-11-29 13:00:00,LONG,618403968.8636367,619303968.8636369,-900000.0000000909,1312.8
2024-11-29 13:15:00,FLAT,616902699.0909095,616902699.0909095,0.0,1313.7
2024-11-29 13:30:00,FLAT,616902699.0909095,616902699.0909095,0.0,1312.3
2024-11-29 13:45:00,FLAT,616902699.0909095,616902699.0909095,0.0,1317.3
2024-11-29 14:00:00,FLAT,613557621.5909095,613557621.5909095,0.0,1313.2
2024-11-29 14:15:00,FLAT,613557621.5909095,613557621.5909095,0.0,1317.3
2024-11-29 14:30:00,FLAT,613557621.5909095,613557621.5909095,0.0,1318.0
2024-12-02 09:00:00,FLAT,613557621.5909095,613557621.5909095,0.0,1322.8
2024-12-02 09:15:00,FLAT,613557621.5909095,613557621.5909095,0.0,1322.7
2024-12-02 09:30:00,FLAT,613557621.5909095,613557621.5909095,0.0,1318.3
2024-12-02 09:45:00,FLAT,613557621.5909095,613557621.5909095,0.0,1317.3
2024-12-02 10:00:00,FLAT,613557621.5909095,613557621.5909095,0.0,1316.3
2024-12-02 10:15:00,FLAT,613557621.5909095,613557621.5909095,0.0,1317.2
2024-12-02 10:30:00,FLAT,613557621.5909095,613557621.5909095,0.0,1316.6
2024-12-02 10:45:00,FLAT,613557621.5909095,613557621.5909095,0.0,1315.0
2024-12-02 11:00:00,FLAT,613557621.5909095,613557621.5909095,0.0,1315.1
2024-12-02 11:15:00,FLAT,613557621.5909095,613557621.5909095,0.0,1316.1
2024-12-02 11:30:00,FLAT,613557621.5909095,613557621.5909095,0.0,1315.9
2024-12-02 13:00:00,FLAT,613557621.5909095,613557621.5909095,0.0,1314.8
2024-12-02 13:15:00,FLAT,613557621.5909095,613557621.5909095,0.0,1315.3
2024-12-02 13:30:00,FLAT,613557621.5909095,613557621.5909095,0.0,1314.3
2024-12-02 13:45:00,FLAT,613557621.5909095,613557621.5909095,0.0,1311.5
2024-12-02 14:00:00,FLAT,613557621.5909095,613557621.5909095,0.0,1311.7
2024-12-02 14:15:00,FLAT,613557621.5909095,613557621.5909095,0.0,1312.4
2024-12-02 14:30:00,FLAT,613557621.5909095,613557621.5909095,0.0,1312.0
2024-12-03 09:00:00,FLAT,613557621.5909095,613557621.5909095,0.0,1315.2
2024-12-03 09:15:00,FLAT,613557621.5909095,613557621.5909095,0.0,1314.8
2024-12-03 09:30:00,FLAT,613557621.5909095,613557621.5909095,0.0,1310.6
2024-12-03 09:45:00,FLAT,613557621.5909095,613557621.5909095,0.0,1311.0
2024-12-03 10:00:00,FLAT,613557621.5909095,613557621.5909095,0.0,1306.0
2024-12-03 10:15:00,FLAT,613557621.5909095,613557621.5909095,0.0,1307.3
2024-12-03 10:30:00,FLAT,613557621.5909095,613557621.5909095,0.0,1308.0
2024-12-03 10:45:00,FLAT,613557621.5909095,613557621.5909095,0.0,1311.4
2024-12-03 11:00:00,FLAT,613557621.5909095,613557621.5909095,0.0,1313.3
2024-12-03 11:15:00,FLAT,613557621.5909095,613557621.5909095,0.0,1317.3
2024-12-03 11:30:00,LONG,612759936.5909094,613359936.5909095,-600000.0000001364,1317.3
2024-12-03 13:00:00,FLAT,610453567.0454547,610453567.0454547,0.0,1315.8
2024-12-03 13:15:00,FLAT,610453567.0454547,610453567.0454547,0.0,1316.9
2024-12-03 13:30:00,FLAT,610453567.0454547,610453567.0454547,0.0,1314.6
2024-12-03 13:45:00,FLAT,610453567.0454547,610453567.0454547,0.0,1314.0
2024-12-03 14:00:00,FLAT,610453567.0454547,610453567.0454547,0.0,1314.3
2024-12-03 14:15:00,FLAT,610453567.0454547,610453567.0454547,0.0,1313.7
2024-12-03 14:30:00,FLAT,610453567.0454547,610453567.0454547,0.0,1314.0
2024-12-04 09:00:00,FLAT,610453567.0454547,610453567.0454547,0.0,1307.5
2024-12-04 09:15:00,FLAT,610453567.0454547,610453567.0454547,0.0,1307.7
2024-12-04 09:30:00,FLAT,610453567.0454547,610453567.0454547,0.0,1306.7
2024-12-04 09:45:00,FLAT,610453567.0454547,610453567.0454547,0.0,1308.1
2024-12-04 10:00:00,FLAT,610453567.0454547,610453567.0454547,0.0,1306.8
2024-12-04 10:15:00,FLAT,610453567.0454547,610453567.0454547,0.0,1304.3
2024-12-04 10:30:00,FLAT,610453567.0454547,610453567.0454547,0.0,1305.5
2024-12-04 10:45:00,FLAT,610453567.0454547,610453567.0454547,0.0,1309.3
2024-12-04 11:00:00,FLAT,610453567.0454547,610453567.0454547,0.0,1308.6
2024-12-04 11:15:00,FLAT,610453567.0454547,610453567.0454547,0.0,1309.0
2024-12-04 11:30:00,FLAT,610453567.0454547,610453567.0454547,0.0,1309.2
2024-12-04 13:00:00,FLAT,610453567.0454547,610453567.0454547,0.0,1308.1
2024-12-04 13:15:00,FLAT,610453567.0454547,610453567.0454547,0.0,1306.4
2024-12-04 13:30:00,FLAT,610453567.0454547,610453567.0454547,0.0,1308.7
2024-12-04 13:45:00,FLAT,610453567.0454547,610453567.0454547,0.0,1308.8
2024-12-04 14:00:00,FLAT,610453567.0454547,610453567.0454547,0.0,1306.7
2024-12-04 14:15:00,FLAT,610453567.0454547,610453567.0454547,0.0,1305.3
2024-12-04 14:30:00,FLAT,610453567.0454547,610453567.0454547,0.0,1304.6
2024-12-05 09:00:00,FLAT,610453567.0454547,610453567.0454547,0.0,1304.6
2024-12-05 09:15:00,FLAT,610453567.0454547,610453567.0454547,0.0,1305.4
2024-12-05 09:30:00,FLAT,610453567.0454547,610453567.0454547,0.0,1306.8
2024-12-05 09:45:00,FLAT,610453567.0454547,610453567.0454547,0.0,1303.7
2024-12-05 10:00:00,FLAT,610453567.0454547,610453567.0454547,0.0,1305.5
2024-12-05 10:15:00,FLAT,610453567.0454547,610453567.0454547,0.0,1305.1
2024-12-05 10:30:00,FLAT,610453567.0454547,610453567.0454547,0.0,1306.2
2024-12-05 10:45:00,FLAT,610453567.0454547,610453567.0454547,0.0,1309.0
2024-12-05 11:00:00,LONG,612057157.0454547,610257157.0454547,1799999.9999999546,1311.2
2024-12-05 11:15:00,LONG,613557157.0454547,610257157.0454547,3299999.9999999544,1312.7
2024-12-05 11:30:00,LONG,613657157.0454546,610257157.0454547,3399999.9999998636,1312.8
2024-12-05 13:00:00,LONG,617457157.0454545,610257157.0454547,7199999.999999818,1316.6
2024-12-05 13:15:00,LONG,617357157.0454546,610257157.0454547,7099999.999999909,1316.5
2024-12-05 13:30:00,FLAT,623658707.0454544,623658707.0454544,0.0,1326.2
2024-12-05 13:45:00,FLAT,623658707.0454544,623658707.0454544,0.0,1339.2
2024-12-05 14:00:00,FLAT,619625463.6363634,619625463.6363634,0.0,1337.9
2024-12-05 14:15:00,FLAT,619625463.6363634,619625463.6363634,0.0,1341.6
2024-12-05 14:30:00,FLAT,619625463.6363634,619625463.6363634,0.0,1341.9
2024-12-06 09:00:00,FLAT,619625463.6363634,619625463.6363634,0.0,1343.0
2024-12-06 09:15:00,FLAT,619625463.6363634,619625463.6363634,0.0,1344.1
2024-12-06 09:30:00,FLAT,619625463.6363634,619625463.6363634,0.0,1342.5
2024-12-06 09:45:00,FLAT,619625463.6363634,619625463.6363634,0.0,1342.2
2024-12-06 10:00:00,FLAT,619625463.6363634,619625463.6363634,0.0,1347.6
2024-12-06 10:15:00,FLAT,615230753.1818179,615230753.1818179,0.0,1345.1
2024-12-06 10:30:00,FLAT,615230753.1818179,615230753.1818179,0.0,1344.6
2024-12-06 10:45:00,FLAT,615230753.1818179,615230753.1818179,0.0,1344.3
2024-12-06 11:00:00,FLAT,615230753.1818179,615230753.1818179,0.0,1344.5
2024-12-06 11:15:00,FLAT,615230753.1818179,615230753.1818179,0.0,1345.0
2024-12-06 13:00:00,FLAT,615230753.1818179,615230753.1818179,0.0,1344.9
2024-12-06 13:15:00,FLAT,615230753.1818179,615230753.1818179,0.0,1345.1
2024-12-06 13:30:00,FLAT,615230753.1818179,615230753.1818179,0.0,1345.8
2024-12-06 13:45:00,FLAT,615230753.1818179,615230753.1818179,0.0,1343.3
2024-12-06 14:00:00,FLAT,615230753.1818179,615230753.1818179,0.0,1344.7
2024-12-06 14:15:00,FLAT,615230753.1818179,615230753.1818179,0.0,1342.0
2024-12-06 14:30:00,FLAT,615230753.1818179,615230753.1818179,0.0,1341.5
2024-12-09 09:00:00,FLAT,615230753.1818179,615230753.1818179,0.0,1338.4
2024-12-09 09:15:00,FLAT,615230753.1818179,615230753.1818179,0.0,1336.5
2024-12-09 09:30:00,FLAT,615230753.1818179,615230753.1818179,0.0,1337.4
2024-12-09 09:45:00,FLAT,615230753.1818179,615230753.1818179,0.0,1339.0
2024-12-09 10:00:00,FLAT,615230753.1818179,615230753.1818179,0.0,1337.5
2024-12-09 10:15:00,FLAT,615230753.1818179,615230753.1818179,0.0,1336.5
2024-12-09 10:30:00,FLAT,615230753.1818179,615230753.1818179,0.0,1337.8
2024-12-09 10:45:00,FLAT,615230753.1818179,615230753.1818179,0.0,1338.8
2024-12-09 11:00:00,FLAT,615230753.1818179,615230753.1818179,0.0,1340.3
2024-12-09 11:15:00,FLAT,615230753.1818179,615230753.1818179,0.0,1340.6
2024-12-09 11:30:00,FLAT,615230753.1818179,615230753.1818179,0.0,1340.6
2024-12-09 13:00:00,FLAT,615230753.1818179,615230753.1818179,0.0,1339.4
2024-12-09 13:15:00,FLAT,615230753.1818179,615230753.1818179,0.0,1337.6
2024-12-09 13:30:00,FLAT,615230753.1818179,615230753.1818179,0.0,1338.4
2024-12-09 13:45:00,FLAT,615230753.1818179,615230753.1818179,0.0,1346.7
2024-12-09 14:00:00,FLAT,612763296.3636361,612763296.3636361,0.0,1345.7
2024-12-09 14:15:00,FLAT,612763296.3636361,612763296.3636361,0.0,1341.8
2024-12-09 14:30:00,FLAT,612763296.3636361,612763296.3636361,0.0,1341.6
2024-12-10 09:00:00,FLAT,612763296.3636361,612763296.3636361,0.0,1338.2
2024-12-10 09:15:00,FLAT,612763296.3636361,612763296.3636361,0.0,1343.5
2024-12-10 09:30:00,FLAT,612763296.3636361,612763296.3636361,0.0,1343.2
2024-12-10 09:45:00,FLAT,612763296.3636361,612763296.3636361,0.0,1340.0
2024-12-10 10:00:00,FLAT,612763296.3636361,612763296.3636361,0.0,1341.5
2024-12-10 10:15:00,FLAT,612763296.3636361,612763296.3636361,0.0,1342.9
2024-12-10 10:30:00,FLAT,612763296.3636361,612763296.3636361,0.0,1339.7
2024-12-10 10:45:00,FLAT,612763296.3636361,612763296.3636361,0.0,1339.9
2024-12-10 11:00:00,FLAT,612763296.3636361,612763296.3636361,0.0,1340.7
2024-12-10 11:15:00,FLAT,612763296.3636361,612763296.3636361,0.0,1341.9
2024-12-10 11:30:00,FLAT,612763296.3636361,612763296.3636361,0.0,1341.9
2024-12-10 13:00:00,FLAT,612763296.3636361,612763296.3636361,0.0,1341.7
2024-12-10 13:15:00,FLAT,612763296.3636361,612763296.3636361,0.0,1343.8
2024-12-10 13:30:00,FLAT,612763296.3636361,612763296.3636361,0.0,1342.5
2024-12-10 13:45:00,FLAT,612763296.3636361,612763296.3636361,0.0,1339.5
2024-12-10 14:00:00,FLAT,612763296.3636361,612763296.3636361,0.0,1337.9
2024-12-10 14:15:00,FLAT,612763296.3636361,612763296.3636361,0.0,1341.2
2024-12-10 14:30:00,FLAT,612763296.3636361,612763296.3636361,0.0,1340.5
2024-12-11 09:00:00,FLAT,612763296.3636361,612763296.3636361,0.0,1342.6
2024-12-11 09:15:00,FLAT,612763296.3636361,612763296.3636361,0.0,1343.6
2024-12-11 09:30:00,FLAT,612763296.3636361,612763296.3636361,0.0,1345.4
2024-12-11 09:45:00,FLAT,612763296.3636361,612763296.3636361,0.0,1347.0
2024-12-11 10:00:00,FLAT,612763296.3636361,612763296.3636361,0.0,1345.1
2024-12-11 10:15:00,FLAT,612763296.3636361,612763296.3636361,0.0,1344.3
2024-12-11 10:30:00,FLAT,612763296.3636361,612763296.3636361,0.0,1343.9
2024-12-11 10:45:00,FLAT,612763296.3636361,612763296.3636361,0.0,1345.6
2024-12-11 11:00:00,FLAT,612763296.3636361,612763296.3636361,0.0,1344.6
2024-12-11 11:15:00,FLAT,612763296.3636361,612763296.3636361,0.0,1343.9
2024-12-11 11:30:00,FLAT,612763296.3636361,612763296.3636361,0.0,1343.9
2024-12-11 13:00:00,FLAT,612763296.3636361,612763296.3636361,0.0,1342.7
2024-12-11 13:15:00,FLAT,612763296.3636361,612763296.3636361,0.0,1343.3
2024-12-11 13:30:00,FLAT,612763296.3636361,612763296.3636361,0.0,1342.1
2024-12-11 13:45:00,FLAT,612763296.3636361,612763296.3636361,0.0,1340.8
2024-12-11 14:00:00,FLAT,612763296.3636361,612763296.3636361,0.0,1337.8
2024-12-11 14:15:00,FLAT,612763296.3636361,612763296.3636361,0.0,1338.5
2024-12-11 14:30:00,FLAT,612763296.3636361,612763296.3636361,0.0,1339.4
2024-12-12 09:00:00,FLAT,612763296.3636361,612763296.3636361,0.0,1341.4
2024-12-12 09:15:00,FLAT,612763296.3636361,612763296.3636361,0.0,1343.4
2024-12-12 09:30:00,FLAT,612763296.3636361,612763296.3636361,0.0,1345.9
2024-12-12 09:45:00,FLAT,612763296.3636361,612763296.3636361,0.0,1346.5
2024-12-12 10:00:00,FLAT,612763296.3636361,612763296.3636361,0.0,1345.3
2024-12-12 10:15:00,FLAT,612763296.3636361,612763296.3636361,0.0,1345.2
2024-12-12 10:30:00,FLAT,612763296.3636361,612763296.3636361,0.0,1345.8
2024-12-12 10:45:00,FLAT,612763296.3636361,612763296.3636361,0.0,1349.4
2024-12-12 11:00:00,LONG,611660796.363636,612560796.3636361,-900000.0000000909,1349.1
2024-12-12 11:15:00,FLAT,609649611.8181818,609649611.8181818,0.0,1348.7
2024-12-12 11:30:00,FLAT,609649611.8181818,609649611.8181818,0.0,1348.7
2024-12-12 13:00:00,FLAT,609649611.8181818,609649611.8181818,0.0,1349.3
2024-12-12 13:15:00,FLAT,609649611.8181818,609649611.8181818,0.0,1344.0
2024-12-12 13:30:00,FLAT,609649611.8181818,609649611.8181818,0.0,1343.7
2024-12-12 13:45:00,FLAT,609649611.8181818,609649611.8181818,0.0,1341.6
2024-12-12 14:00:00,FLAT,609649611.8181818,609649611.8181818,0.0,1339.0
2024-12-12 14:15:00,FLAT,609649611.8181818,609649611.8181818,0.0,1340.2
2024-12-12 14:30:00,FLAT,609649611.8181818,609649611.8181818,0.0,1342.6
2024-12-13 09:00:00,FLAT,609649611.8181818,609649611.8181818,0.0,1331.6
2024-12-13 09:15:00,FLAT,609649611.8181818,609649611.8181818,0.0,1333.0
2024-12-13 09:30:00,FLAT,609649611.8181818,609649611.8181818,0.0,1335.0
2024-12-13 09:45:00,FLAT,609649611.8181818,609649611.8181818,0.0,1333.6
2024-12-13 10:00:00,FLAT,609649611.8181818,609649611.8181818,0.0,1335.2
2024-12-13 10:15:00,FLAT,609649611.8181818,609649611.8181818,0.0,1338.0
2024-12-13 10:30:00,LONG,607948866.8181818,609448866.8181818,-1500000.0,1336.8
2024-12-13 10:45:00,FLAT,606543982.0454544,606543982.0454544,0.0,1335.6
2024-12-13 11:00:00,FLAT,606543982.0454544,606543982.0454544,0.0,1334.7
2024-12-13 11:15:00,FLAT,606543982.0454544,606543982.0454544,0.0,1336.0
2024-12-13 11:30:00,FLAT,606543982.0454544,606543982.0454544,0.0,1336.2
2024-12-13 13:00:00,FLAT,606543982.0454544,606543982.0454544,0.0,1336.7
2024-12-13 13:15:00,FLAT,606543982.0454544,606543982.0454544,0.0,1336.3
2024-12-13 13:30:00,FLAT,606543982.0454544,606543982.0454544,0.0,1336.5
2024-12-13 13:45:00,FLAT,606543982.0454544,606543982.0454544,0.0,1334.7
2024-12-13 14:00:00,FLAT,606543982.0454544,606543982.0454544,0.0,1335.5
2024-12-13 14:15:00,FLAT,606543982.0454544,606543982.0454544,0.0,1336.5
2024-12-13 14:30:00,FLAT,606543982.0454544,606543982.0454544,0.0,1337.0
2024-12-16 09:00:00,FLAT,606543982.0454544,606543982.0454544,0.0,1334.8
2024-12-16 09:15:00,FLAT,606543982.0454544,606543982.0454544,0.0,1335.0
2024-12-16 09:30:00,FLAT,606543982.0454544,606543982.0454544,0.0,1337.7
2024-12-16 09:45:00,FLAT,606543982.0454544,606543982.0454544,0.0,1337.0
2024-12-16 10:00:00,FLAT,606543982.0454544,606543982.0454544,0.0,1335.5
2024-12-16 10:15:00,FLAT,606543982.0454544,606543982.0454544,0.0,1336.8
2024-12-16 10:30:00,FLAT,606543982.0454544,606543982.0454544,0.0,1335.7
2024-12-16 10:45:00,FLAT,606543982.0454544,606543982.0454544,0.0,1335.0
2024-12-16 11:00:00,FLAT,606543982.0454544,606543982.0454544,0.0,1335.0
2024-12-16 11:15:00,FLAT,606543982.0454544,606543982.0454544,0.0,1332.9
2024-12-16 11:30:00,FLAT,606543982.0454544,606543982.0454544,0.0,1333.0
2024-12-16 13:00:00,FLAT,606543982.0454544,606543982.0454544,0.0,1333.6
2024-12-16 13:15:00,FLAT,606543982.0454544,606543982.0454544,0.0,1331.7
2024-12-16 13:30:00,FLAT,606543982.0454544,606543982.0454544,0.0,1329.7
2024-12-16 13:45:00,FLAT,606543982.0454544,606543982.0454544,0.0,1329.8
2024-12-16 14:00:00,FLAT,606543982.0454544,606543982.0454544,0.0,1334.5
2024-12-16 14:15:00,FLAT,606543982.0454544,606543982.0454544,0.0,1336.0
2024-12-16 14:30:00,FLAT,606543982.0454544,606543982.0454544,0.0,1335.7
2024-12-17 09:00:00,FLAT,606543982.0454544,606543982.0454544,0.0,1335.7
2024-12-17 09:15:00,FLAT,606543982.0454544,606543982.0454544,0.0,1334.0
2024-12-17 09:30:00,FLAT,606543982.0454544,606543982.0454544,0.0,1331.0
2024-12-17 09:45:00,FLAT,606543982.0454544,606543982.0454544,0.0,1330.8
2024-12-17 10:00:00,FLAT,606543982.0454544,606543982.0454544,0.0,1331.2
2024-12-17 10:15:00,FLAT,606543982.0454544,606543982.0454544,0.0,1331.5
2024-12-17 10:30:00,FLAT,606543982.0454544,606543982.0454544,0.0,1333.5
2024-12-17 10:45:00,FLAT,606543982.0454544,606543982.0454544,0.0,1333.4
2024-12-17 11:00:00,FLAT,606543982.0454544,606543982.0454544,0.0,1331.5
2024-12-17 11:15:00,FLAT,606543982.0454544,606543982.0454544,0.0,1329.3
2024-12-17 11:30:00,FLAT,606543982.0454544,606543982.0454544,0.0,1329.3
2024-12-17 13:00:00,FLAT,606543982.0454544,606543982.0454544,0.0,1330.1
2024-12-17 13:15:00,FLAT,606543982.0454544,606543982.0454544,0.0,1331.1
2024-12-17 13:30:00,FLAT,606543982.0454544,606543982.0454544,0.0,1330.3
2024-12-17 13:45:00,FLAT,606543982.0454544,606543982.0454544,0.0,1329.3
2024-12-17 14:00:00,FLAT,606543982.0454544,606543982.0454544,0.0,1330.8
2024-12-17 14:15:00,FLAT,606543982.0454544,606543982.0454544,0.0,1329.8
2024-12-17 14:30:00,FLAT,606543982.0454544,606543982.0454544,0.0,1330.5
2024-12-18 09:00:00,FLAT,606543982.0454544,606543982.0454544,0.0,1330.2
2024-12-18 09:15:00,FLAT,606543982.0454544,606543982.0454544,0.0,1331.9
2024-12-18 09:30:00,FLAT,606543982.0454544,606543982.0454544,0.0,1333.9
2024-12-18 09:45:00,FLAT,606543982.0454544,606543982.0454544,0.0,1332.2
2024-12-18 10:00:00,FLAT,606543982.0454544,606543982.0454544,0.0,1332.0
2024-12-18 10:15:00,FLAT,606543982.0454544,606543982.0454544,0.0,1331.9
2024-12-18 10:30:00,FLAT,606543982.0454544,606543982.0454544,0.0,1329.9
2024-12-18 10:45:00,FLAT,606543982.0454544,606543982.0454544,0.0,1330.4
2024-12-18 11:00:00,FLAT,606543982.0454544,606543982.0454544,0.0,1330.8
2024-12-18 11:15:00,FLAT,606543982.0454544,606543982.0454544,0.0,1330.3
2024-12-18 11:30:00,FLAT,606543982.0454544,606543982.0454544,0.0,1330.3
2024-12-18 13:00:00,FLAT,606543982.0454544,606543982.0454544,0.0,1330.8
2024-12-18 13:15:00,FLAT,606543982.0454544,606543982.0454544,0.0,1331.5
2024-12-18 13:30:00,FLAT,606543982.0454544,606543982.0454544,0.0,1329.8
2024-12-18 13:45:00,FLAT,606543982.0454544,606543982.0454544,0.0,1330.5
2024-12-18 14:00:00,FLAT,606543982.0454544,606543982.0454544,0.0,1330.9
2024-12-18 14:15:00,FLAT,606543982.0454544,606543982.0454544,0.0,1333.1
2024-12-18 14:30:00,FLAT,604421463.181818,604421463.181818,0.0,1332.0
2024-12-19 09:00:00,FLAT,604421463.181818,604421463.181818,0.0,1316.4
2024-12-19 09:15:00,FLAT,604421463.181818,604421463.181818,0.0,1319.6
2024-12-19 09:30:00,FLAT,604421463.181818,604421463.181818,0.0,1319.7
2024-12-19 09:45:00,FLAT,604421463.181818,604421463.181818,0.0,1321.2
2024-12-19 10:00:00,FLAT,604421463.181818,604421463.181818,0.0,1320.1
2024-12-19 10:15:00,FLAT,604421463.181818,604421463.181818,0.0,1319.5
2024-12-19 10:30:00,FLAT,604421463.181818,604421463.181818,0.0,1320.2
2024-12-19 10:45:00,FLAT,604421463.181818,604421463.181818,0.0,1318.8
2024-12-19 11:00:00,FLAT,604421463.181818,604421463.181818,0.0,1320.0
2024-12-19 11:15:00,FLAT,604421463.181818,604421463.181818,0.0,1320.5
2024-12-19 11:30:00,FLAT,604421463.181818,604421463.181818,0.0,1320.7
2024-12-19 13:00:00,FLAT,604421463.181818,604421463.181818,0.0,1319.5
2024-12-19 13:15:00,FLAT,604421463.181818,604421463.181818,0.0,1319.8
2024-12-19 13:30:00,FLAT,604421463.181818,604421463.181818,0.0,1316.7
2024-12-19 13:45:00,FLAT,604421463.181818,604421463.181818,0.0,1317.1
2024-12-19 14:00:00,FLAT,604421463.181818,604421463.181818,0.0,1317.4
2024-12-19 14:15:00,FLAT,604421463.181818,604421463.181818,0.0,1312.6
2024-12-19 14:30:00,FLAT,604421463.181818,604421463.181818,0.0,1312.3
2025-01-02 09:00:00,FLAT,604421463.181818,604421463.181818,0.0,1345.5
2025-01-02 09:15:00,FLAT,604421463.181818,604421463.181818,0.0,1346.0
2025-01-02 09:30:00,FLAT,604421463.181818,604421463.181818,0.0,1350.8
2025-01-02 09:45:00,FLAT,604421463.181818,604421463.181818,0.0,1348.7
2025-01-02 10:00:00,FLAT,604421463.181818,604421463.181818,0.0,1346.9
2025-01-02 10:15:00,FLAT,604421463.181818,604421463.181818,0.0,1345.4
2025-01-02 10:30:00,FLAT,604421463.181818,604421463.181818,0.0,1339.2
2025-01-02 10:45:00,FLAT,604421463.181818,604421463.181818,0.0,1338.0
2025-01-02 11:00:00,FLAT,604421463.181818,604421463.181818,0.0,1339.0
2025-01-02 11:15:00,FLAT,604421463.181818,604421463.181818,0.0,1338.6
2025-01-02 11:30:00,FLAT,604421463.181818,604421463.181818,0.0,1338.5
2025-01-02 13:00:00,FLAT,604421463.181818,604421463.181818,0.0,1339.8
2025-01-02 13:15:00,FLAT,604421463.181818,604421463.181818,0.0,1341.6
2025-01-02 13:30:00,FLAT,604421463.181818,604421463.181818,0.0,1341.9
2025-01-02 13:45:00,FLAT,604421463.181818,604421463.181818,0.0,1341.5
2025-01-02 14:00:00,FLAT,604421463.181818,604421463.181818,0.0,1343.4
2025-01-02 14:15:00,FLAT,604421463.181818,604421463.181818,0.0,1343.5
2025-01-02 14:30:00,FLAT,604421463.181818,604421463.181818,0.0,1343.1
2025-01-03 09:00:00,FLAT,604421463.181818,604421463.181818,0.0,1343.3
2025-01-03 09:15:00,FLAT,604421463.181818,604421463.181818,0.0,1340.1
2025-01-03 09:30:00,FLAT,604421463.181818,604421463.181818,0.0,1340.7
2025-01-03 09:45:00,FLAT,604421463.181818,604421463.181818,0.0,1340.3
2025-01-03 10:00:00,FLAT,604421463.181818,604421463.181818,0.0,1339.5
2025-01-03 10:15:00,FLAT,604421463.181818,604421463.181818,0.0,1338.2
2025-01-03 10:30:00,FLAT,604421463.181818,604421463.181818,0.0,1340.5
2025-01-03 10:45:00,FLAT,604421463.181818,604421463.181818,0.0,1337.4
2025-01-03 11:00:00,FLAT,604421463.181818,604421463.181818,0.0,1332.9
2025-01-03 11:15:00,FLAT,604421463.181818,604421463.181818,0.0,1331.7
2025-01-03 11:30:00,FLAT,604421463.181818,604421463.181818,0.0,1331.7
2025-01-03 13:00:00,FLAT,604421463.181818,604421463.181818,0.0,1333.1
2025-01-03 13:15:00,FLAT,604421463.181818,604421463.181818,0.0,1332.0
2025-01-03 13:30:00,FLAT,604421463.181818,604421463.181818,0.0,1329.5
2025-01-03 13:45:00,FLAT,604421463.181818,604421463.181818,0.0,1330.5
2025-01-03 14:00:00,FLAT,604421463.181818,604421463.181818,0.0,1330.7
2025-01-03 14:15:00,FLAT,604421463.181818,604421463.181818,0.0,1326.0
2025-01-03 14:30:00,FLAT,604421463.181818,604421463.181818,0.0,1326.1
2025-01-06 09:00:00,FLAT,604421463.181818,604421463.181818,0.0,1324.5
2025-01-06 09:15:00,FLAT,604421463.181818,604421463.181818,0.0,1324.5
2025-01-06 09:30:00,FLAT,604421463.181818,604421463.181818,0.0,1326.7
2025-01-06 09:45:00,FLAT,604421463.181818,604421463.181818,0.0,1328.7
2025-01-06 10:00:00,LONG,603322068.1818181,604222068.181818,-899999.9999998636,1328.4
2025-01-06 10:15:00,LONG,605422068.181818,604222068.181818,1200000.0000000454,1330.5
2025-01-06 10:30:00,LONG,603322068.1818181,604222068.181818,-899999.9999998636,1328.4
2025-01-06 10:45:00,LONG,602822068.1818181,604222068.181818,-1399999.9999998636,1327.9
2025-01-06 11:00:00,FLAT,601463966.1363635,601463966.1363635,0.0,1324.5
2025-01-06 11:15:00,FLAT,601463966.1363635,601463966.1363635,0.0,1325.4
2025-01-06 11:30:00,FLAT,601463966.1363635,601463966.1363635,0.0,1325.3
2025-01-06 13:00:00,FLAT,601463966.1363635,601463966.1363635,0.0,1326.8
2025-01-06 13:15:00,FLAT,601463966.1363635,601463966.1363635,0.0,1327.5
2025-01-06 13:30:00,FLAT,601463966.1363635,601463966.1363635,0.0,1325.2
2025-01-06 13:45:00,FLAT,601463966.1363635,601463966.1363635,0.0,1325.3
2025-01-06 14:00:00,FLAT,601463966.1363635,601463966.1363635,0.0,1324.2
2025-01-06 14:15:00,FLAT,601463966.1363635,601463966.1363635,0.0,1321.2
2025-01-06 14:30:00,FLAT,601463966.1363635,601463966.1363635,0.0,1321.0
2025-01-07 09:00:00,FLAT,601463966.1363635,601463966.1363635,0.0,1323.9
2025-01-07 09:15:00,FLAT,601463966.1363635,601463966.1363635,0.0,1323.3
2025-01-07 09:30:00,FLAT,601463966.1363635,601463966.1363635,0.0,1324.0
2025-01-07 09:45:00,FLAT,601463966.1363635,601463966.1363635,0.0,1323.3
2025-01-07 10:00:00,FLAT,601463966.1363635,601463966.1363635,0.0,1322.2
2025-01-07 10:15:00,FLAT,601463966.1363635,601463966.1363635,0.0,1322.7
2025-01-07 10:30:00,FLAT,601463966.1363635,601463966.1363635,0.0,1324.9
2025-01-07 10:45:00,FLAT,601463966.1363635,601463966.1363635,0.0,1322.9
2025-01-07 11:00:00,FLAT,601463966.1363635,601463966.1363635,0.0,1324.5
2025-01-07 11:15:00,FLAT,601463966.1363635,601463966.1363635,0.0,1326.5
2025-01-07 11:30:00,LONG,600964931.1363633,601264931.1363635,-300000.0000001819,1326.6
2025-01-07 13:00:00,LONG,600864931.1363634,601264931.1363635,-400000.0000000909,1326.5
2025-01-07 13:15:00,LONG,600864931.1363634,601264931.1363635,-400000.0000000909,1326.5
2025-01-07 13:30:00,FLAT,598975300.6818179,598975300.6818179,0.0,1323.8
2025-01-07 13:45:00,FLAT,598975300.6818179,598975300.6818179,0.0,1320.6
2025-01-07 14:00:00,FLAT,598975300.6818179,598975300.6818179,0.0,1319.3
2025-01-07 14:15:00,FLAT,598975300.6818179,598975300.6818179,0.0,1319.7
2025-01-07 14:30:00,FLAT,598975300.6818179,598975300.6818179,0.0,1320.0
2025-01-08 09:00:00,FLAT,598975300.6818179,598975300.6818179,0.0,1315.3
2025-01-08 09:15:00,FLAT,598975300.6818179,598975300.6818179,0.0,1318.3
2025-01-08 09:30:00,FLAT,598975300.6818179,598975300.6818179,0.0,1317.3
2025-01-08 09:45:00,FLAT,598975300.6818179,598975300.6818179,0.0,1315.4
2025-01-08 10:00:00,FLAT,598975300.6818179,598975300.6818179,0.0,1312.2
2025-01-08 10:15:00,FLAT,598975300.6818179,598975300.6818179,0.0,1312.7
2025-01-08 10:30:00,FLAT,598975300.6818179,598975300.6818179,0.0,1315.3
2025-01-08 10:45:00,FLAT,598975300.6818179,598975300.6818179,0.0,1316.7
2025-01-08 11:00:00,FLAT,598975300.6818179,598975300.6818179,0.0,1315.5
2025-01-08 11:15:00,FLAT,598975300.6818179,598975300.6818179,0.0,1315.6
2025-01-08 11:30:00,FLAT,598975300.6818179,598975300.6818179,0.0,1315.7
2025-01-08 13:00:00,FLAT,598975300.6818179,598975300.6818179,0.0,1317.5
2025-01-08 13:15:00,FLAT,598975300.6818179,598975300.6818179,0.0,1319.8
2025-01-08 13:30:00,FLAT,598975300.6818179,598975300.6818179,0.0,1319.4
2025-01-08 13:45:00,FLAT,598975300.6818179,598975300.6818179,0.0,1320.4
2025-01-08 14:00:00,FLAT,598975300.6818179,598975300.6818179,0.0,1320.3
2025-01-08 14:15:00,FLAT,598975300.6818179,598975300.6818179,0.0,1320.0
2025-01-08 14:30:00,FLAT,598975300.6818179,598975300.6818179,0.0,1320.7
2025-01-09 09:00:00,FLAT,598975300.6818179,598975300.6818179,0.0,1321.0
2025-01-09 09:15:00,FLAT,598975300.6818179,598975300.6818179,0.0,1321.0
2025-01-09 09:30:00,FLAT,598975300.6818179,598975300.6818179,0.0,1320.1
2025-01-09 09:45:00,FLAT,598975300.6818179,598975300.6818179,0.0,1322.9
2025-01-09 10:00:00,FLAT,598975300.6818179,598975300.6818179,0.0,1319.9
2025-01-09 10:15:00,FLAT,598975300.6818179,598975300.6818179,0.0,1316.7
2025-01-09 10:30:00,FLAT,598975300.6818179,598975300.6818179,0.0,1316.8
2025-01-09 10:45:00,FLAT,598975300.6818179,598975300.6818179,0.0,1317.5
2025-01-09 11:00:00,FLAT,598975300.6818179,598975300.6818179,0.0,1315.2
2025-01-09 11:15:00,FLAT,598975300.6818179,598975300.6818179,0.0,1315.5
2025-01-09 11:30:00,FLAT,598975300.6818179,598975300.6818179,0.0,1315.5
2025-01-09 13:00:00,FLAT,598975300.6818179,598975300.6818179,0.0,1315.8
2025-01-09 13:15:00,FLAT,598975300.6818179,598975300.6818179,0.0,1316.1
2025-01-09 13:30:00,FLAT,598975300.6818179,598975300.6818179,0.0,1315.6
2025-01-09 13:45:00,FLAT,598975300.6818179,598975300.6818179,0.0,1313.5
2025-01-09 14:00:00,FLAT,598975300.6818179,598975300.6818179,0.0,1313.3
2025-01-09 14:15:00,FLAT,598975300.6818179,598975300.6818179,0.0,1311.1
2025-01-09 14:30:00,FLAT,598975300.6818179,598975300.6818179,0.0,1312.0
2025-01-10 09:00:00,FLAT,598975300.6818179,598975300.6818179,0.0,1315.2
2025-01-10 09:15:00,FLAT,598975300.6818179,598975300.6818179,0.0,1314.8
2025-01-10 09:30:00,FLAT,598975300.6818179,598975300.6818179,0.0,1315.7
2025-01-10 09:45:00,FLAT,598975300.6818179,598975300.6818179,0.0,1315.5
2025-01-10 10:00:00,FLAT,598975300.6818179,598975300.6818179,0.0,1316.5
2025-01-10 10:15:00,FLAT,598975300.6818179,598975300.6818179,0.0,1314.7
2025-01-10 10:30:00,FLAT,598975300.6818179,598975300.6818179,0.0,1314.4
2025-01-10 10:45:00,FLAT,598975300.6818179,598975300.6818179,0.0,1314.5
2025-01-10 11:00:00,FLAT,598975300.6818179,598975300.6818179,0.0,1311.8
2025-01-10 11:15:00,FLAT,598975300.6818179,598975300.6818179,0.0,1310.1
2025-01-10 11:30:00,FLAT,598975300.6818179,598975300.6818179,0.0,1309.7
2025-01-10 13:00:00,FLAT,598975300.6818179,598975300.6818179,0.0,1309.6
2025-01-10 13:15:00,FLAT,598975300.6818179,598975300.6818179,0.0,1307.5
2025-01-10 13:30:00,FLAT,598975300.6818179,598975300.6818179,0.0,1306.0
2025-01-10 13:45:00,FLAT,598975300.6818179,598975300.6818179,0.0,1308.8
2025-01-10 14:00:00,FLAT,598975300.6818179,598975300.6818179,0.0,1306.4
2025-01-10 14:15:00,FLAT,598975300.6818179,598975300.6818179,0.0,1295.6
2025-01-10 14:30:00,FLAT,598975300.6818179,598975300.6818179,0.0,1295.6
2025-01-13 09:00:00,FLAT,598975300.6818179,598975300.6818179,0.0,1288.1
2025-01-13 09:15:00,FLAT,598975300.6818179,598975300.6818179,0.0,1290.3
2025-01-13 09:30:00,FLAT,598975300.6818179,598975300.6818179,0.0,1289.4
2025-01-13 09:45:00,FLAT,598975300.6818179,598975300.6818179,0.0,1291.3
2025-01-13 10:00:00,FLAT,598975300.6818179,598975300.6818179,0.0,1291.0
2025-01-13 10:15:00,FLAT,598975300.6818179,598975300.6818179,0.0,1292.0
2025-01-13 10:30:00,FLAT,598975300.6818179,598975300.6818179,0.0,1291.2
2025-01-13 10:45:00,FLAT,598975300.6818179,598975300.6818179,0.0,1289.0
2025-01-13 11:00:00,FLAT,598975300.6818179,598975300.6818179,0.0,1288.3
2025-01-13 11:15:00,FLAT,598975300.6818179,598975300.6818179,0.0,1289.4
2025-01-13 13:00:00,FLAT,598975300.6818179,598975300.6818179,0.0,1291.4
2025-01-13 13:15:00,FLAT,598975300.6818179,598975300.6818179,0.0,1292.2
2025-01-13 13:30:00,FLAT,598975300.6818179,598975300.6818179,0.0,1290.8
2025-01-13 13:45:00,FLAT,598975300.6818179,598975300.6818179,0.0,1295.2
2025-01-13 14:00:00,FLAT,596700659.9999996,596700659.9999996,0.0,1293.7
2025-01-13 14:15:00,FLAT,596700659.9999996,596700659.9999996,0.0,1298.2
2025-01-13 14:30:00,FLAT,596700659.9999996,596700659.9999996,0.0,1298.7
2025-01-14 09:00:00,FLAT,596700659.9999996,596700659.9999996,0.0,1296.0
2025-01-14 09:15:00,FLAT,596700659.9999996,596700659.9999996,0.0,1294.5
2025-01-14 09:30:00,FLAT,596700659.9999996,596700659.9999996,0.0,1294.8
2025-01-14 09:45:00,FLAT,596700659.9999996,596700659.9999996,0.0,1294.8
2025-01-14 10:00:00,FLAT,596700659.9999996,596700659.9999996,0.0,1295.0
2025-01-14 10:15:00,FLAT,596700659.9999996,596700659.9999996,0.0,1293.4
2025-01-14 10:30:00,FLAT,596700659.9999996,596700659.9999996,0.0,1293.0
2025-01-14 10:45:00,FLAT,596700659.9999996,596700659.9999996,0.0,1293.9
2025-01-14 11:00:00,FLAT,596700659.9999996,596700659.9999996,0.0,1292.5
2025-01-14 11:15:00,FLAT,596700659.9999996,596700659.9999996,0.0,1292.9
2025-01-14 11:30:00,FLAT,596700659.9999996,596700659.9999996,0.0,1292.9
2025-01-14 13:00:00,FLAT,596700659.9999996,596700659.9999996,0.0,1292.8
2025-01-14 13:15:00,FLAT,596700659.9999996,596700659.9999996,0.0,1291.0
2025-01-14 13:30:00,FLAT,596700659.9999996,596700659.9999996,0.0,1287.9
2025-01-14 13:45:00,FLAT,596700659.9999996,596700659.9999996,0.0,1292.9
2025-01-14 14:00:00,FLAT,596700659.9999996,596700659.9999996,0.0,1289.1
2025-01-14 14:15:00,FLAT,596700659.9999996,596700659.9999996,0.0,1290.3
2025-01-14 14:30:00,FLAT,596700659.9999996,596700659.9999996,0.0,1292.7
2025-01-15 09:00:00,FLAT,596700659.9999996,596700659.9999996,0.0,1297.8
2025-01-15 09:15:00,FLAT,596700659.9999996,596700659.9999996,0.0,1296.0
2025-01-15 09:30:00,FLAT,596700659.9999996,596700659.9999996,0.0,1294.9
2025-01-15 09:45:00,FLAT,596700659.9999996,596700659.9999996,0.0,1295.0
2025-01-15 10:00:00,FLAT,596700659.9999996,596700659.9999996,0.0,1293.9
2025-01-15 10:15:00,FLAT,596700659.9999996,596700659.9999996,0.0,1294.7
2025-01-15 10:30:00,FLAT,596700659.9999996,596700659.9999996,0.0,1296.2
2025-01-15 10:45:00,FLAT,596700659.9999996,596700659.9999996,0.0,1299.0
2025-01-15 11:00:00,FLAT,596700659.9999996,596700659.9999996,0.0,1298.0
2025-01-15 11:15:00,FLAT,596700659.9999996,596700659.9999996,0.0,1301.0
2025-01-15 11:30:00,LONG,596005404.9999996,596505404.9999996,-500000.0,1301.2
2025-01-15 13:00:00,LONG,594805404.9999996,596505404.9999996,-1700000.0000000454,1300.0
2025-01-15 13:15:00,FLAT,593592375.9090905,593592375.9090905,0.0,1296.0
2025-01-15 13:30:00,FLAT,593592375.9090905,593592375.9090905,0.0,1296.4
2025-01-15 13:45:00,FLAT,593592375.9090905,593592375.9090905,0.0,1295.6
2025-01-15 14:00:00,FLAT,593592375.9090905,593592375.9090905,0.0,1297.4
2025-01-15 14:15:00,FLAT,593592375.9090905,593592375.9090905,0.0,1297.1
2025-01-15 14:30:00,FLAT,593592375.9090905,593592375.9090905,0.0,1297.3
2025-01-16 09:00:00,FLAT,593592375.9090905,593592375.9090905,0.0,1305.9
2025-01-16 09:15:00,FLAT,593592375.9090905,593592375.9090905,0.0,1307.4
2025-01-16 09:30:00,FLAT,593592375.9090905,593592375.9090905,0.0,1305.8
2025-01-16 09:45:00,FLAT,593592375.9090905,593592375.9090905,0.0,1306.4
2025-01-16 10:00:00,FLAT,593592375.9090905,593592375.9090905,0.0,1305.7
2025-01-16 10:15:00,FLAT,593592375.9090905,593592375.9090905,0.0,1305.7
2025-01-16 10:30:00,FLAT,593592375.9090905,593592375.9090905,0.0,1304.6
2025-01-16 10:45:00,FLAT,593592375.9090905,593592375.9090905,0.0,1303.4
2025-01-16 11:00:00,FLAT,593592375.9090905,593592375.9090905,0.0,1303.0
2025-01-16 11:15:00,FLAT,593592375.9090905,593592375.9090905,0.0,1299.4
2025-01-16 11:30:00,FLAT,593592375.9090905,593592375.9090905,0.0,1299.7
2025-01-16 13:00:00,FLAT,593592375.9090905,593592375.9090905,0.0,1300.6
2025-01-16 13:15:00,FLAT,593592375.9090905,593592375.9090905,0.0,1300.3
2025-01-16 13:30:00,FLAT,593592375.9090905,593592375.9090905,0.0,1298.3
2025-01-16 13:45:00,FLAT,593592375.9090905,593592375.9090905,0.0,1299.0
2025-01-16 14:00:00,FLAT,593592375.9090905,593592375.9090905,0.0,1299.0
2025-01-16 14:15:00,FLAT,593592375.9090905,593592375.9090905,0.0,1295.7
2025-01-16 14:30:00,FLAT,593592375.9090905,593592375.9090905,0.0,1295.0
2025-01-17 09:00:00,FLAT,593592375.9090905,593592375.9090905,0.0,1311.4
2025-01-17 09:15:00,FLAT,593592375.9090905,593592375.9090905,0.0,1308.9
2025-01-17 09:30:00,FLAT,593592375.9090905,593592375.9090905,0.0,1308.8
2025-01-17 09:45:00,FLAT,593592375.9090905,593592375.9090905,0.0,1308.8
2025-01-17 10:00:00,FLAT,593592375.9090905,593592375.9090905,0.0,1310.4
2025-01-17 10:15:00,FLAT,593592375.9090905,593592375.9090905,0.0,1309.0
2025-01-17 10:30:00,FLAT,593592375.9090905,593592375.9090905,0.0,1308.3
2025-01-17 10:45:00,FLAT,593592375.9090905,593592375.9090905,0.0,1309.0
2025-01-17 11:00:00,FLAT,593592375.9090905,593592375.9090905,0.0,1309.7
2025-01-17 11:15:00,FLAT,593592375.9090905,593592375.9090905,0.0,1310.3
2025-01-17 11:30:00,FLAT,593592375.9090905,593592375.9090905,0.0,1310.3
2025-01-17 13:00:00,FLAT,593592375.9090905,593592375.9090905,0.0,1312.1
2025-01-17 13:15:00,FLAT,593592375.9090905,593592375.9090905,0.0,1312.6
2025-01-17 13:30:00,FLAT,593592375.9090905,593592375.9090905,0.0,1312.6
2025-01-17 13:45:00,FLAT,593592375.9090905,593592375.9090905,0.0,1315.3
2025-01-17 14:00:00,LONG,593394990.9090905,593394990.9090905,0.0,1315.9
2025-01-17 14:15:00,LONG,596494990.9090904,593394990.9090905,3099999.999999909,1319.0
2025-01-17 14:30:00,LONG,597094990.9090903,593394990.9090905,3699999.999999818,1319.6
2025-01-20 09:00:00,LONG,598294990.9090904,593394990.9090905,4899999.999999864,1320.8
2025-01-20 09:15:00,LONG,597694990.9090905,593394990.9090905,4299999.999999954,1320.2
2025-01-20 09:30:00,LONG,598094990.9090903,593394990.9090905,4699999.999999818,1320.6
2025-01-20 09:45:00,LONG,599194990.9090905,593394990.9090905,5799999.999999954,1321.7
2025-01-20 10:00:00,LONG,601594990.9090903,593394990.9090905,8199999.999999818,1324.1
2025-01-20 10:15:00,LONG,600994990.9090904,593394990.9090905,7599999.999999909,1323.5
2025-01-20 10:30:00,LONG,602694990.9090905,593394990.9090905,9299999.999999955,1325.2
2025-01-20 10:45:00,FLAT,603187016.363636,603187016.363636,0.0,1325.3
2025-01-20 11:00:00,FLAT,603187016.363636,603187016.363636,0.0,1324.2
2025-01-20 11:15:00,FLAT,603187016.363636,603187016.363636,0.0,1323.1
2025-01-20 11:30:00,FLAT,603187016.363636,603187016.363636,0.0,1322.8
2025-01-20 13:00:00,FLAT,603187016.363636,603187016.363636,0.0,1323.1
2025-01-20 13:15:00,FLAT,603187016.363636,603187016.363636,0.0,1322.4
2025-01-20 13:30:00,FLAT,603187016.363636,603187016.363636,0.0,1322.3
2025-01-20 13:45:00,FLAT,603187016.363636,603187016.363636,0.0,1321.0
2025-01-20 14:00:00,FLAT,603187016.363636,603187016.363636,0.0,1321.8
2025-01-20 14:15:00,FLAT,603187016.363636,603187016.363636,0.0,1324.5
2025-01-20 14:30:00,LONG,603288251.3636363,602988251.363636,300000.0000001819,1325.4
2025-01-21 09:00:00,LONG,608488251.363636,602988251.363636,5500000.0,1330.6
2025-01-21 09:15:00,LONG,610288251.3636363,602988251.363636,7300000.000000182,1332.4
2025-01-21 09:30:00,LONG,607988251.363636,602988251.363636,5000000.0,1330.1
2025-01-21 09:45:00,LONG,608088251.3636361,602988251.363636,5100000.000000136,1330.2
2025-01-21 10:00:00,LONG,607288251.3636363,602988251.363636,4300000.000000182,1329.4
2025-01-21 10:15:00,LONG,604988251.363636,602988251.363636,2000000.0,1327.1
2025-01-21 10:30:00,LONG,602088251.3636361,602988251.363636,-899999.9999998636,1324.2
2025-01-21 10:45:00,FLAT,600680711.8181816,600680711.8181816,0.0,1324.7
2025-01-21 11:00:00,FLAT,600680711.8181816,600680711.8181816,0.0,1324.8
2025-01-21 11:15:00,FLAT,600680711.8181816,600680711.8181816,0.0,1324.1
2025-01-21 11:30:00,FLAT,600680711.8181816,600680711.8181816,0.0,1323.9
2025-01-21 13:00:00,FLAT,600680711.8181816,600680711.8181816,0.0,1324.1
2025-01-21 13:15:00,FLAT,600680711.8181816,600680711.8181816,0.0,1323.2
2025-01-21 13:30:00,FLAT,600680711.8181816,600680711.8181816,0.0,1318.6
2025-01-21 13:45:00,FLAT,600680711.8181816,600680711.8181816,0.0,1319.3
2025-01-21 14:00:00,FLAT,600680711.8181816,600680711.8181816,0.0,1318.3
2025-01-21 14:15:00,FLAT,600680711.8181816,600680711.8181816,0.0,1321.0
2025-01-21 14:30:00,FLAT,600680711.8181816,600680711.8181816,0.0,1321.9
2025-01-22 09:00:00,FLAT,600680711.8181816,600680711.8181816,0.0,1327.2
2025-01-22 09:15:00,FLAT,600680711.8181816,600680711.8181816,0.0,1325.9
2025-01-22 09:30:00,FLAT,600680711.8181816,600680711.8181816,0.0,1323.8
2025-01-22 09:45:00,FLAT,600680711.8181816,600680711.8181816,0.0,1322.6
2025-01-22 10:00:00,FLAT,600680711.8181816,600680711.8181816,0.0,1321.2
2025-01-22 10:15:00,FLAT,600680711.8181816,600680711.8181816,0.0,1321.9
2025-01-22 10:30:00,FLAT,600680711.8181816,600680711.8181816,0.0,1327.6
2025-01-22 10:45:00,FLAT,600680711.8181816,600680711.8181816,0.0,1324.2
2025-01-22 11:00:00,FLAT,600680711.8181816,600680711.8181816,0.0,1322.6
2025-01-22 11:15:00,FLAT,600680711.8181816,600680711.8181816,0.0,1322.7
2025-01-22 11:30:00,FLAT,600680711.8181816,600680711.8181816,0.0,1322.5
2025-01-22 13:00:00,FLAT,600680711.8181816,600680711.8181816,0.0,1325.3
2025-01-22 13:15:00,FLAT,600680711.8181816,600680711.8181816,0.0,1324.5
2025-01-22 13:30:00,FLAT,600680711.8181816,600680711.8181816,0.0,1323.7
2025-01-22 13:45:00,FLAT,600680711.8181816,600680711.8181816,0.0,1322.3
2025-01-22 14:00:00,FLAT,600680711.8181816,600680711.8181816,0.0,1320.6
2025-01-22 14:15:00,FLAT,600680711.8181816,600680711.8181816,0.0,1321.6
2025-01-22 14:30:00,FLAT,600680711.8181816,600680711.8181816,0.0,1321.9
2025-01-23 09:00:00,FLAT,600680711.8181816,600680711.8181816,0.0,1322.8
2025-01-23 09:15:00,FLAT,600680711.8181816,600680711.8181816,0.0,1325.2
2025-01-23 09:30:00,FLAT,600680711.8181816,600680711.8181816,0.0,1331.0
2025-01-23 09:45:00,FLAT,600680711.8181816,600680711.8181816,0.0,1329.8
2025-01-23 10:00:00,FLAT,600680711.8181816,600680711.8181816,0.0,1329.4
2025-01-23 10:15:00,FLAT,600680711.8181816,600680711.8181816,0.0,1334.1
2025-01-23 10:30:00,FLAT,600680711.8181816,600680711.8181816,0.0,1333.3
2025-01-23 10:45:00,FLAT,600680711.8181816,600680711.8181816,0.0,1333.9
2025-01-23 11:00:00,FLAT,600680711.8181816,600680711.8181816,0.0,1337.5
2025-01-23 11:15:00,FLAT,600680711.8181816,600680711.8181816,0.0,1338.0
2025-01-23 11:30:00,FLAT,600680711.8181816,600680711.8181816,0.0,1338.4
2025-01-23 13:00:00,FLAT,600680711.8181816,600680711.8181816,0.0,1336.6
2025-01-23 13:15:00,FLAT,600680711.8181816,600680711.8181816,0.0,1339.1
2025-01-23 13:30:00,FLAT,600680711.8181816,600680711.8181816,0.0,1341.1
2025-01-23 13:45:00,FLAT,600680711.8181816,600680711.8181816,0.0,1342.0
2025-01-23 14:00:00,FLAT,600680711.8181816,600680711.8181816,0.0,1345.9
2025-01-23 14:15:00,FLAT,598190891.1363636,598190891.1363636,0.0,1343.0
2025-01-23 14:30:00,FLAT,598190891.1363636,598190891.1363636,0.0,1342.0
2025-01-24 09:00:00,FLAT,598190891.1363636,598190891.1363636,0.0,1337.8
2025-01-24 09:15:00,FLAT,598190891.1363636,598190891.1363636,0.0,1340.2
2025-01-24 09:30:00,FLAT,598190891.1363636,598190891.1363636,0.0,1341.8
2025-01-24 09:45:00,FLAT,598190891.1363636,598190891.1363636,0.0,1341.2
2025-01-24 10:00:00,FLAT,598190891.1363636,598190891.1363636,0.0,1338.4
2025-01-24 10:15:00,FLAT,598190891.1363636,598190891.1363636,0.0,1339.2
2025-01-24 10:30:00,FLAT,598190891.1363636,598190891.1363636,0.0,1340.0
2025-01-24 10:45:00,FLAT,598190891.1363636,598190891.1363636,0.0,1340.0
2025-01-24 11:00:00,FLAT,598190891.1363636,598190891.1363636,0.0,1339.7
2025-01-24 11:15:00,FLAT,598190891.1363636,598190891.1363636,0.0,1340.1
2025-01-24 13:00:00,FLAT,598190891.1363636,598190891.1363636,0.0,1341.2
2025-01-24 13:15:00,FLAT,598190891.1363636,598190891.1363636,0.0,1343.1
2025-01-24 13:30:00,FLAT,598190891.1363636,598190891.1363636,0.0,1345.2
2025-01-24 13:45:00,FLAT,598190891.1363636,598190891.1363636,0.0,1343.3
2025-01-24 14:00:00,FLAT,598190891.1363636,598190891.1363636,0.0,1344.2
2025-01-24 14:15:00,FLAT,598190891.1363636,598190891.1363636,0.0,1342.0
2025-01-24 14:30:00,FLAT,598190891.1363636,598190891.1363636,0.0,1345.7
2025-02-03 09:00:00,FLAT,598190891.1363636,598190891.1363636,0.0,1325.5
2025-02-03 09:15:00,FLAT,598190891.1363636,598190891.1363636,0.0,1325.6
2025-02-03 09:30:00,FLAT,598190891.1363636,598190891.1363636,0.0,1323.3
2025-02-03 09:45:00,FLAT,598190891.1363636,598190891.1363636,0.0,1319.0
2025-02-03 10:00:00,FLAT,598190891.1363636,598190891.1363636,0.0,1314.8
2025-02-03 10:15:00,FLAT,598190891.1363636,598190891.1363636,0.0,1317.9
2025-02-03 10:30:00,FLAT,598190891.1363636,598190891.1363636,0.0,1318.9
2025-02-03 10:45:00,FLAT,598190891.1363636,598190891.1363636,0.0,1321.8
2025-02-03 11:00:00,FLAT,598190891.1363636,598190891.1363636,0.0,1320.8
2025-02-03 11:15:00,FLAT,598190891.1363636,598190891.1363636,0.0,1322.1
2025-02-03 11:30:00,FLAT,598190891.1363636,598190891.1363636,0.0,1322.1
2025-02-03 13:00:00,FLAT,598190891.1363636,598190891.1363636,0.0,1321.3
2025-02-03 13:15:00,FLAT,598190891.1363636,598190891.1363636,0.0,1319.0
2025-02-03 13:30:00,FLAT,598190891.1363636,598190891.1363636,0.0,1319.6
2025-02-03 13:45:00,FLAT,598190891.1363636,598190891.1363636,0.0,1315.5
2025-02-03 14:00:00,FLAT,598190891.1363636,598190891.1363636,0.0,1315.9
2025-02-03 14:15:00,FLAT,598190891.1363636,598190891.1363636,0.0,1316.2
2025-02-03 14:30:00,FLAT,598190891.1363636,598190891.1363636,0.0,1316.7
2025-02-04 09:00:00,FLAT,598190891.1363636,598190891.1363636,0.0,1324.8
2025-02-04 09:15:00,FLAT,598190891.1363636,598190891.1363636,0.0,1323.0
2025-02-04 09:30:00,FLAT,598190891.1363636,598190891.1363636,0.0,1323.0
2025-02-04 09:45:00,FLAT,598190891.1363636,598190891.1363636,0.0,1323.9
2025-02-04 10:00:00,FLAT,598190891.1363636,598190891.1363636,0.0,1323.5
2025-02-04 10:15:00,FLAT,598190891.1363636,598190891.1363636,0.0,1323.4
2025-02-04 10:30:00,FLAT,598190891.1363636,598190891.1363636,0.0,1322.3
2025-02-04 10:45:00,FLAT,598190891.1363636,598190891.1363636,0.0,1322.0
2025-02-04 11:00:00,FLAT,598190891.1363636,598190891.1363636,0.0,1325.1
2025-02-04 11:15:00,FLAT,598190891.1363636,598190891.1363636,0.0,1327.0
2025-02-04 11:30:00,FLAT,598190891.1363636,598190891.1363636,0.0,1326.9
2025-02-04 13:00:00,FLAT,598190891.1363636,598190891.1363636,0.0,1328.9
2025-02-04 13:15:00,FLAT,598190891.1363636,598190891.1363636,0.0,1328.4
2025-02-04 13:30:00,FLAT,598190891.1363636,598190891.1363636,0.0,1328.0
2025-02-04 13:45:00,FLAT,598190891.1363636,598190891.1363636,0.0,1328.4
2025-02-04 14:00:00,FLAT,598190891.1363636,598190891.1363636,0.0,1328.4
2025-02-04 14:15:00,FLAT,598190891.1363636,598190891.1363636,0.0,1328.3
2025-02-04 14:30:00,FLAT,598190891.1363636,598190891.1363636,0.0,1328.5
2025-02-05 09:00:00,FLAT,598190891.1363636,598190891.1363636,0.0,1333.7
2025-02-05 09:15:00,FLAT,598190891.1363636,598190891.1363636,0.0,1334.0
2025-02-05 09:30:00,FLAT,598190891.1363636,598190891.1363636,0.0,1334.2
2025-02-05 09:45:00,FLAT,598190891.1363636,598190891.1363636,0.0,1334.2
2025-02-05 10:00:00,FLAT,598190891.1363636,598190891.1363636,0.0,1337.0
2025-02-05 10:15:00,LONG,596790296.1363636,597990296.1363636,-1200000.0000000454,1336.1
2025-02-05 10:30:00,FLAT,595735463.8636364,595735463.8636364,0.0,1336.1
2025-02-05 10:45:00,FLAT,595735463.8636364,595735463.8636364,0.0,1335.1
2025-02-05 11:00:00,FLAT,595735463.8636364,595735463.8636364,0.0,1332.4
2025-02-05 11:15:00,FLAT,595735463.8636364,595735463.8636364,0.0,1332.0
2025-02-05 13:00:00,FLAT,595735463.8636364,595735463.8636364,0.0,1332.1
2025-02-05 13:15:00,FLAT,595735463.8636364,595735463.8636364,0.0,1331.0
2025-02-05 13:30:00,FLAT,595735463.8636364,595735463.8636364,0.0,1330.6
2025-02-05 13:45:00,FLAT,595735463.8636364,595735463.8636364,0.0,1334.4
2025-02-05 14:00:00,LONG,595335183.8636364,595535183.8636364,-200000.00000004546,1335.0
2025-02-05 14:15:00,LONG,595435183.8636363,595535183.8636364,-100000.00000013642,1335.1
2025-02-05 14:30:00,LONG,596135183.8636363,595535183.8636364,599999.9999999091,1335.8
2025-02-06 09:00:00,LONG,600535183.8636364,595535183.8636364,5000000.0,1340.2
2025-02-06 09:15:00,LONG,602835183.8636364,595535183.8636364,7299999.999999954,1342.5
2025-02-06 09:30:00,LONG,601635183.8636363,595535183.8636364,6099999.999999909,1341.3
2025-02-06 09:45:00,LONG,604635183.8636363,595535183.8636364,9099999.999999909,1344.3
2025-02-06 10:00:00,FLAT,604933463.8636363,604933463.8636363,0.0,1342.1
2025-02-06 10:15:00,FLAT,604933463.8636363,604933463.8636363,0.0,1340.3
2025-02-06 10:30:00,FLAT,604933463.8636363,604933463.8636363,0.0,1340.5
2025-02-06 10:45:00,FLAT,604933463.8636363,604933463.8636363,0.0,1340.5
2025-02-06 11:00:00,FLAT,604933463.8636363,604933463.8636363,0.0,1342.3
2025-02-06 11:15:00,FLAT,604933463.8636363,604933463.8636363,0.0,1341.5
2025-02-06 11:30:00,FLAT,604933463.8636363,604933463.8636363,0.0,1341.5
2025-02-06 13:00:00,FLAT,604933463.8636363,604933463.8636363,0.0,1341.5
2025-02-06 13:15:00,FLAT,604933463.8636363,604933463.8636363,0.0,1338.8
2025-02-06 13:30:00,FLAT,604933463.8636363,604933463.8636363,0.0,1339.5
2025-02-06 13:45:00,FLAT,604933463.8636363,604933463.8636363,0.0,1340.9
2025-02-06 14:00:00,FLAT,604933463.8636363,604933463.8636363,0.0,1341.5
2025-02-06 14:15:00,FLAT,604933463.8636363,604933463.8636363,0.0,1339.0
2025-02-06 14:30:00,FLAT,604933463.8636363,604933463.8636363,0.0,1339.7
2025-02-07 09:00:00,FLAT,604933463.8636363,604933463.8636363,0.0,1337.0
2025-02-07 09:15:00,FLAT,604933463.8636363,604933463.8636363,0.0,1337.3
2025-02-07 09:30:00,FLAT,604933463.8636363,604933463.8636363,0.0,1337.5
2025-02-07 09:45:00,FLAT,604933463.8636363,604933463.8636363,0.0,1337.5
2025-02-07 10:00:00,FLAT,604933463.8636363,604933463.8636363,0.0,1338.9
2025-02-07 10:15:00,FLAT,604933463.8636363,604933463.8636363,0.0,1339.3
2025-02-07 10:30:00,FLAT,604933463.8636363,604933463.8636363,0.0,1338.0
2025-02-07 10:45:00,FLAT,604933463.8636363,604933463.8636363,0.0,1340.0
2025-02-07 11:00:00,FLAT,604933463.8636363,604933463.8636363,0.0,1340.1
2025-02-07 11:15:00,FLAT,604933463.8636363,604933463.8636363,0.0,1340.0
2025-02-07 11:30:00,FLAT,604933463.8636363,604933463.8636363,0.0,1340.3
2025-02-07 13:00:00,FLAT,604933463.8636363,604933463.8636363,0.0,1338.2
2025-02-07 13:15:00,FLAT,604933463.8636363,604933463.8636363,0.0,1341.9
2025-02-07 13:30:00,FLAT,604933463.8636363,604933463.8636363,0.0,1345.3
2025-02-07 13:45:00,FLAT,604933463.8636363,604933463.8636363,0.0,1344.8
2025-02-07 14:00:00,FLAT,604933463.8636363,604933463.8636363,0.0,1343.4
2025-02-07 14:15:00,FLAT,604933463.8636363,604933463.8636363,0.0,1343.3
2025-02-07 14:30:00,FLAT,604933463.8636363,604933463.8636363,0.0,1342.6
2025-02-10 09:00:00,FLAT,604933463.8636363,604933463.8636363,0.0,1332.0
2025-02-10 09:15:00,FLAT,604933463.8636363,604933463.8636363,0.0,1333.3
2025-02-10 09:30:00,FLAT,604933463.8636363,604933463.8636363,0.0,1327.0
2025-02-10 09:45:00,FLAT,604933463.8636363,604933463.8636363,0.0,1327.8
2025-02-10 10:00:00,FLAT,604933463.8636363,604933463.8636363,0.0,1332.3
2025-02-10 10:15:00,FLAT,604933463.8636363,604933463.8636363,0.0,1332.4
2025-02-10 10:30:00,FLAT,604933463.8636363,604933463.8636363,0.0,1332.6
2025-02-10 10:45:00,FLAT,604933463.8636363,604933463.8636363,0.0,1332.5
2025-02-10 11:00:00,FLAT,604933463.8636363,604933463.8636363,0.0,1332.9
2025-02-10 11:15:00,FLAT,604933463.8636363,604933463.8636363,0.0,1333.1
2025-02-10 11:30:00,FLAT,604933463.8636363,604933463.8636363,0.0,1333.1
2025-02-10 13:00:00,FLAT,604933463.8636363,604933463.8636363,0.0,1335.1
2025-02-10 13:15:00,FLAT,604933463.8636363,604933463.8636363,0.0,1335.6
2025-02-10 13:30:00,FLAT,604933463.8636363,604933463.8636363,0.0,1335.0
2025-02-10 13:45:00,FLAT,604933463.8636363,604933463.8636363,0.0,1332.7
2025-02-10 14:00:00,FLAT,604933463.8636363,604933463.8636363,0.0,1333.8
2025-02-10 14:15:00,FLAT,604933463.8636363,604933463.8636363,0.0,1330.0
2025-02-10 14:30:00,FLAT,604933463.8636363,604933463.8636363,0.0,1330.5
2025-02-11 09:00:00,FLAT,604933463.8636363,604933463.8636363,0.0,1332.5
2025-02-11 09:15:00,FLAT,604933463.8636363,604933463.8636363,0.0,1332.9
2025-02-11 09:30:00,FLAT,604933463.8636363,604933463.8636363,0.0,1330.7
2025-02-11 09:45:00,FLAT,604933463.8636363,604933463.8636363,0.0,1328.9
2025-02-11 10:00:00,FLAT,604933463.8636363,604933463.8636363,0.0,1329.5
2025-02-11 10:15:00,FLAT,604933463.8636363,604933463.8636363,0.0,1330.5
2025-02-11 10:30:00,FLAT,604933463.8636363,604933463.8636363,0.0,1330.5
2025-02-11 10:45:00,FLAT,604933463.8636363,604933463.8636363,0.0,1330.7
2025-02-11 11:00:00,FLAT,604933463.8636363,604933463.8636363,0.0,1330.1
2025-02-11 11:15:00,FLAT,604933463.8636363,604933463.8636363,0.0,1330.7
2025-02-11 11:30:00,FLAT,604933463.8636363,604933463.8636363,0.0,1330.8
2025-02-11 13:00:00,FLAT,604933463.8636363,604933463.8636363,0.0,1331.3
2025-02-11 13:15:00,FLAT,604933463.8636363,604933463.8636363,0.0,1332.5
2025-02-11 13:30:00,FLAT,604933463.8636363,604933463.8636363,0.0,1331.7
2025-02-11 13:45:00,FLAT,604933463.8636363,604933463.8636363,0.0,1332.3
2025-02-11 14:00:00,FLAT,604933463.8636363,604933463.8636363,0.0,1330.0
2025-02-11 14:15:00,FLAT,604933463.8636363,604933463.8636363,0.0,1332.3
2025-02-11 14:30:00,FLAT,604933463.8636363,604933463.8636363,0.0,1332.4
2025-02-12 09:00:00,FLAT,604933463.8636363,604933463.8636363,0.0,1340.7
2025-02-12 09:15:00,FLAT,604933463.8636363,604933463.8636363,0.0,1339.4
2025-02-12 09:30:00,FLAT,604933463.8636363,604933463.8636363,0.0,1338.5
2025-02-12 09:45:00,FLAT,604933463.8636363,604933463.8636363,0.0,1339.7
2025-02-12 10:00:00,FLAT,604933463.8636363,604933463.8636363,0.0,1340.4
2025-02-12 10:15:00,FLAT,604933463.8636363,604933463.8636363,0.0,1339.2
2025-02-12 10:30:00,FLAT,604933463.8636363,604933463.8636363,0.0,1339.6
2025-02-12 10:45:00,FLAT,604933463.8636363,604933463.8636363,0.0,1339.9
2025-02-12 11:00:00,FLAT,604933463.8636363,604933463.8636363,0.0,1338.8
2025-02-12 11:15:00,FLAT,604933463.8636363,604933463.8636363,0.0,1339.6
2025-02-12 11:30:00,FLAT,604933463.8636363,604933463.8636363,0.0,1339.8
2025-02-12 13:00:00,FLAT,604933463.8636363,604933463.8636363,0.0,1338.7
2025-02-12 13:15:00,FLAT,604933463.8636363,604933463.8636363,0.0,1339.9
2025-02-12 13:30:00,FLAT,604933463.8636363,604933463.8636363,0.0,1339.3
2025-02-12 13:45:00,FLAT,604933463.8636363,604933463.8636363,0.0,1337.0
2025-02-12 14:00:00,FLAT,604933463.8636363,604933463.8636363,0.0,1337.0
2025-02-12 14:15:00,FLAT,604933463.8636363,604933463.8636363,0.0,1332.8
2025-02-12 14:30:00,FLAT,604933463.8636363,604933463.8636363,0.0,1332.1
2025-02-13 09:00:00,FLAT,604933463.8636363,604933463.8636363,0.0,1330.8
2025-02-13 09:15:00,FLAT,604933463.8636363,604933463.8636363,0.0,1329.6
2025-02-13 09:30:00,FLAT,604933463.8636363,604933463.8636363,0.0,1329.8
2025-02-13 09:45:00,FLAT,604933463.8636363,604933463.8636363,0.0,1330.8
2025-02-13 10:00:00,FLAT,604933463.8636363,604933463.8636363,0.0,1327.9
2025-02-13 10:15:00,FLAT,604933463.8636363,604933463.8636363,0.0,1327.0
2025-02-13 10:30:00,FLAT,604933463.8636363,604933463.8636363,0.0,1329.6
2025-02-13 10:45:00,FLAT,604933463.8636363,604933463.8636363,0.0,1330.5
2025-02-13 11:00:00,FLAT,604933463.8636363,604933463.8636363,0.0,1333.3
2025-02-13 11:15:00,LONG,603533363.8636363,604733363.8636363,-1200000.0000000454,1332.8
2025-02-13 11:30:00,LONG,603533363.8636363,604733363.8636363,-1200000.0000000454,1332.8
2025-02-13 13:00:00,LONG,604233363.8636363,604733363.8636363,-500000.0,1333.5
2025-02-13 13:15:00,LONG,607133363.8636364,604733363.8636363,2400000.000000091,1336.4
2025-02-13 13:30:00,LONG,607933363.8636363,604733363.8636363,3200000.0000000456,1337.2
2025-02-13 13:45:00,LONG,606833363.8636361,604733363.8636363,2099999.999999909,1336.1
2025-02-13 14:00:00,LONG,604533363.8636363,604733363.8636363,-200000.00000004546,1333.8
2025-02-13 14:15:00,LONG,607533363.8636363,604733363.8636363,2799999.9999999544,1336.8
2025-02-13 14:30:00,LONG,609633363.8636364,604733363.8636363,4900000.000000091,1338.9
2025-02-14 09:00:00,FLAT,615695225.6818178,615695225.6818178,0.0,1347.5
2025-02-14 09:15:00,FLAT,615695225.6818178,615695225.6818178,0.0,1347.0
2025-02-14 09:30:00,FLAT,615695225.6818178,615695225.6818178,0.0,1347.1
2025-02-14 09:45:00,FLAT,615695225.6818178,615695225.6818178,0.0,1346.3
2025-02-14 10:00:00,FLAT,615695225.6818178,615695225.6818178,0.0,1345.2
2025-02-14 10:15:00,FLAT,615695225.6818178,615695225.6818178,0.0,1346.6
2025-02-14 10:30:00,FLAT,615695225.6818178,615695225.6818178,0.0,1347.6
2025-02-14 10:45:00,FLAT,615695225.6818178,615695225.6818178,0.0,1349.1
2025-02-14 11:00:00,FLAT,615695225.6818178,615695225.6818178,0.0,1347.6
2025-02-14 11:15:00,FLAT,615695225.6818178,615695225.6818178,0.0,1346.6
2025-02-14 11:30:00,FLAT,615695225.6818178,615695225.6818178,0.0,1346.4
2025-02-14 13:00:00,FLAT,615695225.6818178,615695225.6818178,0.0,1345.7
2025-02-14 13:15:00,FLAT,615695225.6818178,615695225.6818178,0.0,1343.6
2025-02-14 13:30:00,FLAT,615695225.6818178,615695225.6818178,0.0,1343.0
2025-02-14 13:45:00,FLAT,615695225.6818178,615695225.6818178,0.0,1343.1
2025-02-14 14:00:00,FLAT,615695225.6818178,615695225.6818178,0.0,1343.0
2025-02-14 14:15:00,FLAT,615695225.6818178,615695225.6818178,0.0,1342.5
2025-02-14 14:30:00,FLAT,615695225.6818178,615695225.6818178,0.0,1342.0
2025-02-17 09:00:00,FLAT,615695225.6818178,615695225.6818178,0.0,1340.7
2025-02-17 09:15:00,FLAT,615695225.6818178,615695225.6818178,0.0,1340.4
2025-02-17 09:30:00,FLAT,615695225.6818178,615695225.6818178,0.0,1339.3
2025-02-17 09:45:00,FLAT,615695225.6818178,615695225.6818178,0.0,1338.8
2025-02-17 10:00:00,FLAT,615695225.6818178,615695225.6818178,0.0,1340.0
2025-02-17 10:15:00,FLAT,615695225.6818178,615695225.6818178,0.0,1340.0
2025-02-17 10:30:00,FLAT,615695225.6818178,615695225.6818178,0.0,1339.8
2025-02-17 10:45:00,FLAT,615695225.6818178,615695225.6818178,0.0,1340.4
2025-02-17 11:00:00,FLAT,615695225.6818178,615695225.6818178,0.0,1341.5
2025-02-17 11:15:00,FLAT,615695225.6818178,615695225.6818178,0.0,1341.3
2025-02-17 11:30:00,FLAT,615695225.6818178,615695225.6818178,0.0,1341.3
2025-02-17 13:00:00,FLAT,615695225.6818178,615695225.6818178,0.0,1341.6
2025-02-17 13:15:00,FLAT,615695225.6818178,615695225.6818178,0.0,1340.3
2025-02-17 13:30:00,FLAT,615695225.6818178,615695225.6818178,0.0,1341.3
2025-02-17 13:45:00,FLAT,615695225.6818178,615695225.6818178,0.0,1340.8
2025-02-17 14:00:00,FLAT,615695225.6818178,615695225.6818178,0.0,1340.0
2025-02-17 14:15:00,FLAT,615695225.6818178,615695225.6818178,0.0,1336.0
2025-02-17 14:30:00,FLAT,615695225.6818178,615695225.6818178,0.0,1335.7
2025-02-18 09:00:00,FLAT,615695225.6818178,615695225.6818178,0.0,1333.1
2025-02-18 09:15:00,FLAT,615695225.6818178,615695225.6818178,0.0,1335.2
2025-02-18 09:30:00,FLAT,615695225.6818178,615695225.6818178,0.0,1336.0
2025-02-18 09:45:00,FLAT,615695225.6818178,615695225.6818178,0.0,1336.6
2025-02-18 10:00:00,LONG,616894690.6818177,615494690.6818178,1399999.9999998636,1338.3
2025-02-18 10:15:00,LONG,623394690.6818177,615494690.6818178,7899999.999999864,1344.8
2025-02-18 10:30:00,FLAT,625765312.0454539,625765312.0454539,0.0,1344.9
2025-02-18 10:45:00,FLAT,625765312.0454539,625765312.0454539,0.0,1343.0
2025-02-18 11:00:00,FLAT,625765312.0454539,625765312.0454539,0.0,1342.2
2025-02-18 11:15:00,FLAT,625765312.0454539,625765312.0454539,0.0,1338.7
2025-02-18 11:30:00,FLAT,625765312.0454539,625765312.0454539,0.0,1338.7
2025-02-18 13:00:00,FLAT,625765312.0454539,625765312.0454539,0.0,1337.8
2025-02-18 13:15:00,FLAT,625765312.0454539,625765312.0454539,0.0,1339.2
2025-02-18 13:30:00,FLAT,625765312.0454539,625765312.0454539,0.0,1337.7
2025-02-18 13:45:00,FLAT,625765312.0454539,625765312.0454539,0.0,1336.7
2025-02-18 14:00:00,FLAT,625765312.0454539,625765312.0454539,0.0,1337.1
2025-02-18 14:15:00,FLAT,625765312.0454539,625765312.0454539,0.0,1338.8
2025-02-18 14:30:00,FLAT,625765312.0454539,625765312.0454539,0.0,1338.3
2025-02-19 09:00:00,FLAT,625765312.0454539,625765312.0454539,0.0,1339.4
2025-02-19 09:15:00,FLAT,625765312.0454539,625765312.0454539,0.0,1339.2
2025-02-19 09:30:00,FLAT,625765312.0454539,625765312.0454539,0.0,1337.3
2025-02-19 09:45:00,FLAT,625765312.0454539,625765312.0454539,0.0,1337.8
2025-02-19 10:00:00,FLAT,625765312.0454539,625765312.0454539,0.0,1341.3
2025-02-19 10:15:00,LONG,625464057.0454538,625564057.0454539,-100000.00000013642,1341.6
2025-02-19 10:30:00,LONG,629064057.0454539,625564057.0454539,3500000.0,1345.2
2025-02-19 10:45:00,LONG,626764057.0454539,625564057.0454539,1200000.0000000454,1342.9
2025-02-19 11:00:00,LONG,627264057.0454539,625564057.0454539,1700000.0000000454,1343.4
2025-02-19 11:15:00,LONG,629164057.0454538,625564057.0454539,3599999.999999909,1345.3
2025-02-19 11:30:00,LONG,628964057.0454538,625564057.0454539,3399999.9999998636,1345.1
2025-02-19 13:00:00,LONG,628664057.0454538,625564057.0454539,3099999.999999909,1344.8
2025-02-19 13:15:00,LONG,629464057.0454538,625564057.0454539,3899999.9999998636,1345.6
2025-02-19 13:30:00,LONG,629264057.0454539,625564057.0454539,3700000.0000000456,1345.4
2025-02-19 13:45:00,LONG,626264057.0454539,625564057.0454539,700000.0000000455,1342.4
2025-02-19 14:00:00,LONG,627164057.0454538,625564057.0454539,1599999.999999909,1343.3
2025-02-19 14:15:00,LONG,628864057.0454539,625564057.0454539,3299999.9999999544,1345.0
2025-02-19 14:30:00,LONG,628364057.0454539,625564057.0454539,2799999.9999999544,1344.5
2025-02-20 09:00:00,LONG,630764057.0454539,625564057.0454539,5200000.000000046,1346.9
2025-02-20 09:15:00,LONG,630464057.0454538,625564057.0454539,4899999.999999864,1346.6
2025-02-20 09:30:00,LONG,631764057.0454539,625564057.0454539,6200000.000000046,1347.9
2025-02-20 09:45:00,LONG,630664057.0454538,625564057.0454539,5099999.999999909,1346.8
2025-02-20 10:00:00,LONG,630864057.0454539,625564057.0454539,5299999.999999954,1347.0
2025-02-20 10:15:00,LONG,630564057.0454539,625564057.0454539,5000000.0,1346.7
2025-02-20 10:30:00,LONG,631064057.0454539,625564057.0454539,5500000.0,1347.2
2025-02-20 10:45:00,LONG,631364057.0454539,625564057.0454539,5799999.999999954,1347.5
2025-02-20 11:00:00,LONG,633764057.0454539,625564057.0454539,8200000.000000046,1349.9
2025-02-20 11:15:00,LONG,632364057.0454539,625564057.0454539,6799999.999999954,1348.5
2025-02-20 11:30:00,LONG,632464057.0454538,625564057.0454539,6899999.999999864,1348.6
2025-02-20 13:00:00,LONG,632164057.0454538,625564057.0454539,6599999.999999909,1348.3
2025-02-20 13:15:00,LONG,633664057.0454538,625564057.0454539,8099999.999999909,1349.8
2025-02-20 13:30:00,LONG,632964057.0454538,625564057.0454539,7399999.999999864,1349.1
2025-02-20 13:45:00,LONG,633864057.0454539,625564057.0454539,8299999.999999954,1350.0
2025-02-20 14:00:00,LONG,634464057.0454538,625564057.0454539,8899999.999999864,1350.6
2025-02-20 14:15:00,LONG,633664057.0454538,625564057.0454539,8099999.999999909,1349.8
2025-02-20 14:30:00,LONG,633564057.0454539,625564057.0454539,8000000.0,1349.7
2025-02-21 09:00:00,LONG,631364057.0454539,625564057.0454539,5799999.999999954,1347.5
2025-02-21 09:15:00,LONG,634664057.0454538,625564057.0454539,9099999.999999909,1350.8
2025-02-21 09:30:00,LONG,636064057.0454539,625564057.0454539,10500000.0,1352.2
2025-02-21 09:45:00,LONG,635264057.0454539,625564057.0454539,9700000.000000045,1351.4
2025-02-21 10:00:00,LONG,633764057.0454539,625564057.0454539,8200000.000000046,1349.9
2025-02-21 10:15:00,LONG,634164057.0454538,625564057.0454539,8599999.999999909,1350.3
2025-02-21 10:30:00,LONG,634464057.0454538,625564057.0454539,8899999.999999864,1350.6
2025-02-21 10:45:00,LONG,633664057.0454538,625564057.0454539,8099999.999999909,1349.8
2025-02-21 11:00:00,LONG,633864057.0454539,625564057.0454539,8299999.999999954,1350.0
2025-02-21 11:15:00,LONG,635364057.0454539,625564057.0454539,9799999.999999955,1351.5
2025-02-21 11:30:00,LONG,635464057.0454538,625564057.0454539,9899999.999999864,1351.6
2025-02-21 13:00:00,LONG,635364057.0454539,625564057.0454539,9799999.999999955,1351.5
2025-02-21 13:15:00,LONG,637064057.0454539,625564057.0454539,11500000.0,1353.2
2025-02-21 13:30:00,FLAT,638097255.227272,638097255.227272,0.0,1354.1
2025-02-21 13:45:00,FLAT,638097255.227272,638097255.227272,0.0,1352.0
2025-02-21 14:00:00,FLAT,638097255.227272,638097255.227272,0.0,1351.1
2025-02-21 14:15:00,FLAT,638097255.227272,638097255.227272,0.0,1351.9
2025-02-21 14:30:00,FLAT,638097255.227272,638097255.227272,0.0,1351.7
2025-02-24 09:00:00,FLAT,638097255.227272,638097255.227272,0.0,1353.8
2025-02-24 09:15:00,FLAT,638097255.227272,638097255.227272,0.0,1355.4
2025-02-24 09:30:00,FLAT,638097255.227272,638097255.227272,0.0,1355.9
2025-02-24 09:45:00,FLAT,638097255.227272,638097255.227272,0.0,1355.6
2025-02-24 10:00:00,FLAT,638097255.227272,638097255.227272,0.0,1356.5
2025-02-24 10:15:00,FLAT,638097255.227272,638097255.227272,0.0,1356.8
2025-02-24 10:30:00,FLAT,638097255.227272,638097255.227272,0.0,1356.4
2025-02-24 10:45:00,FLAT,638097255.227272,638097255.227272,0.0,1357.5
2025-02-24 11:00:00,FLAT,638097255.227272,638097255.227272,0.0,1356.8
2025-02-24 11:15:00,FLAT,638097255.227272,638097255.227272,0.0,1355.5
2025-02-24 11:30:00,FLAT,638097255.227272,638097255.227272,0.0,1355.7
2025-02-24 13:00:00,FLAT,638097255.227272,638097255.227272,0.0,1354.5
2025-02-24 13:15:00,FLAT,638097255.227272,638097255.227272,0.0,1354.6
2025-02-24 13:30:00,FLAT,638097255.227272,638097255.227272,0.0,1356.3
2025-02-24 13:45:00,FLAT,638097255.227272,638097255.227272,0.0,1355.6
2025-02-24 14:00:00,FLAT,638097255.227272,638097255.227272,0.0,1359.8
2025-02-24 14:15:00,LONG,643193255.227272,637893255.227272,5299999.999999954,1365.3
2025-02-24 14:30:00,LONG,643993255.2272719,637893255.227272,6099999.999999909,1366.1
2025-02-25 09:00:00,LONG,643593255.227272,637893255.227272,5700000.000000046,1365.7
2025-02-25 09:15:00,LONG,643493255.2272719,637893255.227272,5599999.999999909,1365.6
2025-02-25 10:00:00,LONG,641393255.227272,637893255.227272,3500000.0,1363.5
2025-02-25 10:15:00,LONG,642493255.2272719,637893255.227272,4599999.999999909,1364.6
2025-02-25 10:30:00,LONG,642393255.227272,637893255.227272,4500000.0,1364.5
2025-02-25 10:45:00,LONG,641793255.2272722,637893255.227272,3900000.000000091,1363.9
2025-02-25 11:00:00,LONG,639393255.227272,637893255.227272,1500000.0,1361.5
2025-02-25 11:15:00,LONG,638993255.2272719,637893255.227272,1099999.999999909,1361.1
2025-02-25 11:30:00,LONG,638593255.227272,637893255.227272,700000.0000000455,1360.7
2025-02-25 13:00:00,LONG,640493255.2272719,637893255.227272,2599999.999999909,1362.6
2025-02-25 13:15:00,LONG,639093255.227272,637893255.227272,1200000.0000000454,1361.2
2025-02-25 13:30:00,LONG,640393255.227272,637893255.227272,2500000.0,1362.5
2025-02-25 13:45:00,LONG,638193255.227272,637893255.227272,299999.99999995454,1360.3
2025-02-25 14:00:00,FLAT,635880435.6818173,635880435.6818173,0.0,1358.0
2025-02-25 14:15:00,FLAT,635880435.6818173,635880435.6818173,0.0,1361.7
2025-02-25 14:30:00,FLAT,635880435.6818173,635880435.6818173,0.0,1361.3
2025-02-26 09:00:00,FLAT,635880435.6818173,635880435.6818173,0.0,1362.6
2025-02-26 09:15:00,FLAT,635880435.6818173,635880435.6818173,0.0,1362.2
2025-02-26 09:30:00,FLAT,635880435.6818173,635880435.6818173,0.0,1362.4
2025-02-26 09:45:00,FLAT,635880435.6818173,635880435.6818173,0.0,1362.2
2025-02-26 10:00:00,FLAT,635880435.6818173,635880435.6818173,0.0,1363.2
2025-02-26 10:15:00,FLAT,635880435.6818173,635880435.6818173,0.0,1362.2
2025-02-26 10:30:00,FLAT,635880435.6818173,635880435.6818173,0.0,1360.7
2025-02-26 10:45:00,FLAT,635880435.6818173,635880435.6818173,0.0,1361.0
2025-02-26 11:00:00,FLAT,635880435.6818173,635880435.6818173,0.0,1361.3
2025-02-26 11:15:00,FLAT,635880435.6818173,635880435.6818173,0.0,1361.3
2025-02-26 11:30:00,FLAT,635880435.6818173,635880435.6818173,0.0,1361.1
2025-02-26 13:00:00,FLAT,635880435.6818173,635880435.6818173,0.0,1361.7
2025-02-26 13:15:00,FLAT,635880435.6818173,635880435.6818173,0.0,1362.8
2025-02-26 13:30:00,FLAT,635880435.6818173,635880435.6818173,0.0,1361.2
2025-02-26 13:45:00,FLAT,635880435.6818173,635880435.6818173,0.0,1362.4
2025-02-26 14:00:00,FLAT,635880435.6818173,635880435.6818173,0.0,1360.3
2025-02-26 14:15:00,FLAT,635880435.6818173,635880435.6818173,0.0,1360.3
2025-02-26 14:30:00,FLAT,635880435.6818173,635880435.6818173,0.0,1360.3
2025-02-27 09:00:00,FLAT,635880435.6818173,635880435.6818173,0.0,1362.6
2025-02-27 09:15:00,FLAT,635880435.6818173,635880435.6818173,0.0,1361.9
2025-02-27 09:30:00,FLAT,635880435.6818173,635880435.6818173,0.0,1361.6
2025-02-27 09:45:00,FLAT,635880435.6818173,635880435.6818173,0.0,1362.0
2025-02-27 10:00:00,FLAT,635880435.6818173,635880435.6818173,0.0,1362.3
2025-02-27 10:15:00,FLAT,635880435.6818173,635880435.6818173,0.0,1362.2
2025-02-27 10:30:00,FLAT,635880435.6818173,635880435.6818173,0.0,1361.6
2025-02-27 10:45:00,FLAT,635880435.6818173,635880435.6818173,0.0,1360.1
2025-02-27 11:00:00,FLAT,635880435.6818173,635880435.6818173,0.0,1358.0
2025-02-27 11:15:00,FLAT,635880435.6818173,635880435.6818173,0.0,1355.8
2025-02-27 11:30:00,FLAT,635880435.6818173,635880435.6818173,0.0,1355.5
2025-02-27 13:00:00,FLAT,635880435.6818173,635880435.6818173,0.0,1352.6
2025-02-27 13:15:00,FLAT,635880435.6818173,635880435.6818173,0.0,1353.2
2025-02-27 13:30:00,FLAT,635880435.6818173,635880435.6818173,0.0,1353.5
2025-02-27 13:45:00,FLAT,635880435.6818173,635880435.6818173,0.0,1354.6
2025-02-27 14:00:00,FLAT,635880435.6818173,635880435.6818173,0.0,1358.2
2025-02-27 14:15:00,LONG,638976600.6818173,635676600.6818173,3299999.9999999544,1362.2
2025-02-27 14:30:00,LONG,639276600.6818172,635676600.6818173,3599999.999999909,1362.5
2025-02-28 09:00:00,LONG,634476600.6818173,635676600.6818173,-1200000.0000000454,1357.7
2025-02-28 09:15:00,FLAT,633104939.090908,633104939.090908,0.0,1360.5
2025-02-28 09:30:00,FLAT,633104939.090908,633104939.090908,0.0,1357.2
2025-02-28 09:45:00,FLAT,633104939.090908,633104939.090908,0.0,1356.1
2025-02-28 10:00:00,FLAT,633104939.090908,633104939.090908,0.0,1355.9
2025-02-28 10:15:00,FLAT,633104939.090908,633104939.090908,0.0,1353.1
2025-02-28 10:30:00,FLAT,633104939.090908,633104939.090908,0.0,1352.4
2025-02-28 10:45:00,FLAT,633104939.090908,633104939.090908,0.0,1352.0
2025-02-28 11:00:00,FLAT,633104939.090908,633104939.090908,0.0,1352.0
2025-02-28 11:15:00,FLAT,633104939.090908,633104939.090908,0.0,1353.3
2025-02-28 11:30:00,FLAT,633104939.090908,633104939.090908,0.0,1353.1
2025-02-28 13:00:00,FLAT,633104939.090908,633104939.090908,0.0,1352.1
2025-02-28 13:15:00,FLAT,633104939.090908,633104939.090908,0.0,1354.3
2025-02-28 13:30:00,FLAT,633104939.090908,633104939.090908,0.0,1356.9
2025-02-28 13:45:00,FLAT,633104939.090908,633104939.090908,0.0,1353.6
2025-02-28 14:00:00,FLAT,633104939.090908,633104939.090908,0.0,1351.8
2025-02-28 14:15:00,FLAT,633104939.090908,633104939.090908,0.0,1357.7
2025-02-28 14:30:00,FLAT,633104939.090908,633104939.090908,0.0,1356.3
