datetime,position,cash,equity,unrealized_pnl,realized_pnl,close_price
2024-01-02 09:00:00,FLAT,500000000.0,500000000.0,0.0,0.0,1141.4
2024-01-02 09:15:00,FLAT,500000000.0,500000000.0,0.0,0.0,1139.7
2024-01-02 09:30:00,FLAT,500000000.0,500000000.0,0.0,0.0,1139.8
2024-01-02 09:45:00,FLAT,500000000.0,500000000.0,0.0,0.0,1140.8
2024-01-02 10:00:00,FLAT,500000000.0,500000000.0,0.0,0.0,1139.9
2024-01-02 10:15:00,FLAT,500000000.0,500000000.0,0.0,0.0,1139.9
2024-01-02 10:30:00,FLAT,500000000.0,500000000.0,0.0,0.0,1137.5
2024-01-02 10:45:00,FLAT,500000000.0,500000000.0,0.0,0.0,1134.7
2024-01-02 11:00:00,FLAT,500000000.0,500000000.0,0.0,0.0,1132.9
2024-01-02 11:15:00,FLAT,500000000.0,500000000.0,0.0,0.0,1132.8
2024-01-02 13:00:00,FLAT,500000000.0,500000000.0,0.0,0.0,1133.7
2024-01-02 13:15:00,FLAT,500000000.0,500000000.0,0.0,0.0,1133.8
2024-01-02 13:30:00,FLAT,500000000.0,500000000.0,0.0,0.0,1133.1
2024-01-02 13:45:00,FLAT,500000000.0,500000000.0,0.0,0.0,1135.0
2024-01-02 14:00:00,FLAT,500000000.0,500000000.0,0.0,0.0,1134.4
2024-01-02 14:15:00,FLAT,500000000.0,500000000.0,0.0,0.0,1132.6
2024-01-02 14:30:00,FLAT,500000000.0,500000000.0,0.0,0.0,1132.3
2024-01-03 09:00:00,FLAT,500000000.0,500000000.0,0.0,0.0,1127.4
2024-01-03 09:15:00,FLAT,500000000.0,500000000.0,0.0,0.0,1127.6
2024-01-03 09:30:00,FLAT,500000000.0,500000000.0,0.0,0.0,1129.2
2024-01-03 09:45:00,FLAT,500000000.0,500000000.0,0.0,0.0,1128.5
2024-01-03 10:00:00,FLAT,500000000.0,500000000.0,0.0,0.0,1129.0
2024-01-03 10:15:00,FLAT,500000000.0,500000000.0,0.0,0.0,1129.8
2024-01-03 10:30:00,FLAT,500000000.0,500000000.0,0.0,0.0,1130.5
2024-01-03 10:45:00,FLAT,500000000.0,500000000.0,0.0,0.0,1133.8
2024-01-03 11:00:00,FLAT,500000000.0,500000000.0,0.0,0.0,1133.6
2024-01-03 11:15:00,FLAT,500000000.0,500000000.0,0.0,0.0,1133.6
2024-01-03 13:00:00,FLAT,500000000.0,500000000.0,0.0,0.0,1133.6
2024-01-03 13:15:00,FLAT,500000000.0,500000000.0,0.0,0.0,1133.8
2024-01-03 13:30:00,FLAT,500000000.0,500000000.0,0.0,0.0,1136.1
2024-01-03 13:45:00,LONG,499829681.9234893,500575838.5185809,746156.5950916337,0.0,1136.2
2024-01-03 14:00:00,LONG,499829681.9234893,499575838.5185809,-253843.4049083662,0.0,1135.2
2024-01-03 14:15:00,FLAT,505481550.8173636,505481550.8173636,0.0,0.0,1142.1
2024-01-03 14:30:00,FLAT,505481550.8173636,505481550.8173636,0.0,0.0,1144.0
2024-01-04 09:00:00,FLAT,505481550.8173636,505481550.8173636,0.0,0.0,1146.5
2024-01-04 09:15:00,FLAT,505481550.8173636,505481550.8173636,0.0,0.0,1146.4
2024-01-04 09:30:00,FLAT,505481550.8173636,505481550.8173636,0.0,0.0,1147.5
2024-01-04 09:45:00,FLAT,505481550.8173636,505481550.8173636,0.0,0.0,1148.3
2024-01-04 10:00:00,LONG,505309266.26843905,504645606.7712876,-663659.4971514569,0.0,1147.9
2024-01-04 10:15:00,LONG,505309266.26843905,505345606.77128744,36340.50284836121,0.0,1148.6
2024-01-04 10:30:00,LONG,505309266.26843905,506545606.77128744,1236340.5028484068,0.0,1149.8
2024-01-04 10:45:00,LONG,505309266.26843905,509745606.7712875,4436340.502848452,0.0,1153.0
2024-01-04 11:00:00,FLAT,512217876.4088771,512217876.4088771,0.0,0.0,1157.0
2024-01-04 11:15:00,FLAT,512217876.4088771,512217876.4088771,0.0,0.0,1163.5
2024-01-04 13:00:00,FLAT,512217876.4088771,512217876.4088771,0.0,0.0,1159.8
2024-01-04 13:15:00,FLAT,512217876.4088771,512217876.4088771,0.0,0.0,1167.1
2024-01-04 13:30:00,FLAT,512217876.4088771,512217876.4088771,0.0,0.0,1166.8
2024-01-04 13:45:00,LONG,512077934.8605947,513134279.64462316,1056344.7840284426,0.0,1167.5
2024-01-04 14:00:00,LONG,512077934.8605947,513454279.6446232,1376344.7840285152,0.0,1167.9
2024-01-04 14:15:00,FLAT,507281668.56020194,507281668.56020194,0.0,0.0,1159.5
2024-01-04 14:30:00,FLAT,507281668.56020194,507281668.56020194,0.0,0.0,1158.1
2024-01-05 09:00:00,FLAT,507281668.56020194,507281668.56020194,0.0,0.0,1161.0
2024-01-05 09:15:00,FLAT,507281668.56020194,507281668.56020194,0.0,0.0,1160.8
2024-01-05 09:30:00,FLAT,507281668.56020194,507281668.56020194,0.0,0.0,1161.0
2024-01-05 09:45:00,FLAT,507281668.56020194,507281668.56020194,0.0,0.0,1161.4
2024-01-05 10:00:00,FLAT,507281668.56020194,507281668.56020194,0.0,0.0,1161.7
2024-01-05 10:15:00,FLAT,507281668.56020194,507281668.56020194,0.0,0.0,1161.3
2024-01-05 10:30:00,FLAT,507281668.56020194,507281668.56020194,0.0,0.0,1157.1
2024-01-05 10:45:00,FLAT,507281668.56020194,507281668.56020194,0.0,0.0,1156.8
2024-01-05 11:00:00,FLAT,507281668.56020194,507281668.56020194,0.0,0.0,1156.1
2024-01-05 11:15:00,FLAT,507281668.56020194,507281668.56020194,0.0,0.0,1157.3
2024-01-05 13:00:00,FLAT,507281668.56020194,507281668.56020194,0.0,0.0,1156.3
2024-01-05 13:15:00,FLAT,507281668.56020194,507281668.56020194,0.0,0.0,1158.9
2024-01-05 13:30:00,FLAT,507281668.56020194,507281668.56020194,0.0,0.0,1157.1
2024-01-05 13:45:00,FLAT,507281668.56020194,507281668.56020194,0.0,0.0,1157.8
2024-01-05 14:00:00,FLAT,507281668.56020194,507281668.56020194,0.0,0.0,1156.0
2024-01-05 14:15:00,FLAT,507281668.56020194,507281668.56020194,0.0,0.0,1163.4
2024-01-05 14:30:00,FLAT,507281668.56020194,507281668.56020194,0.0,0.0,1163.1
2024-01-08 09:00:00,FLAT,507281668.56020194,507281668.56020194,0.0,0.0,1169.1
2024-01-08 09:15:00,FLAT,507281668.56020194,507281668.56020194,0.0,0.0,1171.3
2024-01-08 09:30:00,FLAT,507281668.56020194,507281668.56020194,0.0,0.0,1169.7
2024-01-08 09:45:00,FLAT,507281668.56020194,507281668.56020194,0.0,0.0,1170.2
2024-01-08 10:00:00,FLAT,507281668.56020194,507281668.56020194,0.0,0.0,1170.0
2024-01-08 10:15:00,FLAT,507281668.56020194,507281668.56020194,0.0,0.0,1171.2
2024-01-08 10:30:00,FLAT,507281668.56020194,507281668.56020194,0.0,0.0,1169.1
2024-01-08 10:45:00,FLAT,507281668.56020194,507281668.56020194,0.0,0.0,1166.3
2024-01-08 11:00:00,FLAT,507281668.56020194,507281668.56020194,0.0,0.0,1166.7
2024-01-08 11:15:00,FLAT,507281668.56020194,507281668.56020194,0.0,0.0,1166.0
2024-01-08 13:00:00,FLAT,507281668.56020194,507281668.56020194,0.0,0.0,1165.7
2024-01-08 13:15:00,FLAT,507281668.56020194,507281668.56020194,0.0,0.0,1164.0
2024-01-08 13:30:00,FLAT,507281668.56020194,507281668.56020194,0.0,0.0,1162.7
2024-01-08 13:45:00,FLAT,507281668.56020194,507281668.56020194,0.0,0.0,1166.7
2024-01-08 14:00:00,FLAT,507281668.56020194,507281668.56020194,0.0,0.0,1164.1
2024-01-08 14:15:00,FLAT,507281668.56020194,507281668.56020194,0.0,0.0,1166.2
2024-01-08 14:30:00,FLAT,507281668.56020194,507281668.56020194,0.0,0.0,1166.8
2024-01-09 09:00:00,FLAT,507281668.56020194,507281668.56020194,0.0,0.0,1163.7
2024-01-09 09:15:00,FLAT,507281668.56020194,507281668.56020194,0.0,0.0,1161.9
2024-01-09 09:30:00,FLAT,507281668.56020194,507281668.56020194,0.0,0.0,1162.8
2024-01-09 09:45:00,FLAT,507281668.56020194,507281668.56020194,0.0,0.0,1163.1
2024-01-09 10:00:00,FLAT,507281668.56020194,507281668.56020194,0.0,0.0,1162.6
2024-01-09 10:15:00,FLAT,507281668.56020194,507281668.56020194,0.0,0.0,1163.2
2024-01-09 10:30:00,FLAT,507281668.56020194,507281668.56020194,0.0,0.0,1163.9
2024-01-09 10:45:00,FLAT,507281668.56020194,507281668.56020194,0.0,0.0,1163.5
2024-01-09 11:00:00,FLAT,507281668.56020194,507281668.56020194,0.0,0.0,1162.4
2024-01-09 11:15:00,FLAT,507281668.56020194,507281668.56020194,0.0,0.0,1161.2
2024-01-09 13:00:00,FLAT,507281668.56020194,507281668.56020194,0.0,0.0,1162.6
2024-01-09 13:15:00,FLAT,507281668.56020194,507281668.56020194,0.0,0.0,1162.0
2024-01-09 13:30:00,FLAT,507281668.56020194,507281668.56020194,0.0,0.0,1162.3
2024-01-09 13:45:00,FLAT,507281668.56020194,507281668.56020194,0.0,0.0,1159.8
2024-01-09 14:00:00,FLAT,507281668.56020194,507281668.56020194,0.0,0.0,1164.1
2024-01-09 14:15:00,FLAT,507281668.56020194,507281668.56020194,0.0,0.0,1164.0
2024-01-09 14:30:00,FLAT,507281668.56020194,507281668.56020194,0.0,0.0,1163.7
2024-01-10 09:00:00,FLAT,507281668.56020194,507281668.56020194,0.0,0.0,1162.0
2024-01-10 09:15:00,FLAT,507281668.56020194,507281668.56020194,0.0,0.0,1162.2
2024-01-10 09:30:00,FLAT,507281668.56020194,507281668.56020194,0.0,0.0,1163.1
2024-01-10 09:45:00,FLAT,507281668.56020194,507281668.56020194,0.0,0.0,1163.2
2024-01-10 10:00:00,FLAT,507281668.56020194,507281668.56020194,0.0,0.0,1163.6
2024-01-10 10:15:00,FLAT,507281668.56020194,507281668.56020194,0.0,0.0,1164.4
2024-01-10 10:30:00,FLAT,507281668.56020194,507281668.56020194,0.0,0.0,1169.2
2024-01-10 10:45:00,FLAT,507281668.56020194,507281668.56020194,0.0,0.0,1168.1
2024-01-10 11:00:00,FLAT,507281668.56020194,507281668.56020194,0.0,0.0,1168.3
2024-01-10 11:15:00,FLAT,507281668.56020194,507281668.56020194,0.0,0.0,1166.4
2024-01-10 13:00:00,FLAT,507281668.56020194,507281668.56020194,0.0,0.0,1164.3
2024-01-10 13:15:00,FLAT,507281668.56020194,507281668.56020194,0.0,0.0,1162.7
2024-01-10 13:30:00,FLAT,507281668.56020194,507281668.56020194,0.0,0.0,1162.8
2024-01-10 13:45:00,FLAT,507281668.56020194,507281668.56020194,0.0,0.0,1164.0
2024-01-10 14:00:00,FLAT,507281668.56020194,507281668.56020194,0.0,0.0,1163.1
2024-01-10 14:15:00,FLAT,507281668.56020194,507281668.56020194,0.0,0.0,1163.8
2024-01-10 14:30:00,FLAT,507281668.56020194,507281668.56020194,0.0,0.0,1163.9
2024-01-11 09:00:00,FLAT,507281668.56020194,507281668.56020194,0.0,0.0,1166.2
2024-01-11 09:15:00,FLAT,507281668.56020194,507281668.56020194,0.0,0.0,1166.1
2024-01-11 09:30:00,FLAT,507281668.56020194,507281668.56020194,0.0,0.0,1167.3
2024-01-11 09:45:00,FLAT,507281668.56020194,507281668.56020194,0.0,0.0,1174.0
2024-01-11 10:00:00,FLAT,507281668.56020194,507281668.56020194,0.0,0.0,1172.6
2024-01-11 10:15:00,FLAT,507281668.56020194,507281668.56020194,0.0,0.0,1173.4
2024-01-11 10:30:00,FLAT,507281668.56020194,507281668.56020194,0.0,0.0,1174.8
2024-01-11 10:45:00,FLAT,507281668.56020194,507281668.56020194,0.0,0.0,1175.0
2024-01-11 11:00:00,FLAT,507281668.56020194,507281668.56020194,0.0,0.0,1173.2
2024-01-11 11:15:00,FLAT,507281668.56020194,507281668.56020194,0.0,0.0,1170.3
2024-01-11 13:00:00,FLAT,507281668.56020194,507281668.56020194,0.0,0.0,1170.8
2024-01-11 13:15:00,FLAT,507281668.56020194,507281668.56020194,0.0,0.0,1169.1
2024-01-11 13:30:00,FLAT,507281668.56020194,507281668.56020194,0.0,0.0,1167.5
2024-01-11 13:45:00,FLAT,507281668.56020194,507281668.56020194,0.0,0.0,1167.1
2024-01-11 14:00:00,FLAT,507281668.56020194,507281668.56020194,0.0,0.0,1162.9
2024-01-11 14:15:00,FLAT,507281668.56020194,507281668.56020194,0.0,0.0,1164.6
2024-01-11 14:30:00,FLAT,507281668.56020194,507281668.56020194,0.0,0.0,1166.5
2024-01-12 09:00:00,FLAT,507281668.56020194,507281668.56020194,0.0,0.0,1160.1
2024-01-12 09:15:00,FLAT,507281668.56020194,507281668.56020194,0.0,0.0,1154.5
2024-01-12 09:30:00,FLAT,507281668.56020194,507281668.56020194,0.0,0.0,1153.9
2024-01-12 09:45:00,FLAT,507281668.56020194,507281668.56020194,0.0,0.0,1155.3
2024-01-12 10:00:00,FLAT,507281668.56020194,507281668.56020194,0.0,0.0,1156.5
2024-01-12 10:15:00,FLAT,507281668.56020194,507281668.56020194,0.0,0.0,1157.9
2024-01-12 10:30:00,FLAT,507281668.56020194,507281668.56020194,0.0,0.0,1160.8
2024-01-12 10:45:00,FLAT,507281668.56020194,507281668.56020194,0.0,0.0,1164.5
2024-01-12 11:00:00,FLAT,507281668.56020194,507281668.56020194,0.0,0.0,1164.3
2024-01-12 11:15:00,FLAT,507281668.56020194,507281668.56020194,0.0,0.0,1164.3
2024-01-12 13:00:00,FLAT,507281668.56020194,507281668.56020194,0.0,0.0,1164.2
2024-01-12 13:15:00,FLAT,507281668.56020194,507281668.56020194,0.0,0.0,1166.7
2024-01-12 13:30:00,FLAT,507281668.56020194,507281668.56020194,0.0,0.0,1165.4
2024-01-12 13:45:00,FLAT,507281668.56020194,507281668.56020194,0.0,0.0,1165.6
2024-01-12 14:00:00,FLAT,507281668.56020194,507281668.56020194,0.0,0.0,1165.4
2024-01-12 14:15:00,FLAT,507281668.56020194,507281668.56020194,0.0,0.0,1165.7
2024-01-12 14:30:00,FLAT,507281668.56020194,507281668.56020194,0.0,0.0,1168.0
2024-01-15 09:00:00,FLAT,507281668.56020194,507281668.56020194,0.0,0.0,1173.4
2024-01-15 09:15:00,FLAT,507281668.56020194,507281668.56020194,0.0,0.0,1172.0
2024-01-15 09:30:00,FLAT,507281668.56020194,507281668.56020194,0.0,0.0,1171.4
2024-01-15 09:45:00,FLAT,507281668.56020194,507281668.56020194,0.0,0.0,1171.4
2024-01-15 10:00:00,FLAT,507281668.56020194,507281668.56020194,0.0,0.0,1170.4
2024-01-15 10:15:00,FLAT,507281668.56020194,507281668.56020194,0.0,0.0,1171.0
2024-01-15 10:30:00,FLAT,507281668.56020194,507281668.56020194,0.0,0.0,1170.0
2024-01-15 10:45:00,FLAT,507281668.56020194,507281668.56020194,0.0,0.0,1170.2
2024-01-15 11:00:00,FLAT,507281668.56020194,507281668.56020194,0.0,0.0,1169.8
2024-01-15 11:15:00,FLAT,507281668.56020194,507281668.56020194,0.0,0.0,1170.1
2024-01-15 13:00:00,FLAT,507281668.56020194,507281668.56020194,0.0,0.0,1170.0
2024-01-15 13:15:00,FLAT,507281668.56020194,507281668.56020194,0.0,0.0,1170.9
2024-01-15 13:30:00,FLAT,507281668.56020194,507281668.56020194,0.0,0.0,1169.4
2024-01-15 13:45:00,FLAT,507281668.56020194,507281668.56020194,0.0,0.0,1170.0
2024-01-15 14:00:00,FLAT,507281668.56020194,507281668.56020194,0.0,0.0,1168.4
2024-01-15 14:15:00,FLAT,507281668.56020194,507281668.56020194,0.0,0.0,1163.7
2024-01-15 14:30:00,FLAT,507281668.56020194,507281668.56020194,0.0,0.0,1164.4
2024-01-16 09:00:00,FLAT,507281668.56020194,507281668.56020194,0.0,0.0,1158.4
2024-01-16 09:15:00,FLAT,507281668.56020194,507281668.56020194,0.0,0.0,1161.5
2024-01-16 09:30:00,FLAT,507281668.56020194,507281668.56020194,0.0,0.0,1159.1
2024-01-16 09:45:00,FLAT,507281668.56020194,507281668.56020194,0.0,0.0,1159.6
2024-01-16 10:00:00,FLAT,507281668.56020194,507281668.56020194,0.0,0.0,1159.9
2024-01-16 10:15:00,FLAT,507281668.56020194,507281668.56020194,0.0,0.0,1160.6
2024-01-16 10:30:00,FLAT,507281668.56020194,507281668.56020194,0.0,0.0,1159.5
2024-01-16 10:45:00,FLAT,507281668.56020194,507281668.56020194,0.0,0.0,1163.0
2024-01-16 11:00:00,FLAT,507281668.56020194,507281668.56020194,0.0,0.0,1162.4
2024-01-16 11:15:00,FLAT,507281668.56020194,507281668.56020194,0.0,0.0,1162.8
2024-01-16 13:00:00,FLAT,507281668.56020194,507281668.56020194,0.0,0.0,1162.0
2024-01-16 13:15:00,FLAT,507281668.56020194,507281668.56020194,0.0,0.0,1162.9
2024-01-16 13:30:00,FLAT,507281668.56020194,507281668.56020194,0.0,0.0,1162.9
2024-01-16 13:45:00,FLAT,507281668.56020194,507281668.56020194,0.0,0.0,1161.3
2024-01-16 14:00:00,FLAT,507281668.56020194,507281668.56020194,0.0,0.0,1163.7
2024-01-16 14:15:00,FLAT,507281668.56020194,507281668.56020194,0.0,0.0,1170.0
2024-01-16 14:30:00,FLAT,507281668.56020194,507281668.56020194,0.0,0.0,1170.9
2024-01-17 09:00:00,FLAT,507281668.56020194,507281668.56020194,0.0,0.0,1170.4
2024-01-17 09:15:00,FLAT,507281668.56020194,507281668.56020194,0.0,0.0,1170.0
2024-01-17 09:30:00,FLAT,507281668.56020194,507281668.56020194,0.0,0.0,1172.3
2024-01-17 09:45:00,FLAT,507281668.56020194,507281668.56020194,0.0,0.0,1172.3
2024-01-17 10:00:00,FLAT,507281668.56020194,507281668.56020194,0.0,0.0,1173.5
2024-01-17 10:15:00,FLAT,507281668.56020194,507281668.56020194,0.0,0.0,1177.9
2024-01-17 10:30:00,FLAT,507281668.56020194,507281668.56020194,0.0,0.0,1177.1
2024-01-17 10:45:00,FLAT,507281668.56020194,507281668.56020194,0.0,0.0,1177.5
2024-01-17 11:00:00,FLAT,507281668.56020194,507281668.56020194,0.0,0.0,1177.4
2024-01-17 11:15:00,FLAT,507281668.56020194,507281668.56020194,0.0,0.0,1176.5
2024-01-17 13:00:00,FLAT,507281668.56020194,507281668.56020194,0.0,0.0,1172.6
2024-01-17 13:15:00,FLAT,507281668.56020194,507281668.56020194,0.0,0.0,1171.0
2024-01-17 13:30:00,FLAT,507281668.56020194,507281668.56020194,0.0,0.0,1170.0
2024-01-17 13:45:00,FLAT,507281668.56020194,507281668.56020194,0.0,0.0,1169.9
2024-01-17 14:00:00,FLAT,507281668.56020194,507281668.56020194,0.0,0.0,1167.3
2024-01-17 14:15:00,FLAT,507281668.56020194,507281668.56020194,0.0,0.0,1165.1
2024-01-17 14:30:00,FLAT,507281668.56020194,507281668.56020194,0.0,0.0,1166.9
2024-01-18 09:00:00,FLAT,507281668.56020194,507281668.56020194,0.0,0.0,1169.1
2024-01-18 09:15:00,FLAT,507281668.56020194,507281668.56020194,0.0,0.0,1169.3
2024-01-18 09:30:00,FLAT,507281668.56020194,507281668.56020194,0.0,0.0,1168.2
2024-01-18 09:45:00,FLAT,507281668.56020194,507281668.56020194,0.0,0.0,1170.6
2024-01-18 10:00:00,FLAT,507281668.56020194,507281668.56020194,0.0,0.0,1169.3
2024-01-18 10:15:00,FLAT,507281668.56020194,507281668.56020194,0.0,0.0,1169.2
2024-01-18 10:30:00,FLAT,507281668.56020194,507281668.56020194,0.0,0.0,1167.2
2024-01-18 10:45:00,FLAT,507281668.56020194,507281668.56020194,0.0,0.0,1167.2
2024-01-18 11:00:00,FLAT,507281668.56020194,507281668.56020194,0.0,0.0,1167.0
2024-01-18 11:15:00,FLAT,507281668.56020194,507281668.56020194,0.0,0.0,1168.4
2024-01-18 13:00:00,FLAT,507281668.56020194,507281668.56020194,0.0,0.0,1169.5
2024-01-18 13:15:00,FLAT,507281668.56020194,507281668.56020194,0.0,0.0,1171.7
2024-01-18 13:30:00,FLAT,507281668.56020194,507281668.56020194,0.0,0.0,1173.3
2024-01-18 13:45:00,FLAT,507281668.56020194,507281668.56020194,0.0,0.0,1175.5
2024-01-18 14:00:00,FLAT,507281668.56020194,507281668.56020194,0.0,0.0,1175.2
2024-01-18 14:15:00,FLAT,507281668.56020194,507281668.56020194,0.0,0.0,1172.9
2024-01-18 14:30:00,FLAT,507281668.56020194,507281668.56020194,0.0,0.0,1173.0
2024-01-19 09:00:00,FLAT,507281668.56020194,507281668.56020194,0.0,0.0,1181.6
2024-01-19 09:15:00,FLAT,507281668.56020194,507281668.56020194,0.0,0.0,1184.4
2024-01-19 09:30:00,LONG,507104013.41347903,506736368.59395546,-367644.819523548,0.0,1184.0
2024-01-19 09:45:00,LONG,507104013.41347903,506236368.59395546,-867644.819523548,0.0,1183.5
2024-01-19 10:00:00,LONG,507104013.41347903,510236368.59395546,3132355.180476452,0.0,1187.5
2024-01-19 10:15:00,LONG,507104013.41347903,507336368.5939554,232355.18047636107,0.0,1184.6
2024-01-19 10:30:00,LONG,507104013.41347903,507436368.5939555,332355.1804764975,0.0,1184.7
2024-01-19 10:45:00,LONG,507104013.41347903,508336368.5939554,1232355.180476361,0.0,1185.6
2024-01-19 11:00:00,LONG,507104013.41347903,507736368.59395546,632355.180476452,0.0,1185.0
2024-01-19 11:15:00,LONG,507104013.41347903,507236368.59395546,132355.180476452,0.0,1184.5
2024-01-19 13:00:00,LONG,507104013.41347903,507936368.5939555,832355.1804764975,0.0,1185.2
2024-01-19 13:15:00,LONG,507104013.41347903,507736368.59395546,632355.180476452,0.0,1185.0
2024-01-19 13:30:00,LONG,507104013.41347903,506436368.5939555,-667644.8195235025,0.0,1183.7
2024-01-19 13:45:00,LONG,507104013.41347903,505336368.5939554,-1767644.819523639,0.0,1182.6
2024-01-19 14:00:00,FLAT,503982382.99826604,503982382.99826604,0.0,0.0,1185.1
2024-01-19 14:15:00,FLAT,503982382.99826604,503982382.99826604,0.0,0.0,1187.0
2024-01-19 14:30:00,FLAT,503982382.99826604,503982382.99826604,0.0,0.0,1188.4
2024-01-22 09:00:00,FLAT,503982382.99826604,503982382.99826604,0.0,0.0,1195.7
2024-01-22 09:15:00,FLAT,503982382.99826604,503982382.99826604,0.0,0.0,1192.6
2024-01-22 09:30:00,FLAT,503982382.99826604,503982382.99826604,0.0,0.0,1194.2
2024-01-22 09:45:00,FLAT,503982382.99826604,503982382.99826604,0.0,0.0,1190.3
2024-01-22 10:00:00,FLAT,503982382.99826604,503982382.99826604,0.0,0.0,1189.6
2024-01-22 10:15:00,FLAT,503982382.99826604,503982382.99826604,0.0,0.0,1190.7
2024-01-22 10:30:00,FLAT,503982382.99826604,503982382.99826604,0.0,0.0,1190.6
2024-01-22 10:45:00,FLAT,503982382.99826604,503982382.99826604,0.0,0.0,1190.2
2024-01-22 11:00:00,FLAT,503982382.99826604,503982382.99826604,0.0,0.0,1189.5
2024-01-22 11:15:00,FLAT,503982382.99826604,503982382.99826604,0.0,0.0,1189.4
2024-01-22 13:00:00,FLAT,503982382.99826604,503982382.99826604,0.0,0.0,1189.8
2024-01-22 13:15:00,FLAT,503982382.99826604,503982382.99826604,0.0,0.0,1190.0
2024-01-22 13:30:00,FLAT,503982382.99826604,503982382.99826604,0.0,0.0,1189.0
2024-01-22 13:45:00,FLAT,503982382.99826604,503982382.99826604,0.0,0.0,1188.8
2024-01-22 14:00:00,FLAT,503982382.99826604,503982382.99826604,0.0,0.0,1188.0
2024-01-22 14:15:00,FLAT,503982382.99826604,503982382.99826604,0.0,0.0,1196.0
2024-01-22 14:30:00,FLAT,503982382.99826604,503982382.99826604,0.0,0.0,1197.0
2024-01-23 09:00:00,FLAT,503982382.99826604,503982382.99826604,0.0,0.0,1194.3
2024-01-23 09:15:00,FLAT,503982382.99826604,503982382.99826604,0.0,0.0,1193.2
2024-01-23 09:30:00,FLAT,503982382.99826604,503982382.99826604,0.0,0.0,1193.5
2024-01-23 09:45:00,FLAT,503982382.99826604,503982382.99826604,0.0,0.0,1192.7
2024-01-23 10:00:00,FLAT,503982382.99826604,503982382.99826604,0.0,0.0,1190.7
2024-01-23 10:15:00,FLAT,503982382.99826604,503982382.99826604,0.0,0.0,1190.6
2024-01-23 10:30:00,FLAT,503982382.99826604,503982382.99826604,0.0,0.0,1190.6
2024-01-23 10:45:00,FLAT,503982382.99826604,503982382.99826604,0.0,0.0,1190.4
2024-01-23 11:00:00,FLAT,503982382.99826604,503982382.99826604,0.0,0.0,1190.0
2024-01-23 11:15:00,FLAT,503982382.99826604,503982382.99826604,0.0,0.0,1185.6
2024-01-23 13:00:00,FLAT,503982382.99826604,503982382.99826604,0.0,0.0,1184.5
2024-01-23 13:15:00,FLAT,503982382.99826604,503982382.99826604,0.0,0.0,1185.4
2024-01-23 13:30:00,FLAT,503982382.99826604,503982382.99826604,0.0,0.0,1185.6
2024-01-23 13:45:00,FLAT,503982382.99826604,503982382.99826604,0.0,0.0,1185.5
2024-01-23 14:00:00,FLAT,503982382.99826604,503982382.99826604,0.0,0.0,1183.4
2024-01-23 14:15:00,FLAT,503982382.99826604,503982382.99826604,0.0,0.0,1184.2
2024-01-23 14:30:00,FLAT,503982382.99826604,503982382.99826604,0.0,0.0,1183.7
2024-01-24 09:00:00,FLAT,503982382.99826604,503982382.99826604,0.0,0.0,1185.1
2024-01-24 09:15:00,FLAT,503982382.99826604,503982382.99826604,0.0,0.0,1185.4
2024-01-24 09:30:00,FLAT,503982382.99826604,503982382.99826604,0.0,0.0,1188.6
2024-01-24 09:45:00,FLAT,503982382.99826604,503982382.99826604,0.0,0.0,1187.4
2024-01-24 10:00:00,FLAT,503982382.99826604,503982382.99826604,0.0,0.0,1187.5
2024-01-24 10:15:00,LONG,503804290.4284613,503720491.73035353,-83798.69810778473,0.0,1187.2
2024-01-24 10:30:00,LONG,503804290.4284613,500520491.7303535,-3283798.6981078302,0.0,1184.0
2024-01-24 10:45:00,FLAT,499243056.7303536,499243056.7303536,0.0,0.0,1184.1
2024-01-24 11:00:00,FLAT,499243056.7303536,499243056.7303536,0.0,0.0,1184.3
2024-01-24 11:15:00,FLAT,499243056.7303536,499243056.7303536,0.0,0.0,1187.9
2024-01-24 13:00:00,FLAT,499243056.7303536,499243056.7303536,0.0,0.0,1188.7
2024-01-24 13:15:00,FLAT,499243056.7303536,499243056.7303536,0.0,0.0,1189.4
2024-01-24 13:30:00,FLAT,499243056.7303536,499243056.7303536,0.0,0.0,1187.0
2024-01-24 13:45:00,FLAT,499243056.7303536,499243056.7303536,0.0,0.0,1184.5
2024-01-24 14:00:00,FLAT,499243056.7303536,499243056.7303536,0.0,0.0,1180.9
2024-01-24 14:15:00,FLAT,499243056.7303536,499243056.7303536,0.0,0.0,1181.7
2024-01-24 14:30:00,FLAT,499243056.7303536,499243056.7303536,0.0,0.0,1181.7
2024-01-25 09:00:00,FLAT,499243056.7303536,499243056.7303536,0.0,0.0,1181.2
2024-01-25 09:15:00,FLAT,499243056.7303536,499243056.7303536,0.0,0.0,1181.8
2024-01-25 09:30:00,FLAT,499243056.7303536,499243056.7303536,0.0,0.0,1181.9
2024-01-25 09:45:00,FLAT,499243056.7303536,499243056.7303536,0.0,0.0,1178.7
2024-01-25 10:00:00,FLAT,499243056.7303536,499243056.7303536,0.0,0.0,1177.8
2024-01-25 10:15:00,FLAT,499243056.7303536,499243056.7303536,0.0,0.0,1179.0
2024-01-25 10:30:00,FLAT,499243056.7303536,499243056.7303536,0.0,0.0,1180.8
2024-01-25 10:45:00,FLAT,499243056.7303536,499243056.7303536,0.0,0.0,1179.7
2024-01-25 11:00:00,FLAT,499243056.7303536,499243056.7303536,0.0,0.0,1178.5
2024-01-25 11:15:00,FLAT,499243056.7303536,499243056.7303536,0.0,0.0,1179.9
2024-01-25 13:00:00,FLAT,499243056.7303536,499243056.7303536,0.0,0.0,1180.8
2024-01-25 13:15:00,FLAT,499243056.7303536,499243056.7303536,0.0,0.0,1180.5
2024-01-25 13:30:00,FLAT,499243056.7303536,499243056.7303536,0.0,0.0,1181.4
2024-01-25 13:45:00,FLAT,499243056.7303536,499243056.7303536,0.0,0.0,1178.0
2024-01-25 14:00:00,FLAT,499243056.7303536,499243056.7303536,0.0,0.0,1177.1
2024-01-25 14:15:00,FLAT,499243056.7303536,499243056.7303536,0.0,0.0,1182.6
2024-01-25 14:30:00,FLAT,499243056.7303536,499243056.7303536,0.0,0.0,1182.9
2024-01-26 09:00:00,FLAT,499243056.7303536,499243056.7303536,0.0,0.0,1183.1
2024-01-26 09:15:00,FLAT,499243056.7303536,499243056.7303536,0.0,0.0,1185.0
2024-01-26 09:30:00,LONG,499065252.87180626,499206195.88973004,140943.01792374608,0.0,1185.5
2024-01-26 09:45:00,LONG,499065252.87180626,499906195.88973004,840943.0179237915,0.0,1186.2
2024-01-26 10:00:00,LONG,499065252.87180626,499406195.88973004,340943.01792379154,0.0,1185.7
2024-01-26 10:15:00,LONG,499065252.87180626,500206195.88973004,1140943.017923746,0.0,1186.5
2024-01-26 10:30:00,LONG,499065252.87180626,500306195.8897299,1240943.0179236552,0.0,1186.6
2024-01-26 10:45:00,LONG,499065252.87180626,499806195.8897299,740943.0179236551,0.0,1186.1
2024-01-26 11:00:00,LONG,499065252.87180626,499706195.88973004,640943.017923746,0.0,1186.0
2024-01-26 11:15:00,LONG,499065252.87180626,499606195.8897301,540943.0179238371,0.0,1185.9
2024-01-26 13:00:00,LONG,499065252.87180626,501206195.88973004,2140943.0179237463,0.0,1187.5
2024-01-26 13:15:00,LONG,499065252.87180626,499406195.88973004,340943.01792379154,0.0,1185.7
2024-01-26 13:30:00,LONG,499065252.87180626,499006195.88973,-59056.98207629939,0.0,1185.3
2024-01-26 13:45:00,LONG,499065252.87180626,499106195.8897301,40943.01792383703,0.0,1185.4
2024-01-26 14:00:00,LONG,499065252.87180626,499206195.88973004,140943.01792374608,0.0,1185.5
2024-01-26 14:15:00,FLAT,500928085.8897301,500928085.8897301,0.0,0.0,1187.9
2024-01-26 14:30:00,FLAT,500928085.8897301,500928085.8897301,0.0,0.0,1188.3
2024-01-29 09:00:00,FLAT,500928085.8897301,500928085.8897301,0.0,0.0,1185.7
2024-01-29 09:15:00,FLAT,500928085.8897301,500928085.8897301,0.0,0.0,1186.7
2024-01-29 09:30:00,FLAT,500928085.8897301,500928085.8897301,0.0,0.0,1186.7
2024-01-29 09:45:00,FLAT,500928085.8897301,500928085.8897301,0.0,0.0,1186.4
2024-01-29 10:00:00,FLAT,500928085.8897301,500928085.8897301,0.0,0.0,1187.3
2024-01-29 10:15:00,FLAT,500928085.8897301,500928085.8897301,0.0,0.0,1187.3
2024-01-29 10:30:00,FLAT,500928085.8897301,500928085.8897301,0.0,0.0,1187.5
2024-01-29 10:45:00,FLAT,500928085.8897301,500928085.8897301,0.0,0.0,1186.0
2024-01-29 11:00:00,FLAT,500928085.8897301,500928085.8897301,0.0,0.0,1186.3
2024-01-29 11:15:00,FLAT,500928085.8897301,500928085.8897301,0.0,0.0,1186.5
2024-01-29 13:00:00,FLAT,500928085.8897301,500928085.8897301,0.0,0.0,1186.5
2024-01-29 13:15:00,FLAT,500928085.8897301,500928085.8897301,0.0,0.0,1185.4
2024-01-29 13:30:00,FLAT,500928085.8897301,500928085.8897301,0.0,0.0,1184.5
2024-01-29 13:45:00,FLAT,500928085.8897301,500928085.8897301,0.0,0.0,1185.1
2024-01-29 14:00:00,FLAT,500928085.8897301,500928085.8897301,0.0,0.0,1182.8
2024-01-29 14:15:00,FLAT,500928085.8897301,500928085.8897301,0.0,0.0,1182.5
2024-01-29 14:30:00,FLAT,500928085.8897301,500928085.8897301,0.0,0.0,1183.2
2024-01-30 09:00:00,FLAT,500928085.8897301,500928085.8897301,0.0,0.0,1183.5
2024-01-30 09:15:00,FLAT,500928085.8897301,500928085.8897301,0.0,0.0,1183.5
2024-01-30 09:30:00,FLAT,500928085.8897301,500928085.8897301,0.0,0.0,1183.1
2024-01-30 09:45:00,FLAT,500928085.8897301,500928085.8897301,0.0,0.0,1184.1
2024-01-30 10:00:00,FLAT,500928085.8897301,500928085.8897301,0.0,0.0,1183.5
2024-01-30 10:15:00,FLAT,500928085.8897301,500928085.8897301,0.0,0.0,1184.0
2024-01-30 10:30:00,FLAT,500928085.8897301,500928085.8897301,0.0,0.0,1183.8
2024-01-30 10:45:00,FLAT,500928085.8897301,500928085.8897301,0.0,0.0,1183.5
2024-01-30 11:00:00,FLAT,500928085.8897301,500928085.8897301,0.0,0.0,1183.1
2024-01-30 11:15:00,FLAT,500928085.8897301,500928085.8897301,0.0,0.0,1183.9
2024-01-30 13:00:00,FLAT,500928085.8897301,500928085.8897301,0.0,0.0,1183.7
2024-01-30 13:15:00,FLAT,500928085.8897301,500928085.8897301,0.0,0.0,1183.6
2024-01-30 13:30:00,FLAT,500928085.8897301,500928085.8897301,0.0,0.0,1183.2
2024-01-30 13:45:00,FLAT,500928085.8897301,500928085.8897301,0.0,0.0,1184.5
2024-01-30 14:00:00,FLAT,500928085.8897301,500928085.8897301,0.0,0.0,1183.9
2024-01-30 14:15:00,FLAT,500928085.8897301,500928085.8897301,0.0,0.0,1186.8
2024-01-30 14:30:00,FLAT,500928085.8897301,500928085.8897301,0.0,0.0,1188.0
2024-01-31 09:00:00,FLAT,500928085.8897301,500928085.8897301,0.0,0.0,1187.6
2024-01-31 09:15:00,FLAT,500928085.8897301,500928085.8897301,0.0,0.0,1188.0
2024-01-31 09:30:00,FLAT,500928085.8897301,500928085.8897301,0.0,0.0,1187.0
2024-01-31 09:45:00,FLAT,500928085.8897301,500928085.8897301,0.0,0.0,1186.5
2024-01-31 10:00:00,FLAT,500928085.8897301,500928085.8897301,0.0,0.0,1185.0
2024-01-31 10:15:00,FLAT,500928085.8897301,500928085.8897301,0.0,0.0,1180.6
2024-01-31 10:30:00,FLAT,500928085.8897301,500928085.8897301,0.0,0.0,1180.0
2024-01-31 10:45:00,FLAT,500928085.8897301,500928085.8897301,0.0,0.0,1180.1
2024-01-31 11:00:00,FLAT,500928085.8897301,500928085.8897301,0.0,0.0,1178.3
2024-01-31 11:15:00,FLAT,500928085.8897301,500928085.8897301,0.0,0.0,1178.3
2024-01-31 13:00:00,FLAT,500928085.8897301,500928085.8897301,0.0,0.0,1179.0
2024-01-31 13:15:00,FLAT,500928085.8897301,500928085.8897301,0.0,0.0,1177.8
2024-01-31 13:30:00,FLAT,500928085.8897301,500928085.8897301,0.0,0.0,1176.8
2024-01-31 13:45:00,FLAT,500928085.8897301,500928085.8897301,0.0,0.0,1172.6
2024-01-31 14:00:00,FLAT,500928085.8897301,500928085.8897301,0.0,0.0,1173.8
2024-01-31 14:15:00,FLAT,500928085.8897301,500928085.8897301,0.0,0.0,1167.0
2024-01-31 14:30:00,FLAT,500928085.8897301,500928085.8897301,0.0,0.0,1170.0
2024-02-01 09:00:00,FLAT,500928085.8897301,500928085.8897301,0.0,0.0,1169.8
2024-02-01 09:15:00,FLAT,500928085.8897301,500928085.8897301,0.0,0.0,1170.9
2024-02-01 09:30:00,FLAT,500928085.8897301,500928085.8897301,0.0,0.0,1171.6
2024-02-01 09:45:00,FLAT,500928085.8897301,500928085.8897301,0.0,0.0,1173.2
2024-02-01 10:00:00,FLAT,500928085.8897301,500928085.8897301,0.0,0.0,1173.9
2024-02-01 10:15:00,FLAT,500928085.8897301,500928085.8897301,0.0,0.0,1175.2
2024-02-01 10:30:00,FLAT,500928085.8897301,500928085.8897301,0.0,0.0,1175.9
2024-02-01 10:45:00,FLAT,500928085.8897301,500928085.8897301,0.0,0.0,1177.2
2024-02-01 11:00:00,FLAT,500928085.8897301,500928085.8897301,0.0,0.0,1176.5
2024-02-01 11:15:00,FLAT,500928085.8897301,500928085.8897301,0.0,0.0,1176.4
2024-02-01 13:00:00,FLAT,500928085.8897301,500928085.8897301,0.0,0.0,1175.9
2024-02-01 13:15:00,FLAT,500928085.8897301,500928085.8897301,0.0,0.0,1177.4
2024-02-01 13:30:00,FLAT,500928085.8897301,500928085.8897301,0.0,0.0,1179.8
2024-02-01 13:45:00,FLAT,500928085.8897301,500928085.8897301,0.0,0.0,1177.6
2024-02-01 14:00:00,FLAT,500928085.8897301,500928085.8897301,0.0,0.0,1177.2
2024-02-01 14:15:00,FLAT,500928085.8897301,500928085.8897301,0.0,0.0,1177.6
2024-02-01 14:30:00,FLAT,500928085.8897301,500928085.8897301,0.0,0.0,1177.7
2024-02-02 09:00:00,FLAT,500928085.8897301,500928085.8897301,0.0,0.0,1178.8
2024-02-02 09:15:00,FLAT,500928085.8897301,500928085.8897301,0.0,0.0,1181.5
2024-02-02 09:30:00,FLAT,500928085.8897301,500928085.8897301,0.0,0.0,1180.9
2024-02-02 09:45:00,LONG,500750906.6891146,500256235.9188778,-494670.7702367803,0.0,1180.7
2024-02-02 10:00:00,LONG,500750906.6891146,499756235.9188778,-994670.7702367803,0.0,1180.2
2024-02-02 10:15:00,FLAT,497679490.9188777,497679490.9188777,0.0,0.0,1178.0
2024-02-02 10:30:00,FLAT,497679490.9188777,497679490.9188777,0.0,0.0,1177.4
2024-02-02 10:45:00,FLAT,497679490.9188777,497679490.9188777,0.0,0.0,1178.0
2024-02-02 11:00:00,FLAT,497679490.9188777,497679490.9188777,0.0,0.0,1177.6
2024-02-02 11:15:00,FLAT,497679490.9188777,497679490.9188777,0.0,0.0,1178.0
2024-02-02 13:00:00,FLAT,497679490.9188777,497679490.9188777,0.0,0.0,1179.3
2024-02-02 13:15:00,FLAT,497679490.9188777,497679490.9188777,0.0,0.0,1179.8
2024-02-02 13:30:00,FLAT,497679490.9188777,497679490.9188777,0.0,0.0,1179.3
2024-02-02 13:45:00,FLAT,497679490.9188777,497679490.9188777,0.0,0.0,1178.3
2024-02-02 14:00:00,FLAT,497679490.9188777,497679490.9188777,0.0,0.0,1178.0
2024-02-02 14:15:00,FLAT,497679490.9188777,497679490.9188777,0.0,0.0,1176.2
2024-02-02 14:30:00,FLAT,497679490.9188777,497679490.9188777,0.0,0.0,1179.5
2024-02-05 09:00:00,FLAT,497679490.9188777,497679490.9188777,0.0,0.0,1182.4
2024-02-05 09:15:00,FLAT,497679490.9188777,497679490.9188777,0.0,0.0,1182.2
2024-02-05 09:30:00,FLAT,497679490.9188777,497679490.9188777,0.0,0.0,1181.7
2024-02-05 09:45:00,FLAT,497679490.9188777,497679490.9188777,0.0,0.0,1185.3
2024-02-05 10:00:00,FLAT,497679490.9188777,497679490.9188777,0.0,0.0,1185.3
2024-02-05 10:15:00,FLAT,497679490.9188777,497679490.9188777,0.0,0.0,1185.6
2024-02-05 10:30:00,FLAT,497679490.9188777,497679490.9188777,0.0,0.0,1186.9
2024-02-05 10:45:00,FLAT,497679490.9188777,497679490.9188777,0.0,0.0,1186.4
2024-02-05 11:00:00,FLAT,497679490.9188777,497679490.9188777,0.0,0.0,1186.8
2024-02-05 11:15:00,FLAT,497679490.9188777,497679490.9188777,0.0,0.0,1186.2
2024-02-05 13:00:00,FLAT,497679490.9188777,497679490.9188777,0.0,0.0,1186.4
2024-02-05 13:15:00,FLAT,497679490.9188777,497679490.9188777,0.0,0.0,1187.6
2024-02-05 13:30:00,FLAT,497679490.9188777,497679490.9188777,0.0,0.0,1190.8
2024-02-05 13:45:00,FLAT,497679490.9188777,497679490.9188777,0.0,0.0,1202.5
2024-02-05 14:00:00,FLAT,497679490.9188777,497679490.9188777,0.0,0.0,1208.4
2024-02-05 14:15:00,FLAT,497679490.9188777,497679490.9188777,0.0,0.0,1203.9
2024-02-05 14:30:00,FLAT,497679490.9188777,497679490.9188777,0.0,0.0,1205.0
2024-02-06 09:00:00,FLAT,497679490.9188777,497679490.9188777,0.0,0.0,1203.4
2024-02-06 09:15:00,FLAT,497679490.9188777,497679490.9188777,0.0,0.0,1204.5
2024-02-06 09:30:00,FLAT,497679490.9188777,497679490.9188777,0.0,0.0,1203.9
2024-02-06 09:45:00,FLAT,497679490.9188777,497679490.9188777,0.0,0.0,1203.6
2024-02-06 10:00:00,FLAT,497679490.9188777,497679490.9188777,0.0,0.0,1202.2
2024-02-06 10:15:00,FLAT,497679490.9188777,497679490.9188777,0.0,0.0,1203.5
2024-02-06 10:30:00,FLAT,497679490.9188777,497679490.9188777,0.0,0.0,1204.3
2024-02-06 10:45:00,FLAT,497679490.9188777,497679490.9188777,0.0,0.0,1203.3
2024-02-06 11:00:00,FLAT,497679490.9188777,497679490.9188777,0.0,0.0,1204.4
2024-02-06 11:15:00,FLAT,497679490.9188777,497679490.9188777,0.0,0.0,1204.0
2024-02-06 13:00:00,FLAT,497679490.9188777,497679490.9188777,0.0,0.0,1204.1
2024-02-06 13:15:00,FLAT,497679490.9188777,497679490.9188777,0.0,0.0,1204.3
2024-02-06 13:30:00,FLAT,497679490.9188777,497679490.9188777,0.0,0.0,1203.5
2024-02-06 13:45:00,FLAT,497679490.9188777,497679490.9188777,0.0,0.0,1202.1
2024-02-06 14:00:00,FLAT,497679490.9188777,497679490.9188777,0.0,0.0,1204.2
2024-02-06 14:15:00,FLAT,497679490.9188777,497679490.9188777,0.0,0.0,1202.5
2024-02-06 14:30:00,FLAT,497679490.9188777,497679490.9188777,0.0,0.0,1204.0
2024-02-07 09:00:00,FLAT,497679490.9188777,497679490.9188777,0.0,0.0,1207.2
2024-02-07 09:15:00,FLAT,497679490.9188777,497679490.9188777,0.0,0.0,1206.5
2024-02-07 09:30:00,FLAT,497679490.9188777,497679490.9188777,0.0,0.0,1207.0
2024-02-07 09:45:00,FLAT,497679490.9188777,497679490.9188777,0.0,0.0,1206.8
2024-02-07 10:00:00,FLAT,497679490.9188777,497679490.9188777,0.0,0.0,1207.1
2024-02-07 10:15:00,FLAT,497679490.9188777,497679490.9188777,0.0,0.0,1206.4
2024-02-07 10:30:00,FLAT,497679490.9188777,497679490.9188777,0.0,0.0,1207.0
2024-02-07 10:45:00,FLAT,497679490.9188777,497679490.9188777,0.0,0.0,1209.0
2024-02-07 11:00:00,FLAT,497679490.9188777,497679490.9188777,0.0,0.0,1209.1
2024-02-07 11:15:00,LONG,497498151.88828576,497371281.27504665,-126870.6132391344,0.0,1208.8
2024-02-07 13:00:00,LONG,497498151.88828576,498071281.27504665,573129.3867609111,0.0,1209.5
2024-02-07 13:15:00,LONG,497498151.88828576,501071281.27504665,3573129.386760911,0.0,1212.5
2024-02-07 13:30:00,FLAT,502977187.3535761,502977187.3535761,0.0,0.0,1216.1
2024-02-07 13:45:00,FLAT,502977187.3535761,502977187.3535761,0.0,0.0,1217.9
2024-02-07 14:00:00,FLAT,502977187.3535761,502977187.3535761,0.0,0.0,1218.2
2024-02-07 14:15:00,FLAT,502977187.3535761,502977187.3535761,0.0,0.0,1216.7
2024-02-07 14:30:00,FLAT,502977187.3535761,502977187.3535761,0.0,0.0,1220.9
2024-02-15 09:00:00,FLAT,502977187.3535761,502977187.3535761,0.0,0.0,1221.7
2024-02-15 09:15:00,FLAT,502977187.3535761,502977187.3535761,0.0,0.0,1221.6
2024-02-15 09:30:00,FLAT,502977187.3535761,502977187.3535761,0.0,0.0,1222.3
2024-02-15 09:45:00,FLAT,502977187.3535761,502977187.3535761,0.0,0.0,1222.5
2024-02-15 10:00:00,FLAT,502977187.3535761,502977187.3535761,0.0,0.0,1222.3
2024-02-15 10:15:00,FLAT,502977187.3535761,502977187.3535761,0.0,0.0,1221.5
2024-02-15 10:30:00,FLAT,502977187.3535761,502977187.3535761,0.0,0.0,1220.9
2024-02-15 10:45:00,FLAT,502977187.3535761,502977187.3535761,0.0,0.0,1221.6
2024-02-15 11:00:00,FLAT,502977187.3535761,502977187.3535761,0.0,0.0,1222.4
2024-02-15 11:15:00,FLAT,502977187.3535761,502977187.3535761,0.0,0.0,1222.0
2024-02-15 13:00:00,FLAT,502977187.3535761,502977187.3535761,0.0,0.0,1222.9
2024-02-15 13:15:00,FLAT,502977187.3535761,502977187.3535761,0.0,0.0,1222.0
2024-02-15 13:30:00,FLAT,502977187.3535761,502977187.3535761,0.0,0.0,1223.8
2024-02-15 13:45:00,FLAT,502977187.3535761,502977187.3535761,0.0,0.0,1226.4
2024-02-15 14:00:00,LONG,502793444.4871357,502341001.55094165,-452442.9361940747,0.0,1224.5
2024-02-15 14:15:00,FLAT,499657701.55094165,499657701.55094165,0.0,0.0,1218.7
2024-02-15 14:30:00,FLAT,499657701.55094165,499657701.55094165,0.0,0.0,1217.5
2024-02-16 09:00:00,FLAT,499657701.55094165,499657701.55094165,0.0,0.0,1229.0
2024-02-16 09:15:00,FLAT,499657701.55094165,499657701.55094165,0.0,0.0,1227.5
2024-02-16 09:30:00,FLAT,499657701.55094165,499657701.55094165,0.0,0.0,1227.7
2024-02-16 09:45:00,FLAT,499657701.55094165,499657701.55094165,0.0,0.0,1226.7
2024-02-16 10:00:00,FLAT,499657701.55094165,499657701.55094165,0.0,0.0,1227.0
2024-02-16 10:15:00,FLAT,499657701.55094165,499657701.55094165,0.0,0.0,1227.5
2024-02-16 10:30:00,FLAT,499657701.55094165,499657701.55094165,0.0,0.0,1228.3
2024-02-16 10:45:00,FLAT,499657701.55094165,499657701.55094165,0.0,0.0,1226.1
2024-02-16 11:00:00,FLAT,499657701.55094165,499657701.55094165,0.0,0.0,1224.2
2024-02-16 11:15:00,FLAT,499657701.55094165,499657701.55094165,0.0,0.0,1225.2
2024-02-16 13:00:00,FLAT,499657701.55094165,499657701.55094165,0.0,0.0,1225.3
2024-02-16 13:15:00,FLAT,499657701.55094165,499657701.55094165,0.0,0.0,1225.6
2024-02-16 13:30:00,FLAT,499657701.55094165,499657701.55094165,0.0,0.0,1226.1
2024-02-16 13:45:00,FLAT,499657701.55094165,499657701.55094165,0.0,0.0,1226.1
2024-02-16 14:00:00,FLAT,499657701.55094165,499657701.55094165,0.0,0.0,1226.6
2024-02-16 14:15:00,FLAT,499657701.55094165,499657701.55094165,0.0,0.0,1230.1
2024-02-16 14:30:00,FLAT,499657701.55094165,499657701.55094165,0.0,0.0,1231.4
2024-02-19 09:00:00,FLAT,499657701.55094165,499657701.55094165,0.0,0.0,1231.7
2024-02-19 09:15:00,FLAT,499657701.55094165,499657701.55094165,0.0,0.0,1232.1
2024-02-19 09:30:00,FLAT,499657701.55094165,499657701.55094165,0.0,0.0,1232.0
2024-02-19 09:45:00,FLAT,499657701.55094165,499657701.55094165,0.0,0.0,1233.6
2024-02-19 10:00:00,FLAT,499657701.55094165,499657701.55094165,0.0,0.0,1236.0
2024-02-19 10:15:00,FLAT,499657701.55094165,499657701.55094165,0.0,0.0,1234.8
2024-02-19 10:30:00,FLAT,499657701.55094165,499657701.55094165,0.0,0.0,1235.0
2024-02-19 10:45:00,FLAT,499657701.55094165,499657701.55094165,0.0,0.0,1234.3
2024-02-19 11:00:00,LONG,499472637.69277036,498513583.21738666,-959054.4753837094,0.0,1232.8
2024-02-19 11:15:00,LONG,499472637.69277036,498313583.2173866,-1159054.4753837548,0.0,1232.6
2024-02-19 13:00:00,LONG,499472637.69277036,499013583.21738666,-459054.47538370936,0.0,1233.3
2024-02-19 13:15:00,LONG,499472637.69277036,501613583.2173868,2140945.5246164273,0.0,1235.9
2024-02-19 13:30:00,LONG,499472637.69277036,502313583.2173866,2840945.524616245,0.0,1236.6
2024-02-19 13:45:00,LONG,499472637.69277036,504613583.2173868,5140945.524616427,0.0,1238.9
2024-02-19 14:00:00,LONG,499472637.69277036,504413583.2173867,4940945.524616381,0.0,1238.7
2024-02-19 14:15:00,FLAT,506340842.5378725,506340842.5378725,0.0,0.0,1243.1
2024-02-19 14:30:00,FLAT,506340842.5378725,506340842.5378725,0.0,0.0,1243.1
2024-02-20 09:00:00,FLAT,506340842.5378725,506340842.5378725,0.0,0.0,1240.4
2024-02-20 09:15:00,FLAT,506340842.5378725,506340842.5378725,0.0,0.0,1240.5
2024-02-20 09:30:00,FLAT,506340842.5378725,506340842.5378725,0.0,0.0,1238.8
2024-02-20 09:45:00,FLAT,506340842.5378725,506340842.5378725,0.0,0.0,1239.5
2024-02-20 10:00:00,FLAT,506340842.5378725,506340842.5378725,0.0,0.0,1240.0
2024-02-20 10:15:00,FLAT,506340842.5378725,506340842.5378725,0.0,0.0,1240.4
2024-02-20 10:30:00,FLAT,506340842.5378725,506340842.5378725,0.0,0.0,1241.3
2024-02-20 10:45:00,FLAT,506340842.5378725,506340842.5378725,0.0,0.0,1242.2
2024-02-20 11:00:00,FLAT,506340842.5378725,506340842.5378725,0.0,0.0,1240.1
2024-02-20 11:15:00,FLAT,506340842.5378725,506340842.5378725,0.0,0.0,1240.3
2024-02-20 13:00:00,FLAT,506340842.5378725,506340842.5378725,0.0,0.0,1242.1
2024-02-20 13:15:00,FLAT,506340842.5378725,506340842.5378725,0.0,0.0,1240.2
2024-02-20 13:30:00,FLAT,506340842.5378725,506340842.5378725,0.0,0.0,1241.3
2024-02-20 13:45:00,FLAT,506340842.5378725,506340842.5378725,0.0,0.0,1240.9
2024-02-20 14:00:00,FLAT,506340842.5378725,506340842.5378725,0.0,0.0,1240.8
2024-02-20 14:15:00,FLAT,506340842.5378725,506340842.5378725,0.0,0.0,1240.9
2024-02-20 14:30:00,FLAT,506340842.5378725,506340842.5378725,0.0,0.0,1241.5
2024-02-21 09:00:00,FLAT,506340842.5378725,506340842.5378725,0.0,0.0,1237.3
2024-02-21 09:15:00,FLAT,506340842.5378725,506340842.5378725,0.0,0.0,1238.7
2024-02-21 09:30:00,FLAT,506340842.5378725,506340842.5378725,0.0,0.0,1240.9
2024-02-21 09:45:00,FLAT,506340842.5378725,506340842.5378725,0.0,0.0,1241.1
2024-02-21 10:00:00,FLAT,506340842.5378725,506340842.5378725,0.0,0.0,1246.9
2024-02-21 10:15:00,FLAT,506340842.5378725,506340842.5378725,0.0,0.0,1246.0
2024-02-21 10:30:00,FLAT,506340842.5378725,506340842.5378725,0.0,0.0,1242.2
2024-02-21 10:45:00,LONG,506154781.61205333,506848609.48432887,693827.8722755058,0.0,1241.1
2024-02-21 11:00:00,LONG,506154781.61205333,504048609.48432887,-2106172.1277244487,0.0,1238.3
2024-02-21 11:15:00,LONG,506154781.61205333,503548609.48432887,-2606172.1277244487,0.0,1237.8
2024-02-21 13:00:00,LONG,506154781.61205333,504648609.48432904,-1506172.1277243122,0.0,1238.9
2024-02-21 13:15:00,LONG,506154781.61205333,504248609.4843289,-1906172.1277244033,0.0,1238.5
2024-02-21 13:30:00,LONG,506154781.61205333,504348609.48432887,-1806172.1277244943,0.0,1238.6
2024-02-21 13:45:00,LONG,506154781.61205333,505848609.48432887,-306172.1277244942,0.0,1240.1
2024-02-21 14:00:00,LONG,506154781.61205333,506148609.48432904,-6172.127724312304,0.0,1240.4
2024-02-21 14:15:00,FLAT,508262204.484329,508262204.484329,0.0,0.0,1243.2
2024-02-21 14:30:00,FLAT,508262204.484329,508262204.484329,0.0,0.0,1242.6
2024-02-22 09:00:00,FLAT,508262204.484329,508262204.484329,0.0,0.0,1240.8
2024-02-22 09:15:00,FLAT,508262204.484329,508262204.484329,0.0,0.0,1240.6
2024-02-22 09:30:00,FLAT,508262204.484329,508262204.484329,0.0,0.0,1239.7
2024-02-22 09:45:00,FLAT,508262204.484329,508262204.484329,0.0,0.0,1240.8
2024-02-22 10:00:00,FLAT,508262204.484329,508262204.484329,0.0,0.0,1239.4
2024-02-22 10:15:00,FLAT,508262204.484329,508262204.484329,0.0,0.0,1239.8
2024-02-22 10:30:00,FLAT,508262204.484329,508262204.484329,0.0,0.0,1238.8
2024-02-22 10:45:00,FLAT,508262204.484329,508262204.484329,0.0,0.0,1240.0
2024-02-22 11:00:00,FLAT,508262204.484329,508262204.484329,0.0,0.0,1240.1
2024-02-22 11:15:00,FLAT,508262204.484329,508262204.484329,0.0,0.0,1240.4
2024-02-22 13:00:00,FLAT,508262204.484329,508262204.484329,0.0,0.0,1240.5
2024-02-22 13:15:00,FLAT,508262204.484329,508262204.484329,0.0,0.0,1241.9
2024-02-22 13:30:00,FLAT,508262204.484329,508262204.484329,0.0,0.0,1238.8
2024-02-22 13:45:00,FLAT,508262204.484329,508262204.484329,0.0,0.0,1237.9
2024-02-22 14:00:00,FLAT,508262204.484329,508262204.484329,0.0,0.0,1239.0
2024-02-22 14:15:00,FLAT,508262204.484329,508262204.484329,0.0,0.0,1239.1
2024-02-22 14:30:00,FLAT,508262204.484329,508262204.484329,0.0,0.0,1239.5
2024-02-23 09:00:00,FLAT,508262204.484329,508262204.484329,0.0,0.0,1241.4
2024-02-23 09:15:00,FLAT,508262204.484329,508262204.484329,0.0,0.0,1244.0
2024-02-23 09:30:00,FLAT,508262204.484329,508262204.484329,0.0,0.0,1243.3
2024-02-23 09:45:00,FLAT,508262204.484329,508262204.484329,0.0,0.0,1240.5
2024-02-23 10:00:00,FLAT,508262204.484329,508262204.484329,0.0,0.0,1242.7
2024-02-23 10:15:00,FLAT,508262204.484329,508262204.484329,0.0,0.0,1244.2
2024-02-23 10:30:00,FLAT,508262204.484329,508262204.484329,0.0,0.0,1249.0
2024-02-23 10:45:00,FLAT,508262204.484329,508262204.484329,0.0,0.0,1250.0
2024-02-23 11:00:00,FLAT,508262204.484329,508262204.484329,0.0,0.0,1250.3
2024-02-23 11:15:00,FLAT,508262204.484329,508262204.484329,0.0,0.0,1250.0
2024-02-23 13:00:00,FLAT,508262204.484329,508262204.484329,0.0,0.0,1252.8
2024-02-23 13:15:00,FLAT,508262204.484329,508262204.484329,0.0,0.0,1251.1
2024-02-23 13:30:00,FLAT,508262204.484329,508262204.484329,0.0,0.0,1250.1
2024-02-23 13:45:00,FLAT,508262204.484329,508262204.484329,0.0,0.0,1246.8
2024-02-23 14:00:00,FLAT,508262204.484329,508262204.484329,0.0,0.0,1231.7
2024-02-23 14:15:00,FLAT,508262204.484329,508262204.484329,0.0,0.0,1227.4
2024-02-23 14:30:00,FLAT,508262204.484329,508262204.484329,0.0,0.0,1225.0
2024-02-26 09:00:00,FLAT,508262204.484329,508262204.484329,0.0,0.0,1226.3
2024-02-26 09:15:00,FLAT,508262204.484329,508262204.484329,0.0,0.0,1226.3
2024-02-26 09:30:00,FLAT,508262204.484329,508262204.484329,0.0,0.0,1227.2
2024-02-26 09:45:00,FLAT,508262204.484329,508262204.484329,0.0,0.0,1225.4
2024-02-26 10:00:00,FLAT,508262204.484329,508262204.484329,0.0,0.0,1226.7
2024-02-26 10:15:00,FLAT,508262204.484329,508262204.484329,0.0,0.0,1226.1
2024-02-26 10:30:00,FLAT,508262204.484329,508262204.484329,0.0,0.0,1225.0
2024-02-26 10:45:00,FLAT,508262204.484329,508262204.484329,0.0,0.0,1224.5
2024-02-26 11:00:00,FLAT,508262204.484329,508262204.484329,0.0,0.0,1224.7
2024-02-26 11:15:00,FLAT,508262204.484329,508262204.484329,0.0,0.0,1225.0
2024-02-26 13:00:00,FLAT,508262204.484329,508262204.484329,0.0,0.0,1225.4
2024-02-26 13:15:00,FLAT,508262204.484329,508262204.484329,0.0,0.0,1227.2
2024-02-26 13:30:00,FLAT,508262204.484329,508262204.484329,0.0,0.0,1228.3
2024-02-26 13:45:00,LONG,508077889.18796915,507709246.7889227,-368642.39904639364,0.0,1228.4
2024-02-26 14:00:00,LONG,508077889.18796915,509309246.78892267,1231357.6009535154,0.0,1230.0
2024-02-26 14:15:00,FLAT,508124896.78892267,508124896.78892267,0.0,0.0,1229.5
2024-02-26 14:30:00,FLAT,508124896.78892267,508124896.78892267,0.0,0.0,1231.4
2024-02-27 09:00:00,FLAT,508124896.78892267,508124896.78892267,0.0,0.0,1232.5
2024-02-27 09:15:00,FLAT,508124896.78892267,508124896.78892267,0.0,0.0,1233.2
2024-02-27 09:30:00,FLAT,508124896.78892267,508124896.78892267,0.0,0.0,1233.0
2024-02-27 09:45:00,FLAT,508124896.78892267,508124896.78892267,0.0,0.0,1237.4
2024-02-27 10:00:00,FLAT,508124896.78892267,508124896.78892267,0.0,0.0,1238.3
2024-02-27 10:15:00,FLAT,508124896.78892267,508124896.78892267,0.0,0.0,1237.8
2024-02-27 10:30:00,FLAT,508124896.78892267,508124896.78892267,0.0,0.0,1239.0
2024-02-27 10:45:00,FLAT,508124896.78892267,508124896.78892267,0.0,0.0,1237.6
2024-02-27 11:00:00,FLAT,508124896.78892267,508124896.78892267,0.0,0.0,1235.3
2024-02-27 11:15:00,LONG,507939647.04610896,507141361.621559,-798285.4245499311,0.0,1234.2
2024-02-27 13:00:00,LONG,507939647.04610896,508541361.6215589,601714.5754499325,0.0,1235.6
2024-02-27 13:15:00,LONG,507939647.04610896,509441361.62155896,1501714.5754500234,0.0,1236.5
2024-02-27 13:30:00,LONG,507939647.04610896,511541361.6215589,3601714.5754499324,0.0,1238.6
2024-02-27 13:45:00,LONG,507939647.04610896,509241361.62155896,1301714.575449978,0.0,1236.3
2024-02-27 14:00:00,LONG,507939647.04610896,512341361.6215591,4401714.575450114,0.0,1239.4
2024-02-27 14:15:00,FLAT,514255136.62155896,514255136.62155896,0.0,0.0,1242.0
2024-02-27 14:30:00,FLAT,514255136.62155896,514255136.62155896,0.0,0.0,1243.0
2024-02-28 09:00:00,FLAT,514255136.62155896,514255136.62155896,0.0,0.0,1245.1
2024-02-28 09:15:00,FLAT,514255136.62155896,514255136.62155896,0.0,0.0,1243.8
2024-02-28 09:30:00,FLAT,514255136.62155896,514255136.62155896,0.0,0.0,1243.5
2024-02-28 09:45:00,FLAT,514255136.62155896,514255136.62155896,0.0,0.0,1245.5
2024-02-28 10:00:00,FLAT,514255136.62155896,514255136.62155896,0.0,0.0,1244.8
2024-02-28 10:15:00,FLAT,514255136.62155896,514255136.62155896,0.0,0.0,1245.1
2024-02-28 10:30:00,FLAT,514255136.62155896,514255136.62155896,0.0,0.0,1243.9
2024-02-28 10:45:00,FLAT,514255136.62155896,514255136.62155896,0.0,0.0,1243.8
2024-02-28 11:00:00,FLAT,514255136.62155896,514255136.62155896,0.0,0.0,1242.7
2024-02-28 11:15:00,FLAT,514255136.62155896,514255136.62155896,0.0,0.0,1244.3
2024-02-28 13:00:00,FLAT,514255136.62155896,514255136.62155896,0.0,0.0,1249.1
2024-02-28 13:15:00,FLAT,514255136.62155896,514255136.62155896,0.0,0.0,1250.5
2024-02-28 13:30:00,FLAT,514255136.62155896,514255136.62155896,0.0,0.0,1253.0
2024-02-28 13:45:00,FLAT,514255136.62155896,514255136.62155896,0.0,0.0,1257.5
2024-02-28 14:00:00,FLAT,514255136.62155896,514255136.62155896,0.0,0.0,1255.7
2024-02-28 14:15:00,FLAT,514255136.62155896,514255136.62155896,0.0,0.0,1262.0
2024-02-28 14:30:00,FLAT,514255136.62155896,514255136.62155896,0.0,0.0,1263.0
2024-02-29 09:00:00,FLAT,514255136.62155896,514255136.62155896,0.0,0.0,1267.2
2024-02-29 09:15:00,FLAT,514255136.62155896,514255136.62155896,0.0,0.0,1268.5
2024-02-29 09:30:00,FLAT,514255136.62155896,514255136.62155896,0.0,0.0,1270.8
2024-02-29 09:45:00,LONG,514064575.2640943,511155525.49948883,-2909049.76460547,0.0,1267.5
2024-02-29 10:00:00,LONG,514064575.2640943,510855525.4994889,-3209049.7646054244,0.0,1267.2
2024-02-29 10:15:00,FLAT,508465775.49948883,508465775.49948883,0.0,0.0,1263.3
2024-02-29 10:30:00,FLAT,508465775.49948883,508465775.49948883,0.0,0.0,1263.5
2024-02-29 10:45:00,FLAT,508465775.49948883,508465775.49948883,0.0,0.0,1266.2
2024-02-29 11:00:00,FLAT,508465775.49948883,508465775.49948883,0.0,0.0,1264.4
2024-02-29 11:15:00,FLAT,508465775.49948883,508465775.49948883,0.0,0.0,1261.8
2024-02-29 13:00:00,FLAT,508465775.49948883,508465775.49948883,0.0,0.0,1259.5
2024-02-29 13:15:00,FLAT,508465775.49948883,508465775.49948883,0.0,0.0,1259.8
2024-02-29 13:30:00,FLAT,508465775.49948883,508465775.49948883,0.0,0.0,1261.6
2024-02-29 13:45:00,FLAT,508465775.49948883,508465775.49948883,0.0,0.0,1259.3
2024-02-29 14:00:00,FLAT,508465775.49948883,508465775.49948883,0.0,0.0,1258.5
2024-02-29 14:15:00,FLAT,508465775.49948883,508465775.49948883,0.0,0.0,1263.3
2024-02-29 14:30:00,FLAT,508465775.49948883,508465775.49948883,0.0,0.0,1263.0
2024-03-01 09:00:00,FLAT,508465775.49948883,508465775.49948883,0.0,0.0,1264.3
2024-03-01 09:15:00,FLAT,508465775.49948883,508465775.49948883,0.0,0.0,1261.7
2024-03-01 09:30:00,FLAT,508465775.49948883,508465775.49948883,0.0,0.0,1263.9
2024-03-01 09:45:00,FLAT,508465775.49948883,508465775.49948883,0.0,0.0,1261.6
2024-03-01 10:00:00,FLAT,508465775.49948883,508465775.49948883,0.0,0.0,1263.0
2024-03-01 10:15:00,FLAT,508465775.49948883,508465775.49948883,0.0,0.0,1262.3
2024-03-01 10:30:00,FLAT,508465775.49948883,508465775.49948883,0.0,0.0,1263.6
2024-03-01 10:45:00,FLAT,508465775.49948883,508465775.49948883,0.0,0.0,1264.6
2024-03-01 11:00:00,FLAT,508465775.49948883,508465775.49948883,0.0,0.0,1263.6
2024-03-01 11:15:00,FLAT,508465775.49948883,508465775.49948883,0.0,0.0,1263.4
2024-03-01 13:00:00,FLAT,508465775.49948883,508465775.49948883,0.0,0.0,1263.2
2024-03-01 13:15:00,FLAT,508465775.49948883,508465775.49948883,0.0,0.0,1264.7
2024-03-01 13:30:00,FLAT,508465775.49948883,508465775.49948883,0.0,0.0,1264.0
2024-03-01 13:45:00,FLAT,508465775.49948883,508465775.49948883,0.0,0.0,1262.7
2024-03-01 14:00:00,FLAT,508465775.49948883,508465775.49948883,0.0,0.0,1263.1
2024-03-01 14:15:00,FLAT,508465775.49948883,508465775.49948883,0.0,0.0,1268.1
2024-03-01 14:30:00,FLAT,508465775.49948883,508465775.49948883,0.0,0.0,1267.4
2024-03-04 09:00:00,FLAT,508465775.49948883,508465775.49948883,0.0,0.0,1270.9
2024-03-04 09:15:00,FLAT,508465775.49948883,508465775.49948883,0.0,0.0,1269.6
2024-03-04 09:30:00,FLAT,508465775.49948883,508465775.49948883,0.0,0.0,1269.9
2024-03-04 09:45:00,FLAT,508465775.49948883,508465775.49948883,0.0,0.0,1270.0
2024-03-04 10:00:00,FLAT,508465775.49948883,508465775.49948883,0.0,0.0,1268.9
2024-03-04 10:15:00,FLAT,508465775.49948883,508465775.49948883,0.0,0.0,1266.2
2024-03-04 10:30:00,FLAT,508465775.49948883,508465775.49948883,0.0,0.0,1265.1
2024-03-04 10:45:00,FLAT,508465775.49948883,508465775.49948883,0.0,0.0,1265.3
2024-03-04 11:00:00,FLAT,508465775.49948883,508465775.49948883,0.0,0.0,1266.2
2024-03-04 11:15:00,FLAT,508465775.49948883,508465775.49948883,0.0,0.0,1266.5
2024-03-04 13:00:00,FLAT,508465775.49948883,508465775.49948883,0.0,0.0,1266.6
2024-03-04 13:15:00,FLAT,508465775.49948883,508465775.49948883,0.0,0.0,1269.4
2024-03-04 13:30:00,FLAT,508465775.49948883,508465775.49948883,0.0,0.0,1268.0
2024-03-04 13:45:00,FLAT,508465775.49948883,508465775.49948883,0.0,0.0,1270.4
2024-03-04 14:00:00,FLAT,508465775.49948883,508465775.49948883,0.0,0.0,1266.8
2024-03-04 14:15:00,FLAT,508465775.49948883,508465775.49948883,0.0,0.0,1267.3
2024-03-04 14:30:00,FLAT,508465775.49948883,508465775.49948883,0.0,0.0,1266.9
2024-03-05 09:00:00,FLAT,508465775.49948883,508465775.49948883,0.0,0.0,1268.3
2024-03-05 09:15:00,FLAT,508465775.49948883,508465775.49948883,0.0,0.0,1266.3
2024-03-05 09:30:00,FLAT,508465775.49948883,508465775.49948883,0.0,0.0,1267.5
2024-03-05 09:45:00,FLAT,508465775.49948883,508465775.49948883,0.0,0.0,1266.9
2024-03-05 10:00:00,FLAT,508465775.49948883,508465775.49948883,0.0,0.0,1266.9
2024-03-05 10:15:00,FLAT,508465775.49948883,508465775.49948883,0.0,0.0,1265.3
2024-03-05 10:30:00,FLAT,508465775.49948883,508465775.49948883,0.0,0.0,1266.1
2024-03-05 10:45:00,FLAT,508465775.49948883,508465775.49948883,0.0,0.0,1265.6
2024-03-05 11:00:00,FLAT,508465775.49948883,508465775.49948883,0.0,0.0,1266.9
2024-03-05 11:15:00,FLAT,508465775.49948883,508465775.49948883,0.0,0.0,1266.1
2024-03-05 13:00:00,FLAT,508465775.49948883,508465775.49948883,0.0,0.0,1266.4
2024-03-05 13:15:00,FLAT,508465775.49948883,508465775.49948883,0.0,0.0,1264.5
2024-03-05 13:30:00,FLAT,508465775.49948883,508465775.49948883,0.0,0.0,1266.5
2024-03-05 13:45:00,FLAT,508465775.49948883,508465775.49948883,0.0,0.0,1268.2
2024-03-05 14:00:00,FLAT,508465775.49948883,508465775.49948883,0.0,0.0,1268.0
2024-03-05 14:15:00,FLAT,508465775.49948883,508465775.49948883,0.0,0.0,1277.7
2024-03-05 14:30:00,FLAT,508465775.49948883,508465775.49948883,0.0,0.0,1278.0
2024-03-06 09:00:00,FLAT,508465775.49948883,508465775.49948883,0.0,0.0,1275.8
2024-03-06 09:15:00,FLAT,508465775.49948883,508465775.49948883,0.0,0.0,1278.6
2024-03-06 09:30:00,FLAT,508465775.49948883,508465775.49948883,0.0,0.0,1279.8
2024-03-06 09:45:00,FLAT,508465775.49948883,508465775.49948883,0.0,0.0,1279.0
2024-03-06 10:00:00,LONG,508273880.49948883,507573880.4994888,-700000.0000000455,0.0,1278.6
2024-03-06 10:15:00,LONG,508273880.49948883,506873880.49948895,-1399999.9999998636,0.0,1277.9
2024-03-06 10:30:00,LONG,508273880.49948883,505773880.49948883,-2500000.0,0.0,1276.8
2024-03-06 10:45:00,LONG,508273880.49948883,506873880.49948895,-1399999.9999998636,0.0,1277.9
2024-03-06 11:00:00,LONG,508273880.49948883,505573880.4994888,-2700000.0000000456,0.0,1276.6
2024-03-06 11:15:00,FLAT,504082585.49948883,504082585.49948883,0.0,0.0,1273.7
2024-03-06 13:00:00,FLAT,504082585.49948883,504082585.49948883,0.0,0.0,1273.4
2024-03-06 13:15:00,FLAT,504082585.49948883,504082585.49948883,0.0,0.0,1274.1
2024-03-06 13:30:00,FLAT,504082585.49948883,504082585.49948883,0.0,0.0,1269.2
2024-03-06 13:45:00,FLAT,504082585.49948883,504082585.49948883,0.0,0.0,1258.3
2024-03-06 14:00:00,FLAT,504082585.49948883,504082585.49948883,0.0,0.0,1260.3
2024-03-06 14:15:00,FLAT,504082585.49948883,504082585.49948883,0.0,0.0,1267.2
2024-03-06 14:30:00,FLAT,504082585.49948883,504082585.49948883,0.0,0.0,1266.9
2024-03-07 09:00:00,FLAT,504082585.49948883,504082585.49948883,0.0,0.0,1266.0
2024-03-07 09:15:00,FLAT,504082585.49948883,504082585.49948883,0.0,0.0,1267.7
2024-03-07 09:30:00,FLAT,504082585.49948883,504082585.49948883,0.0,0.0,1270.1
2024-03-07 09:45:00,LONG,503892051.7431157,501167009.2558703,-2725042.487245446,0.0,1267.5
2024-03-07 10:00:00,LONG,503892051.7431157,501667009.2558703,-2225042.487245446,0.0,1268.0
2024-03-07 10:15:00,LONG,503892051.7431157,504667009.2558703,774957.512754554,0.0,1271.0
2024-03-07 10:30:00,LONG,503892051.7431157,504567009.25587034,674957.512754645,0.0,1270.9
2024-03-07 10:45:00,LONG,503892051.7431157,503667009.2558703,-225042.48724544595,0.0,1270.0
2024-03-07 11:00:00,LONG,503892051.7431157,502667009.2558703,-1225042.487245446,0.0,1269.0
2024-03-07 11:15:00,LONG,503892051.7431157,500767009.25587016,-3125042.487245537,0.0,1267.1
2024-03-07 13:00:00,LONG,503892051.7431157,502967009.2558702,-925042.4872454915,0.0,1269.3
2024-03-07 13:15:00,LONG,503892051.7431157,503667009.2558703,-225042.48724544595,0.0,1270.0
2024-03-07 13:30:00,LONG,503892051.7431157,507467009.2558702,3574957.5127545088,0.0,1273.8
2024-03-07 13:45:00,LONG,503892051.7431157,506567009.25587034,2674957.512754645,0.0,1272.9
2024-03-07 14:00:00,LONG,503892051.7431157,508567009.25587034,4674957.512754645,0.0,1274.9
2024-03-07 14:15:00,FLAT,506076119.25587016,506076119.25587016,0.0,0.0,1273.1
2024-03-07 14:30:00,FLAT,506076119.25587016,506076119.25587016,0.0,0.0,1272.8
2024-03-08 09:00:00,FLAT,506076119.25587016,506076119.25587016,0.0,0.0,1273.9
2024-03-08 09:15:00,FLAT,506076119.25587016,506076119.25587016,0.0,0.0,1270.6
2024-03-08 09:30:00,FLAT,506076119.25587016,506076119.25587016,0.0,0.0,1262.2
2024-03-08 09:45:00,FLAT,506076119.25587016,506076119.25587016,0.0,0.0,1262.1
2024-03-08 10:00:00,FLAT,506076119.25587016,506076119.25587016,0.0,0.0,1259.0
2024-03-08 10:15:00,FLAT,506076119.25587016,506076119.25587016,0.0,0.0,1256.9
2024-03-08 10:30:00,FLAT,506076119.25587016,506076119.25587016,0.0,0.0,1257.3
2024-03-08 10:45:00,FLAT,506076119.25587016,506076119.25587016,0.0,0.0,1257.6
2024-03-08 11:00:00,FLAT,506076119.25587016,506076119.25587016,0.0,0.0,1259.6
2024-03-08 11:15:00,FLAT,506076119.25587016,506076119.25587016,0.0,0.0,1257.5
2024-03-08 13:00:00,FLAT,506076119.25587016,506076119.25587016,0.0,0.0,1254.0
2024-03-08 13:15:00,FLAT,506076119.25587016,506076119.25587016,0.0,0.0,1254.6
2024-03-08 13:30:00,FLAT,506076119.25587016,506076119.25587016,0.0,0.0,1255.7
2024-03-08 13:45:00,FLAT,506076119.25587016,506076119.25587016,0.0,0.0,1256.9
2024-03-08 14:00:00,FLAT,506076119.25587016,506076119.25587016,0.0,0.0,1257.1
2024-03-08 14:15:00,FLAT,506076119.25587016,506076119.25587016,0.0,0.0,1249.9
2024-03-08 14:30:00,FLAT,506076119.25587016,506076119.25587016,0.0,0.0,1250.3
2024-03-11 09:00:00,FLAT,506076119.25587016,506076119.25587016,0.0,0.0,1252.3
2024-03-11 09:15:00,FLAT,506076119.25587016,506076119.25587016,0.0,0.0,1253.8
2024-03-11 09:30:00,FLAT,506076119.25587016,506076119.25587016,0.0,0.0,1253.0
2024-03-11 09:45:00,FLAT,506076119.25587016,506076119.25587016,0.0,0.0,1253.6
2024-03-11 10:00:00,FLAT,506076119.25587016,506076119.25587016,0.0,0.0,1253.6
2024-03-11 10:15:00,FLAT,506076119.25587016,506076119.25587016,0.0,0.0,1251.5
2024-03-11 10:30:00,FLAT,506076119.25587016,506076119.25587016,0.0,0.0,1251.8
2024-03-11 10:45:00,FLAT,506076119.25587016,506076119.25587016,0.0,0.0,1251.2
2024-03-11 11:00:00,FLAT,506076119.25587016,506076119.25587016,0.0,0.0,1251.2
2024-03-11 11:15:00,FLAT,506076119.25587016,506076119.25587016,0.0,0.0,1252.0
2024-03-11 13:00:00,FLAT,506076119.25587016,506076119.25587016,0.0,0.0,1250.6
2024-03-11 13:15:00,FLAT,506076119.25587016,506076119.25587016,0.0,0.0,1248.8
2024-03-11 13:30:00,FLAT,506076119.25587016,506076119.25587016,0.0,0.0,1250.3
2024-03-11 13:45:00,FLAT,506076119.25587016,506076119.25587016,0.0,0.0,1246.9
2024-03-11 14:00:00,FLAT,506076119.25587016,506076119.25587016,0.0,0.0,1244.8
2024-03-11 14:15:00,FLAT,506076119.25587016,506076119.25587016,0.0,0.0,1232.9
2024-03-11 14:30:00,FLAT,506076119.25587016,506076119.25587016,0.0,0.0,1232.8
2024-03-12 09:00:00,FLAT,506076119.25587016,506076119.25587016,0.0,0.0,1233.0
2024-03-12 09:15:00,FLAT,506076119.25587016,506076119.25587016,0.0,0.0,1233.9
2024-03-12 09:30:00,FLAT,506076119.25587016,506076119.25587016,0.0,0.0,1235.2
2024-03-12 09:45:00,FLAT,506076119.25587016,506076119.25587016,0.0,0.0,1235.5
2024-03-12 10:00:00,FLAT,506076119.25587016,506076119.25587016,0.0,0.0,1237.3
2024-03-12 10:15:00,LONG,505890656.3255968,504771121.1697451,-1119535.155851736,0.0,1235.3
2024-03-12 10:30:00,LONG,505890656.3255968,503671121.16974515,-2219535.155851645,0.0,1234.2
2024-03-12 10:45:00,LONG,505890656.3255968,504771121.1697451,-1119535.155851736,0.0,1235.3
2024-03-12 11:00:00,LONG,505890656.3255968,506271121.1697451,380464.8441482641,0.0,1236.8
2024-03-12 11:15:00,LONG,505890656.3255968,506471121.16974515,580464.8441483096,0.0,1237.0
2024-03-12 13:00:00,LONG,505890656.3255968,507771121.1697451,1880464.844148264,0.0,1238.3
2024-03-12 13:15:00,LONG,505890656.3255968,507571121.169745,1680464.8441482186,0.0,1238.1
2024-03-12 13:30:00,LONG,505890656.3255968,507071121.169745,1180464.8441482186,0.0,1237.6
2024-03-12 13:45:00,LONG,505890656.3255968,507671121.16974515,1780464.844148355,0.0,1238.2
2024-03-12 14:00:00,LONG,505890656.3255968,508971121.16974515,3080464.8441483094,0.0,1239.5
2024-03-12 14:15:00,FLAT,507285421.16974515,507285421.16974515,0.0,0.0,1238.5
2024-03-12 14:30:00,FLAT,507285421.16974515,507285421.16974515,0.0,0.0,1237.1
2024-03-13 09:00:00,FLAT,507285421.16974515,507285421.16974515,0.0,0.0,1243.3
2024-03-13 09:15:00,FLAT,507285421.16974515,507285421.16974515,0.0,0.0,1243.1
2024-03-13 09:30:00,FLAT,507285421.16974515,507285421.16974515,0.0,0.0,1244.1
2024-03-13 09:45:00,FLAT,507285421.16974515,507285421.16974515,0.0,0.0,1246.2
2024-03-13 10:00:00,LONG,507098560.74934053,508262424.7186356,1163863.9692951073,0.0,1246.9
2024-03-13 10:15:00,LONG,507098560.74934053,508362424.71863556,1263863.9692950165,0.0,1247.0
2024-03-13 10:30:00,LONG,507098560.74934053,509862424.71863556,2763863.9692950165,0.0,1248.5
2024-03-13 10:45:00,LONG,507098560.74934053,510562424.7186356,3463863.969295062,0.0,1249.2
2024-03-13 11:00:00,LONG,507098560.74934053,511262424.7186356,4163863.9692951073,0.0,1249.9
2024-03-13 11:15:00,LONG,507098560.74934053,512062424.7186356,4963863.969295062,0.0,1250.7
2024-03-13 13:00:00,LONG,507098560.74934053,510262424.7186356,3163863.9692951073,0.0,1248.9
2024-03-13 13:15:00,LONG,507098560.74934053,511762424.7186356,4663863.969295108,0.0,1250.4
2024-03-13 13:30:00,FLAT,516827028.99073887,516827028.99073887,0.0,0.0,1256.6
2024-03-13 13:45:00,FLAT,516827028.99073887,516827028.99073887,0.0,0.0,1256.4
2024-03-13 14:00:00,FLAT,516827028.99073887,516827028.99073887,0.0,0.0,1260.4
2024-03-13 14:15:00,FLAT,516827028.99073887,516827028.99073887,0.0,0.0,1271.4
2024-03-13 14:30:00,FLAT,516827028.99073887,516827028.99073887,0.0,0.0,1273.6
2024-03-14 09:00:00,FLAT,516827028.99073887,516827028.99073887,0.0,0.0,1272.0
2024-03-14 09:15:00,FLAT,516827028.99073887,516827028.99073887,0.0,0.0,1270.5
2024-03-14 09:30:00,FLAT,516827028.99073887,516827028.99073887,0.0,0.0,1267.3
2024-03-14 09:45:00,FLAT,516827028.99073887,516827028.99073887,0.0,0.0,1266.6
2024-03-14 10:00:00,FLAT,516827028.99073887,516827028.99073887,0.0,0.0,1266.4
2024-03-14 10:15:00,FLAT,516827028.99073887,516827028.99073887,0.0,0.0,1270.2
2024-03-14 10:30:00,FLAT,516827028.99073887,516827028.99073887,0.0,0.0,1269.4
2024-03-14 10:45:00,FLAT,516827028.99073887,516827028.99073887,0.0,0.0,1269.5
2024-03-14 11:00:00,FLAT,516827028.99073887,516827028.99073887,0.0,0.0,1270.2
2024-03-14 11:15:00,FLAT,516827028.99073887,516827028.99073887,0.0,0.0,1268.7
2024-03-14 13:00:00,FLAT,516827028.99073887,516827028.99073887,0.0,0.0,1268.3
2024-03-14 13:15:00,FLAT,516827028.99073887,516827028.99073887,0.0,0.0,1266.1
2024-03-14 13:30:00,FLAT,516827028.99073887,516827028.99073887,0.0,0.0,1263.1
2024-03-14 13:45:00,FLAT,516827028.99073887,516827028.99073887,0.0,0.0,1263.5
2024-03-14 14:00:00,FLAT,516827028.99073887,516827028.99073887,0.0,0.0,1257.4
2024-03-14 14:15:00,FLAT,516827028.99073887,516827028.99073887,0.0,0.0,1260.6
2024-03-14 14:30:00,FLAT,516827028.99073887,516827028.99073887,0.0,0.0,1262.0
2024-03-15 09:00:00,FLAT,516827028.99073887,516827028.99073887,0.0,0.0,1256.5
2024-03-15 09:15:00,FLAT,516827028.99073887,516827028.99073887,0.0,0.0,1253.4
2024-03-15 09:30:00,FLAT,516827028.99073887,516827028.99073887,0.0,0.0,1253.1
2024-03-15 09:45:00,FLAT,516827028.99073887,516827028.99073887,0.0,0.0,1256.2
2024-03-15 10:00:00,FLAT,516827028.99073887,516827028.99073887,0.0,0.0,1256.6
2024-03-15 10:15:00,FLAT,516827028.99073887,516827028.99073887,0.0,0.0,1258.7
2024-03-15 10:30:00,FLAT,516827028.99073887,516827028.99073887,0.0,0.0,1256.9
2024-03-15 10:45:00,FLAT,516827028.99073887,516827028.99073887,0.0,0.0,1254.5
2024-03-15 11:00:00,FLAT,516827028.99073887,516827028.99073887,0.0,0.0,1252.9
2024-03-15 11:15:00,FLAT,516827028.99073887,516827028.99073887,0.0,0.0,1247.6
2024-03-15 13:00:00,FLAT,516827028.99073887,516827028.99073887,0.0,0.0,1246.1
2024-03-15 13:15:00,FLAT,516827028.99073887,516827028.99073887,0.0,0.0,1246.0
2024-03-15 13:30:00,FLAT,516827028.99073887,516827028.99073887,0.0,0.0,1248.6
2024-03-15 13:45:00,FLAT,516827028.99073887,516827028.99073887,0.0,0.0,1249.4
2024-03-15 14:00:00,FLAT,511647832.99073875,511647832.99073875,0.0,0.0,1252.7
2024-03-15 14:15:00,FLAT,511647832.99073875,511647832.99073875,0.0,0.0,1259.0
2024-03-15 14:30:00,FLAT,511647832.99073875,511647832.99073875,0.0,0.0,1262.5
2024-03-18 09:00:00,FLAT,511647832.99073875,511647832.99073875,0.0,0.0,1254.2
2024-03-18 09:15:00,FLAT,511647832.99073875,511647832.99073875,0.0,0.0,1252.2
2024-03-18 09:30:00,FLAT,511647832.99073875,511647832.99073875,0.0,0.0,1252.6
2024-03-18 09:45:00,FLAT,511647832.99073875,511647832.99073875,0.0,0.0,1246.8
2024-03-18 10:00:00,FLAT,511647832.99073875,511647832.99073875,0.0,0.0,1245.8
2024-03-18 10:15:00,FLAT,511647832.99073875,511647832.99073875,0.0,0.0,1233.0
2024-03-18 10:30:00,FLAT,511647832.99073875,511647832.99073875,0.0,0.0,1231.9
2024-03-18 10:45:00,FLAT,511647832.99073875,511647832.99073875,0.0,0.0,1231.0
2024-03-18 11:00:00,FLAT,511647832.99073875,511647832.99073875,0.0,0.0,1226.3
2024-03-18 11:15:00,FLAT,511647832.99073875,511647832.99073875,0.0,0.0,1223.3
2024-03-18 13:00:00,FLAT,511647832.99073875,511647832.99073875,0.0,0.0,1232.5
2024-03-18 13:15:00,FLAT,511647832.99073875,511647832.99073875,0.0,0.0,1231.8
2024-03-18 13:30:00,FLAT,511647832.99073875,511647832.99073875,0.0,0.0,1230.1
2024-03-18 13:45:00,FLAT,511647832.99073875,511647832.99073875,0.0,0.0,1230.8
2024-03-18 14:00:00,FLAT,511647832.99073875,511647832.99073875,0.0,0.0,1233.0
2024-03-18 14:15:00,FLAT,511647832.99073875,511647832.99073875,0.0,0.0,1236.9
2024-03-18 14:30:00,FLAT,511647832.99073875,511647832.99073875,0.0,0.0,1237.0
2024-03-19 09:00:00,FLAT,511647832.99073875,511647832.99073875,0.0,0.0,1231.8
2024-03-19 09:15:00,FLAT,511647832.99073875,511647832.99073875,0.0,0.0,1229.5
2024-03-19 09:30:00,FLAT,511647832.99073875,511647832.99073875,0.0,0.0,1228.5
2024-03-19 09:45:00,FLAT,511647832.99073875,511647832.99073875,0.0,0.0,1227.2
2024-03-19 10:00:00,FLAT,511647832.99073875,511647832.99073875,0.0,0.0,1229.0
2024-03-19 10:15:00,FLAT,511647832.99073875,511647832.99073875,0.0,0.0,1228.2
2024-03-19 10:30:00,FLAT,511647832.99073875,511647832.99073875,0.0,0.0,1227.8
2024-03-19 10:45:00,FLAT,511647832.99073875,511647832.99073875,0.0,0.0,1230.4
2024-03-19 11:00:00,FLAT,511647832.99073875,511647832.99073875,0.0,0.0,1231.5
2024-03-19 11:15:00,FLAT,511647832.99073875,511647832.99073875,0.0,0.0,1233.5
2024-03-19 13:00:00,FLAT,511647832.99073875,511647832.99073875,0.0,0.0,1232.5
2024-03-19 13:15:00,FLAT,511647832.99073875,511647832.99073875,0.0,0.0,1234.0
2024-03-19 13:30:00,FLAT,511647832.99073875,511647832.99073875,0.0,0.0,1231.5
2024-03-19 13:45:00,FLAT,511647832.99073875,511647832.99073875,0.0,0.0,1229.6
2024-03-19 14:00:00,FLAT,511647832.99073875,511647832.99073875,0.0,0.0,1230.4
2024-03-19 14:15:00,FLAT,511647832.99073875,511647832.99073875,0.0,0.0,1231.0
2024-03-19 14:30:00,FLAT,511647832.99073875,511647832.99073875,0.0,0.0,1230.5
2024-03-20 09:00:00,FLAT,511647832.99073875,511647832.99073875,0.0,0.0,1233.3
2024-03-20 09:15:00,FLAT,511647832.99073875,511647832.99073875,0.0,0.0,1232.4
2024-03-20 09:30:00,FLAT,511647832.99073875,511647832.99073875,0.0,0.0,1232.7
2024-03-20 09:45:00,FLAT,511647832.99073875,511647832.99073875,0.0,0.0,1231.1
2024-03-20 10:00:00,FLAT,511647832.99073875,511647832.99073875,0.0,0.0,1229.8
2024-03-20 10:15:00,FLAT,511647832.99073875,511647832.99073875,0.0,0.0,1240.4
2024-03-20 10:30:00,FLAT,511647832.99073875,511647832.99073875,0.0,0.0,1246.0
2024-03-20 10:45:00,FLAT,511647832.99073875,511647832.99073875,0.0,0.0,1248.1
2024-03-20 11:00:00,FLAT,511647832.99073875,511647832.99073875,0.0,0.0,1247.4
2024-03-20 11:15:00,FLAT,511647832.99073875,511647832.99073875,0.0,0.0,1247.0
2024-03-20 13:00:00,FLAT,511647832.99073875,511647832.99073875,0.0,0.0,1244.1
2024-03-20 13:15:00,FLAT,511647832.99073875,511647832.99073875,0.0,0.0,1246.7
2024-03-20 13:30:00,FLAT,511647832.99073875,511647832.99073875,0.0,0.0,1247.2
2024-03-20 13:45:00,FLAT,511647832.99073875,511647832.99073875,0.0,0.0,1251.7
2024-03-20 14:00:00,FLAT,511647832.99073875,511647832.99073875,0.0,0.0,1259.0
2024-03-20 14:15:00,FLAT,511647832.99073875,511647832.99073875,0.0,0.0,1259.0
2024-03-20 14:30:00,FLAT,511647832.99073875,511647832.99073875,0.0,0.0,1260.9
2024-03-21 09:00:00,FLAT,511647832.99073875,511647832.99073875,0.0,0.0,1268.0
2024-03-21 09:15:00,FLAT,511647832.99073875,511647832.99073875,0.0,0.0,1267.5
2024-03-21 09:30:00,FLAT,511647832.99073875,511647832.99073875,0.0,0.0,1266.5
2024-03-21 09:45:00,FLAT,511647832.99073875,511647832.99073875,0.0,0.0,1266.6
2024-03-21 10:00:00,FLAT,511647832.99073875,511647832.99073875,0.0,0.0,1267.9
2024-03-21 10:15:00,FLAT,511647832.99073875,511647832.99073875,0.0,0.0,1263.5
2024-03-21 10:30:00,FLAT,511647832.99073875,511647832.99073875,0.0,0.0,1265.8
2024-03-21 10:45:00,FLAT,511647832.99073875,511647832.99073875,0.0,0.0,1268.0
2024-03-21 11:00:00,FLAT,511647832.99073875,511647832.99073875,0.0,0.0,1268.1
2024-03-21 11:15:00,FLAT,511647832.99073875,511647832.99073875,0.0,0.0,1269.9
2024-03-21 13:00:00,FLAT,511647832.99073875,511647832.99073875,0.0,0.0,1268.0
2024-03-21 13:15:00,FLAT,511647832.99073875,511647832.99073875,0.0,0.0,1269.7
2024-03-21 13:30:00,FLAT,511647832.99073875,511647832.99073875,0.0,0.0,1267.1
2024-03-21 13:45:00,FLAT,511647832.99073875,511647832.99073875,0.0,0.0,1267.9
2024-03-21 14:00:00,FLAT,511647832.99073875,511647832.99073875,0.0,0.0,1268.4
2024-03-21 14:15:00,FLAT,511647832.99073875,511647832.99073875,0.0,0.0,1275.2
2024-03-22 09:00:00,FLAT,511647832.99073875,511647832.99073875,0.0,0.0,1285.7
2024-03-22 09:15:00,FLAT,511647832.99073875,511647832.99073875,0.0,0.0,1287.7
2024-03-22 09:30:00,FLAT,511647832.99073875,511647832.99073875,0.0,0.0,1293.0
2024-03-22 09:45:00,LONG,511473645.51591295,510773813.3439611,-699832.1719518572,0.0,1289.5
2024-03-22 10:00:00,FLAT,506100405.8439611,506100405.8439611,0.0,0.0,1284.1
2024-03-22 10:15:00,FLAT,506100405.8439611,506100405.8439611,0.0,0.0,1279.6
2024-03-22 10:30:00,FLAT,506100405.8439611,506100405.8439611,0.0,0.0,1282.7
2024-03-22 10:45:00,FLAT,506100405.8439611,506100405.8439611,0.0,0.0,1282.8
2024-03-22 11:00:00,FLAT,506100405.8439611,506100405.8439611,0.0,0.0,1283.3
2024-03-22 11:15:00,FLAT,506100405.8439611,506100405.8439611,0.0,0.0,1284.7
2024-03-22 13:00:00,FLAT,506100405.8439611,506100405.8439611,0.0,0.0,1285.5
2024-03-22 13:15:00,FLAT,506100405.8439611,506100405.8439611,0.0,0.0,1288.0
2024-03-22 13:30:00,FLAT,506100405.8439611,506100405.8439611,0.0,0.0,1282.9
2024-03-22 13:45:00,FLAT,506100405.8439611,506100405.8439611,0.0,0.0,1285.6
2024-03-22 14:00:00,FLAT,506100405.8439611,506100405.8439611,0.0,0.0,1283.0
2024-03-22 14:15:00,FLAT,506100405.8439611,506100405.8439611,0.0,0.0,1284.5
2024-03-22 14:30:00,FLAT,506100405.8439611,506100405.8439611,0.0,0.0,1287.9
2024-03-25 09:00:00,FLAT,506100405.8439611,506100405.8439611,0.0,0.0,1276.3
2024-03-25 09:15:00,FLAT,506100405.8439611,506100405.8439611,0.0,0.0,1280.0
2024-03-25 09:30:00,FLAT,506100405.8439611,506100405.8439611,0.0,0.0,1280.6
2024-03-25 09:45:00,FLAT,506100405.8439611,506100405.8439611,0.0,0.0,1284.4
2024-03-25 10:00:00,FLAT,506100405.8439611,506100405.8439611,0.0,0.0,1283.4
2024-03-25 10:15:00,FLAT,506100405.8439611,506100405.8439611,0.0,0.0,1287.2
2024-03-25 10:30:00,LONG,505984746.2904309,504541056.0889771,-1443690.2014538192,0.0,1282.7
2024-03-25 10:45:00,LONG,505984746.2904309,504121056.08897704,-1863690.2014538464,0.0,1282.0
2024-03-25 11:00:00,LONG,505984746.2904309,504241056.0889771,-1743690.2014538192,0.0,1282.2
2024-03-25 11:15:00,LONG,505984746.2904309,504661056.0889771,-1323690.201453792,0.0,1282.9
2024-03-25 13:00:00,LONG,505984746.2904309,504241056.0889771,-1743690.2014538192,0.0,1282.2
2024-03-25 13:15:00,LONG,505984746.2904309,502261056.0889771,-3723690.201453792,0.0,1278.9
2024-03-25 13:30:00,FLAT,500586189.08897704,500586189.08897704,0.0,0.0,1279.2
2024-03-25 13:45:00,FLAT,500586189.08897704,500586189.08897704,0.0,0.0,1278.8
2024-03-25 14:00:00,FLAT,500586189.08897704,500586189.08897704,0.0,0.0,1275.0
2024-03-25 14:15:00,FLAT,500586189.08897704,500586189.08897704,0.0,0.0,1271.5
2024-03-25 14:30:00,FLAT,500586189.08897704,500586189.08897704,0.0,0.0,1272.0
2024-03-26 09:00:00,FLAT,500586189.08897704,500586189.08897704,0.0,0.0,1272.1
2024-03-26 09:15:00,FLAT,500586189.08897704,500586189.08897704,0.0,0.0,1271.4
2024-03-26 09:30:00,FLAT,500586189.08897704,500586189.08897704,0.0,0.0,1272.0
2024-03-26 09:45:00,FLAT,500586189.08897704,500586189.08897704,0.0,0.0,1270.5
2024-03-26 10:00:00,FLAT,500586189.08897704,500586189.08897704,0.0,0.0,1273.8
2024-03-26 10:15:00,FLAT,500586189.08897704,500586189.08897704,0.0,0.0,1273.8
2024-03-26 10:30:00,FLAT,500586189.08897704,500586189.08897704,0.0,0.0,1274.5
2024-03-26 10:45:00,LONG,500452329.27835774,500273591.81651074,-178737.4618469812,0.0,1274.6
2024-03-26 11:00:00,LONG,500452329.27835774,502513591.8165108,2061262.5381530507,0.0,1277.8
2024-03-26 11:15:00,LONG,500452329.27835774,503283591.8165109,2831262.538153146,0.0,1278.9
2024-03-26 13:00:00,LONG,500452329.27835774,502583591.8165109,2131262.538153146,0.0,1277.9
2024-03-26 13:15:00,LONG,500452329.27835774,502863591.8165108,2411262.5381530505,0.0,1278.3
2024-03-26 13:30:00,LONG,500452329.27835774,506503591.8165108,6051262.538153082,0.0,1283.5
2024-03-26 13:45:00,FLAT,508599651.875104,508599651.875104,0.0,0.0,1286.5
2024-03-26 14:00:00,FLAT,508599651.875104,508599651.875104,0.0,0.0,1283.9
2024-03-26 14:15:00,FLAT,508599651.875104,508599651.875104,0.0,0.0,1287.5
2024-03-26 14:30:00,FLAT,508599651.875104,508599651.875104,0.0,0.0,1288.0
2024-03-27 09:00:00,FLAT,508599651.875104,508599651.875104,0.0,0.0,1285.4
2024-03-27 09:15:00,FLAT,508599651.875104,508599651.875104,0.0,0.0,1286.9
2024-03-27 09:30:00,FLAT,508599651.875104,508599651.875104,0.0,0.0,1288.6
2024-03-27 09:45:00,FLAT,508599651.875104,508599651.875104,0.0,0.0,1287.0
2024-03-27 10:00:00,FLAT,508599651.875104,508599651.875104,0.0,0.0,1285.2
2024-03-27 10:15:00,FLAT,508599651.875104,508599651.875104,0.0,0.0,1284.8
2024-03-27 10:30:00,FLAT,508599651.875104,508599651.875104,0.0,0.0,1284.7
2024-03-27 10:45:00,FLAT,508599651.875104,508599651.875104,0.0,0.0,1281.1
2024-03-27 11:00:00,FLAT,508599651.875104,508599651.875104,0.0,0.0,1281.4
2024-03-27 11:15:00,FLAT,508599651.875104,508599651.875104,0.0,0.0,1281.1
2024-03-27 13:00:00,FLAT,508599651.875104,508599651.875104,0.0,0.0,1282.4
2024-03-27 13:15:00,FLAT,508599651.875104,508599651.875104,0.0,0.0,1283.6
2024-03-27 13:30:00,FLAT,508599651.875104,508599651.875104,0.0,0.0,1284.4
2024-03-27 13:45:00,FLAT,508599651.875104,508599651.875104,0.0,0.0,1285.6
2024-03-27 14:00:00,FLAT,508599651.875104,508599651.875104,0.0,0.0,1287.0
2024-03-27 14:15:00,FLAT,508599651.875104,508599651.875104,0.0,0.0,1285.4
2024-03-27 14:30:00,FLAT,508599651.875104,508599651.875104,0.0,0.0,1286.0
2024-03-28 09:00:00,FLAT,508599651.875104,508599651.875104,0.0,0.0,1299.7
2024-03-28 09:15:00,FLAT,508599651.875104,508599651.875104,0.0,0.0,1300.2
2024-03-28 09:30:00,FLAT,508599651.875104,508599651.875104,0.0,0.0,1301.5
2024-03-28 09:45:00,FLAT,508599651.875104,508599651.875104,0.0,0.0,1300.3
2024-03-28 10:00:00,FLAT,508599651.875104,508599651.875104,0.0,0.0,1299.6
2024-03-28 10:15:00,FLAT,508599651.875104,508599651.875104,0.0,0.0,1299.0
2024-03-28 10:30:00,FLAT,508599651.875104,508599651.875104,0.0,0.0,1297.2
2024-03-28 10:45:00,FLAT,508599651.875104,508599651.875104,0.0,0.0,1296.8
2024-03-28 11:00:00,FLAT,508599651.875104,508599651.875104,0.0,0.0,1296.5
2024-03-28 11:15:00,FLAT,508599651.875104,508599651.875104,0.0,0.0,1296.7
2024-03-28 13:00:00,FLAT,508599651.875104,508599651.875104,0.0,0.0,1299.9
2024-03-28 13:15:00,FLAT,508599651.875104,508599651.875104,0.0,0.0,1300.7
2024-03-28 13:30:00,FLAT,508599651.875104,508599651.875104,0.0,0.0,1299.0
2024-03-28 13:45:00,FLAT,508599651.875104,508599651.875104,0.0,0.0,1297.3
2024-03-28 14:00:00,FLAT,508599651.875104,508599651.875104,0.0,0.0,1296.5
2024-03-28 14:15:00,FLAT,508599651.875104,508599651.875104,0.0,0.0,1305.0
2024-03-28 14:30:00,FLAT,508599651.875104,508599651.875104,0.0,0.0,1308.0
2024-03-29 09:00:00,FLAT,508599651.875104,508599651.875104,0.0,0.0,1304.5
2024-03-29 09:15:00,FLAT,508599651.875104,508599651.875104,0.0,0.0,1301.8
2024-03-29 09:30:00,FLAT,508599651.875104,508599651.875104,0.0,0.0,1302.1
2024-03-29 09:45:00,FLAT,508599651.875104,508599651.875104,0.0,0.0,1298.5
2024-03-29 10:00:00,FLAT,508599651.875104,508599651.875104,0.0,0.0,1298.2
2024-03-29 10:15:00,FLAT,508599651.875104,508599651.875104,0.0,0.0,1298.4
2024-03-29 10:30:00,FLAT,508599651.875104,508599651.875104,0.0,0.0,1297.7
2024-03-29 10:45:00,FLAT,508599651.875104,508599651.875104,0.0,0.0,1297.1
2024-03-29 11:00:00,FLAT,508599651.875104,508599651.875104,0.0,0.0,1297.2
2024-03-29 11:15:00,FLAT,508599651.875104,508599651.875104,0.0,0.0,1297.3
2024-03-29 13:00:00,FLAT,508599651.875104,508599651.875104,0.0,0.0,1298.0
2024-03-29 13:15:00,FLAT,508599651.875104,508599651.875104,0.0,0.0,1298.7
2024-03-29 13:30:00,FLAT,508599651.875104,508599651.875104,0.0,0.0,1300.4
2024-03-29 13:45:00,FLAT,508599651.875104,508599651.875104,0.0,0.0,1300.2
2024-03-29 14:00:00,FLAT,508599651.875104,508599651.875104,0.0,0.0,1298.1
2024-03-29 14:15:00,FLAT,508599651.875104,508599651.875104,0.0,0.0,1299.3
2024-03-29 14:30:00,FLAT,508599651.875104,508599651.875104,0.0,0.0,1299.1
2024-04-01 09:00:00,FLAT,508599651.875104,508599651.875104,0.0,0.0,1291.5
2024-04-01 09:15:00,FLAT,508599651.875104,508599651.875104,0.0,0.0,1292.6
2024-04-01 09:30:00,FLAT,508599651.875104,508599651.875104,0.0,0.0,1296.6
2024-04-01 09:45:00,FLAT,508599651.875104,508599651.875104,0.0,0.0,1298.3
2024-04-01 10:00:00,FLAT,508599651.875104,508599651.875104,0.0,0.0,1297.5
2024-04-01 10:15:00,FLAT,508599651.875104,508599651.875104,0.0,0.0,1296.8
2024-04-01 10:30:00,FLAT,508599651.875104,508599651.875104,0.0,0.0,1293.0
2024-04-01 10:45:00,FLAT,508599651.875104,508599651.875104,0.0,0.0,1292.0
2024-04-01 11:00:00,FLAT,508599651.875104,508599651.875104,0.0,0.0,1286.8
2024-04-01 11:15:00,FLAT,508599651.875104,508599651.875104,0.0,0.0,1286.4
2024-04-01 13:00:00,FLAT,508599651.875104,508599651.875104,0.0,0.0,1287.9
2024-04-01 13:15:00,FLAT,508599651.875104,508599651.875104,0.0,0.0,1289.0
2024-04-01 13:30:00,FLAT,508599651.875104,508599651.875104,0.0,0.0,1284.6
2024-04-01 13:45:00,FLAT,508599651.875104,508599651.875104,0.0,0.0,1290.5
2024-04-01 14:00:00,LONG,508406038.035392,511047106.6218771,2641068.5864850623,0.0,1293.4
2024-04-01 14:15:00,FLAT,509453306.62187696,509453306.62187696,0.0,0.0,1292.5
2024-04-01 14:30:00,FLAT,509453306.62187696,509453306.62187696,0.0,0.0,1293.9
2024-04-02 09:00:00,FLAT,509453306.62187696,509453306.62187696,0.0,0.0,1280.2
2024-04-02 09:15:00,FLAT,509453306.62187696,509453306.62187696,0.0,0.0,1281.6
2024-04-02 09:30:00,FLAT,509453306.62187696,509453306.62187696,0.0,0.0,1276.6
2024-04-02 09:45:00,FLAT,509453306.62187696,509453306.62187696,0.0,0.0,1277.8
2024-04-02 10:00:00,FLAT,509453306.62187696,509453306.62187696,0.0,0.0,1278.3
2024-04-02 10:15:00,FLAT,509453306.62187696,509453306.62187696,0.0,0.0,1278.8
2024-04-02 10:30:00,FLAT,509453306.62187696,509453306.62187696,0.0,0.0,1277.8
2024-04-02 10:45:00,FLAT,509453306.62187696,509453306.62187696,0.0,0.0,1277.3
2024-04-02 11:00:00,FLAT,509453306.62187696,509453306.62187696,0.0,0.0,1277.7
2024-04-02 11:15:00,FLAT,509453306.62187696,509453306.62187696,0.0,0.0,1283.1
2024-04-02 13:00:00,FLAT,509453306.62187696,509453306.62187696,0.0,0.0,1284.7
2024-04-02 13:15:00,FLAT,509453306.62187696,509453306.62187696,0.0,0.0,1282.7
2024-04-02 13:30:00,FLAT,509453306.62187696,509453306.62187696,0.0,0.0,1286.8
2024-04-02 13:45:00,FLAT,509453306.62187696,509453306.62187696,0.0,0.0,1286.8
2024-04-02 14:00:00,FLAT,509453306.62187696,509453306.62187696,0.0,0.0,1288.8
2024-04-02 14:15:00,FLAT,509764760.29393494,509764760.29393494,0.0,0.0,1289.4
2024-04-02 14:30:00,FLAT,509764760.29393494,509764760.29393494,0.0,0.0,1291.9
2024-04-03 09:00:00,FLAT,509764760.29393494,509764760.29393494,0.0,0.0,1284.8
2024-04-03 09:15:00,FLAT,509764760.29393494,509764760.29393494,0.0,0.0,1283.7
2024-04-03 09:30:00,FLAT,509764760.29393494,509764760.29393494,0.0,0.0,1283.4
2024-04-03 09:45:00,FLAT,509764760.29393494,509764760.29393494,0.0,0.0,1285.0
2024-04-03 10:00:00,FLAT,509764760.29393494,509764760.29393494,0.0,0.0,1287.3
2024-04-03 10:15:00,FLAT,509764760.29393494,509764760.29393494,0.0,0.0,1285.7
2024-04-03 10:30:00,FLAT,509764760.29393494,509764760.29393494,0.0,0.0,1284.6
2024-04-03 10:45:00,FLAT,509764760.29393494,509764760.29393494,0.0,0.0,1282.9
2024-04-03 11:00:00,FLAT,509764760.29393494,509764760.29393494,0.0,0.0,1280.2
2024-04-03 11:15:00,FLAT,509764760.29393494,509764760.29393494,0.0,0.0,1280.7
2024-04-03 13:00:00,FLAT,509764760.29393494,509764760.29393494,0.0,0.0,1279.0
2024-04-03 13:15:00,FLAT,509764760.29393494,509764760.29393494,0.0,0.0,1280.3
2024-04-03 13:30:00,FLAT,509764760.29393494,509764760.29393494,0.0,0.0,1281.8
2024-04-03 13:45:00,FLAT,509764760.29393494,509764760.29393494,0.0,0.0,1278.7
2024-04-03 14:00:00,FLAT,509764760.29393494,509764760.29393494,0.0,0.0,1280.9
2024-04-03 14:15:00,FLAT,509764760.29393494,509764760.29393494,0.0,0.0,1272.7
2024-04-03 14:30:00,FLAT,509764760.29393494,509764760.29393494,0.0,0.0,1271.9
2024-04-04 09:00:00,FLAT,509764760.29393494,509764760.29393494,0.0,0.0,1277.2
2024-04-04 09:15:00,FLAT,509764760.29393494,509764760.29393494,0.0,0.0,1278.0
2024-04-04 09:30:00,FLAT,509764760.29393494,509764760.29393494,0.0,0.0,1278.3
2024-04-04 09:45:00,FLAT,509764760.29393494,509764760.29393494,0.0,0.0,1278.0
2024-04-04 10:00:00,FLAT,509764760.29393494,509764760.29393494,0.0,0.0,1279.9
2024-04-04 10:15:00,LONG,509572813.00864965,508524244.4400598,-1048568.5685898715,0.0,1278.6
2024-04-04 10:30:00,FLAT,505032949.44005984,505032949.44005984,0.0,0.0,1276.1
2024-04-04 10:45:00,FLAT,505032949.44005984,505032949.44005984,0.0,0.0,1274.8
2024-04-04 11:00:00,FLAT,505032949.44005984,505032949.44005984,0.0,0.0,1273.6
2024-04-04 11:15:00,FLAT,505032949.44005984,505032949.44005984,0.0,0.0,1271.0
2024-04-04 13:00:00,FLAT,505032949.44005984,505032949.44005984,0.0,0.0,1271.4
2024-04-04 13:15:00,FLAT,505032949.44005984,505032949.44005984,0.0,0.0,1272.3
2024-04-04 13:30:00,FLAT,505032949.44005984,505032949.44005984,0.0,0.0,1272.5
2024-04-04 13:45:00,FLAT,505032949.44005984,505032949.44005984,0.0,0.0,1271.1
2024-04-04 14:00:00,FLAT,505032949.44005984,505032949.44005984,0.0,0.0,1273.8
2024-04-04 14:15:00,FLAT,505032949.44005984,505032949.44005984,0.0,0.0,1269.7
2024-04-04 14:30:00,FLAT,505032949.44005984,505032949.44005984,0.0,0.0,1267.0
2024-04-05 09:00:00,FLAT,505032949.44005984,505032949.44005984,0.0,0.0,1255.4
2024-04-05 09:15:00,FLAT,505032949.44005984,505032949.44005984,0.0,0.0,1256.7
2024-04-05 09:30:00,FLAT,505032949.44005984,505032949.44005984,0.0,0.0,1257.5
2024-04-05 09:45:00,FLAT,505032949.44005984,505032949.44005984,0.0,0.0,1256.5
2024-04-05 10:00:00,FLAT,505032949.44005984,505032949.44005984,0.0,0.0,1254.6
2024-04-05 10:15:00,FLAT,505032949.44005984,505032949.44005984,0.0,0.0,1256.1
2024-04-05 10:30:00,FLAT,505032949.44005984,505032949.44005984,0.0,0.0,1256.2
2024-04-05 10:45:00,FLAT,505032949.44005984,505032949.44005984,0.0,0.0,1256.9
2024-04-05 11:00:00,FLAT,505032949.44005984,505032949.44005984,0.0,0.0,1257.0
2024-04-05 11:15:00,FLAT,505032949.44005984,505032949.44005984,0.0,0.0,1258.3
2024-04-05 13:00:00,FLAT,505032949.44005984,505032949.44005984,0.0,0.0,1259.6
2024-04-05 13:15:00,FLAT,505032949.44005984,505032949.44005984,0.0,0.0,1260.7
2024-04-05 13:30:00,FLAT,505032949.44005984,505032949.44005984,0.0,0.0,1259.5
2024-04-05 13:45:00,FLAT,505032949.44005984,505032949.44005984,0.0,0.0,1258.6
2024-04-05 14:00:00,FLAT,505032949.44005984,505032949.44005984,0.0,0.0,1263.9
2024-04-05 14:15:00,FLAT,500420898.5423269,500420898.5423269,0.0,0.0,1257.2
2024-04-05 14:30:00,FLAT,500420898.5423269,500420898.5423269,0.0,0.0,1256.6
2024-04-08 09:00:00,FLAT,500420898.5423269,500420898.5423269,0.0,0.0,1256.2
2024-04-08 09:15:00,FLAT,500420898.5423269,500420898.5423269,0.0,0.0,1254.0
2024-04-08 09:30:00,FLAT,500420898.5423269,500420898.5423269,0.0,0.0,1254.3
2024-04-08 09:45:00,FLAT,500420898.5423269,500420898.5423269,0.0,0.0,1252.0
2024-04-08 10:00:00,FLAT,500420898.5423269,500420898.5423269,0.0,0.0,1248.6
2024-04-08 10:15:00,FLAT,500420898.5423269,500420898.5423269,0.0,0.0,1251.3
2024-04-08 10:30:00,FLAT,500420898.5423269,500420898.5423269,0.0,0.0,1251.9
2024-04-08 10:45:00,FLAT,500420898.5423269,500420898.5423269,0.0,0.0,1249.4
2024-04-08 11:00:00,FLAT,500420898.5423269,500420898.5423269,0.0,0.0,1249.5
2024-04-08 11:15:00,FLAT,500420898.5423269,500420898.5423269,0.0,0.0,1250.2
2024-04-08 13:00:00,FLAT,500420898.5423269,500420898.5423269,0.0,0.0,1252.8
2024-04-08 13:15:00,FLAT,500420898.5423269,500420898.5423269,0.0,0.0,1254.9
2024-04-08 13:30:00,FLAT,500420898.5423269,500420898.5423269,0.0,0.0,1256.8
2024-04-08 13:45:00,FLAT,500420898.5423269,500420898.5423269,0.0,0.0,1256.8
2024-04-08 14:00:00,LONG,500232590.7150593,500847075.59738594,614484.8823266784,0.0,1256.0
2024-04-08 14:15:00,FLAT,496459305.5973859,496459305.5973859,0.0,0.0,1252.3
2024-04-08 14:30:00,FLAT,496459305.5973859,496459305.5973859,0.0,0.0,1253.0
2024-04-09 09:00:00,FLAT,496459305.5973859,496459305.5973859,0.0,0.0,1257.5
2024-04-09 09:15:00,FLAT,496459305.5973859,496459305.5973859,0.0,0.0,1256.3
2024-04-09 09:30:00,FLAT,496459305.5973859,496459305.5973859,0.0,0.0,1257.2
2024-04-09 09:45:00,FLAT,496459305.5973859,496459305.5973859,0.0,0.0,1256.9
2024-04-09 10:00:00,FLAT,496459305.5973859,496459305.5973859,0.0,0.0,1256.8
2024-04-09 10:15:00,FLAT,496459305.5973859,496459305.5973859,0.0,0.0,1255.0
2024-04-09 10:30:00,FLAT,496459305.5973859,496459305.5973859,0.0,0.0,1255.8
2024-04-09 10:45:00,FLAT,496459305.5973859,496459305.5973859,0.0,0.0,1254.8
2024-04-09 11:00:00,FLAT,496459305.5973859,496459305.5973859,0.0,0.0,1256.6
2024-04-09 11:15:00,FLAT,496459305.5973859,496459305.5973859,0.0,0.0,1258.6
2024-04-09 13:00:00,FLAT,496459305.5973859,496459305.5973859,0.0,0.0,1259.7
2024-04-09 13:15:00,FLAT,496459305.5973859,496459305.5973859,0.0,0.0,1259.7
2024-04-09 13:30:00,FLAT,496459305.5973859,496459305.5973859,0.0,0.0,1260.6
2024-04-09 13:45:00,FLAT,496459305.5973859,496459305.5973859,0.0,0.0,1260.8
2024-04-09 14:00:00,FLAT,496459305.5973859,496459305.5973859,0.0,0.0,1262.8
2024-04-09 14:15:00,FLAT,496459305.5973859,496459305.5973859,0.0,0.0,1263.1
2024-04-09 14:30:00,FLAT,496459305.5973859,496459305.5973859,0.0,0.0,1261.8
2024-04-10 09:00:00,FLAT,496459305.5973859,496459305.5973859,0.0,0.0,1268.9
2024-04-10 09:15:00,FLAT,496459305.5973859,496459305.5973859,0.0,0.0,1268.7
2024-04-10 09:30:00,FLAT,496459305.5973859,496459305.5973859,0.0,0.0,1270.6
2024-04-10 09:45:00,LONG,496306798.04529536,495589784.1086409,-717013.936654439,0.0,1270.0
2024-04-10 10:00:00,LONG,496306798.04529536,496789784.1086409,482986.063345561,0.0,1271.5
2024-04-10 10:15:00,LONG,496306798.04529536,495669784.10864085,-637013.9366545118,0.0,1270.1
2024-04-10 10:30:00,LONG,496306798.04529536,495589784.1086409,-717013.936654439,0.0,1270.0
2024-04-10 10:45:00,LONG,496306798.04529536,494869784.10864085,-1437013.9366545118,0.0,1269.1
2024-04-10 11:00:00,LONG,496306798.04529536,494869784.10864085,-1437013.9366545118,0.0,1269.1
2024-04-10 11:15:00,LONG,496306798.04529536,494709784.10864097,-1597013.9366543663,0.0,1268.9
2024-04-10 13:00:00,LONG,496306798.04529536,494869784.10864085,-1437013.9366545118,0.0,1269.1
2024-04-10 13:15:00,LONG,496306798.04529536,493189784.1086409,-3117013.936654439,0.0,1267.0
2024-04-10 13:30:00,FLAT,492177151.6802471,492177151.6802471,0.0,0.0,1266.2
2024-04-10 13:45:00,FLAT,492177151.6802471,492177151.6802471,0.0,0.0,1265.1
2024-04-10 14:00:00,FLAT,492177151.6802471,492177151.6802471,0.0,0.0,1265.8
2024-04-10 14:15:00,FLAT,492177151.6802471,492177151.6802471,0.0,0.0,1259.9
2024-04-10 14:30:00,FLAT,492177151.6802471,492177151.6802471,0.0,0.0,1258.3
2024-04-11 09:00:00,FLAT,492177151.6802471,492177151.6802471,0.0,0.0,1252.6
2024-04-11 09:15:00,FLAT,492177151.6802471,492177151.6802471,0.0,0.0,1253.8
2024-04-11 09:30:00,FLAT,492177151.6802471,492177151.6802471,0.0,0.0,1255.7
2024-04-11 09:45:00,FLAT,492177151.6802471,492177151.6802471,0.0,0.0,1255.9
2024-04-11 10:00:00,FLAT,492177151.6802471,492177151.6802471,0.0,0.0,1256.9
2024-04-11 10:15:00,FLAT,492177151.6802471,492177151.6802471,0.0,0.0,1257.9
2024-04-11 10:30:00,FLAT,492177151.6802471,492177151.6802471,0.0,0.0,1257.7
2024-04-11 10:45:00,FLAT,492177151.6802471,492177151.6802471,0.0,0.0,1256.6
2024-04-11 11:00:00,FLAT,492177151.6802471,492177151.6802471,0.0,0.0,1256.1
2024-04-11 11:15:00,FLAT,492177151.6802471,492177151.6802471,0.0,0.0,1259.2
2024-04-11 13:00:00,FLAT,492177151.6802471,492177151.6802471,0.0,0.0,1260.3
2024-04-11 13:15:00,FLAT,492177151.6802471,492177151.6802471,0.0,0.0,1260.3
2024-04-11 13:30:00,FLAT,492177151.6802471,492177151.6802471,0.0,0.0,1262.2
2024-04-11 13:45:00,FLAT,492177151.6802471,492177151.6802471,0.0,0.0,1261.3
2024-04-11 14:00:00,FLAT,492177151.6802471,492177151.6802471,0.0,0.0,1262.6
2024-04-11 14:15:00,FLAT,492177151.6802471,492177151.6802471,0.0,0.0,1261.0
2024-04-11 14:30:00,FLAT,492177151.6802471,492177151.6802471,0.0,0.0,1264.0
2024-04-12 09:00:00,FLAT,492177151.6802471,492177151.6802471,0.0,0.0,1267.7
2024-04-12 09:15:00,FLAT,492177151.6802471,492177151.6802471,0.0,0.0,1266.0
2024-04-12 09:30:00,FLAT,492177151.6802471,492177151.6802471,0.0,0.0,1265.4
2024-04-12 09:45:00,FLAT,492177151.6802471,492177151.6802471,0.0,0.0,1263.2
2024-04-12 10:00:00,FLAT,492177151.6802471,492177151.6802471,0.0,0.0,1263.3
2024-04-12 10:15:00,FLAT,492177151.6802471,492177151.6802471,0.0,0.0,1261.7
2024-04-12 10:30:00,FLAT,492177151.6802471,492177151.6802471,0.0,0.0,1261.7
2024-04-12 10:45:00,FLAT,492177151.6802471,492177151.6802471,0.0,0.0,1264.1
2024-04-12 11:00:00,FLAT,492177151.6802471,492177151.6802471,0.0,0.0,1265.0
2024-04-12 11:15:00,FLAT,492177151.6802471,492177151.6802471,0.0,0.0,1265.7
2024-04-12 13:00:00,FLAT,492177151.6802471,492177151.6802471,0.0,0.0,1264.8
2024-04-12 13:15:00,FLAT,492177151.6802471,492177151.6802471,0.0,0.0,1267.2
2024-04-12 13:30:00,FLAT,492177151.6802471,492177151.6802471,0.0,0.0,1272.1
2024-04-12 13:45:00,FLAT,492177151.6802471,492177151.6802471,0.0,0.0,1271.8
2024-04-12 14:00:00,FLAT,492177151.6802471,492177151.6802471,0.0,0.0,1281.1
2024-04-12 14:15:00,FLAT,492177151.6802471,492177151.6802471,0.0,0.0,1282.9
2024-04-12 14:30:00,FLAT,492177151.6802471,492177151.6802471,0.0,0.0,1288.8
2024-04-15 09:00:00,FLAT,492177151.6802471,492177151.6802471,0.0,0.0,1277.9
2024-04-15 09:15:00,FLAT,492177151.6802471,492177151.6802471,0.0,0.0,1283.0
2024-04-15 09:30:00,FLAT,492177151.6802471,492177151.6802471,0.0,0.0,1278.9
2024-04-15 09:45:00,FLAT,492177151.6802471,492177151.6802471,0.0,0.0,1279.6
2024-04-15 10:00:00,FLAT,492177151.6802471,492177151.6802471,0.0,0.0,1276.8
2024-04-15 10:15:00,FLAT,492177151.6802471,492177151.6802471,0.0,0.0,1276.2
2024-04-15 10:30:00,FLAT,492177151.6802471,492177151.6802471,0.0,0.0,1275.1
2024-04-15 10:45:00,FLAT,492177151.6802471,492177151.6802471,0.0,0.0,1276.2
2024-04-15 11:00:00,FLAT,492177151.6802471,492177151.6802471,0.0,0.0,1275.2
2024-04-15 11:15:00,FLAT,492177151.6802471,492177151.6802471,0.0,0.0,1272.8
2024-04-15 13:00:00,FLAT,492177151.6802471,492177151.6802471,0.0,0.0,1274.3
2024-04-15 13:15:00,FLAT,492177151.6802471,492177151.6802471,0.0,0.0,1276.2
2024-04-15 13:30:00,FLAT,492177151.6802471,492177151.6802471,0.0,0.0,1274.7
2024-04-15 13:45:00,FLAT,492177151.6802471,492177151.6802471,0.0,0.0,1272.0
2024-04-15 14:00:00,FLAT,492177151.6802471,492177151.6802471,0.0,0.0,1263.8
2024-04-15 14:15:00,FLAT,492177151.6802471,492177151.6802471,0.0,0.0,1234.9
2024-04-15 14:30:00,FLAT,492177151.6802471,492177151.6802471,0.0,0.0,1237.0
2024-04-16 09:00:00,FLAT,492177151.6802471,492177151.6802471,0.0,0.0,1235.4
2024-04-16 09:15:00,FLAT,492177151.6802471,492177151.6802471,0.0,0.0,1233.0
2024-04-16 09:30:00,FLAT,492177151.6802471,492177151.6802471,0.0,0.0,1228.7
2024-04-16 09:45:00,FLAT,492177151.6802471,492177151.6802471,0.0,0.0,1232.1
2024-04-16 10:00:00,FLAT,492177151.6802471,492177151.6802471,0.0,0.0,1231.8
2024-04-16 10:15:00,FLAT,492177151.6802471,492177151.6802471,0.0,0.0,1233.3
2024-04-16 10:30:00,FLAT,492177151.6802471,492177151.6802471,0.0,0.0,1226.2
2024-04-16 10:45:00,FLAT,492177151.6802471,492177151.6802471,0.0,0.0,1226.2
2024-04-16 11:00:00,FLAT,492177151.6802471,492177151.6802471,0.0,0.0,1228.0
2024-04-16 11:15:00,FLAT,492177151.6802471,492177151.6802471,0.0,0.0,1226.0
2024-04-16 13:00:00,FLAT,492177151.6802471,492177151.6802471,0.0,0.0,1225.0
2024-04-16 13:15:00,FLAT,492177151.6802471,492177151.6802471,0.0,0.0,1222.8
2024-04-16 13:30:00,FLAT,492177151.6802471,492177151.6802471,0.0,0.0,1224.2
2024-04-16 13:45:00,FLAT,492177151.6802471,492177151.6802471,0.0,0.0,1226.7
2024-04-16 14:00:00,FLAT,492177151.6802471,492177151.6802471,0.0,0.0,1227.1
2024-04-16 14:15:00,FLAT,492177151.6802471,492177151.6802471,0.0,0.0,1228.0
2024-04-16 14:30:00,FLAT,492177151.6802471,492177151.6802471,0.0,0.0,1229.8
2024-04-17 09:00:00,FLAT,492177151.6802471,492177151.6802471,0.0,0.0,1232.9
2024-04-17 09:15:00,FLAT,492177151.6802471,492177151.6802471,0.0,0.0,1230.0
2024-04-17 09:30:00,FLAT,492177151.6802471,492177151.6802471,0.0,0.0,1231.3
2024-04-17 09:45:00,FLAT,492177151.6802471,492177151.6802471,0.0,0.0,1231.0
2024-04-17 10:00:00,FLAT,492177151.6802471,492177151.6802471,0.0,0.0,1228.6
2024-04-17 10:15:00,FLAT,492177151.6802471,492177151.6802471,0.0,0.0,1226.4
2024-04-17 10:30:00,FLAT,492177151.6802471,492177151.6802471,0.0,0.0,1224.6
2024-04-17 10:45:00,FLAT,492177151.6802471,492177151.6802471,0.0,0.0,1225.0
2024-04-17 11:00:00,FLAT,492177151.6802471,492177151.6802471,0.0,0.0,1227.0
2024-04-17 11:15:00,FLAT,492177151.6802471,492177151.6802471,0.0,0.0,1226.9
2024-04-17 13:00:00,FLAT,492177151.6802471,492177151.6802471,0.0,0.0,1226.5
2024-04-17 13:15:00,FLAT,492177151.6802471,492177151.6802471,0.0,0.0,1225.7
2024-04-17 13:30:00,FLAT,492177151.6802471,492177151.6802471,0.0,0.0,1225.8
2024-04-17 13:45:00,FLAT,492177151.6802471,492177151.6802471,0.0,0.0,1219.3
2024-04-17 14:00:00,FLAT,492177151.6802471,492177151.6802471,0.0,0.0,1214.2
2024-04-17 14:15:00,FLAT,492177151.6802471,492177151.6802471,0.0,0.0,1215.0
2024-04-17 14:30:00,FLAT,492177151.6802471,492177151.6802471,0.0,0.0,1211.1
2024-04-19 09:00:00,FLAT,492177151.6802471,492177151.6802471,0.0,0.0,1198.0
2024-04-19 09:15:00,FLAT,492177151.6802471,492177151.6802471,0.0,0.0,1198.4
2024-04-19 09:30:00,FLAT,492177151.6802471,492177151.6802471,0.0,0.0,1203.7
2024-04-19 09:45:00,FLAT,492177151.6802471,492177151.6802471,0.0,0.0,1201.6
2024-04-19 10:00:00,FLAT,492177151.6802471,492177151.6802471,0.0,0.0,1201.3
2024-04-19 10:15:00,FLAT,492177151.6802471,492177151.6802471,0.0,0.0,1202.3
2024-04-19 10:30:00,FLAT,492177151.6802471,492177151.6802471,0.0,0.0,1196.0
2024-04-19 10:45:00,FLAT,492177151.6802471,492177151.6802471,0.0,0.0,1196.6
2024-04-19 11:00:00,FLAT,492177151.6802471,492177151.6802471,0.0,0.0,1196.4
2024-04-19 11:15:00,FLAT,492177151.6802471,492177151.6802471,0.0,0.0,1194.5
2024-04-19 13:00:00,FLAT,492177151.6802471,492177151.6802471,0.0,0.0,1200.2
2024-04-19 13:15:00,FLAT,492177151.6802471,492177151.6802471,0.0,0.0,1197.4
2024-04-19 13:30:00,FLAT,492177151.6802471,492177151.6802471,0.0,0.0,1199.5
2024-04-19 13:45:00,FLAT,492177151.6802471,492177151.6802471,0.0,0.0,1208.0
2024-04-19 14:00:00,FLAT,492177151.6802471,492177151.6802471,0.0,0.0,1207.0
2024-04-19 14:15:00,FLAT,489199458.1535087,489199458.1535087,0.0,0.0,1197.3
2024-04-19 14:30:00,FLAT,489199458.1535087,489199458.1535087,0.0,0.0,1196.6
2024-04-22 09:00:00,FLAT,489199458.1535087,489199458.1535087,0.0,0.0,1206.0
2024-04-22 09:15:00,FLAT,489199458.1535087,489199458.1535087,0.0,0.0,1204.3
2024-04-22 09:30:00,FLAT,489199458.1535087,489199458.1535087,0.0,0.0,1204.8
2024-04-22 09:45:00,FLAT,489199458.1535087,489199458.1535087,0.0,0.0,1206.7
2024-04-22 10:00:00,FLAT,489199458.1535087,489199458.1535087,0.0,0.0,1207.4
2024-04-22 10:15:00,FLAT,489199458.1535087,489199458.1535087,0.0,0.0,1207.3
2024-04-22 10:30:00,FLAT,489199458.1535087,489199458.1535087,0.0,0.0,1211.3
2024-04-22 10:45:00,FLAT,489199458.1535087,489199458.1535087,0.0,0.0,1210.5
2024-04-22 11:00:00,LONG,489126822.2505632,488607469.2803239,-519352.97023928794,0.0,1209.3
2024-04-22 11:15:00,LONG,489126822.2505632,486887469.2803239,-2239352.9702392695,0.0,1205.0
2024-04-22 13:00:00,LONG,489126822.2505632,487527469.2803239,-1599352.970239306,0.0,1206.6
2024-04-22 13:15:00,LONG,489126822.2505632,488207469.2803239,-919352.9702392879,0.0,1208.3
2024-04-22 13:30:00,LONG,489126822.2505632,488087469.2803239,-1039352.9702392698,0.0,1208.0
2024-04-22 13:45:00,LONG,489126822.2505632,490127469.2803239,1000647.0297606939,0.0,1213.1
2024-04-22 14:00:00,LONG,489126822.2505632,489407469.2803239,280647.02976071206,0.0,1211.3
2024-04-22 14:15:00,FLAT,487415079.2803239,487415079.2803239,0.0,0.0,1207.0
2024-04-22 14:30:00,FLAT,487415079.2803239,487415079.2803239,0.0,0.0,1206.0
2024-04-23 09:00:00,FLAT,487415079.2803239,487415079.2803239,0.0,0.0,1207.6
2024-04-23 09:15:00,FLAT,487415079.2803239,487415079.2803239,0.0,0.0,1209.6
2024-04-23 09:30:00,FLAT,487415079.2803239,487415079.2803239,0.0,0.0,1210.8
2024-04-23 09:45:00,FLAT,487415079.2803239,487415079.2803239,0.0,0.0,1210.4
2024-04-23 10:00:00,FLAT,487415079.2803239,487415079.2803239,0.0,0.0,1206.1
2024-04-23 10:15:00,FLAT,487415079.2803239,487415079.2803239,0.0,0.0,1206.3
2024-04-23 10:30:00,FLAT,487415079.2803239,487415079.2803239,0.0,0.0,1206.4
2024-04-23 10:45:00,FLAT,487415079.2803239,487415079.2803239,0.0,0.0,1209.3
2024-04-23 11:00:00,FLAT,487415079.2803239,487415079.2803239,0.0,0.0,1205.7
2024-04-23 11:15:00,FLAT,487415079.2803239,487415079.2803239,0.0,0.0,1208.0
2024-04-23 13:00:00,FLAT,487415079.2803239,487415079.2803239,0.0,0.0,1208.9
2024-04-23 13:15:00,FLAT,487415079.2803239,487415079.2803239,0.0,0.0,1206.0
2024-04-23 13:30:00,FLAT,487415079.2803239,487415079.2803239,0.0,0.0,1207.3
2024-04-23 13:45:00,FLAT,487415079.2803239,487415079.2803239,0.0,0.0,1205.0
2024-04-23 14:00:00,FLAT,487415079.2803239,487415079.2803239,0.0,0.0,1195.1
2024-04-23 14:15:00,FLAT,487415079.2803239,487415079.2803239,0.0,0.0,1190.3
2024-04-23 14:30:00,FLAT,487415079.2803239,487415079.2803239,0.0,0.0,1192.5
2024-04-24 09:00:00,FLAT,487415079.2803239,487415079.2803239,0.0,0.0,1211.3
2024-04-24 09:15:00,FLAT,487415079.2803239,487415079.2803239,0.0,0.0,1213.7
2024-04-24 09:30:00,FLAT,487415079.2803239,487415079.2803239,0.0,0.0,1216.6
2024-04-24 09:45:00,FLAT,487415079.2803239,487415079.2803239,0.0,0.0,1221.5
2024-04-24 10:00:00,FLAT,487415079.2803239,487415079.2803239,0.0,0.0,1221.0
2024-04-24 10:15:00,FLAT,487415079.2803239,487415079.2803239,0.0,0.0,1221.4
2024-04-24 10:30:00,FLAT,487415079.2803239,487415079.2803239,0.0,0.0,1220.8
2024-04-24 10:45:00,FLAT,487415079.2803239,487415079.2803239,0.0,0.0,1223.3
2024-04-24 11:00:00,FLAT,487415079.2803239,487415079.2803239,0.0,0.0,1222.7
2024-04-24 11:15:00,FLAT,487415079.2803239,487415079.2803239,0.0,0.0,1223.5
2024-04-24 13:00:00,FLAT,487415079.2803239,487415079.2803239,0.0,0.0,1227.3
2024-04-24 13:15:00,FLAT,487415079.2803239,487415079.2803239,0.0,0.0,1226.6
2024-04-24 13:30:00,FLAT,487415079.2803239,487415079.2803239,0.0,0.0,1228.6
2024-04-24 13:45:00,FLAT,487415079.2803239,487415079.2803239,0.0,0.0,1228.3
2024-04-24 14:00:00,FLAT,487415079.2803239,487415079.2803239,0.0,0.0,1232.4
2024-04-24 14:15:00,FLAT,486367658.4911833,486367658.4911833,0.0,0.0,1230.5
2024-04-24 14:30:00,FLAT,486367658.4911833,486367658.4911833,0.0,0.0,1229.2
2024-04-25 09:00:00,FLAT,486367658.4911833,486367658.4911833,0.0,0.0,1227.3
2024-04-25 09:15:00,FLAT,486367658.4911833,486367658.4911833,0.0,0.0,1228.6
2024-04-25 09:30:00,FLAT,486367658.4911833,486367658.4911833,0.0,0.0,1227.1
2024-04-25 09:45:00,FLAT,486367658.4911833,486367658.4911833,0.0,0.0,1226.1
2024-04-25 10:00:00,FLAT,486367658.4911833,486367658.4911833,0.0,0.0,1224.9
2024-04-25 10:15:00,FLAT,486367658.4911833,486367658.4911833,0.0,0.0,1228.2
2024-04-25 10:30:00,FLAT,486367658.4911833,486367658.4911833,0.0,0.0,1226.3
2024-04-25 10:45:00,FLAT,486367658.4911833,486367658.4911833,0.0,0.0,1225.7
2024-04-25 11:00:00,FLAT,486367658.4911833,486367658.4911833,0.0,0.0,1225.5
2024-04-25 11:15:00,FLAT,486367658.4911833,486367658.4911833,0.0,0.0,1227.4
2024-04-25 13:00:00,FLAT,486367658.4911833,486367658.4911833,0.0,0.0,1226.6
2024-04-25 13:15:00,FLAT,486367658.4911833,486367658.4911833,0.0,0.0,1226.1
2024-04-25 13:30:00,FLAT,486367658.4911833,486367658.4911833,0.0,0.0,1229.5
2024-04-25 13:45:00,LONG,486183221.5167892,485103392.2230076,-1079829.293781586,0.0,1228.5
2024-04-25 14:00:00,LONG,486183221.5167892,482703392.2230075,-3479829.293781677,0.0,1226.1
2024-04-25 14:15:00,FLAT,481019702.2230075,481019702.2230075,0.0,0.0,1228.0
2024-04-25 14:30:00,FLAT,481019702.2230075,481019702.2230075,0.0,0.0,1229.4
2024-04-26 09:00:00,FLAT,481019702.2230075,481019702.2230075,0.0,0.0,1222.6
2024-04-26 09:15:00,FLAT,481019702.2230075,481019702.2230075,0.0,0.0,1224.9
2024-04-26 09:30:00,FLAT,481019702.2230075,481019702.2230075,0.0,0.0,1224.8
2024-04-26 09:45:00,FLAT,481019702.2230075,481019702.2230075,0.0,0.0,1226.9
2024-04-26 10:00:00,FLAT,481019702.2230075,481019702.2230075,0.0,0.0,1234.3
2024-04-26 10:15:00,FLAT,481019702.2230075,481019702.2230075,0.0,0.0,1235.2
2024-04-26 10:30:00,FLAT,481019702.2230075,481019702.2230075,0.0,0.0,1238.8
2024-04-26 10:45:00,FLAT,481019702.2230075,481019702.2230075,0.0,0.0,1237.0
2024-04-26 11:00:00,FLAT,481019702.2230075,481019702.2230075,0.0,0.0,1234.1
2024-04-26 11:15:00,FLAT,481019702.2230075,481019702.2230075,0.0,0.0,1228.5
2024-04-26 13:00:00,FLAT,481019702.2230075,481019702.2230075,0.0,0.0,1227.1
2024-04-26 13:15:00,FLAT,481019702.2230075,481019702.2230075,0.0,0.0,1231.3
2024-04-26 13:30:00,FLAT,481019702.2230075,481019702.2230075,0.0,0.0,1229.0
2024-04-26 13:45:00,FLAT,481019702.2230075,481019702.2230075,0.0,0.0,1231.8
2024-04-26 14:00:00,FLAT,481019702.2230075,481019702.2230075,0.0,0.0,1229.6
2024-04-26 14:15:00,FLAT,481019702.2230075,481019702.2230075,0.0,0.0,1232.1
2024-04-26 14:30:00,FLAT,481019702.2230075,481019702.2230075,0.0,0.0,1232.0
2024-05-02 09:00:00,FLAT,481019702.2230075,481019702.2230075,0.0,0.0,1238.5
2024-05-02 09:15:00,FLAT,481019702.2230075,481019702.2230075,0.0,0.0,1236.5
2024-05-02 09:30:00,FLAT,481019702.2230075,481019702.2230075,0.0,0.0,1238.0
2024-05-02 09:45:00,FLAT,481019702.2230075,481019702.2230075,0.0,0.0,1237.1
2024-05-02 10:00:00,FLAT,481019702.2230075,481019702.2230075,0.0,0.0,1239.9
2024-05-02 10:15:00,FLAT,481019702.2230075,481019702.2230075,0.0,0.0,1238.5
2024-05-02 10:30:00,FLAT,481019702.2230075,481019702.2230075,0.0,0.0,1235.4
2024-05-02 10:45:00,FLAT,481019702.2230075,481019702.2230075,0.0,0.0,1235.4
2024-05-02 11:00:00,FLAT,481019702.2230075,481019702.2230075,0.0,0.0,1232.5
2024-05-02 11:15:00,FLAT,481019702.2230075,481019702.2230075,0.0,0.0,1233.6
2024-05-02 13:00:00,FLAT,481019702.2230075,481019702.2230075,0.0,0.0,1234.7
2024-05-02 13:15:00,FLAT,481019702.2230075,481019702.2230075,0.0,0.0,1236.4
2024-05-02 13:30:00,FLAT,481019702.2230075,481019702.2230075,0.0,0.0,1233.7
2024-05-02 13:45:00,FLAT,481019702.2230075,481019702.2230075,0.0,0.0,1236.3
2024-05-02 14:00:00,FLAT,481019702.2230075,481019702.2230075,0.0,0.0,1238.0
2024-05-02 14:15:00,FLAT,481019702.2230075,481019702.2230075,0.0,0.0,1240.2
2024-05-02 14:30:00,FLAT,481019702.2230075,481019702.2230075,0.0,0.0,1240.2
2024-05-03 09:00:00,FLAT,481019702.2230075,481019702.2230075,0.0,0.0,1251.7
2024-05-03 09:15:00,FLAT,481019702.2230075,481019702.2230075,0.0,0.0,1251.0
2024-05-03 09:30:00,FLAT,481019702.2230075,481019702.2230075,0.0,0.0,1250.3
2024-05-03 09:45:00,FLAT,481019702.2230075,481019702.2230075,0.0,0.0,1250.7
2024-05-03 10:00:00,FLAT,481019702.2230075,481019702.2230075,0.0,0.0,1249.7
2024-05-03 10:15:00,FLAT,481019702.2230075,481019702.2230075,0.0,0.0,1250.4
2024-05-03 10:30:00,FLAT,481019702.2230075,481019702.2230075,0.0,0.0,1251.9
2024-05-03 10:45:00,FLAT,481019702.2230075,481019702.2230075,0.0,0.0,1250.8
2024-05-03 11:00:00,FLAT,481019702.2230075,481019702.2230075,0.0,0.0,1251.0
2024-05-03 11:15:00,FLAT,481019702.2230075,481019702.2230075,0.0,0.0,1250.7
2024-05-03 13:00:00,FLAT,481019702.2230075,481019702.2230075,0.0,0.0,1250.0
2024-05-03 13:15:00,FLAT,481019702.2230075,481019702.2230075,0.0,0.0,1249.6
2024-05-03 13:30:00,FLAT,481019702.2230075,481019702.2230075,0.0,0.0,1250.8
2024-05-03 13:45:00,FLAT,481019702.2230075,481019702.2230075,0.0,0.0,1252.8
2024-05-03 14:00:00,FLAT,477074756.2843117,477074756.2843117,0.0,0.0,1248.6
2024-05-03 14:15:00,FLAT,477074756.2843117,477074756.2843117,0.0,0.0,1249.0
2024-05-03 14:30:00,FLAT,477074756.2843117,477074756.2843117,0.0,0.0,1247.4
2024-05-06 09:00:00,FLAT,477074756.2843117,477074756.2843117,0.0,0.0,1258.4
2024-05-06 09:15:00,FLAT,477074756.2843117,477074756.2843117,0.0,0.0,1257.5
2024-05-06 09:30:00,FLAT,477074756.2843117,477074756.2843117,0.0,0.0,1257.5
2024-05-06 09:45:00,FLAT,477074756.2843117,477074756.2843117,0.0,0.0,1257.0
2024-05-06 10:00:00,FLAT,477074756.2843117,477074756.2843117,0.0,0.0,1258.0
2024-05-06 10:15:00,FLAT,477074756.2843117,477074756.2843117,0.0,0.0,1260.0
2024-05-06 10:30:00,FLAT,477074756.2843117,477074756.2843117,0.0,0.0,1260.1
2024-05-06 10:45:00,FLAT,477074756.2843117,477074756.2843117,0.0,0.0,1262.7
2024-05-06 11:00:00,FLAT,477074756.2843117,477074756.2843117,0.0,0.0,1264.2
2024-05-06 11:15:00,FLAT,477074756.2843117,477074756.2843117,0.0,0.0,1263.6
2024-05-06 13:00:00,FLAT,477074756.2843117,477074756.2843117,0.0,0.0,1264.4
2024-05-06 13:15:00,FLAT,477074756.2843117,477074756.2843117,0.0,0.0,1266.0
2024-05-06 13:30:00,FLAT,477074756.2843117,477074756.2843117,0.0,0.0,1264.6
2024-05-06 13:45:00,FLAT,477074756.2843117,477074756.2843117,0.0,0.0,1265.9
2024-05-06 14:00:00,FLAT,477074756.2843117,477074756.2843117,0.0,0.0,1268.9
2024-05-06 14:15:00,FLAT,477074756.2843117,477074756.2843117,0.0,0.0,1273.1
2024-05-06 14:30:00,FLAT,477074756.2843117,477074756.2843117,0.0,0.0,1276.0
2024-05-07 09:00:00,FLAT,477074756.2843117,477074756.2843117,0.0,0.0,1270.7
2024-05-07 09:15:00,FLAT,477074756.2843117,477074756.2843117,0.0,0.0,1270.0
2024-05-07 09:30:00,FLAT,477074756.2843117,477074756.2843117,0.0,0.0,1268.6
2024-05-07 09:45:00,FLAT,477074756.2843117,477074756.2843117,0.0,0.0,1268.6
2024-05-07 10:00:00,FLAT,477074756.2843117,477074756.2843117,0.0,0.0,1267.2
2024-05-07 10:15:00,FLAT,477074756.2843117,477074756.2843117,0.0,0.0,1269.4
2024-05-07 10:30:00,FLAT,477074756.2843117,477074756.2843117,0.0,0.0,1270.9
2024-05-07 10:45:00,FLAT,477074756.2843117,477074756.2843117,0.0,0.0,1267.9
2024-05-07 11:00:00,FLAT,477074756.2843117,477074756.2843117,0.0,0.0,1269.0
2024-05-07 11:15:00,FLAT,477074756.2843117,477074756.2843117,0.0,0.0,1267.9
2024-05-07 13:00:00,FLAT,477074756.2843117,477074756.2843117,0.0,0.0,1268.7
2024-05-07 13:15:00,FLAT,477074756.2843117,477074756.2843117,0.0,0.0,1270.4
2024-05-07 13:30:00,FLAT,477074756.2843117,477074756.2843117,0.0,0.0,1268.7
2024-05-07 13:45:00,FLAT,477074756.2843117,477074756.2843117,0.0,0.0,1270.0
2024-05-07 14:00:00,FLAT,477074756.2843117,477074756.2843117,0.0,0.0,1271.7
2024-05-07 14:15:00,FLAT,480592631.28431183,480592631.28431183,0.0,0.0,1276.2
2024-05-07 14:30:00,FLAT,480592631.28431183,480592631.28431183,0.0,0.0,1275.6
2024-05-08 09:00:00,FLAT,480592631.28431183,480592631.28431183,0.0,0.0,1264.8
2024-05-08 09:15:00,FLAT,480592631.28431183,480592631.28431183,0.0,0.0,1265.7
2024-05-08 09:30:00,FLAT,480592631.28431183,480592631.28431183,0.0,0.0,1265.5
2024-05-08 09:45:00,FLAT,480592631.28431183,480592631.28431183,0.0,0.0,1268.2
2024-05-08 10:00:00,FLAT,480592631.28431183,480592631.28431183,0.0,0.0,1267.2
2024-05-08 10:15:00,FLAT,480592631.28431183,480592631.28431183,0.0,0.0,1269.6
2024-05-08 10:30:00,FLAT,480592631.28431183,480592631.28431183,0.0,0.0,1270.4
2024-05-08 10:45:00,FLAT,480592631.28431183,480592631.28431183,0.0,0.0,1271.8
2024-05-08 11:00:00,FLAT,480592631.28431183,480592631.28431183,0.0,0.0,1268.7
2024-05-08 11:15:00,FLAT,480592631.28431183,480592631.28431183,0.0,0.0,1269.0
2024-05-08 13:00:00,FLAT,480592631.28431183,480592631.28431183,0.0,0.0,1269.0
2024-05-08 13:15:00,FLAT,480592631.28431183,480592631.28431183,0.0,0.0,1267.6
2024-05-08 13:30:00,FLAT,480592631.28431183,480592631.28431183,0.0,0.0,1271.2
2024-05-08 13:45:00,FLAT,480592631.28431183,480592631.28431183,0.0,0.0,1272.6
2024-05-08 14:00:00,FLAT,480592631.28431183,480592631.28431183,0.0,0.0,1272.3
2024-05-08 14:15:00,FLAT,480592631.28431183,480592631.28431183,0.0,0.0,1272.8
2024-05-08 14:30:00,FLAT,480592631.28431183,480592631.28431183,0.0,0.0,1273.9
2024-05-09 09:00:00,FLAT,480592631.28431183,480592631.28431183,0.0,0.0,1279.1
2024-05-09 09:15:00,FLAT,480592631.28431183,480592631.28431183,0.0,0.0,1281.4
2024-05-09 09:30:00,LONG,480400406.28431183,476900406.28431183,-3500000.0,0.0,1278.0
2024-05-09 09:45:00,LONG,480400406.28431183,477400406.28431183,-3000000.0,0.0,1278.5
2024-05-09 10:00:00,LONG,480400406.28431183,479600406.2843119,-799999.9999999545,0.0,1280.7
2024-05-09 10:15:00,LONG,480400406.28431183,477400406.28431183,-3000000.0,0.0,1278.5
2024-05-09 10:30:00,FLAT,475408901.2843119,475408901.2843119,0.0,0.0,1276.8
2024-05-09 10:45:00,FLAT,475408901.2843119,475408901.2843119,0.0,0.0,1275.7
2024-05-09 11:00:00,FLAT,475408901.2843119,475408901.2843119,0.0,0.0,1272.7
2024-05-09 11:15:00,FLAT,475408901.2843119,475408901.2843119,0.0,0.0,1271.1
2024-05-09 13:00:00,FLAT,475408901.2843119,475408901.2843119,0.0,0.0,1271.3
2024-05-09 13:15:00,FLAT,475408901.2843119,475408901.2843119,0.0,0.0,1273.6
2024-05-09 13:30:00,FLAT,475408901.2843119,475408901.2843119,0.0,0.0,1274.8
2024-05-09 13:45:00,LONG,475217670.9255048,474848612.21163034,-369058.7138744377,0.0,1274.5
2024-05-09 14:00:00,LONG,475217670.9255048,474648612.21163034,-569058.7138744831,0.0,1274.3
2024-05-09 14:15:00,FLAT,470258097.2116303,470258097.2116303,0.0,0.0,1274.5
2024-05-09 14:30:00,FLAT,470258097.2116303,470258097.2116303,0.0,0.0,1274.0
2024-05-10 09:00:00,FLAT,470258097.2116303,470258097.2116303,0.0,0.0,1275.9
2024-05-10 09:15:00,FLAT,470258097.2116303,470258097.2116303,0.0,0.0,1275.5
2024-05-10 09:30:00,FLAT,470258097.2116303,470258097.2116303,0.0,0.0,1277.7
2024-05-10 09:45:00,FLAT,470258097.2116303,470258097.2116303,0.0,0.0,1279.0
2024-05-10 10:00:00,FLAT,470258097.2116303,470258097.2116303,0.0,0.0,1277.9
2024-05-10 10:15:00,FLAT,470258097.2116303,470258097.2116303,0.0,0.0,1277.1
2024-05-10 10:30:00,FLAT,470258097.2116303,470258097.2116303,0.0,0.0,1275.7
2024-05-10 10:45:00,FLAT,470258097.2116303,470258097.2116303,0.0,0.0,1273.7
2024-05-10 11:00:00,FLAT,470258097.2116303,470258097.2116303,0.0,0.0,1265.5
2024-05-10 11:15:00,FLAT,470258097.2116303,470258097.2116303,0.0,0.0,1264.7
2024-05-10 13:00:00,FLAT,470258097.2116303,470258097.2116303,0.0,0.0,1267.6
2024-05-10 13:15:00,FLAT,470258097.2116303,470258097.2116303,0.0,0.0,1266.8
2024-05-10 13:30:00,FLAT,470258097.2116303,470258097.2116303,0.0,0.0,1267.1
2024-05-10 13:45:00,FLAT,470258097.2116303,470258097.2116303,0.0,0.0,1264.7
2024-05-10 14:00:00,FLAT,470258097.2116303,470258097.2116303,0.0,0.0,1266.7
2024-05-10 14:15:00,FLAT,470258097.2116303,470258097.2116303,0.0,0.0,1269.5
2024-05-10 14:30:00,FLAT,470258097.2116303,470258097.2116303,0.0,0.0,1268.0
2024-05-13 09:00:00,FLAT,470258097.2116303,470258097.2116303,0.0,0.0,1273.0
2024-05-13 09:15:00,FLAT,470258097.2116303,470258097.2116303,0.0,0.0,1270.2
2024-05-13 09:30:00,FLAT,470258097.2116303,470258097.2116303,0.0,0.0,1272.3
2024-05-13 09:45:00,FLAT,470258097.2116303,470258097.2116303,0.0,0.0,1270.5
2024-05-13 10:00:00,FLAT,470258097.2116303,470258097.2116303,0.0,0.0,1270.1
2024-05-13 10:15:00,FLAT,470258097.2116303,470258097.2116303,0.0,0.0,1270.4
2024-05-13 10:30:00,FLAT,470258097.2116303,470258097.2116303,0.0,0.0,1267.9
2024-05-13 10:45:00,FLAT,470258097.2116303,470258097.2116303,0.0,0.0,1268.1
2024-05-13 11:00:00,FLAT,470258097.2116303,470258097.2116303,0.0,0.0,1267.8
2024-05-13 11:15:00,FLAT,470258097.2116303,470258097.2116303,0.0,0.0,1268.8
2024-05-13 13:00:00,FLAT,470258097.2116303,470258097.2116303,0.0,0.0,1266.5
2024-05-13 13:15:00,FLAT,470258097.2116303,470258097.2116303,0.0,0.0,1269.8
2024-05-13 13:30:00,FLAT,470258097.2116303,470258097.2116303,0.0,0.0,1271.2
2024-05-13 13:45:00,FLAT,470258097.2116303,470258097.2116303,0.0,0.0,1271.3
2024-05-13 14:00:00,FLAT,470258097.2116303,470258097.2116303,0.0,0.0,1270.1
2024-05-13 14:15:00,FLAT,470258097.2116303,470258097.2116303,0.0,0.0,1265.6
2024-05-13 14:30:00,FLAT,470258097.2116303,470258097.2116303,0.0,0.0,1265.5
2024-05-14 09:00:00,FLAT,470258097.2116303,470258097.2116303,0.0,0.0,1275.7
2024-05-14 09:15:00,FLAT,470258097.2116303,470258097.2116303,0.0,0.0,1275.1
2024-05-14 09:30:00,FLAT,470258097.2116303,470258097.2116303,0.0,0.0,1275.1
2024-05-14 09:45:00,FLAT,470258097.2116303,470258097.2116303,0.0,0.0,1278.0
2024-05-14 10:00:00,FLAT,470258097.2116303,470258097.2116303,0.0,0.0,1276.6
2024-05-14 10:15:00,FLAT,470258097.2116303,470258097.2116303,0.0,0.0,1276.3
2024-05-14 10:30:00,FLAT,470258097.2116303,470258097.2116303,0.0,0.0,1276.2
2024-05-14 10:45:00,FLAT,470258097.2116303,470258097.2116303,0.0,0.0,1273.3
2024-05-14 11:00:00,FLAT,470258097.2116303,470258097.2116303,0.0,0.0,1272.8
2024-05-14 11:15:00,FLAT,470258097.2116303,470258097.2116303,0.0,0.0,1273.3
2024-05-14 13:00:00,FLAT,470258097.2116303,470258097.2116303,0.0,0.0,1273.6
2024-05-14 13:15:00,FLAT,470258097.2116303,470258097.2116303,0.0,0.0,1272.5
2024-05-14 13:30:00,FLAT,470258097.2116303,470258097.2116303,0.0,0.0,1273.8
2024-05-14 13:45:00,FLAT,470258097.2116303,470258097.2116303,0.0,0.0,1273.4
2024-05-14 14:00:00,FLAT,470258097.2116303,470258097.2116303,0.0,0.0,1272.6
2024-05-14 14:15:00,FLAT,470258097.2116303,470258097.2116303,0.0,0.0,1276.1
2024-05-14 14:30:00,FLAT,470258097.2116303,470258097.2116303,0.0,0.0,1276.8
2024-05-15 09:00:00,FLAT,470258097.2116303,470258097.2116303,0.0,0.0,1279.4
2024-05-15 09:15:00,FLAT,470258097.2116303,470258097.2116303,0.0,0.0,1278.1
2024-05-15 09:30:00,FLAT,470258097.2116303,470258097.2116303,0.0,0.0,1279.1
2024-05-15 09:45:00,FLAT,470258097.2116303,470258097.2116303,0.0,0.0,1280.0
2024-05-15 10:00:00,FLAT,470258097.2116303,470258097.2116303,0.0,0.0,1281.4
2024-05-15 10:15:00,FLAT,470258097.2116303,470258097.2116303,0.0,0.0,1280.5
2024-05-15 10:30:00,FLAT,470258097.2116303,470258097.2116303,0.0,0.0,1279.8
2024-05-15 10:45:00,FLAT,470258097.2116303,470258097.2116303,0.0,0.0,1282.3
2024-05-15 11:00:00,FLAT,470258097.2116303,470258097.2116303,0.0,0.0,1284.3
2024-05-15 11:15:00,FLAT,470258097.2116303,470258097.2116303,0.0,0.0,1284.5
2024-05-15 13:00:00,FLAT,470258097.2116303,470258097.2116303,0.0,0.0,1287.4
2024-05-15 13:15:00,FLAT,470258097.2116303,470258097.2116303,0.0,0.0,1287.5
2024-05-15 13:30:00,FLAT,470258097.2116303,470258097.2116303,0.0,0.0,1290.9
2024-05-15 13:45:00,LONG,470103274.3649455,470750963.13271797,647688.7677725244,0.0,1291.0
2024-05-15 14:00:00,LONG,470103274.3649455,468110963.132718,-1992311.232227439,0.0,1287.7
2024-05-15 14:15:00,FLAT,466019573.7007025,466019573.7007025,0.0,0.0,1285.2
2024-05-15 14:30:00,FLAT,466019573.7007025,466019573.7007025,0.0,0.0,1286.7
2024-05-16 09:00:00,FLAT,466019573.7007025,466019573.7007025,0.0,0.0,1295.8
2024-05-16 09:15:00,FLAT,466019573.7007025,466019573.7007025,0.0,0.0,1294.9
2024-05-16 09:30:00,FLAT,466019573.7007025,466019573.7007025,0.0,0.0,1295.8
2024-05-16 09:45:00,FLAT,466019573.7007025,466019573.7007025,0.0,0.0,1299.6
2024-05-16 10:00:00,FLAT,466019573.7007025,466019573.7007025,0.0,0.0,1308.1
2024-05-16 10:15:00,FLAT,466019573.7007025,466019573.7007025,0.0,0.0,1305.9
2024-05-16 10:30:00,FLAT,466019573.7007025,466019573.7007025,0.0,0.0,1306.1
2024-05-16 10:45:00,FLAT,466019573.7007025,466019573.7007025,0.0,0.0,1307.5
2024-05-16 11:00:00,FLAT,466019573.7007025,466019573.7007025,0.0,0.0,1306.1
2024-05-16 11:15:00,FLAT,466019573.7007025,466019573.7007025,0.0,0.0,1306.3
2024-05-16 13:00:00,FLAT,466019573.7007025,466019573.7007025,0.0,0.0,1306.5
2024-05-16 13:15:00,FLAT,466019573.7007025,466019573.7007025,0.0,0.0,1309.4
2024-05-16 13:30:00,FLAT,466019573.7007025,466019573.7007025,0.0,0.0,1306.6
2024-05-16 13:45:00,FLAT,466019573.7007025,466019573.7007025,0.0,0.0,1306.8
2024-05-16 14:00:00,FLAT,466019573.7007025,466019573.7007025,0.0,0.0,1308.7
2024-05-16 14:15:00,FLAT,466019573.7007025,466019573.7007025,0.0,0.0,1309.5
2024-05-16 14:30:00,FLAT,466019573.7007025,466019573.7007025,0.0,0.0,1309.6
2024-05-17 09:00:00,FLAT,466019573.7007025,466019573.7007025,0.0,0.0,1304.2
2024-05-17 09:15:00,FLAT,466019573.7007025,466019573.7007025,0.0,0.0,1303.7
2024-05-17 09:30:00,FLAT,466019573.7007025,466019573.7007025,0.0,0.0,1304.0
2024-05-17 09:45:00,FLAT,466019573.7007025,466019573.7007025,0.0,0.0,1305.3
2024-05-17 10:00:00,FLAT,466019573.7007025,466019573.7007025,0.0,0.0,1303.4
2024-05-17 10:15:00,FLAT,466019573.7007025,466019573.7007025,0.0,0.0,1303.1
2024-05-17 10:30:00,FLAT,466019573.7007025,466019573.7007025,0.0,0.0,1303.9
2024-05-17 10:45:00,FLAT,466019573.7007025,466019573.7007025,0.0,0.0,1303.7
2024-05-17 11:00:00,FLAT,466019573.7007025,466019573.7007025,0.0,0.0,1305.0
2024-05-17 11:15:00,FLAT,466019573.7007025,466019573.7007025,0.0,0.0,1305.0
2024-05-17 13:00:00,FLAT,466019573.7007025,466019573.7007025,0.0,0.0,1304.4
2024-05-17 13:15:00,FLAT,466019573.7007025,466019573.7007025,0.0,0.0,1303.4
2024-05-17 13:30:00,FLAT,466019573.7007025,466019573.7007025,0.0,0.0,1304.4
2024-05-17 13:45:00,FLAT,466019573.7007025,466019573.7007025,0.0,0.0,1302.6
2024-05-17 14:00:00,FLAT,466019573.7007025,466019573.7007025,0.0,0.0,1304.3
2024-05-17 14:15:00,FLAT,466019573.7007025,466019573.7007025,0.0,0.0,1306.3
2024-05-17 14:30:00,FLAT,466019573.7007025,466019573.7007025,0.0,0.0,1306.0
2024-05-20 09:00:00,FLAT,466019573.7007025,466019573.7007025,0.0,0.0,1317.0
2024-05-20 09:15:00,FLAT,466019573.7007025,466019573.7007025,0.0,0.0,1317.0
2024-05-20 09:30:00,FLAT,466019573.7007025,466019573.7007025,0.0,0.0,1317.6
2024-05-20 09:45:00,FLAT,466019573.7007025,466019573.7007025,0.0,0.0,1317.6
2024-05-20 10:00:00,FLAT,466019573.7007025,466019573.7007025,0.0,0.0,1316.6
2024-05-20 10:15:00,FLAT,466019573.7007025,466019573.7007025,0.0,0.0,1317.9
2024-05-20 10:30:00,FLAT,466019573.7007025,466019573.7007025,0.0,0.0,1317.3
2024-05-20 10:45:00,FLAT,466019573.7007025,466019573.7007025,0.0,0.0,1316.0
2024-05-20 11:00:00,FLAT,466019573.7007025,466019573.7007025,0.0,0.0,1315.0
2024-05-20 11:15:00,FLAT,466019573.7007025,466019573.7007025,0.0,0.0,1312.7
2024-05-20 13:00:00,FLAT,466019573.7007025,466019573.7007025,0.0,0.0,1313.8
2024-05-20 13:15:00,FLAT,466019573.7007025,466019573.7007025,0.0,0.0,1314.0
2024-05-20 13:30:00,FLAT,466019573.7007025,466019573.7007025,0.0,0.0,1311.5
2024-05-20 13:45:00,FLAT,466019573.7007025,466019573.7007025,0.0,0.0,1314.0
2024-05-20 14:00:00,FLAT,466019573.7007025,466019573.7007025,0.0,0.0,1313.5
2024-05-20 14:15:00,FLAT,466019573.7007025,466019573.7007025,0.0,0.0,1313.4
2024-05-20 14:30:00,FLAT,466019573.7007025,466019573.7007025,0.0,0.0,1312.6
2024-05-21 09:00:00,FLAT,466019573.7007025,466019573.7007025,0.0,0.0,1308.3
2024-05-21 09:15:00,FLAT,466019573.7007025,466019573.7007025,0.0,0.0,1308.8
2024-05-21 09:30:00,FLAT,466019573.7007025,466019573.7007025,0.0,0.0,1308.2
2024-05-21 09:45:00,FLAT,466019573.7007025,466019573.7007025,0.0,0.0,1306.6
2024-05-21 10:00:00,FLAT,466019573.7007025,466019573.7007025,0.0,0.0,1307.0
2024-05-21 10:15:00,FLAT,466019573.7007025,466019573.7007025,0.0,0.0,1307.9
2024-05-21 10:30:00,FLAT,466019573.7007025,466019573.7007025,0.0,0.0,1307.0
2024-05-21 10:45:00,FLAT,466019573.7007025,466019573.7007025,0.0,0.0,1306.5
2024-05-21 11:00:00,FLAT,466019573.7007025,466019573.7007025,0.0,0.0,1306.4
2024-05-21 11:15:00,FLAT,466019573.7007025,466019573.7007025,0.0,0.0,1306.8
2024-05-21 13:00:00,FLAT,466019573.7007025,466019573.7007025,0.0,0.0,1306.8
2024-05-21 13:15:00,FLAT,466019573.7007025,466019573.7007025,0.0,0.0,1304.6
2024-05-21 13:30:00,FLAT,466019573.7007025,466019573.7007025,0.0,0.0,1303.8
2024-05-21 13:45:00,FLAT,466019573.7007025,466019573.7007025,0.0,0.0,1303.1
2024-05-21 14:00:00,FLAT,466019573.7007025,466019573.7007025,0.0,0.0,1297.4
2024-05-21 14:15:00,FLAT,466019573.7007025,466019573.7007025,0.0,0.0,1305.6
2024-05-21 14:30:00,FLAT,466019573.7007025,466019573.7007025,0.0,0.0,1306.0
2024-05-22 09:00:00,FLAT,466019573.7007025,466019573.7007025,0.0,0.0,1310.0
2024-05-22 09:15:00,FLAT,466019573.7007025,466019573.7007025,0.0,0.0,1310.0
2024-05-22 09:30:00,FLAT,466019573.7007025,466019573.7007025,0.0,0.0,1307.3
2024-05-22 09:45:00,FLAT,466019573.7007025,466019573.7007025,0.0,0.0,1307.2
2024-05-22 10:00:00,FLAT,466019573.7007025,466019573.7007025,0.0,0.0,1307.0
2024-05-22 10:15:00,FLAT,466019573.7007025,466019573.7007025,0.0,0.0,1305.8
2024-05-22 10:30:00,FLAT,466019573.7007025,466019573.7007025,0.0,0.0,1305.2
2024-05-22 10:45:00,FLAT,466019573.7007025,466019573.7007025,0.0,0.0,1303.9
2024-05-22 11:00:00,FLAT,466019573.7007025,466019573.7007025,0.0,0.0,1298.4
2024-05-22 11:15:00,FLAT,466019573.7007025,466019573.7007025,0.0,0.0,1299.8
2024-05-22 13:00:00,FLAT,466019573.7007025,466019573.7007025,0.0,0.0,1299.2
2024-05-22 13:15:00,FLAT,466019573.7007025,466019573.7007025,0.0,0.0,1298.2
2024-05-22 13:30:00,FLAT,466019573.7007025,466019573.7007025,0.0,0.0,1295.3
2024-05-22 13:45:00,FLAT,466019573.7007025,466019573.7007025,0.0,0.0,1294.7
2024-05-22 14:00:00,FLAT,466019573.7007025,466019573.7007025,0.0,0.0,1292.7
2024-05-22 14:15:00,FLAT,466019573.7007025,466019573.7007025,0.0,0.0,1292.2
2024-05-22 14:30:00,FLAT,466019573.7007025,466019573.7007025,0.0,0.0,1290.0
2024-05-23 09:00:00,FLAT,466019573.7007025,466019573.7007025,0.0,0.0,1287.5
2024-05-23 09:15:00,FLAT,466019573.7007025,466019573.7007025,0.0,0.0,1288.1
2024-05-23 09:30:00,FLAT,466019573.7007025,466019573.7007025,0.0,0.0,1290.3
2024-05-23 09:45:00,FLAT,466019573.7007025,466019573.7007025,0.0,0.0,1290.8
2024-05-23 10:00:00,FLAT,466019573.7007025,466019573.7007025,0.0,0.0,1290.0
2024-05-23 10:15:00,FLAT,466019573.7007025,466019573.7007025,0.0,0.0,1290.4
2024-05-23 10:30:00,FLAT,466019573.7007025,466019573.7007025,0.0,0.0,1290.2
2024-05-23 10:45:00,FLAT,466019573.7007025,466019573.7007025,0.0,0.0,1288.6
2024-05-23 11:00:00,FLAT,466019573.7007025,466019573.7007025,0.0,0.0,1285.3
2024-05-23 11:15:00,FLAT,466019573.7007025,466019573.7007025,0.0,0.0,1285.9
2024-05-23 13:00:00,FLAT,466019573.7007025,466019573.7007025,0.0,0.0,1288.3
2024-05-23 13:15:00,FLAT,466019573.7007025,466019573.7007025,0.0,0.0,1288.0
2024-05-23 13:30:00,FLAT,466019573.7007025,466019573.7007025,0.0,0.0,1289.3
2024-05-23 13:45:00,FLAT,466019573.7007025,466019573.7007025,0.0,0.0,1292.8
2024-05-23 14:00:00,FLAT,466019573.7007025,466019573.7007025,0.0,0.0,1292.1
2024-05-23 14:15:00,FLAT,466019573.7007025,466019573.7007025,0.0,0.0,1294.9
2024-05-23 14:30:00,FLAT,466019573.7007025,466019573.7007025,0.0,0.0,1295.0
2024-05-24 09:00:00,FLAT,466019573.7007025,466019573.7007025,0.0,0.0,1292.0
2024-05-24 09:15:00,FLAT,466019573.7007025,466019573.7007025,0.0,0.0,1292.8
2024-05-24 09:30:00,FLAT,466019573.7007025,466019573.7007025,0.0,0.0,1292.7
2024-05-24 09:45:00,FLAT,466019573.7007025,466019573.7007025,0.0,0.0,1295.7
2024-05-24 10:00:00,FLAT,466019573.7007025,466019573.7007025,0.0,0.0,1296.6
2024-05-24 10:15:00,FLAT,466019573.7007025,466019573.7007025,0.0,0.0,1296.9
2024-05-24 10:30:00,FLAT,466019573.7007025,466019573.7007025,0.0,0.0,1303.5
2024-05-24 10:45:00,FLAT,466019573.7007025,466019573.7007025,0.0,0.0,1298.9
2024-05-24 11:00:00,FLAT,461130334.1768795,461130334.1768795,0.0,0.0,1288.6
2024-05-24 11:15:00,FLAT,461130334.1768795,461130334.1768795,0.0,0.0,1286.6
2024-05-24 13:00:00,FLAT,461130334.1768795,461130334.1768795,0.0,0.0,1288.0
2024-05-24 13:15:00,FLAT,461130334.1768795,461130334.1768795,0.0,0.0,1288.6
2024-05-24 13:30:00,FLAT,461130334.1768795,461130334.1768795,0.0,0.0,1282.3
2024-05-24 13:45:00,FLAT,461130334.1768795,461130334.1768795,0.0,0.0,1281.6
2024-05-24 14:00:00,FLAT,461130334.1768795,461130334.1768795,0.0,0.0,1276.0
2024-05-24 14:15:00,FLAT,461130334.1768795,461130334.1768795,0.0,0.0,1279.8
2024-05-24 14:30:00,FLAT,461130334.1768795,461130334.1768795,0.0,0.0,1275.0
2024-05-27 09:00:00,FLAT,461130334.1768795,461130334.1768795,0.0,0.0,1280.0
2024-05-27 09:15:00,FLAT,461130334.1768795,461130334.1768795,0.0,0.0,1277.8
2024-05-27 09:30:00,FLAT,461130334.1768795,461130334.1768795,0.0,0.0,1280.1
2024-05-27 09:45:00,FLAT,461130334.1768795,461130334.1768795,0.0,0.0,1280.7
2024-05-27 10:00:00,FLAT,461130334.1768795,461130334.1768795,0.0,0.0,1277.7
2024-05-27 10:15:00,FLAT,461130334.1768795,461130334.1768795,0.0,0.0,1277.7
2024-05-27 10:30:00,FLAT,461130334.1768795,461130334.1768795,0.0,0.0,1280.2
2024-05-27 10:45:00,FLAT,461130334.1768795,461130334.1768795,0.0,0.0,1277.7
2024-05-27 11:00:00,FLAT,461130334.1768795,461130334.1768795,0.0,0.0,1278.5
2024-05-27 11:15:00,FLAT,461130334.1768795,461130334.1768795,0.0,0.0,1278.0
2024-05-27 13:00:00,FLAT,461130334.1768795,461130334.1768795,0.0,0.0,1280.3
2024-05-27 13:15:00,FLAT,461130334.1768795,461130334.1768795,0.0,0.0,1278.5
2024-05-27 13:30:00,FLAT,461130334.1768795,461130334.1768795,0.0,0.0,1278.2
2024-05-27 13:45:00,FLAT,461130334.1768795,461130334.1768795,0.0,0.0,1275.2
2024-05-27 14:00:00,FLAT,461130334.1768795,461130334.1768795,0.0,0.0,1278.1
2024-05-27 14:15:00,FLAT,461130334.1768795,461130334.1768795,0.0,0.0,1278.3
2024-05-27 14:30:00,FLAT,461130334.1768795,461130334.1768795,0.0,0.0,1278.4
2024-05-28 09:00:00,FLAT,461130334.1768795,461130334.1768795,0.0,0.0,1282.9
2024-05-28 09:15:00,FLAT,461130334.1768795,461130334.1768795,0.0,0.0,1282.5
2024-05-28 09:30:00,FLAT,461130334.1768795,461130334.1768795,0.0,0.0,1283.8
2024-05-28 09:45:00,FLAT,461130334.1768795,461130334.1768795,0.0,0.0,1283.6
2024-05-28 10:00:00,FLAT,461130334.1768795,461130334.1768795,0.0,0.0,1283.6
2024-05-28 10:15:00,FLAT,461130334.1768795,461130334.1768795,0.0,0.0,1282.3
2024-05-28 10:30:00,FLAT,461130334.1768795,461130334.1768795,0.0,0.0,1284.4
2024-05-28 10:45:00,FLAT,461130334.1768795,461130334.1768795,0.0,0.0,1284.0
2024-05-28 11:00:00,FLAT,461130334.1768795,461130334.1768795,0.0,0.0,1283.4
2024-05-28 11:15:00,FLAT,461130334.1768795,461130334.1768795,0.0,0.0,1284.1
2024-05-28 13:00:00,FLAT,461130334.1768795,461130334.1768795,0.0,0.0,1285.1
2024-05-28 13:15:00,FLAT,461130334.1768795,461130334.1768795,0.0,0.0,1285.5
2024-05-28 13:30:00,FLAT,461130334.1768795,461130334.1768795,0.0,0.0,1282.7
2024-05-28 13:45:00,FLAT,461130334.1768795,461130334.1768795,0.0,0.0,1282.8
2024-05-28 14:00:00,FLAT,461130334.1768795,461130334.1768795,0.0,0.0,1286.9
2024-05-28 14:15:00,FLAT,461130334.1768795,461130334.1768795,0.0,0.0,1292.0
2024-05-28 14:30:00,FLAT,461130334.1768795,461130334.1768795,0.0,0.0,1291.2
2024-05-29 09:00:00,FLAT,461130334.1768795,461130334.1768795,0.0,0.0,1290.1
2024-05-29 09:15:00,FLAT,461130334.1768795,461130334.1768795,0.0,0.0,1289.6
2024-05-29 09:30:00,FLAT,461130334.1768795,461130334.1768795,0.0,0.0,1287.4
2024-05-29 09:45:00,FLAT,461130334.1768795,461130334.1768795,0.0,0.0,1286.1
2024-05-29 10:00:00,FLAT,461130334.1768795,461130334.1768795,0.0,0.0,1283.2
2024-05-29 10:15:00,FLAT,461130334.1768795,461130334.1768795,0.0,0.0,1284.6
2024-05-29 10:30:00,FLAT,461130334.1768795,461130334.1768795,0.0,0.0,1284.0
2024-05-29 10:45:00,FLAT,461130334.1768795,461130334.1768795,0.0,0.0,1282.8
2024-05-29 11:00:00,FLAT,461130334.1768795,461130334.1768795,0.0,0.0,1283.0
2024-05-29 11:15:00,FLAT,461130334.1768795,461130334.1768795,0.0,0.0,1284.2
2024-05-29 13:00:00,FLAT,461130334.1768795,461130334.1768795,0.0,0.0,1284.6
2024-05-29 13:15:00,FLAT,461130334.1768795,461130334.1768795,0.0,0.0,1286.2
2024-05-29 13:30:00,FLAT,461130334.1768795,461130334.1768795,0.0,0.0,1288.3
2024-05-29 13:45:00,FLAT,461130334.1768795,461130334.1768795,0.0,0.0,1286.5
2024-05-29 14:00:00,FLAT,461130334.1768795,461130334.1768795,0.0,0.0,1284.4
2024-05-29 14:15:00,FLAT,461130334.1768795,461130334.1768795,0.0,0.0,1277.6
2024-05-29 14:30:00,FLAT,461130334.1768795,461130334.1768795,0.0,0.0,1278.0
2024-05-30 09:00:00,FLAT,461130334.1768795,461130334.1768795,0.0,0.0,1267.7
2024-05-30 09:15:00,FLAT,461130334.1768795,461130334.1768795,0.0,0.0,1269.0
2024-05-30 09:30:00,FLAT,461130334.1768795,461130334.1768795,0.0,0.0,1268.8
2024-05-30 09:45:00,FLAT,461130334.1768795,461130334.1768795,0.0,0.0,1268.5
2024-05-30 10:00:00,FLAT,461130334.1768795,461130334.1768795,0.0,0.0,1268.3
2024-05-30 10:15:00,FLAT,461130334.1768795,461130334.1768795,0.0,0.0,1268.0
2024-05-30 10:30:00,FLAT,461130334.1768795,461130334.1768795,0.0,0.0,1264.2
2024-05-30 10:45:00,FLAT,461130334.1768795,461130334.1768795,0.0,0.0,1264.2
2024-05-30 11:00:00,FLAT,461130334.1768795,461130334.1768795,0.0,0.0,1263.1
2024-05-30 11:15:00,FLAT,461130334.1768795,461130334.1768795,0.0,0.0,1260.5
2024-05-30 13:00:00,FLAT,461130334.1768795,461130334.1768795,0.0,0.0,1261.9
2024-05-30 13:15:00,FLAT,461130334.1768795,461130334.1768795,0.0,0.0,1258.8
2024-05-30 13:30:00,FLAT,461130334.1768795,461130334.1768795,0.0,0.0,1259.3
2024-05-30 13:45:00,FLAT,461130334.1768795,461130334.1768795,0.0,0.0,1262.8
2024-05-30 14:00:00,FLAT,461130334.1768795,461130334.1768795,0.0,0.0,1264.7
2024-05-30 14:15:00,FLAT,461130334.1768795,461130334.1768795,0.0,0.0,1270.1
2024-05-30 14:30:00,FLAT,461130334.1768795,461130334.1768795,0.0,0.0,1270.9
2024-05-31 09:00:00,FLAT,461130334.1768795,461130334.1768795,0.0,0.0,1271.0
2024-05-31 09:15:00,FLAT,461130334.1768795,461130334.1768795,0.0,0.0,1271.1
2024-05-31 09:30:00,FLAT,461130334.1768795,461130334.1768795,0.0,0.0,1270.2
2024-05-31 09:45:00,FLAT,461130334.1768795,461130334.1768795,0.0,0.0,1270.0
2024-05-31 10:00:00,FLAT,461130334.1768795,461130334.1768795,0.0,0.0,1272.7
2024-05-31 10:15:00,FLAT,461130334.1768795,461130334.1768795,0.0,0.0,1274.6
2024-05-31 10:30:00,LONG,460958285.02716523,460293953.59873354,-664331.428431683,0.0,1273.7
2024-05-31 10:45:00,LONG,460958285.02716523,459483953.5987335,-1474331.428431765,0.0,1272.8
2024-05-31 11:00:00,LONG,460958285.02716523,458583953.5987335,-2374331.4284317647,0.0,1271.8
2024-05-31 11:15:00,LONG,460958285.02716523,458583953.5987335,-2374331.4284317647,0.0,1271.8
2024-05-31 13:00:00,LONG,460958285.02716523,457413953.5987335,-3544331.4284317237,0.0,1270.5
2024-05-31 13:15:00,LONG,460958285.02716523,458493953.59873354,-2464331.4284316828,0.0,1271.7
2024-05-31 13:30:00,LONG,460958285.02716523,458673953.5987336,-2284331.4284316422,0.0,1271.9
2024-05-31 13:45:00,LONG,460958285.02716523,458673953.5987336,-2284331.4284316422,0.0,1271.9
2024-05-31 14:00:00,FLAT,456072611.59873354,456072611.59873354,0.0,0.0,1268.1
2024-05-31 14:15:00,FLAT,456072611.59873354,456072611.59873354,0.0,0.0,1268.3
2024-05-31 14:30:00,FLAT,456072611.59873354,456072611.59873354,0.0,0.0,1270.0
2024-06-03 09:00:00,FLAT,456072611.59873354,456072611.59873354,0.0,0.0,1281.5
2024-06-03 09:15:00,FLAT,456072611.59873354,456072611.59873354,0.0,0.0,1282.8
2024-06-03 09:30:00,FLAT,456072611.59873354,456072611.59873354,0.0,0.0,1282.5
2024-06-03 09:45:00,FLAT,456072611.59873354,456072611.59873354,0.0,0.0,1283.6
2024-06-03 10:00:00,FLAT,456072611.59873354,456072611.59873354,0.0,0.0,1289.5
2024-06-03 10:15:00,FLAT,456072611.59873354,456072611.59873354,0.0,0.0,1290.1
2024-06-03 10:30:00,FLAT,456072611.59873354,456072611.59873354,0.0,0.0,1291.5
2024-06-03 10:45:00,FLAT,456072611.59873354,456072611.59873354,0.0,0.0,1291.3
2024-06-03 11:00:00,FLAT,456072611.59873354,456072611.59873354,0.0,0.0,1291.6
2024-06-03 11:15:00,FLAT,456072611.59873354,456072611.59873354,0.0,0.0,1295.0
2024-06-03 13:00:00,FLAT,456072611.59873354,456072611.59873354,0.0,0.0,1295.5
2024-06-03 13:15:00,FLAT,456072611.59873354,456072611.59873354,0.0,0.0,1296.8
2024-06-03 13:30:00,FLAT,456072611.59873354,456072611.59873354,0.0,0.0,1295.5
2024-06-03 13:45:00,FLAT,456072611.59873354,456072611.59873354,0.0,0.0,1296.7
2024-06-03 14:00:00,FLAT,456072611.59873354,456072611.59873354,0.0,0.0,1296.4
2024-06-03 14:15:00,FLAT,456072611.59873354,456072611.59873354,0.0,0.0,1293.7
2024-06-03 14:30:00,FLAT,456072611.59873354,456072611.59873354,0.0,0.0,1291.0
2024-06-04 09:00:00,FLAT,456072611.59873354,456072611.59873354,0.0,0.0,1294.9
2024-06-04 09:15:00,FLAT,456072611.59873354,456072611.59873354,0.0,0.0,1294.2
2024-06-04 09:30:00,FLAT,456072611.59873354,456072611.59873354,0.0,0.0,1297.6
2024-06-04 09:45:00,FLAT,456072611.59873354,456072611.59873354,0.0,0.0,1300.5
2024-06-04 10:00:00,FLAT,456072611.59873354,456072611.59873354,0.0,0.0,1299.3
2024-06-04 10:15:00,FLAT,456072611.59873354,456072611.59873354,0.0,0.0,1299.0
2024-06-04 10:30:00,LONG,455878045.2458289,455269025.8818801,-609019.3639488461,0.0,1296.5
2024-06-04 10:45:00,LONG,455878045.2458289,456169025.88188016,290980.6360512448,0.0,1297.4
2024-06-04 11:00:00,LONG,455878045.2458289,456969025.8818801,1090980.6360511994,0.0,1298.2
2024-06-04 11:15:00,LONG,455878045.2458289,457469025.8818801,1590980.6360511994,0.0,1298.7
2024-06-04 13:00:00,LONG,455878045.2458289,458569025.88188004,2690980.6360511086,0.0,1299.8
2024-06-04 13:15:00,LONG,455878045.2458289,455469025.8818801,-409019.36394880066,0.0,1296.7
2024-06-04 13:30:00,LONG,455878045.2458289,455869025.88188,-9019.363948937098,0.0,1297.1
2024-06-04 13:45:00,FLAT,452381706.3891828,452381706.3891828,0.0,0.0,1293.4
2024-06-04 14:00:00,FLAT,452381706.3891828,452381706.3891828,0.0,0.0,1294.2
2024-06-04 14:15:00,FLAT,452381706.3891828,452381706.3891828,0.0,0.0,1293.3
2024-06-04 14:30:00,FLAT,452381706.3891828,452381706.3891828,0.0,0.0,1293.0
2024-06-05 09:00:00,FLAT,452381706.3891828,452381706.3891828,0.0,0.0,1304.4
2024-06-05 09:15:00,FLAT,452381706.3891828,452381706.3891828,0.0,0.0,1306.1
2024-06-05 09:30:00,FLAT,452381706.3891828,452381706.3891828,0.0,0.0,1307.7
2024-06-05 09:45:00,FLAT,452381706.3891828,452381706.3891828,0.0,0.0,1306.9
2024-06-05 10:00:00,FLAT,452381706.3891828,452381706.3891828,0.0,0.0,1307.1
2024-06-05 10:15:00,LONG,452224854.69199294,451906873.42604566,-317981.26594731,0.0,1306.7
2024-06-05 10:30:00,LONG,452224854.69199294,451266873.42604566,-957981.2659472737,0.0,1305.9
2024-06-05 10:45:00,LONG,452224854.69199294,449906873.42604566,-2317981.2659473103,0.0,1304.2
2024-06-05 11:00:00,LONG,452224854.69199294,449026873.42604554,-3197981.265947419,0.0,1303.1
2024-06-05 11:15:00,LONG,452224854.69199294,450066873.42604566,-2157981.2659472735,0.0,1304.4
2024-06-05 13:00:00,LONG,452224854.69199294,450226873.42604554,-1997981.2659474192,0.0,1304.6
2024-06-05 13:15:00,LONG,452224854.69199294,449586873.42604554,-2637981.265947383,0.0,1303.8
2024-06-05 13:30:00,FLAT,447270741.42604554,447270741.42604554,0.0,0.0,1302.4
2024-06-05 13:45:00,FLAT,447270741.42604554,447270741.42604554,0.0,0.0,1305.4
2024-06-05 14:00:00,FLAT,447270741.42604554,447270741.42604554,0.0,0.0,1302.5
2024-06-05 14:15:00,FLAT,447270741.42604554,447270741.42604554,0.0,0.0,1297.8
2024-06-05 14:30:00,FLAT,447270741.42604554,447270741.42604554,0.0,0.0,1296.0
2024-06-06 09:00:00,FLAT,447270741.42604554,447270741.42604554,0.0,0.0,1300.7
2024-06-06 09:15:00,FLAT,447270741.42604554,447270741.42604554,0.0,0.0,1301.8
2024-06-06 09:30:00,FLAT,447270741.42604554,447270741.42604554,0.0,0.0,1301.1
2024-06-06 09:45:00,FLAT,447270741.42604554,447270741.42604554,0.0,0.0,1301.5
2024-06-06 10:00:00,FLAT,447270741.42604554,447270741.42604554,0.0,0.0,1300.6
2024-06-06 10:15:00,FLAT,447270741.42604554,447270741.42604554,0.0,0.0,1299.6
2024-06-06 10:30:00,FLAT,447270741.42604554,447270741.42604554,0.0,0.0,1299.0
2024-06-06 10:45:00,FLAT,447270741.42604554,447270741.42604554,0.0,0.0,1300.4
2024-06-06 11:00:00,FLAT,447270741.42604554,447270741.42604554,0.0,0.0,1301.0
2024-06-06 11:15:00,FLAT,447270741.42604554,447270741.42604554,0.0,0.0,1301.9
2024-06-06 13:00:00,FLAT,447270741.42604554,447270741.42604554,0.0,0.0,1301.5
2024-06-06 13:15:00,FLAT,447270741.42604554,447270741.42604554,0.0,0.0,1304.8
2024-06-06 13:30:00,FLAT,447270741.42604554,447270741.42604554,0.0,0.0,1304.5
2024-06-06 13:45:00,FLAT,447270741.42604554,447270741.42604554,0.0,0.0,1299.3
2024-06-06 14:00:00,FLAT,447270741.42604554,447270741.42604554,0.0,0.0,1301.4
2024-06-06 14:15:00,FLAT,447270741.42604554,447270741.42604554,0.0,0.0,1294.9
2024-06-06 14:30:00,FLAT,447270741.42604554,447270741.42604554,0.0,0.0,1294.9
2024-06-07 09:00:00,FLAT,447270741.42604554,447270741.42604554,0.0,0.0,1306.6
2024-06-07 09:15:00,FLAT,447270741.42604554,447270741.42604554,0.0,0.0,1306.7
2024-06-07 09:30:00,FLAT,447270741.42604554,447270741.42604554,0.0,0.0,1303.8
2024-06-07 09:45:00,FLAT,447270741.42604554,447270741.42604554,0.0,0.0,1303.7
2024-06-07 10:00:00,FLAT,447270741.42604554,447270741.42604554,0.0,0.0,1302.0
2024-06-07 10:15:00,FLAT,447270741.42604554,447270741.42604554,0.0,0.0,1302.1
2024-06-07 10:30:00,FLAT,447270741.42604554,447270741.42604554,0.0,0.0,1302.9
2024-06-07 10:45:00,FLAT,447270741.42604554,447270741.42604554,0.0,0.0,1303.1
2024-06-07 11:00:00,FLAT,447270741.42604554,447270741.42604554,0.0,0.0,1303.6
2024-06-07 11:15:00,FLAT,447270741.42604554,447270741.42604554,0.0,0.0,1303.5
2024-06-07 13:00:00,FLAT,447270741.42604554,447270741.42604554,0.0,0.0,1301.6
2024-06-07 13:15:00,FLAT,447270741.42604554,447270741.42604554,0.0,0.0,1303.5
2024-06-07 13:30:00,FLAT,447270741.42604554,447270741.42604554,0.0,0.0,1301.5
2024-06-07 13:45:00,FLAT,447270741.42604554,447270741.42604554,0.0,0.0,1303.3
2024-06-07 14:00:00,FLAT,447270741.42604554,447270741.42604554,0.0,0.0,1299.7
2024-06-07 14:15:00,FLAT,447270741.42604554,447270741.42604554,0.0,0.0,1309.4
2024-06-07 14:30:00,FLAT,447270741.42604554,447270741.42604554,0.0,0.0,1308.7
2024-06-10 09:00:00,FLAT,447270741.42604554,447270741.42604554,0.0,0.0,1310.8
2024-06-10 09:15:00,FLAT,447270741.42604554,447270741.42604554,0.0,0.0,1311.9
2024-06-10 09:30:00,FLAT,447270741.42604554,447270741.42604554,0.0,0.0,1311.4
2024-06-10 09:45:00,FLAT,447270741.42604554,447270741.42604554,0.0,0.0,1311.0
2024-06-10 10:00:00,FLAT,447270741.42604554,447270741.42604554,0.0,0.0,1310.2
2024-06-10 10:15:00,FLAT,447270741.42604554,447270741.42604554,0.0,0.0,1311.2
2024-06-10 10:30:00,FLAT,447270741.42604554,447270741.42604554,0.0,0.0,1310.9
2024-06-10 10:45:00,FLAT,447270741.42604554,447270741.42604554,0.0,0.0,1311.9
2024-06-10 11:00:00,FLAT,447270741.42604554,447270741.42604554,0.0,0.0,1311.6
2024-06-10 11:15:00,FLAT,447270741.42604554,447270741.42604554,0.0,0.0,1309.4
2024-06-10 13:00:00,FLAT,447270741.42604554,447270741.42604554,0.0,0.0,1309.5
2024-06-10 13:15:00,FLAT,447270741.42604554,447270741.42604554,0.0,0.0,1309.8
2024-06-10 13:30:00,FLAT,447270741.42604554,447270741.42604554,0.0,0.0,1307.8
2024-06-10 13:45:00,FLAT,447270741.42604554,447270741.42604554,0.0,0.0,1309.0
2024-06-10 14:00:00,FLAT,447270741.42604554,447270741.42604554,0.0,0.0,1306.6
2024-06-10 14:15:00,FLAT,447270741.42604554,447270741.42604554,0.0,0.0,1309.2
2024-06-10 14:30:00,FLAT,447270741.42604554,447270741.42604554,0.0,0.0,1308.8
2024-06-11 09:00:00,FLAT,447270741.42604554,447270741.42604554,0.0,0.0,1313.4
2024-06-11 09:15:00,FLAT,447270741.42604554,447270741.42604554,0.0,0.0,1311.8
2024-06-11 09:30:00,FLAT,447270741.42604554,447270741.42604554,0.0,0.0,1311.0
2024-06-11 09:45:00,FLAT,447270741.42604554,447270741.42604554,0.0,0.0,1309.9
2024-06-11 10:00:00,FLAT,447270741.42604554,447270741.42604554,0.0,0.0,1310.2
2024-06-11 10:15:00,FLAT,447270741.42604554,447270741.42604554,0.0,0.0,1309.0
2024-06-11 10:30:00,FLAT,447270741.42604554,447270741.42604554,0.0,0.0,1306.0
2024-06-11 10:45:00,FLAT,447270741.42604554,447270741.42604554,0.0,0.0,1305.0
2024-06-11 11:00:00,FLAT,447270741.42604554,447270741.42604554,0.0,0.0,1305.9
2024-06-11 11:15:00,FLAT,447270741.42604554,447270741.42604554,0.0,0.0,1305.2
2024-06-11 13:00:00,FLAT,447270741.42604554,447270741.42604554,0.0,0.0,1305.2
2024-06-11 13:15:00,FLAT,447270741.42604554,447270741.42604554,0.0,0.0,1302.4
2024-06-11 13:30:00,FLAT,447270741.42604554,447270741.42604554,0.0,0.0,1302.7
2024-06-11 13:45:00,FLAT,447270741.42604554,447270741.42604554,0.0,0.0,1302.4
2024-06-11 14:00:00,FLAT,447270741.42604554,447270741.42604554,0.0,0.0,1302.7
2024-06-11 14:15:00,FLAT,447270741.42604554,447270741.42604554,0.0,0.0,1308.2
2024-06-11 14:30:00,FLAT,447270741.42604554,447270741.42604554,0.0,0.0,1306.2
2024-06-12 09:00:00,FLAT,447270741.42604554,447270741.42604554,0.0,0.0,1303.0
2024-06-12 09:15:00,FLAT,447270741.42604554,447270741.42604554,0.0,0.0,1302.8
2024-06-12 09:30:00,FLAT,447270741.42604554,447270741.42604554,0.0,0.0,1305.9
2024-06-12 09:45:00,FLAT,447270741.42604554,447270741.42604554,0.0,0.0,1305.1
2024-06-12 10:00:00,FLAT,447270741.42604554,447270741.42604554,0.0,0.0,1305.0
2024-06-12 10:15:00,FLAT,447270741.42604554,447270741.42604554,0.0,0.0,1306.0
2024-06-12 10:30:00,FLAT,447270741.42604554,447270741.42604554,0.0,0.0,1304.7
2024-06-12 10:45:00,FLAT,447270741.42604554,447270741.42604554,0.0,0.0,1304.5
2024-06-12 11:00:00,FLAT,447270741.42604554,447270741.42604554,0.0,0.0,1307.1
2024-06-12 11:15:00,FLAT,447270741.42604554,447270741.42604554,0.0,0.0,1306.9
2024-06-12 13:00:00,FLAT,447270741.42604554,447270741.42604554,0.0,0.0,1309.3
2024-06-12 13:15:00,FLAT,447270741.42604554,447270741.42604554,0.0,0.0,1310.0
2024-06-12 13:30:00,FLAT,447270741.42604554,447270741.42604554,0.0,0.0,1311.8
2024-06-12 13:45:00,FLAT,447270741.42604554,447270741.42604554,0.0,0.0,1313.8
2024-06-12 14:00:00,FLAT,447270741.42604554,447270741.42604554,0.0,0.0,1317.4
2024-06-12 14:15:00,FLAT,447270741.42604554,447270741.42604554,0.0,0.0,1328.4
2024-06-12 14:30:00,FLAT,447270741.42604554,447270741.42604554,0.0,0.0,1327.4
2024-06-13 09:00:00,FLAT,447270741.42604554,447270741.42604554,0.0,0.0,1331.1
2024-06-13 09:15:00,FLAT,447270741.42604554,447270741.42604554,0.0,0.0,1330.3
2024-06-13 09:30:00,FLAT,447270741.42604554,447270741.42604554,0.0,0.0,1329.2
2024-06-13 09:45:00,FLAT,447270741.42604554,447270741.42604554,0.0,0.0,1325.6
2024-06-13 10:00:00,FLAT,447270741.42604554,447270741.42604554,0.0,0.0,1326.9
2024-06-13 10:15:00,FLAT,447270741.42604554,447270741.42604554,0.0,0.0,1327.8
2024-06-13 10:30:00,FLAT,447270741.42604554,447270741.42604554,0.0,0.0,1326.2
2024-06-13 10:45:00,FLAT,447270741.42604554,447270741.42604554,0.0,0.0,1326.7
2024-06-13 11:00:00,FLAT,447270741.42604554,447270741.42604554,0.0,0.0,1329.9
2024-06-13 11:15:00,FLAT,447270741.42604554,447270741.42604554,0.0,0.0,1329.2
2024-06-13 13:00:00,FLAT,447270741.42604554,447270741.42604554,0.0,0.0,1327.8
2024-06-13 13:15:00,FLAT,447270741.42604554,447270741.42604554,0.0,0.0,1328.2
2024-06-13 13:30:00,FLAT,447270741.42604554,447270741.42604554,0.0,0.0,1331.3
2024-06-13 13:45:00,LONG,447071001.42604554,447871001.4260457,800000.0000001818,0.0,1332.4
2024-06-13 14:00:00,LONG,447071001.42604554,449371001.4260457,2300000.000000182,0.0,1333.9
2024-06-13 14:15:00,FLAT,452170466.4260457,452170466.4260457,0.0,0.0,1337.4
2024-06-13 14:30:00,FLAT,452170466.4260457,452170466.4260457,0.0,0.0,1338.0
2024-06-14 09:00:00,FLAT,452170466.4260457,452170466.4260457,0.0,0.0,1332.2
2024-06-14 09:15:00,FLAT,452170466.4260457,452170466.4260457,0.0,0.0,1330.6
2024-06-14 09:30:00,FLAT,452170466.4260457,452170466.4260457,0.0,0.0,1331.7
2024-06-14 09:45:00,FLAT,452170466.4260457,452170466.4260457,0.0,0.0,1334.2
2024-06-14 10:00:00,FLAT,452170466.4260457,452170466.4260457,0.0,0.0,1334.7
2024-06-14 10:15:00,FLAT,452170466.4260457,452170466.4260457,0.0,0.0,1333.3
2024-06-14 10:30:00,FLAT,452170466.4260457,452170466.4260457,0.0,0.0,1333.0
2024-06-14 10:45:00,FLAT,452170466.4260457,452170466.4260457,0.0,0.0,1331.9
2024-06-14 11:00:00,FLAT,452170466.4260457,452170466.4260457,0.0,0.0,1332.0
2024-06-14 11:15:00,FLAT,452170466.4260457,452170466.4260457,0.0,0.0,1332.8
2024-06-14 13:00:00,FLAT,452170466.4260457,452170466.4260457,0.0,0.0,1333.1
2024-06-14 13:15:00,FLAT,452170466.4260457,452170466.4260457,0.0,0.0,1334.6
2024-06-14 13:30:00,FLAT,452170466.4260457,452170466.4260457,0.0,0.0,1333.1
2024-06-14 13:45:00,FLAT,452170466.4260457,452170466.4260457,0.0,0.0,1329.7
2024-06-14 14:00:00,FLAT,452170466.4260457,452170466.4260457,0.0,0.0,1332.4
2024-06-14 14:15:00,FLAT,452170466.4260457,452170466.4260457,0.0,0.0,1327.1
2024-06-14 14:30:00,FLAT,452170466.4260457,452170466.4260457,0.0,0.0,1327.5
2024-06-17 09:00:00,FLAT,452170466.4260457,452170466.4260457,0.0,0.0,1313.8
2024-06-17 09:15:00,FLAT,452170466.4260457,452170466.4260457,0.0,0.0,1312.3
2024-06-17 09:30:00,FLAT,452170466.4260457,452170466.4260457,0.0,0.0,1312.6
2024-06-17 09:45:00,FLAT,452170466.4260457,452170466.4260457,0.0,0.0,1308.8
2024-06-17 10:00:00,FLAT,452170466.4260457,452170466.4260457,0.0,0.0,1311.8
2024-06-17 10:15:00,FLAT,452170466.4260457,452170466.4260457,0.0,0.0,1312.6
2024-06-17 10:30:00,FLAT,452170466.4260457,452170466.4260457,0.0,0.0,1312.5
2024-06-17 10:45:00,FLAT,452170466.4260457,452170466.4260457,0.0,0.0,1311.5
2024-06-17 11:00:00,FLAT,452170466.4260457,452170466.4260457,0.0,0.0,1311.5
2024-06-17 11:15:00,FLAT,452170466.4260457,452170466.4260457,0.0,0.0,1310.5
2024-06-17 13:00:00,FLAT,452170466.4260457,452170466.4260457,0.0,0.0,1311.4
2024-06-17 13:15:00,FLAT,452170466.4260457,452170466.4260457,0.0,0.0,1312.0
2024-06-17 13:30:00,FLAT,452170466.4260457,452170466.4260457,0.0,0.0,1310.1
2024-06-17 13:45:00,FLAT,452170466.4260457,452170466.4260457,0.0,0.0,1310.1
2024-06-17 14:00:00,FLAT,452170466.4260457,452170466.4260457,0.0,0.0,1311.3
2024-06-17 14:15:00,FLAT,452170466.4260457,452170466.4260457,0.0,0.0,1309.9
2024-06-17 14:30:00,FLAT,452170466.4260457,452170466.4260457,0.0,0.0,1310.0
2024-06-18 09:00:00,FLAT,452170466.4260457,452170466.4260457,0.0,0.0,1312.6
2024-06-18 09:15:00,FLAT,452170466.4260457,452170466.4260457,0.0,0.0,1312.7
2024-06-18 09:30:00,FLAT,452170466.4260457,452170466.4260457,0.0,0.0,1311.5
2024-06-18 09:45:00,FLAT,452170466.4260457,452170466.4260457,0.0,0.0,1312.0
2024-06-18 10:00:00,FLAT,452170466.4260457,452170466.4260457,0.0,0.0,1312.2
2024-06-18 10:15:00,FLAT,452170466.4260457,452170466.4260457,0.0,0.0,1312.9
2024-06-18 10:30:00,FLAT,452170466.4260457,452170466.4260457,0.0,0.0,1316.1
2024-06-18 10:45:00,FLAT,452170466.4260457,452170466.4260457,0.0,0.0,1315.6
2024-06-18 11:00:00,FLAT,452170466.4260457,452170466.4260457,0.0,0.0,1315.5
2024-06-18 11:15:00,LONG,451973181.94313765,452843295.88950163,870113.946363972,0.0,1316.1
2024-06-18 13:00:00,LONG,451973181.94313765,454743295.8895017,2770113.946364063,0.0,1318.0
2024-06-18 13:15:00,LONG,451973181.94313765,453943295.88950175,1970113.9463641085,0.0,1317.2
2024-06-18 13:30:00,LONG,451973181.94313765,453043295.8895017,1070113.9463640174,0.0,1316.3
2024-06-18 13:45:00,LONG,451973181.94313765,458043295.8895017,6070113.946364017,0.0,1321.3
2024-06-18 14:00:00,FLAT,452150735.3021838,452150735.3021838,0.0,0.0,1316.3
2024-06-18 14:15:00,FLAT,452150735.3021838,452150735.3021838,0.0,0.0,1310.3
2024-06-18 14:30:00,FLAT,452150735.3021838,452150735.3021838,0.0,0.0,1309.0
2024-06-19 09:00:00,FLAT,452150735.3021838,452150735.3021838,0.0,0.0,1311.6
2024-06-19 09:15:00,FLAT,452150735.3021838,452150735.3021838,0.0,0.0,1310.7
2024-06-19 09:30:00,FLAT,452150735.3021838,452150735.3021838,0.0,0.0,1309.3
2024-06-19 09:45:00,FLAT,452150735.3021838,452150735.3021838,0.0,0.0,1306.6
2024-06-19 10:00:00,FLAT,452150735.3021838,452150735.3021838,0.0,0.0,1301.1
2024-06-19 10:15:00,FLAT,452150735.3021838,452150735.3021838,0.0,0.0,1302.5
2024-06-19 10:30:00,FLAT,452150735.3021838,452150735.3021838,0.0,0.0,1302.6
2024-06-19 10:45:00,FLAT,452150735.3021838,452150735.3021838,0.0,0.0,1302.4
2024-06-19 11:00:00,FLAT,452150735.3021838,452150735.3021838,0.0,0.0,1300.9
2024-06-19 11:15:00,FLAT,452150735.3021838,452150735.3021838,0.0,0.0,1301.7
2024-06-19 13:00:00,FLAT,452150735.3021838,452150735.3021838,0.0,0.0,1303.2
2024-06-19 13:15:00,FLAT,452150735.3021838,452150735.3021838,0.0,0.0,1305.0
2024-06-19 13:30:00,FLAT,452150735.3021838,452150735.3021838,0.0,0.0,1306.5
2024-06-19 13:45:00,FLAT,452150735.3021838,452150735.3021838,0.0,0.0,1309.4
2024-06-19 14:00:00,FLAT,452150735.3021838,452150735.3021838,0.0,0.0,1321.3
2024-06-19 14:15:00,FLAT,452150735.3021838,452150735.3021838,0.0,0.0,1314.9
2024-06-19 14:30:00,FLAT,452150735.3021838,452150735.3021838,0.0,0.0,1316.1
2024-06-20 09:00:00,FLAT,452150735.3021838,452150735.3021838,0.0,0.0,1318.5
2024-06-20 09:15:00,FLAT,452150735.3021838,452150735.3021838,0.0,0.0,1321.5
2024-06-20 09:30:00,FLAT,452150735.3021838,452150735.3021838,0.0,0.0,1323.3
2024-06-20 09:45:00,FLAT,452150735.3021838,452150735.3021838,0.0,0.0,1326.6
2024-06-20 10:00:00,FLAT,452150735.3021838,452150735.3021838,0.0,0.0,1325.5
2024-06-20 10:15:00,FLAT,452150735.3021838,452150735.3021838,0.0,0.0,1322.5
2024-06-20 10:30:00,FLAT,452150735.3021838,452150735.3021838,0.0,0.0,1323.3
2024-06-20 10:45:00,LONG,451952516.7596148,452295566.29974174,343049.5401269127,0.0,1321.8
2024-06-20 11:00:00,LONG,451952516.7596148,451695566.2997418,-256950.45987299638,0.0,1321.2
2024-06-20 11:15:00,LONG,451952516.7596148,451695566.2997418,-256950.45987299638,0.0,1321.2
2024-06-20 13:00:00,LONG,451952516.7596148,450995566.2997418,-956950.4598730418,0.0,1320.5
2024-06-20 13:15:00,LONG,451952516.7596148,451495566.2997418,-456950.45987304184,0.0,1321.0
2024-06-20 13:30:00,LONG,451952516.7596148,451495566.2997418,-456950.45987304184,0.0,1321.0
2024-06-20 13:45:00,FLAT,447298016.2997418,447298016.2997418,0.0,0.0,1319.4
2024-06-20 14:00:00,FLAT,447298016.2997418,447298016.2997418,0.0,0.0,1320.5
2024-06-20 14:15:00,FLAT,447298016.2997418,447298016.2997418,0.0,0.0,1323.7
2024-06-20 14:30:00,FLAT,447298016.2997418,447298016.2997418,0.0,0.0,1324.2
2024-06-21 09:00:00,FLAT,447298016.2997418,447298016.2997418,0.0,0.0,1319.5
2024-06-21 09:15:00,FLAT,447298016.2997418,447298016.2997418,0.0,0.0,1314.8
2024-06-21 09:30:00,FLAT,447298016.2997418,447298016.2997418,0.0,0.0,1315.9
2024-06-21 09:45:00,FLAT,447298016.2997418,447298016.2997418,0.0,0.0,1315.9
2024-06-21 10:00:00,FLAT,447298016.2997418,447298016.2997418,0.0,0.0,1318.3
2024-06-21 10:15:00,FLAT,447298016.2997418,447298016.2997418,0.0,0.0,1317.2
2024-06-21 10:30:00,FLAT,447298016.2997418,447298016.2997418,0.0,0.0,1317.3
2024-06-21 10:45:00,FLAT,447298016.2997418,447298016.2997418,0.0,0.0,1318.9
2024-06-21 11:00:00,FLAT,447298016.2997418,447298016.2997418,0.0,0.0,1320.5
2024-06-21 11:15:00,FLAT,447298016.2997418,447298016.2997418,0.0,0.0,1319.2
2024-06-21 13:00:00,FLAT,447298016.2997418,447298016.2997418,0.0,0.0,1319.1
2024-06-21 13:15:00,FLAT,447298016.2997418,447298016.2997418,0.0,0.0,1317.2
2024-06-21 13:30:00,FLAT,447298016.2997418,447298016.2997418,0.0,0.0,1318.8
2024-06-21 13:45:00,FLAT,447298016.2997418,447298016.2997418,0.0,0.0,1316.8
2024-06-21 14:00:00,FLAT,447298016.2997418,447298016.2997418,0.0,0.0,1319.1
2024-06-21 14:15:00,FLAT,447298016.2997418,447298016.2997418,0.0,0.0,1317.8
2024-06-21 14:30:00,FLAT,447298016.2997418,447298016.2997418,0.0,0.0,1319.5
2024-06-24 09:00:00,FLAT,447298016.2997418,447298016.2997418,0.0,0.0,1314.2
2024-06-24 09:15:00,FLAT,447298016.2997418,447298016.2997418,0.0,0.0,1314.3
2024-06-24 09:30:00,FLAT,447298016.2997418,447298016.2997418,0.0,0.0,1315.2
2024-06-24 09:45:00,FLAT,447298016.2997418,447298016.2997418,0.0,0.0,1313.5
2024-06-24 10:00:00,FLAT,447298016.2997418,447298016.2997418,0.0,0.0,1307.5
2024-06-24 10:15:00,FLAT,447298016.2997418,447298016.2997418,0.0,0.0,1301.8
2024-06-24 10:30:00,FLAT,447298016.2997418,447298016.2997418,0.0,0.0,1299.5
2024-06-24 10:45:00,FLAT,447298016.2997418,447298016.2997418,0.0,0.0,1297.9
2024-06-24 11:00:00,FLAT,447298016.2997418,447298016.2997418,0.0,0.0,1297.1
2024-06-24 11:15:00,FLAT,447298016.2997418,447298016.2997418,0.0,0.0,1297.0
2024-06-24 13:00:00,FLAT,447298016.2997418,447298016.2997418,0.0,0.0,1297.2
2024-06-24 13:15:00,FLAT,447298016.2997418,447298016.2997418,0.0,0.0,1294.4
2024-06-24 13:30:00,FLAT,447298016.2997418,447298016.2997418,0.0,0.0,1295.4
2024-06-24 13:45:00,FLAT,447298016.2997418,447298016.2997418,0.0,0.0,1296.9
2024-06-24 14:00:00,FLAT,447298016.2997418,447298016.2997418,0.0,0.0,1291.9
2024-06-24 14:15:00,FLAT,447298016.2997418,447298016.2997418,0.0,0.0,1287.1
2024-06-24 14:30:00,FLAT,447298016.2997418,447298016.2997418,0.0,0.0,1286.7
2024-06-25 09:00:00,FLAT,447298016.2997418,447298016.2997418,0.0,0.0,1290.7
2024-06-25 09:15:00,FLAT,447298016.2997418,447298016.2997418,0.0,0.0,1288.5
2024-06-25 09:30:00,FLAT,447298016.2997418,447298016.2997418,0.0,0.0,1291.2
2024-06-25 09:45:00,FLAT,447298016.2997418,447298016.2997418,0.0,0.0,1291.0
2024-06-25 10:00:00,FLAT,447298016.2997418,447298016.2997418,0.0,0.0,1289.3
2024-06-25 10:15:00,FLAT,447298016.2997418,447298016.2997418,0.0,0.0,1291.1
2024-06-25 10:30:00,FLAT,447298016.2997418,447298016.2997418,0.0,0.0,1288.7
2024-06-25 10:45:00,FLAT,447298016.2997418,447298016.2997418,0.0,0.0,1289.8
2024-06-25 11:00:00,FLAT,447298016.2997418,447298016.2997418,0.0,0.0,1289.0
2024-06-25 11:15:00,FLAT,447298016.2997418,447298016.2997418,0.0,0.0,1286.6
2024-06-25 13:00:00,FLAT,447298016.2997418,447298016.2997418,0.0,0.0,1289.1
2024-06-25 13:15:00,FLAT,447298016.2997418,447298016.2997418,0.0,0.0,1291.9
2024-06-25 13:30:00,LONG,447143026.7918873,446679641.09490544,-463385.69698182255,0.0,1291.0
2024-06-25 13:45:00,LONG,447143026.7918873,444279641.09490544,-2863385.6969818226,0.0,1288.0
2024-06-25 14:00:00,LONG,447143026.7918873,444039641.0949055,-3103385.6969817863,0.0,1287.7
2024-06-25 14:15:00,FLAT,442365345.09490544,442365345.09490544,0.0,0.0,1286.5
2024-06-25 14:30:00,FLAT,442365345.09490544,442365345.09490544,0.0,0.0,1287.0
2024-06-26 09:00:00,FLAT,442365345.09490544,442365345.09490544,0.0,0.0,1289.1
2024-06-26 09:15:00,FLAT,442365345.09490544,442365345.09490544,0.0,0.0,1289.8
2024-06-26 09:30:00,FLAT,442365345.09490544,442365345.09490544,0.0,0.0,1291.5
2024-06-26 09:45:00,FLAT,442365345.09490544,442365345.09490544,0.0,0.0,1289.9
2024-06-26 10:00:00,FLAT,442365345.09490544,442365345.09490544,0.0,0.0,1287.9
2024-06-26 10:15:00,FLAT,442365345.09490544,442365345.09490544,0.0,0.0,1288.3
2024-06-26 10:30:00,FLAT,442365345.09490544,442365345.09490544,0.0,0.0,1283.5
2024-06-26 10:45:00,FLAT,442365345.09490544,442365345.09490544,0.0,0.0,1283.0
2024-06-26 11:00:00,FLAT,442365345.09490544,442365345.09490544,0.0,0.0,1277.7
2024-06-26 11:15:00,FLAT,442365345.09490544,442365345.09490544,0.0,0.0,1280.1
2024-06-26 13:00:00,FLAT,442365345.09490544,442365345.09490544,0.0,0.0,1281.1
2024-06-26 13:15:00,FLAT,442365345.09490544,442365345.09490544,0.0,0.0,1282.6
2024-06-26 13:30:00,FLAT,442365345.09490544,442365345.09490544,0.0,0.0,1282.0
2024-06-26 13:45:00,FLAT,442365345.09490544,442365345.09490544,0.0,0.0,1285.1
2024-06-26 14:00:00,LONG,442172553.8089742,440397314.2675181,-1775239.5414561306,0.0,1283.5
2024-06-26 14:15:00,FLAT,445703964.2675181,445703964.2675181,0.0,0.0,1289.5
2024-06-26 14:30:00,FLAT,445703964.2675181,445703964.2675181,0.0,0.0,1288.7
2024-06-27 09:00:00,FLAT,445703964.2675181,445703964.2675181,0.0,0.0,1284.3
2024-06-27 09:15:00,FLAT,445703964.2675181,445703964.2675181,0.0,0.0,1284.4
2024-06-27 09:30:00,FLAT,445703964.2675181,445703964.2675181,0.0,0.0,1283.1
2024-06-27 09:45:00,FLAT,445703964.2675181,445703964.2675181,0.0,0.0,1282.9
2024-06-27 10:00:00,FLAT,445703964.2675181,445703964.2675181,0.0,0.0,1285.8
2024-06-27 10:15:00,FLAT,445703964.2675181,445703964.2675181,0.0,0.0,1284.3
2024-06-27 10:30:00,FLAT,445703964.2675181,445703964.2675181,0.0,0.0,1281.9
2024-06-27 10:45:00,FLAT,445703964.2675181,445703964.2675181,0.0,0.0,1281.3
2024-06-27 11:00:00,FLAT,445703964.2675181,445703964.2675181,0.0,0.0,1282.8
2024-06-27 11:15:00,FLAT,445703964.2675181,445703964.2675181,0.0,0.0,1282.8
2024-06-27 13:00:00,FLAT,445703964.2675181,445703964.2675181,0.0,0.0,1284.4
2024-06-27 13:15:00,FLAT,445703964.2675181,445703964.2675181,0.0,0.0,1286.3
2024-06-27 13:30:00,FLAT,445703964.2675181,445703964.2675181,0.0,0.0,1285.5
2024-06-27 13:45:00,FLAT,445703964.2675181,445703964.2675181,0.0,0.0,1286.4
2024-06-27 14:00:00,FLAT,445703964.2675181,445703964.2675181,0.0,0.0,1287.3
2024-06-27 14:15:00,FLAT,445703964.2675181,445703964.2675181,0.0,0.0,1289.8
2024-06-27 14:30:00,FLAT,445703964.2675181,445703964.2675181,0.0,0.0,1290.0
2024-06-28 09:00:00,FLAT,445703964.2675181,445703964.2675181,0.0,0.0,1291.7
2024-06-28 09:15:00,FLAT,445703964.2675181,445703964.2675181,0.0,0.0,1291.2
2024-06-28 09:30:00,FLAT,445703964.2675181,445703964.2675181,0.0,0.0,1288.7
2024-06-28 09:45:00,FLAT,445703964.2675181,445703964.2675181,0.0,0.0,1287.3
2024-06-28 10:00:00,FLAT,445703964.2675181,445703964.2675181,0.0,0.0,1288.7
2024-06-28 10:15:00,FLAT,445703964.2675181,445703964.2675181,0.0,0.0,1287.9
2024-06-28 10:30:00,FLAT,445703964.2675181,445703964.2675181,0.0,0.0,1288.5
2024-06-28 10:45:00,FLAT,445703964.2675181,445703964.2675181,0.0,0.0,1288.2
2024-06-28 11:00:00,FLAT,445703964.2675181,445703964.2675181,0.0,0.0,1286.4
2024-06-28 11:15:00,FLAT,445703964.2675181,445703964.2675181,0.0,0.0,1287.6
2024-06-28 13:00:00,FLAT,445703964.2675181,445703964.2675181,0.0,0.0,1286.2
2024-06-28 13:15:00,FLAT,445703964.2675181,445703964.2675181,0.0,0.0,1285.7
2024-06-28 13:30:00,FLAT,445703964.2675181,445703964.2675181,0.0,0.0,1282.8
2024-06-28 13:45:00,FLAT,445703964.2675181,445703964.2675181,0.0,0.0,1283.9
2024-06-28 14:00:00,FLAT,445703964.2675181,445703964.2675181,0.0,0.0,1288.0
2024-06-28 14:15:00,FLAT,445703964.2675181,445703964.2675181,0.0,0.0,1277.7
2024-06-28 14:30:00,FLAT,445703964.2675181,445703964.2675181,0.0,0.0,1277.0
2024-07-01 09:00:00,FLAT,445703964.2675181,445703964.2675181,0.0,0.0,1276.8
2024-07-01 09:15:00,FLAT,445703964.2675181,445703964.2675181,0.0,0.0,1275.5
2024-07-01 09:30:00,FLAT,445703964.2675181,445703964.2675181,0.0,0.0,1274.5
2024-07-01 09:45:00,FLAT,445703964.2675181,445703964.2675181,0.0,0.0,1274.0
2024-07-01 10:00:00,FLAT,445703964.2675181,445703964.2675181,0.0,0.0,1272.6
2024-07-01 10:15:00,FLAT,445703964.2675181,445703964.2675181,0.0,0.0,1275.3
2024-07-01 10:30:00,FLAT,445703964.2675181,445703964.2675181,0.0,0.0,1275.8
2024-07-01 10:45:00,FLAT,445703964.2675181,445703964.2675181,0.0,0.0,1275.0
2024-07-01 11:00:00,FLAT,445703964.2675181,445703964.2675181,0.0,0.0,1274.7
2024-07-01 11:15:00,FLAT,445703964.2675181,445703964.2675181,0.0,0.0,1274.2
2024-07-01 13:00:00,FLAT,445703964.2675181,445703964.2675181,0.0,0.0,1276.4
2024-07-01 13:15:00,FLAT,445703964.2675181,445703964.2675181,0.0,0.0,1275.9
2024-07-01 13:30:00,FLAT,445703964.2675181,445703964.2675181,0.0,0.0,1276.3
2024-07-01 13:45:00,FLAT,445703964.2675181,445703964.2675181,0.0,0.0,1279.3
2024-07-01 14:00:00,LONG,445512212.5445921,444867393.0376876,-644819.5069044686,0.0,1277.7
2024-07-01 14:15:00,FLAT,450974793.03768754,450974793.03768754,0.0,0.0,1284.5
2024-07-01 14:30:00,FLAT,450974793.03768754,450974793.03768754,0.0,0.0,1285.2
2024-07-02 09:00:00,FLAT,450974793.03768754,450974793.03768754,0.0,0.0,1287.4
2024-07-02 09:15:00,FLAT,450974793.03768754,450974793.03768754,0.0,0.0,1285.1
2024-07-02 09:30:00,FLAT,450974793.03768754,450974793.03768754,0.0,0.0,1286.6
2024-07-02 09:45:00,FLAT,450974793.03768754,450974793.03768754,0.0,0.0,1286.1
2024-07-02 10:00:00,FLAT,450974793.03768754,450974793.03768754,0.0,0.0,1286.5
2024-07-02 10:15:00,FLAT,450974793.03768754,450974793.03768754,0.0,0.0,1290.1
2024-07-02 10:30:00,FLAT,450974793.03768754,450974793.03768754,0.0,0.0,1291.3
2024-07-02 10:45:00,FLAT,450974793.03768754,450974793.03768754,0.0,0.0,1292.6
2024-07-02 11:00:00,FLAT,450974793.03768754,450974793.03768754,0.0,0.0,1295.7
2024-07-02 11:15:00,FLAT,450974793.03768754,450974793.03768754,0.0,0.0,1294.8
2024-07-02 13:00:00,FLAT,450974793.03768754,450974793.03768754,0.0,0.0,1295.2
2024-07-02 13:15:00,FLAT,450974793.03768754,450974793.03768754,0.0,0.0,1295.5
2024-07-02 13:30:00,FLAT,450974793.03768754,450974793.03768754,0.0,0.0,1298.3
2024-07-02 13:45:00,FLAT,450974793.03768754,450974793.03768754,0.0,0.0,1296.6
2024-07-02 14:00:00,FLAT,450974793.03768754,450974793.03768754,0.0,0.0,1293.7
2024-07-02 14:15:00,FLAT,450974793.03768754,450974793.03768754,0.0,0.0,1296.8
2024-07-02 14:30:00,FLAT,450974793.03768754,450974793.03768754,0.0,0.0,1296.5
2024-07-03 09:00:00,FLAT,450974793.03768754,450974793.03768754,0.0,0.0,1297.8
2024-07-03 09:15:00,FLAT,450974793.03768754,450974793.03768754,0.0,0.0,1296.8
2024-07-03 09:30:00,FLAT,450974793.03768754,450974793.03768754,0.0,0.0,1297.6
2024-07-03 09:45:00,FLAT,450974793.03768754,450974793.03768754,0.0,0.0,1296.3
2024-07-03 10:00:00,FLAT,450974793.03768754,450974793.03768754,0.0,0.0,1295.5
2024-07-03 10:15:00,FLAT,450974793.03768754,450974793.03768754,0.0,0.0,1295.3
2024-07-03 10:30:00,FLAT,450974793.03768754,450974793.03768754,0.0,0.0,1296.3
2024-07-03 10:45:00,FLAT,450974793.03768754,450974793.03768754,0.0,0.0,1296.8
2024-07-03 11:00:00,FLAT,450974793.03768754,450974793.03768754,0.0,0.0,1296.2
2024-07-03 11:15:00,FLAT,450974793.03768754,450974793.03768754,0.0,0.0,1297.8
2024-07-03 13:00:00,FLAT,450974793.03768754,450974793.03768754,0.0,0.0,1297.5
2024-07-03 13:15:00,FLAT,450974793.03768754,450974793.03768754,0.0,0.0,1303.2
2024-07-03 13:30:00,FLAT,450974793.03768754,450974793.03768754,0.0,0.0,1304.1
2024-07-03 13:45:00,FLAT,450974793.03768754,450974793.03768754,0.0,0.0,1304.9
2024-07-03 14:00:00,FLAT,450974793.03768754,450974793.03768754,0.0,0.0,1306.0
2024-07-03 14:15:00,FLAT,450974793.03768754,450974793.03768754,0.0,0.0,1305.5
2024-07-03 14:30:00,FLAT,450974793.03768754,450974793.03768754,0.0,0.0,1306.7
2024-07-04 09:00:00,FLAT,450974793.03768754,450974793.03768754,0.0,0.0,1307.7
2024-07-04 09:15:00,FLAT,450974793.03768754,450974793.03768754,0.0,0.0,1309.2
2024-07-04 09:30:00,FLAT,450974793.03768754,450974793.03768754,0.0,0.0,1310.6
2024-07-04 09:45:00,LONG,450797856.5820032,451031485.35309255,233628.77108936573,0.0,1310.9
2024-07-04 10:00:00,LONG,450797856.5820032,449861485.3530924,-936371.228910798,0.0,1309.6
2024-07-04 10:15:00,LONG,450797856.5820032,449501485.3530925,-1296371.2289106753,0.0,1309.2
2024-07-04 10:30:00,LONG,450797856.5820032,448871485.35309243,-1926371.228910716,0.0,1308.5
2024-07-04 10:45:00,LONG,450797856.5820032,449951485.3530925,-846371.2289106752,0.0,1309.7
2024-07-04 11:00:00,LONG,450797856.5820032,448601485.3530925,-2196371.2289106753,0.0,1308.2
2024-07-04 11:15:00,LONG,450797856.5820032,449321485.35309243,-1476371.228910716,0.0,1309.0
2024-07-04 13:00:00,LONG,450797856.5820032,449771485.35309243,-1026371.2289107161,0.0,1309.5
2024-07-04 13:15:00,LONG,450797856.5820032,447971485.35309243,-2826371.2289107163,0.0,1307.5
2024-07-04 13:30:00,LONG,450797856.5820032,447521485.35309243,-3276371.2289107163,0.0,1307.0
2024-07-04 13:45:00,LONG,450797856.5820032,448781485.35309255,-2016371.2289106343,0.0,1308.4
2024-07-04 14:00:00,LONG,450797856.5820032,447431485.35309255,-3366371.2289106343,0.0,1306.9
2024-07-04 14:15:00,FLAT,446220115.9811084,446220115.9811084,0.0,0.0,1307.8
2024-07-04 14:30:00,FLAT,446220115.9811084,446220115.9811084,0.0,0.0,1308.5
2024-07-05 09:00:00,FLAT,446220115.9811084,446220115.9811084,0.0,0.0,1309.4
2024-07-05 09:15:00,FLAT,446220115.9811084,446220115.9811084,0.0,0.0,1308.7
2024-07-05 09:30:00,FLAT,446220115.9811084,446220115.9811084,0.0,0.0,1309.5
2024-07-05 09:45:00,FLAT,446220115.9811084,446220115.9811084,0.0,0.0,1309.7
2024-07-05 10:00:00,FLAT,446220115.9811084,446220115.9811084,0.0,0.0,1311.6
2024-07-05 10:15:00,FLAT,446220115.9811084,446220115.9811084,0.0,0.0,1314.1
2024-07-05 10:30:00,LONG,446023235.8959811,445089335.0468905,-933900.8490906053,0.0,1311.6
2024-07-05 10:45:00,LONG,446023235.8959811,443489335.04689056,-2533900.8490905142,0.0,1310.0
2024-07-05 11:00:00,FLAT,441793060.04689056,441793060.04689056,0.0,0.0,1308.9
2024-07-05 11:15:00,FLAT,441793060.04689056,441793060.04689056,0.0,0.0,1308.7
2024-07-05 13:00:00,FLAT,441793060.04689056,441793060.04689056,0.0,0.0,1309.8
2024-07-05 13:15:00,FLAT,441793060.04689056,441793060.04689056,0.0,0.0,1310.4
2024-07-05 13:30:00,FLAT,441793060.04689056,441793060.04689056,0.0,0.0,1307.8
2024-07-05 13:45:00,FLAT,441793060.04689056,441793060.04689056,0.0,0.0,1308.8
2024-07-05 14:00:00,FLAT,441793060.04689056,441793060.04689056,0.0,0.0,1312.3
2024-07-05 14:15:00,FLAT,441793060.04689056,441793060.04689056,0.0,0.0,1316.2
2024-07-05 14:30:00,FLAT,441793060.04689056,441793060.04689056,0.0,0.0,1317.4
2024-07-08 09:00:00,FLAT,441793060.04689056,441793060.04689056,0.0,0.0,1316.2
2024-07-08 09:15:00,FLAT,441793060.04689056,441793060.04689056,0.0,0.0,1316.4
2024-07-08 09:30:00,FLAT,441793060.04689056,441793060.04689056,0.0,0.0,1314.4
2024-07-08 09:45:00,FLAT,441793060.04689056,441793060.04689056,0.0,0.0,1314.2
2024-07-08 10:00:00,FLAT,441793060.04689056,441793060.04689056,0.0,0.0,1312.7
2024-07-08 10:15:00,FLAT,441793060.04689056,441793060.04689056,0.0,0.0,1312.0
2024-07-08 10:30:00,FLAT,441793060.04689056,441793060.04689056,0.0,0.0,1312.2
2024-07-08 10:45:00,FLAT,441793060.04689056,441793060.04689056,0.0,0.0,1309.0
2024-07-08 11:00:00,FLAT,441793060.04689056,441793060.04689056,0.0,0.0,1307.2
2024-07-08 11:15:00,FLAT,441793060.04689056,441793060.04689056,0.0,0.0,1308.2
2024-07-08 13:00:00,FLAT,441793060.04689056,441793060.04689056,0.0,0.0,1308.5
2024-07-08 13:15:00,FLAT,441793060.04689056,441793060.04689056,0.0,0.0,1308.9
2024-07-08 13:30:00,FLAT,441793060.04689056,441793060.04689056,0.0,0.0,1310.3
2024-07-08 13:45:00,LONG,441596481.1689956,441670628.5359522,74147.36695659485,0.0,1310.6
2024-07-08 14:00:00,LONG,441596481.1689956,440870628.53595227,-725852.6330433597,0.0,1309.8
2024-07-08 14:15:00,FLAT,438074548.5359523,438074548.5359523,0.0,0.0,1312.9
2024-07-08 14:30:00,FLAT,438074548.5359523,438074548.5359523,0.0,0.0,1312.9
2024-07-09 09:00:00,FLAT,438074548.5359523,438074548.5359523,0.0,0.0,1314.6
2024-07-09 09:15:00,FLAT,438074548.5359523,438074548.5359523,0.0,0.0,1311.6
2024-07-09 09:30:00,FLAT,438074548.5359523,438074548.5359523,0.0,0.0,1306.8
2024-07-09 09:45:00,FLAT,438074548.5359523,438074548.5359523,0.0,0.0,1306.1
2024-07-09 10:00:00,FLAT,438074548.5359523,438074548.5359523,0.0,0.0,1306.6
2024-07-09 10:15:00,FLAT,438074548.5359523,438074548.5359523,0.0,0.0,1307.2
2024-07-09 10:30:00,FLAT,438074548.5359523,438074548.5359523,0.0,0.0,1309.7
2024-07-09 10:45:00,FLAT,438074548.5359523,438074548.5359523,0.0,0.0,1308.9
2024-07-09 11:00:00,FLAT,438074548.5359523,438074548.5359523,0.0,0.0,1312.7
2024-07-09 11:15:00,FLAT,438074548.5359523,438074548.5359523,0.0,0.0,1312.5
2024-07-09 13:00:00,FLAT,438074548.5359523,438074548.5359523,0.0,0.0,1319.1
2024-07-09 13:15:00,FLAT,438074548.5359523,438074548.5359523,0.0,0.0,1318.3
2024-07-09 13:30:00,FLAT,438074548.5359523,438074548.5359523,0.0,0.0,1316.5
2024-07-09 13:45:00,FLAT,438074548.5359523,438074548.5359523,0.0,0.0,1318.2
2024-07-09 14:00:00,FLAT,438074548.5359523,438074548.5359523,0.0,0.0,1320.8
2024-07-09 14:15:00,FLAT,438074548.5359523,438074548.5359523,0.0,0.0,1319.4
2024-07-09 14:30:00,FLAT,438074548.5359523,438074548.5359523,0.0,0.0,1318.8
2024-07-10 09:00:00,FLAT,438074548.5359523,438074548.5359523,0.0,0.0,1319.9
2024-07-10 09:15:00,FLAT,438074548.5359523,438074548.5359523,0.0,0.0,1316.5
2024-07-10 09:30:00,FLAT,438074548.5359523,438074548.5359523,0.0,0.0,1317.8
2024-07-10 09:45:00,FLAT,438074548.5359523,438074548.5359523,0.0,0.0,1318.2
2024-07-10 10:00:00,FLAT,438074548.5359523,438074548.5359523,0.0,0.0,1320.1
2024-07-10 10:15:00,FLAT,438074548.5359523,438074548.5359523,0.0,0.0,1319.4
2024-07-10 10:30:00,FLAT,438074548.5359523,438074548.5359523,0.0,0.0,1318.8
2024-07-10 10:45:00,FLAT,438074548.5359523,438074548.5359523,0.0,0.0,1317.3
2024-07-10 11:00:00,FLAT,438074548.5359523,438074548.5359523,0.0,0.0,1318.2
2024-07-10 11:15:00,FLAT,438074548.5359523,438074548.5359523,0.0,0.0,1319.5
2024-07-10 13:00:00,FLAT,438074548.5359523,438074548.5359523,0.0,0.0,1317.6
2024-07-10 13:15:00,FLAT,438074548.5359523,438074548.5359523,0.0,0.0,1316.4
2024-07-10 13:30:00,FLAT,438074548.5359523,438074548.5359523,0.0,0.0,1316.0
2024-07-10 13:45:00,FLAT,438074548.5359523,438074548.5359523,0.0,0.0,1316.4
2024-07-10 14:00:00,FLAT,438074548.5359523,438074548.5359523,0.0,0.0,1314.4
2024-07-10 14:15:00,FLAT,438074548.5359523,438074548.5359523,0.0,0.0,1310.3
2024-07-10 14:30:00,FLAT,438074548.5359523,438074548.5359523,0.0,0.0,1312.0
2024-07-11 09:00:00,FLAT,438074548.5359523,438074548.5359523,0.0,0.0,1315.5
2024-07-11 09:15:00,FLAT,438074548.5359523,438074548.5359523,0.0,0.0,1314.2
2024-07-11 09:30:00,FLAT,438074548.5359523,438074548.5359523,0.0,0.0,1317.1
2024-07-11 09:45:00,FLAT,438074548.5359523,438074548.5359523,0.0,0.0,1316.4
2024-07-11 10:00:00,FLAT,438074548.5359523,438074548.5359523,0.0,0.0,1317.3
2024-07-11 10:15:00,FLAT,438074548.5359523,438074548.5359523,0.0,0.0,1315.2
2024-07-11 10:30:00,FLAT,438074548.5359523,438074548.5359523,0.0,0.0,1316.4
2024-07-11 10:45:00,FLAT,438074548.5359523,438074548.5359523,0.0,0.0,1314.5
2024-07-11 11:00:00,FLAT,438074548.5359523,438074548.5359523,0.0,0.0,1312.8
2024-07-11 11:15:00,FLAT,438074548.5359523,438074548.5359523,0.0,0.0,1312.7
2024-07-11 13:00:00,FLAT,438074548.5359523,438074548.5359523,0.0,0.0,1312.4
2024-07-11 13:15:00,FLAT,438074548.5359523,438074548.5359523,0.0,0.0,1312.1
2024-07-11 13:30:00,FLAT,438074548.5359523,438074548.5359523,0.0,0.0,1312.6
2024-07-11 13:45:00,FLAT,438074548.5359523,438074548.5359523,0.0,0.0,1312.2
2024-07-11 14:00:00,FLAT,438074548.5359523,438074548.5359523,0.0,0.0,1311.5
2024-07-11 14:15:00,FLAT,438074548.5359523,438074548.5359523,0.0,0.0,1306.7
2024-07-11 14:30:00,FLAT,438074548.5359523,438074548.5359523,0.0,0.0,1306.3
2024-07-12 09:00:00,FLAT,438074548.5359523,438074548.5359523,0.0,0.0,1304.2
2024-07-12 09:15:00,FLAT,438074548.5359523,438074548.5359523,0.0,0.0,1306.9
2024-07-12 09:30:00,FLAT,438074548.5359523,438074548.5359523,0.0,0.0,1309.3
2024-07-12 09:45:00,FLAT,438074548.5359523,438074548.5359523,0.0,0.0,1308.9
2024-07-12 10:00:00,FLAT,438074548.5359523,438074548.5359523,0.0,0.0,1307.7
2024-07-12 10:15:00,LONG,437898027.0704751,437118257.2223948,-779769.8480802637,0.0,1306.7
2024-07-12 10:30:00,LONG,437898027.0704751,438648257.2223949,750230.1519197772,0.0,1308.4
2024-07-12 10:45:00,LONG,437898027.0704751,436848257.2223949,-1049769.8480802227,0.0,1306.4
2024-07-12 11:00:00,LONG,437898027.0704751,436668257.2223948,-1229769.8480802637,0.0,1306.2
2024-07-12 11:15:00,LONG,437898027.0704751,436758257.22239476,-1139769.8480803457,0.0,1306.3
2024-07-12 13:00:00,LONG,437898027.0704751,434148257.2223949,-3749769.848080223,0.0,1303.4
2024-07-12 13:15:00,FLAT,433770239.6528637,433770239.6528637,0.0,0.0,1301.6
2024-07-12 13:30:00,FLAT,433770239.6528637,433770239.6528637,0.0,0.0,1303.6
2024-07-12 13:45:00,FLAT,433770239.6528637,433770239.6528637,0.0,0.0,1302.8
2024-07-12 14:00:00,FLAT,433770239.6528637,433770239.6528637,0.0,0.0,1303.9
2024-07-12 14:15:00,FLAT,433770239.6528637,433770239.6528637,0.0,0.0,1299.7
2024-07-12 14:30:00,FLAT,433770239.6528637,433770239.6528637,0.0,0.0,1298.0
2024-07-15 09:00:00,FLAT,433770239.6528637,433770239.6528637,0.0,0.0,1303.3
2024-07-15 09:15:00,FLAT,433770239.6528637,433770239.6528637,0.0,0.0,1302.9
2024-07-15 09:30:00,FLAT,433770239.6528637,433770239.6528637,0.0,0.0,1304.5
2024-07-15 09:45:00,FLAT,433770239.6528637,433770239.6528637,0.0,0.0,1304.0
2024-07-15 10:00:00,FLAT,433770239.6528637,433770239.6528637,0.0,0.0,1303.5
2024-07-15 10:15:00,FLAT,433770239.6528637,433770239.6528637,0.0,0.0,1304.1
2024-07-15 10:30:00,FLAT,433770239.6528637,433770239.6528637,0.0,0.0,1302.8
2024-07-15 10:45:00,FLAT,433770239.6528637,433770239.6528637,0.0,0.0,1303.5
2024-07-15 11:00:00,FLAT,433770239.6528637,433770239.6528637,0.0,0.0,1302.7
2024-07-15 11:15:00,FLAT,433770239.6528637,433770239.6528637,0.0,0.0,1303.1
2024-07-15 13:00:00,FLAT,433770239.6528637,433770239.6528637,0.0,0.0,1302.1
2024-07-15 13:15:00,FLAT,433770239.6528637,433770239.6528637,0.0,0.0,1301.3
2024-07-15 13:30:00,FLAT,433770239.6528637,433770239.6528637,0.0,0.0,1299.8
2024-07-15 13:45:00,FLAT,433770239.6528637,433770239.6528637,0.0,0.0,1300.0
2024-07-15 14:00:00,FLAT,433770239.6528637,433770239.6528637,0.0,0.0,1296.0
2024-07-15 14:15:00,FLAT,433770239.6528637,433770239.6528637,0.0,0.0,1296.7
2024-07-15 14:30:00,FLAT,433770239.6528637,433770239.6528637,0.0,0.0,1295.7
2024-07-16 09:00:00,FLAT,433770239.6528637,433770239.6528637,0.0,0.0,1301.0
2024-07-16 09:15:00,FLAT,433770239.6528637,433770239.6528637,0.0,0.0,1302.9
2024-07-16 09:30:00,FLAT,433770239.6528637,433770239.6528637,0.0,0.0,1302.4
2024-07-16 09:45:00,FLAT,433770239.6528637,433770239.6528637,0.0,0.0,1302.0
2024-07-16 10:00:00,FLAT,433770239.6528637,433770239.6528637,0.0,0.0,1305.7
2024-07-16 10:15:00,FLAT,433770239.6528637,433770239.6528637,0.0,0.0,1305.9
2024-07-16 10:30:00,FLAT,433770239.6528637,433770239.6528637,0.0,0.0,1308.0
2024-07-16 10:45:00,FLAT,433770239.6528637,433770239.6528637,0.0,0.0,1307.5
2024-07-16 11:00:00,FLAT,433770239.6528637,433770239.6528637,0.0,0.0,1306.9
2024-07-16 11:15:00,FLAT,433770239.6528637,433770239.6528637,0.0,0.0,1307.8
2024-07-16 13:00:00,FLAT,433770239.6528637,433770239.6528637,0.0,0.0,1306.8
2024-07-16 13:15:00,FLAT,433770239.6528637,433770239.6528637,0.0,0.0,1306.2
2024-07-16 13:30:00,FLAT,433770239.6528637,433770239.6528637,0.0,0.0,1305.6
2024-07-16 13:45:00,FLAT,433770239.6528637,433770239.6528637,0.0,0.0,1303.0
2024-07-16 14:00:00,FLAT,433770239.6528637,433770239.6528637,0.0,0.0,1300.6
2024-07-16 14:15:00,FLAT,433770239.6528637,433770239.6528637,0.0,0.0,1301.8
2024-07-16 14:30:00,FLAT,433770239.6528637,433770239.6528637,0.0,0.0,1301.7
2024-07-17 09:00:00,FLAT,433770239.6528637,433770239.6528637,0.0,0.0,1308.8
2024-07-17 09:15:00,FLAT,433770239.6528637,433770239.6528637,0.0,0.0,1306.5
2024-07-17 09:30:00,FLAT,433770239.6528637,433770239.6528637,0.0,0.0,1306.9
2024-07-17 09:45:00,FLAT,433770239.6528637,433770239.6528637,0.0,0.0,1304.8
2024-07-17 10:00:00,FLAT,433770239.6528637,433770239.6528637,0.0,0.0,1304.3
2024-07-17 10:15:00,FLAT,433770239.6528637,433770239.6528637,0.0,0.0,1303.6
2024-07-17 10:30:00,FLAT,433770239.6528637,433770239.6528637,0.0,0.0,1302.5
2024-07-17 10:45:00,FLAT,433770239.6528637,433770239.6528637,0.0,0.0,1304.9
2024-07-17 11:00:00,FLAT,433770239.6528637,433770239.6528637,0.0,0.0,1305.8
2024-07-17 11:15:00,FLAT,433770239.6528637,433770239.6528637,0.0,0.0,1306.0
2024-07-17 13:00:00,FLAT,433770239.6528637,433770239.6528637,0.0,0.0,1305.0
2024-07-17 13:15:00,FLAT,433770239.6528637,433770239.6528637,0.0,0.0,1306.3
2024-07-17 13:30:00,FLAT,433770239.6528637,433770239.6528637,0.0,0.0,1312.8
2024-07-17 13:45:00,FLAT,433770239.6528637,433770239.6528637,0.0,0.0,1314.0
2024-07-17 14:00:00,FLAT,433770239.6528637,433770239.6528637,0.0,0.0,1317.0
2024-07-17 14:15:00,FLAT,433770239.6528637,433770239.6528637,0.0,0.0,1296.9
2024-07-17 14:30:00,FLAT,433770239.6528637,433770239.6528637,0.0,0.0,1296.0
2024-07-18 09:00:00,FLAT,433770239.6528637,433770239.6528637,0.0,0.0,1303.5
2024-07-18 09:15:00,FLAT,433770239.6528637,433770239.6528637,0.0,0.0,1302.4
2024-07-18 09:30:00,FLAT,433770239.6528637,433770239.6528637,0.0,0.0,1303.0
2024-07-18 09:45:00,FLAT,433770239.6528637,433770239.6528637,0.0,0.0,1302.2
2024-07-18 10:00:00,FLAT,433770239.6528637,433770239.6528637,0.0,0.0,1300.3
2024-07-18 10:15:00,FLAT,433770239.6528637,433770239.6528637,0.0,0.0,1302.1
2024-07-18 10:30:00,FLAT,433770239.6528637,433770239.6528637,0.0,0.0,1301.7
2024-07-18 10:45:00,FLAT,433770239.6528637,433770239.6528637,0.0,0.0,1300.7
2024-07-18 11:00:00,FLAT,433770239.6528637,433770239.6528637,0.0,0.0,1297.0
2024-07-18 11:15:00,FLAT,433770239.6528637,433770239.6528637,0.0,0.0,1296.3
2024-07-18 13:00:00,FLAT,433770239.6528637,433770239.6528637,0.0,0.0,1295.3
2024-07-18 13:15:00,FLAT,433770239.6528637,433770239.6528637,0.0,0.0,1294.8
2024-07-18 13:30:00,FLAT,433770239.6528637,433770239.6528637,0.0,0.0,1295.3
2024-07-18 13:45:00,FLAT,433770239.6528637,433770239.6528637,0.0,0.0,1291.8
2024-07-18 14:00:00,FLAT,433770239.6528637,433770239.6528637,0.0,0.0,1291.6
2024-07-18 14:15:00,FLAT,433770239.6528637,433770239.6528637,0.0,0.0,1297.8
2024-07-18 14:30:00,FLAT,433770239.6528637,433770239.6528637,0.0,0.0,1296.5
2024-07-19 09:00:00,FLAT,433770239.6528637,433770239.6528637,0.0,0.0,1304.0
2024-07-19 09:15:00,FLAT,433770239.6528637,433770239.6528637,0.0,0.0,1308.8
2024-07-19 09:30:00,FLAT,433770239.6528637,433770239.6528637,0.0,0.0,1309.0
2024-07-19 09:45:00,FLAT,433770239.6528637,433770239.6528637,0.0,0.0,1307.0
2024-07-19 10:00:00,FLAT,433770239.6528637,433770239.6528637,0.0,0.0,1307.0
2024-07-19 10:15:00,FLAT,433770239.6528637,433770239.6528637,0.0,0.0,1305.7
2024-07-19 10:30:00,FLAT,433770239.6528637,433770239.6528637,0.0,0.0,1306.3
2024-07-19 10:45:00,FLAT,433770239.6528637,433770239.6528637,0.0,0.0,1304.3
2024-07-19 11:00:00,FLAT,433770239.6528637,433770239.6528637,0.0,0.0,1302.2
2024-07-19 11:15:00,FLAT,433770239.6528637,433770239.6528637,0.0,0.0,1302.7
2024-07-19 13:00:00,FLAT,433770239.6528637,433770239.6528637,0.0,0.0,1300.6
2024-07-19 13:15:00,FLAT,433770239.6528637,433770239.6528637,0.0,0.0,1303.1
2024-07-19 13:30:00,FLAT,433770239.6528637,433770239.6528637,0.0,0.0,1300.2
2024-07-19 13:45:00,FLAT,433770239.6528637,433770239.6528637,0.0,0.0,1302.8
2024-07-19 14:00:00,FLAT,433770239.6528637,433770239.6528637,0.0,0.0,1301.8
2024-07-19 14:15:00,FLAT,433770239.6528637,433770239.6528637,0.0,0.0,1302.3
2024-07-19 14:30:00,FLAT,433770239.6528637,433770239.6528637,0.0,0.0,1302.0
2024-07-22 09:00:00,FLAT,433770239.6528637,433770239.6528637,0.0,0.0,1294.1
2024-07-22 09:15:00,FLAT,433770239.6528637,433770239.6528637,0.0,0.0,1296.0
2024-07-22 09:30:00,FLAT,433770239.6528637,433770239.6528637,0.0,0.0,1297.7
2024-07-22 09:45:00,FLAT,433770239.6528637,433770239.6528637,0.0,0.0,1301.6
2024-07-22 10:00:00,FLAT,433770239.6528637,433770239.6528637,0.0,0.0,1301.9
2024-07-22 10:15:00,FLAT,433770239.6528637,433770239.6528637,0.0,0.0,1300.3
2024-07-22 10:30:00,FLAT,433770239.6528637,433770239.6528637,0.0,0.0,1298.2
2024-07-22 10:45:00,FLAT,433770239.6528637,433770239.6528637,0.0,0.0,1295.3
2024-07-22 11:00:00,FLAT,433770239.6528637,433770239.6528637,0.0,0.0,1293.5
2024-07-22 11:15:00,FLAT,433770239.6528637,433770239.6528637,0.0,0.0,1294.2
2024-07-22 13:00:00,FLAT,433770239.6528637,433770239.6528637,0.0,0.0,1294.4
2024-07-22 13:15:00,FLAT,433770239.6528637,433770239.6528637,0.0,0.0,1295.8
2024-07-22 13:30:00,FLAT,433770239.6528637,433770239.6528637,0.0,0.0,1293.2
2024-07-22 13:45:00,FLAT,433770239.6528637,433770239.6528637,0.0,0.0,1293.8
2024-07-22 14:00:00,FLAT,433770239.6528637,433770239.6528637,0.0,0.0,1298.8
2024-07-22 14:15:00,FLAT,433770239.6528637,433770239.6528637,0.0,0.0,1299.3
2024-07-22 14:30:00,FLAT,433770239.6528637,433770239.6528637,0.0,0.0,1302.9
2024-07-23 09:00:00,FLAT,433770239.6528637,433770239.6528637,0.0,0.0,1301.8
2024-07-23 09:15:00,FLAT,433770239.6528637,433770239.6528637,0.0,0.0,1302.6
2024-07-23 09:30:00,FLAT,433770239.6528637,433770239.6528637,0.0,0.0,1301.4
2024-07-23 09:45:00,FLAT,433770239.6528637,433770239.6528637,0.0,0.0,1300.6
2024-07-23 10:00:00,FLAT,433770239.6528637,433770239.6528637,0.0,0.0,1299.9
2024-07-23 10:15:00,FLAT,433770239.6528637,433770239.6528637,0.0,0.0,1298.9
2024-07-23 10:30:00,FLAT,433770239.6528637,433770239.6528637,0.0,0.0,1300.0
2024-07-23 10:45:00,FLAT,433770239.6528637,433770239.6528637,0.0,0.0,1299.6
2024-07-23 11:00:00,FLAT,433770239.6528637,433770239.6528637,0.0,0.0,1299.3
2024-07-23 11:15:00,FLAT,433770239.6528637,433770239.6528637,0.0,0.0,1301.9
2024-07-23 13:00:00,FLAT,433770239.6528637,433770239.6528637,0.0,0.0,1300.7
2024-07-23 13:15:00,FLAT,433770239.6528637,433770239.6528637,0.0,0.0,1301.6
2024-07-23 13:30:00,FLAT,433770239.6528637,433770239.6528637,0.0,0.0,1296.0
2024-07-23 13:45:00,FLAT,433770239.6528637,433770239.6528637,0.0,0.0,1295.5
2024-07-23 14:00:00,FLAT,433770239.6528637,433770239.6528637,0.0,0.0,1295.3
2024-07-23 14:15:00,FLAT,433770239.6528637,433770239.6528637,0.0,0.0,1288.0
2024-07-23 14:30:00,FLAT,433770239.6528637,433770239.6528637,0.0,0.0,1290.7
2024-07-24 09:00:00,FLAT,433770239.6528637,433770239.6528637,0.0,0.0,1282.8
2024-07-24 09:15:00,FLAT,433770239.6528637,433770239.6528637,0.0,0.0,1283.5
2024-07-24 09:30:00,FLAT,433770239.6528637,433770239.6528637,0.0,0.0,1283.1
2024-07-24 09:45:00,FLAT,433770239.6528637,433770239.6528637,0.0,0.0,1280.3
2024-07-24 10:00:00,FLAT,433770239.6528637,433770239.6528637,0.0,0.0,1278.6
2024-07-24 10:15:00,FLAT,433770239.6528637,433770239.6528637,0.0,0.0,1275.5
2024-07-24 10:30:00,FLAT,433770239.6528637,433770239.6528637,0.0,0.0,1278.2
2024-07-24 10:45:00,FLAT,433770239.6528637,433770239.6528637,0.0,0.0,1281.5
2024-07-24 11:00:00,FLAT,433770239.6528637,433770239.6528637,0.0,0.0,1281.5
2024-07-24 11:15:00,FLAT,433770239.6528637,433770239.6528637,0.0,0.0,1280.0
2024-07-24 13:00:00,FLAT,433770239.6528637,433770239.6528637,0.0,0.0,1282.2
2024-07-24 13:15:00,FLAT,433770239.6528637,433770239.6528637,0.0,0.0,1284.0
2024-07-24 13:30:00,FLAT,433770239.6528637,433770239.6528637,0.0,0.0,1282.0
2024-07-24 13:45:00,FLAT,433770239.6528637,433770239.6528637,0.0,0.0,1279.8
2024-07-24 14:00:00,FLAT,433770239.6528637,433770239.6528637,0.0,0.0,1281.2
2024-07-24 14:15:00,FLAT,433770239.6528637,433770239.6528637,0.0,0.0,1284.5
2024-07-24 14:30:00,FLAT,433770239.6528637,433770239.6528637,0.0,0.0,1284.9
2024-07-25 09:00:00,FLAT,433770239.6528637,433770239.6528637,0.0,0.0,1275.0
2024-07-25 09:15:00,FLAT,433770239.6528637,433770239.6528637,0.0,0.0,1275.8
2024-07-25 09:30:00,FLAT,433770239.6528637,433770239.6528637,0.0,0.0,1275.0
2024-07-25 09:45:00,FLAT,433770239.6528637,433770239.6528637,0.0,0.0,1274.7
2024-07-25 10:00:00,FLAT,433770239.6528637,433770239.6528637,0.0,0.0,1276.2
2024-07-25 10:15:00,FLAT,433770239.6528637,433770239.6528637,0.0,0.0,1274.4
2024-07-25 10:30:00,FLAT,433770239.6528637,433770239.6528637,0.0,0.0,1274.1
2024-07-25 10:45:00,FLAT,433770239.6528637,433770239.6528637,0.0,0.0,1273.0
2024-07-25 11:00:00,FLAT,433770239.6528637,433770239.6528637,0.0,0.0,1272.3
2024-07-25 11:15:00,FLAT,433770239.6528637,433770239.6528637,0.0,0.0,1272.9
2024-07-25 13:00:00,FLAT,433770239.6528637,433770239.6528637,0.0,0.0,1274.2
2024-07-25 13:15:00,FLAT,433770239.6528637,433770239.6528637,0.0,0.0,1273.6
2024-07-25 13:30:00,FLAT,433770239.6528637,433770239.6528637,0.0,0.0,1275.3
2024-07-25 13:45:00,FLAT,433770239.6528637,433770239.6528637,0.0,0.0,1273.7
2024-07-25 14:00:00,FLAT,433770239.6528637,433770239.6528637,0.0,0.0,1274.3
2024-07-25 14:15:00,FLAT,433770239.6528637,433770239.6528637,0.0,0.0,1274.8
2024-07-25 14:30:00,FLAT,433770239.6528637,433770239.6528637,0.0,0.0,1276.3
2024-07-26 09:00:00,FLAT,433770239.6528637,433770239.6528637,0.0,0.0,1279.0
2024-07-26 09:15:00,FLAT,433770239.6528637,433770239.6528637,0.0,0.0,1278.0
2024-07-26 09:30:00,FLAT,433770239.6528637,433770239.6528637,0.0,0.0,1277.7
2024-07-26 09:45:00,FLAT,433770239.6528637,433770239.6528637,0.0,0.0,1278.5
2024-07-26 10:00:00,FLAT,433770239.6528637,433770239.6528637,0.0,0.0,1277.6
2024-07-26 10:15:00,FLAT,433770239.6528637,433770239.6528637,0.0,0.0,1278.0
2024-07-26 10:30:00,FLAT,433770239.6528637,433770239.6528637,0.0,0.0,1278.6
2024-07-26 10:45:00,FLAT,433770239.6528637,433770239.6528637,0.0,0.0,1280.0
2024-07-26 11:00:00,FLAT,433770239.6528637,433770239.6528637,0.0,0.0,1278.4
2024-07-26 11:15:00,FLAT,433770239.6528637,433770239.6528637,0.0,0.0,1278.7
2024-07-26 13:00:00,FLAT,433770239.6528637,433770239.6528637,0.0,0.0,1279.5
2024-07-26 13:15:00,FLAT,433770239.6528637,433770239.6528637,0.0,0.0,1279.5
2024-07-26 13:30:00,FLAT,433770239.6528637,433770239.6528637,0.0,0.0,1279.4
2024-07-26 13:45:00,FLAT,433770239.6528637,433770239.6528637,0.0,0.0,1278.5
2024-07-26 14:00:00,FLAT,433770239.6528637,433770239.6528637,0.0,0.0,1280.1
2024-07-26 14:15:00,FLAT,433770239.6528637,433770239.6528637,0.0,0.0,1284.0
2024-07-26 14:30:00,FLAT,433770239.6528637,433770239.6528637,0.0,0.0,1284.9
2024-07-29 09:00:00,FLAT,433770239.6528637,433770239.6528637,0.0,0.0,1291.5
2024-07-29 09:15:00,FLAT,433770239.6528637,433770239.6528637,0.0,0.0,1291.6
2024-07-29 09:30:00,FLAT,433770239.6528637,433770239.6528637,0.0,0.0,1292.9
2024-07-29 09:45:00,FLAT,433770239.6528637,433770239.6528637,0.0,0.0,1293.5
2024-07-29 10:00:00,FLAT,433770239.6528637,433770239.6528637,0.0,0.0,1292.8
2024-07-29 10:15:00,FLAT,433770239.6528637,433770239.6528637,0.0,0.0,1293.0
2024-07-29 10:30:00,FLAT,433770239.6528637,433770239.6528637,0.0,0.0,1292.0
2024-07-29 10:45:00,FLAT,433770239.6528637,433770239.6528637,0.0,0.0,1292.1
2024-07-29 11:00:00,FLAT,433770239.6528637,433770239.6528637,0.0,0.0,1291.2
2024-07-29 11:15:00,FLAT,433770239.6528637,433770239.6528637,0.0,0.0,1291.3
2024-07-29 13:00:00,FLAT,433770239.6528637,433770239.6528637,0.0,0.0,1291.9
2024-07-29 13:15:00,FLAT,433770239.6528637,433770239.6528637,0.0,0.0,1291.6
2024-07-29 13:30:00,FLAT,433770239.6528637,433770239.6528637,0.0,0.0,1292.8
2024-07-29 13:45:00,FLAT,433770239.6528637,433770239.6528637,0.0,0.0,1292.6
2024-07-29 14:00:00,FLAT,433770239.6528637,433770239.6528637,0.0,0.0,1291.6
2024-07-29 14:15:00,FLAT,433770239.6528637,433770239.6528637,0.0,0.0,1289.2
2024-07-29 14:30:00,FLAT,433770239.6528637,433770239.6528637,0.0,0.0,1289.1
2024-07-30 09:00:00,FLAT,433770239.6528637,433770239.6528637,0.0,0.0,1285.4
2024-07-30 09:15:00,FLAT,433770239.6528637,433770239.6528637,0.0,0.0,1285.5
2024-07-30 09:30:00,FLAT,433770239.6528637,433770239.6528637,0.0,0.0,1285.8
2024-07-30 09:45:00,FLAT,433770239.6528637,433770239.6528637,0.0,0.0,1285.9
2024-07-30 10:00:00,FLAT,433770239.6528637,433770239.6528637,0.0,0.0,1285.9
2024-07-30 10:15:00,FLAT,433770239.6528637,433770239.6528637,0.0,0.0,1286.5
2024-07-30 10:30:00,FLAT,433770239.6528637,433770239.6528637,0.0,0.0,1286.0
2024-07-30 10:45:00,FLAT,433770239.6528637,433770239.6528637,0.0,0.0,1286.7
2024-07-30 11:00:00,FLAT,433770239.6528637,433770239.6528637,0.0,0.0,1287.0
2024-07-30 11:15:00,LONG,433577129.6528637,435177129.65286356,1599999.999999909,0.0,1289.0
2024-07-30 13:00:00,LONG,433577129.6528637,436377129.6528636,2799999.9999999544,0.0,1290.2
2024-07-30 13:15:00,FLAT,438232141.5389116,438232141.5389116,0.0,0.0,1290.2
2024-07-30 13:30:00,FLAT,438232141.5389116,438232141.5389116,0.0,0.0,1287.3
2024-07-30 13:45:00,FLAT,438232141.5389116,438232141.5389116,0.0,0.0,1286.6
2024-07-30 14:00:00,FLAT,438232141.5389116,438232141.5389116,0.0,0.0,1286.5
2024-07-30 14:15:00,FLAT,438232141.5389116,438232141.5389116,0.0,0.0,1290.5
2024-07-30 14:30:00,FLAT,438232141.5389116,438232141.5389116,0.0,0.0,1291.9
2024-07-31 09:00:00,FLAT,438232141.5389116,438232141.5389116,0.0,0.0,1292.6
2024-07-31 09:15:00,FLAT,438232141.5389116,438232141.5389116,0.0,0.0,1295.5
2024-07-31 09:30:00,FLAT,438232141.5389116,438232141.5389116,0.0,0.0,1296.3
2024-07-31 09:45:00,FLAT,438232141.5389116,438232141.5389116,0.0,0.0,1296.9
2024-07-31 10:00:00,FLAT,438232141.5389116,438232141.5389116,0.0,0.0,1297.2
2024-07-31 10:15:00,FLAT,438232141.5389116,438232141.5389116,0.0,0.0,1297.0
2024-07-31 10:30:00,FLAT,438232141.5389116,438232141.5389116,0.0,0.0,1298.8
2024-07-31 10:45:00,FLAT,438232141.5389116,438232141.5389116,0.0,0.0,1299.4
2024-07-31 11:00:00,FLAT,438232141.5389116,438232141.5389116,0.0,0.0,1299.0
2024-07-31 11:15:00,FLAT,438232141.5389116,438232141.5389116,0.0,0.0,1301.1
2024-07-31 13:00:00,FLAT,438232141.5389116,438232141.5389116,0.0,0.0,1300.7
2024-07-31 13:15:00,FLAT,438232141.5389116,438232141.5389116,0.0,0.0,1299.8
2024-07-31 13:30:00,FLAT,438232141.5389116,438232141.5389116,0.0,0.0,1300.6
2024-07-31 13:45:00,FLAT,438232141.5389116,438232141.5389116,0.0,0.0,1297.7
2024-07-31 14:00:00,FLAT,438232141.5389116,438232141.5389116,0.0,0.0,1301.5
2024-07-31 14:15:00,FLAT,438232141.5389116,438232141.5389116,0.0,0.0,1297.5
2024-07-31 14:30:00,FLAT,438232141.5389116,438232141.5389116,0.0,0.0,1299.4
2024-08-01 09:00:00,FLAT,438232141.5389116,438232141.5389116,0.0,0.0,1306.0
2024-08-01 09:15:00,FLAT,438232141.5389116,438232141.5389116,0.0,0.0,1303.7
2024-08-01 09:30:00,FLAT,438232141.5389116,438232141.5389116,0.0,0.0,1304.8
2024-08-01 09:45:00,FLAT,438232141.5389116,438232141.5389116,0.0,0.0,1302.8
2024-08-01 10:00:00,FLAT,438232141.5389116,438232141.5389116,0.0,0.0,1302.1
2024-08-01 10:15:00,FLAT,438232141.5389116,438232141.5389116,0.0,0.0,1301.2
2024-08-01 10:30:00,FLAT,438232141.5389116,438232141.5389116,0.0,0.0,1301.7
2024-08-01 10:45:00,FLAT,438232141.5389116,438232141.5389116,0.0,0.0,1299.3
2024-08-01 11:00:00,FLAT,438232141.5389116,438232141.5389116,0.0,0.0,1299.7
2024-08-01 11:15:00,FLAT,438232141.5389116,438232141.5389116,0.0,0.0,1299.0
2024-08-01 13:00:00,FLAT,438232141.5389116,438232141.5389116,0.0,0.0,1296.9
2024-08-01 13:15:00,FLAT,438232141.5389116,438232141.5389116,0.0,0.0,1294.4
2024-08-01 13:30:00,FLAT,438232141.5389116,438232141.5389116,0.0,0.0,1293.1
2024-08-01 13:45:00,FLAT,438232141.5389116,438232141.5389116,0.0,0.0,1286.5
2024-08-01 14:00:00,FLAT,438232141.5389116,438232141.5389116,0.0,0.0,1271.8
2024-08-01 14:15:00,FLAT,438232141.5389116,438232141.5389116,0.0,0.0,1277.6
2024-08-01 14:30:00,FLAT,438232141.5389116,438232141.5389116,0.0,0.0,1279.0
2024-08-02 09:00:00,FLAT,438232141.5389116,438232141.5389116,0.0,0.0,1264.9
2024-08-02 09:15:00,FLAT,438232141.5389116,438232141.5389116,0.0,0.0,1265.4
2024-08-02 09:30:00,FLAT,438232141.5389116,438232141.5389116,0.0,0.0,1264.4
2024-08-02 09:45:00,FLAT,438232141.5389116,438232141.5389116,0.0,0.0,1264.4
2024-08-02 10:00:00,FLAT,438232141.5389116,438232141.5389116,0.0,0.0,1266.1
2024-08-02 10:15:00,FLAT,438232141.5389116,438232141.5389116,0.0,0.0,1265.8
2024-08-02 10:30:00,FLAT,438232141.5389116,438232141.5389116,0.0,0.0,1263.9
2024-08-02 10:45:00,FLAT,438232141.5389116,438232141.5389116,0.0,0.0,1261.5
2024-08-02 11:00:00,FLAT,438232141.5389116,438232141.5389116,0.0,0.0,1259.6
2024-08-02 11:15:00,FLAT,438232141.5389116,438232141.5389116,0.0,0.0,1262.4
2024-08-02 13:00:00,FLAT,438232141.5389116,438232141.5389116,0.0,0.0,1261.8
2024-08-02 13:15:00,FLAT,438232141.5389116,438232141.5389116,0.0,0.0,1260.3
2024-08-02 13:30:00,FLAT,438232141.5389116,438232141.5389116,0.0,0.0,1259.4
2024-08-02 13:45:00,FLAT,438232141.5389116,438232141.5389116,0.0,0.0,1263.5
2024-08-02 14:00:00,FLAT,438232141.5389116,438232141.5389116,0.0,0.0,1271.2
2024-08-02 14:15:00,FLAT,438232141.5389116,438232141.5389116,0.0,0.0,1276.3
2024-08-02 14:30:00,FLAT,438232141.5389116,438232141.5389116,0.0,0.0,1276.0
2024-08-05 09:00:00,FLAT,438232141.5389116,438232141.5389116,0.0,0.0,1255.9
2024-08-05 09:15:00,FLAT,438232141.5389116,438232141.5389116,0.0,0.0,1259.0
2024-08-05 09:30:00,FLAT,438232141.5389116,438232141.5389116,0.0,0.0,1257.5
2024-08-05 09:45:00,FLAT,438232141.5389116,438232141.5389116,0.0,0.0,1256.8
2024-08-05 10:00:00,FLAT,438232141.5389116,438232141.5389116,0.0,0.0,1259.2
2024-08-05 10:15:00,FLAT,438232141.5389116,438232141.5389116,0.0,0.0,1261.0
2024-08-05 10:30:00,LONG,438137562.806847,437412682.3762382,-724880.4306087777,0.0,1259.6
2024-08-05 10:45:00,LONG,438137562.806847,435762682.3762382,-2374880.430608755,0.0,1256.3
2024-08-05 11:00:00,FLAT,433418797.3762382,433418797.3762382,0.0,0.0,1244.5
2024-08-05 11:15:00,FLAT,433418797.3762382,433418797.3762382,0.0,0.0,1252.5
2024-08-05 13:00:00,FLAT,433418797.3762382,433418797.3762382,0.0,0.0,1240.0
2024-08-05 13:15:00,FLAT,433418797.3762382,433418797.3762382,0.0,0.0,1242.6
2024-08-05 13:30:00,FLAT,433418797.3762382,433418797.3762382,0.0,0.0,1239.0
2024-08-05 13:45:00,FLAT,433418797.3762382,433418797.3762382,0.0,0.0,1240.6
2024-08-05 14:00:00,FLAT,433418797.3762382,433418797.3762382,0.0,0.0,1237.5
2024-08-05 14:15:00,FLAT,433418797.3762382,433418797.3762382,0.0,0.0,1232.4
2024-08-05 14:30:00,FLAT,433418797.3762382,433418797.3762382,0.0,0.0,1233.9
2024-08-06 09:00:00,FLAT,433418797.3762382,433418797.3762382,0.0,0.0,1246.6
2024-08-06 09:15:00,FLAT,433418797.3762382,433418797.3762382,0.0,0.0,1244.5
2024-08-06 09:30:00,FLAT,433418797.3762382,433418797.3762382,0.0,0.0,1242.0
2024-08-06 09:45:00,FLAT,433418797.3762382,433418797.3762382,0.0,0.0,1240.0
2024-08-06 10:00:00,FLAT,433418797.3762382,433418797.3762382,0.0,0.0,1238.7
2024-08-06 10:15:00,FLAT,433418797.3762382,433418797.3762382,0.0,0.0,1242.8
2024-08-06 10:30:00,FLAT,433418797.3762382,433418797.3762382,0.0,0.0,1242.8
2024-08-06 10:45:00,FLAT,433418797.3762382,433418797.3762382,0.0,0.0,1243.1
2024-08-06 11:00:00,FLAT,433418797.3762382,433418797.3762382,0.0,0.0,1244.5
2024-08-06 11:15:00,FLAT,433418797.3762382,433418797.3762382,0.0,0.0,1244.8
2024-08-06 13:00:00,FLAT,433418797.3762382,433418797.3762382,0.0,0.0,1248.9
2024-08-06 13:15:00,FLAT,433418797.3762382,433418797.3762382,0.0,0.0,1248.8
2024-08-06 13:30:00,FLAT,433418797.3762382,433418797.3762382,0.0,0.0,1251.4
2024-08-06 13:45:00,FLAT,433418797.3762382,433418797.3762382,0.0,0.0,1250.8
2024-08-06 14:00:00,FLAT,433418797.3762382,433418797.3762382,0.0,0.0,1252.5
2024-08-06 14:15:00,FLAT,433418797.3762382,433418797.3762382,0.0,0.0,1252.8
2024-08-06 14:30:00,FLAT,433418797.3762382,433418797.3762382,0.0,0.0,1252.4
2024-08-07 09:00:00,FLAT,433418797.3762382,433418797.3762382,0.0,0.0,1254.0
2024-08-07 09:15:00,FLAT,433418797.3762382,433418797.3762382,0.0,0.0,1253.5
2024-08-07 09:30:00,FLAT,433418797.3762382,433418797.3762382,0.0,0.0,1253.0
2024-08-07 09:45:00,FLAT,433418797.3762382,433418797.3762382,0.0,0.0,1250.8
2024-08-07 10:00:00,FLAT,433418797.3762382,433418797.3762382,0.0,0.0,1250.0
2024-08-07 10:15:00,FLAT,433418797.3762382,433418797.3762382,0.0,0.0,1248.3
2024-08-07 10:30:00,FLAT,433418797.3762382,433418797.3762382,0.0,0.0,1249.8
2024-08-07 10:45:00,FLAT,433418797.3762382,433418797.3762382,0.0,0.0,1248.9
2024-08-07 11:00:00,FLAT,433418797.3762382,433418797.3762382,0.0,0.0,1247.0
2024-08-07 11:15:00,FLAT,433418797.3762382,433418797.3762382,0.0,0.0,1247.1
2024-08-07 13:00:00,FLAT,433418797.3762382,433418797.3762382,0.0,0.0,1249.8
2024-08-07 13:15:00,FLAT,433418797.3762382,433418797.3762382,0.0,0.0,1250.1
2024-08-07 13:30:00,FLAT,433418797.3762382,433418797.3762382,0.0,0.0,1251.3
2024-08-07 13:45:00,FLAT,433418797.3762382,433418797.3762382,0.0,0.0,1249.1
2024-08-07 14:00:00,FLAT,433418797.3762382,433418797.3762382,0.0,0.0,1252.8
2024-08-07 14:15:00,FLAT,433418797.3762382,433418797.3762382,0.0,0.0,1250.6
2024-08-07 14:30:00,FLAT,433418797.3762382,433418797.3762382,0.0,0.0,1253.0
2024-08-08 09:00:00,FLAT,433418797.3762382,433418797.3762382,0.0,0.0,1245.2
2024-08-08 09:15:00,FLAT,433418797.3762382,433418797.3762382,0.0,0.0,1246.3
2024-08-08 09:30:00,FLAT,433418797.3762382,433418797.3762382,0.0,0.0,1245.9
2024-08-08 09:45:00,FLAT,433418797.3762382,433418797.3762382,0.0,0.0,1242.6
2024-08-08 10:00:00,FLAT,433418797.3762382,433418797.3762382,0.0,0.0,1244.4
2024-08-08 10:15:00,FLAT,433418797.3762382,433418797.3762382,0.0,0.0,1245.5
2024-08-08 10:30:00,FLAT,433418797.3762382,433418797.3762382,0.0,0.0,1245.3
2024-08-08 10:45:00,FLAT,433418797.3762382,433418797.3762382,0.0,0.0,1248.4
2024-08-08 11:00:00,FLAT,433418797.3762382,433418797.3762382,0.0,0.0,1249.4
2024-08-08 11:15:00,FLAT,433418797.3762382,433418797.3762382,0.0,0.0,1249.3
2024-08-08 13:00:00,FLAT,433418797.3762382,433418797.3762382,0.0,0.0,1247.1
2024-08-08 13:15:00,FLAT,433418797.3762382,433418797.3762382,0.0,0.0,1246.7
2024-08-08 13:30:00,FLAT,433418797.3762382,433418797.3762382,0.0,0.0,1243.1
2024-08-08 13:45:00,FLAT,433418797.3762382,433418797.3762382,0.0,0.0,1241.8
2024-08-08 14:00:00,FLAT,433418797.3762382,433418797.3762382,0.0,0.0,1241.8
2024-08-08 14:15:00,FLAT,433418797.3762382,433418797.3762382,0.0,0.0,1241.9
2024-08-08 14:30:00,FLAT,433418797.3762382,433418797.3762382,0.0,0.0,1239.2
2024-08-09 09:00:00,FLAT,433418797.3762382,433418797.3762382,0.0,0.0,1251.0
2024-08-09 09:15:00,FLAT,433418797.3762382,433418797.3762382,0.0,0.0,1249.1
2024-08-09 09:30:00,FLAT,433418797.3762382,433418797.3762382,0.0,0.0,1250.6
2024-08-09 09:45:00,FLAT,433418797.3762382,433418797.3762382,0.0,0.0,1252.6
2024-08-09 10:00:00,FLAT,433418797.3762382,433418797.3762382,0.0,0.0,1252.7
2024-08-09 10:15:00,FLAT,433418797.3762382,433418797.3762382,0.0,0.0,1252.4
2024-08-09 10:30:00,FLAT,433418797.3762382,433418797.3762382,0.0,0.0,1252.8
2024-08-09 10:45:00,FLAT,433418797.3762382,433418797.3762382,0.0,0.0,1250.4
2024-08-09 11:00:00,FLAT,433418797.3762382,433418797.3762382,0.0,0.0,1250.9
2024-08-09 11:15:00,FLAT,433418797.3762382,433418797.3762382,0.0,0.0,1250.9
2024-08-09 13:00:00,FLAT,433418797.3762382,433418797.3762382,0.0,0.0,1252.2
2024-08-09 13:15:00,FLAT,433418797.3762382,433418797.3762382,0.0,0.0,1255.8
2024-08-09 13:30:00,FLAT,433418797.3762382,433418797.3762382,0.0,0.0,1255.4
2024-08-09 13:45:00,FLAT,433418797.3762382,433418797.3762382,0.0,0.0,1261.6
2024-08-09 14:00:00,FLAT,433418797.3762382,433418797.3762382,0.0,0.0,1264.8
2024-08-09 14:15:00,FLAT,433418797.3762382,433418797.3762382,0.0,0.0,1263.4
2024-08-09 14:30:00,FLAT,433418797.3762382,433418797.3762382,0.0,0.0,1264.3
2024-08-12 09:00:00,FLAT,433418797.3762382,433418797.3762382,0.0,0.0,1260.9
2024-08-12 09:15:00,FLAT,433418797.3762382,433418797.3762382,0.0,0.0,1262.4
2024-08-12 09:30:00,FLAT,433418797.3762382,433418797.3762382,0.0,0.0,1263.2
2024-08-12 09:45:00,FLAT,433418797.3762382,433418797.3762382,0.0,0.0,1260.0
2024-08-12 10:00:00,FLAT,433418797.3762382,433418797.3762382,0.0,0.0,1262.0
2024-08-12 10:15:00,FLAT,433418797.3762382,433418797.3762382,0.0,0.0,1261.5
2024-08-12 10:30:00,FLAT,433418797.3762382,433418797.3762382,0.0,0.0,1263.1
2024-08-12 10:45:00,FLAT,433418797.3762382,433418797.3762382,0.0,0.0,1263.5
2024-08-12 11:00:00,FLAT,433418797.3762382,433418797.3762382,0.0,0.0,1264.7
2024-08-12 11:15:00,FLAT,433418797.3762382,433418797.3762382,0.0,0.0,1265.4
2024-08-12 13:00:00,FLAT,433418797.3762382,433418797.3762382,0.0,0.0,1262.9
2024-08-12 13:15:00,FLAT,433418797.3762382,433418797.3762382,0.0,0.0,1261.6
2024-08-12 13:30:00,FLAT,433418797.3762382,433418797.3762382,0.0,0.0,1260.8
2024-08-12 13:45:00,FLAT,433418797.3762382,433418797.3762382,0.0,0.0,1264.6
2024-08-12 14:00:00,FLAT,433418797.3762382,433418797.3762382,0.0,0.0,1268.8
2024-08-12 14:15:00,FLAT,433418797.3762382,433418797.3762382,0.0,0.0,1269.3
2024-08-12 14:30:00,FLAT,433418797.3762382,433418797.3762382,0.0,0.0,1270.0
2024-08-13 09:00:00,FLAT,433418797.3762382,433418797.3762382,0.0,0.0,1267.0
2024-08-13 09:15:00,FLAT,433418797.3762382,433418797.3762382,0.0,0.0,1267.6
2024-08-13 09:30:00,FLAT,433418797.3762382,433418797.3762382,0.0,0.0,1267.6
2024-08-13 09:45:00,FLAT,433418797.3762382,433418797.3762382,0.0,0.0,1268.7
2024-08-13 10:00:00,FLAT,433418797.3762382,433418797.3762382,0.0,0.0,1267.6
2024-08-13 10:15:00,FLAT,433418797.3762382,433418797.3762382,0.0,0.0,1268.7
2024-08-13 10:30:00,FLAT,433418797.3762382,433418797.3762382,0.0,0.0,1267.0
2024-08-13 10:45:00,FLAT,433418797.3762382,433418797.3762382,0.0,0.0,1266.2
2024-08-13 11:00:00,FLAT,433418797.3762382,433418797.3762382,0.0,0.0,1266.5
2024-08-13 11:15:00,FLAT,433418797.3762382,433418797.3762382,0.0,0.0,1265.6
2024-08-13 13:00:00,FLAT,433418797.3762382,433418797.3762382,0.0,0.0,1266.5
2024-08-13 13:15:00,FLAT,433418797.3762382,433418797.3762382,0.0,0.0,1268.7
2024-08-13 13:30:00,LONG,433228490.0520845,433212995.693928,-15494.35815650213,0.0,1268.7
2024-08-13 13:45:00,LONG,433228490.0520845,431312995.6939279,-1915494.358156593,0.0,1266.8
2024-08-13 14:00:00,FLAT,429423230.6939279,429423230.6939279,0.0,0.0,1264.2
2024-08-13 14:15:00,FLAT,429423230.6939279,429423230.6939279,0.0,0.0,1268.1
2024-08-13 14:30:00,FLAT,429423230.6939279,429423230.6939279,0.0,0.0,1266.5
2024-08-14 09:00:00,FLAT,429423230.6939279,429423230.6939279,0.0,0.0,1270.9
2024-08-14 09:15:00,FLAT,429423230.6939279,429423230.6939279,0.0,0.0,1271.5
2024-08-14 09:30:00,FLAT,429423230.6939279,429423230.6939279,0.0,0.0,1272.2
2024-08-14 09:45:00,FLAT,429423230.6939279,429423230.6939279,0.0,0.0,1271.0
2024-08-14 10:00:00,FLAT,429423230.6939279,429423230.6939279,0.0,0.0,1271.4
2024-08-14 10:15:00,FLAT,429423230.6939279,429423230.6939279,0.0,0.0,1271.4
2024-08-14 10:30:00,FLAT,429423230.6939279,429423230.6939279,0.0,0.0,1269.6
2024-08-14 10:45:00,FLAT,429423230.6939279,429423230.6939279,0.0,0.0,1270.3
2024-08-14 11:00:00,FLAT,429423230.6939279,429423230.6939279,0.0,0.0,1269.7
2024-08-14 11:15:00,FLAT,429423230.6939279,429423230.6939279,0.0,0.0,1270.3
2024-08-14 13:00:00,FLAT,429423230.6939279,429423230.6939279,0.0,0.0,1270.7
2024-08-14 13:15:00,FLAT,429423230.6939279,429423230.6939279,0.0,0.0,1272.1
2024-08-14 13:30:00,FLAT,429423230.6939279,429423230.6939279,0.0,0.0,1269.1
2024-08-14 13:45:00,FLAT,429423230.6939279,429423230.6939279,0.0,0.0,1271.5
2024-08-14 14:00:00,FLAT,429423230.6939279,429423230.6939279,0.0,0.0,1269.1
2024-08-14 14:15:00,FLAT,429423230.6939279,429423230.6939279,0.0,0.0,1271.8
2024-08-14 14:30:00,FLAT,429423230.6939279,429423230.6939279,0.0,0.0,1272.0
2024-08-15 09:00:00,FLAT,429423230.6939279,429423230.6939279,0.0,0.0,1268.9
2024-08-15 09:15:00,FLAT,429423230.6939279,429423230.6939279,0.0,0.0,1268.3
2024-08-15 09:30:00,FLAT,429423230.6939279,429423230.6939279,0.0,0.0,1268.8
2024-08-15 09:45:00,FLAT,429423230.6939279,429423230.6939279,0.0,0.0,1268.9
2024-08-15 10:00:00,FLAT,429423230.6939279,429423230.6939279,0.0,0.0,1268.1
2024-08-15 10:15:00,FLAT,429423230.6939279,429423230.6939279,0.0,0.0,1267.9
2024-08-15 10:30:00,FLAT,429423230.6939279,429423230.6939279,0.0,0.0,1268.2
2024-08-15 10:45:00,FLAT,429423230.6939279,429423230.6939279,0.0,0.0,1267.6
2024-08-15 11:00:00,FLAT,429423230.6939279,429423230.6939279,0.0,0.0,1268.3
2024-08-15 11:15:00,FLAT,429423230.6939279,429423230.6939279,0.0,0.0,1267.9
2024-08-15 13:00:00,FLAT,429423230.6939279,429423230.6939279,0.0,0.0,1267.7
2024-08-15 13:15:00,FLAT,429423230.6939279,429423230.6939279,0.0,0.0,1269.0
2024-08-15 13:30:00,FLAT,429423230.6939279,429423230.6939279,0.0,0.0,1268.5
2024-08-15 13:45:00,FLAT,429423230.6939279,429423230.6939279,0.0,0.0,1267.3
2024-08-15 14:00:00,FLAT,429423230.6939279,429423230.6939279,0.0,0.0,1264.4
2024-08-15 14:15:00,FLAT,429423230.6939279,429423230.6939279,0.0,0.0,1268.2
2024-08-15 14:30:00,FLAT,429423230.6939279,429423230.6939279,0.0,0.0,1268.6
2024-08-16 09:00:00,FLAT,429423230.6939279,429423230.6939279,0.0,0.0,1269.8
2024-08-16 09:15:00,FLAT,429423230.6939279,429423230.6939279,0.0,0.0,1269.1
2024-08-16 09:30:00,FLAT,429423230.6939279,429423230.6939279,0.0,0.0,1269.9
2024-08-16 09:45:00,FLAT,429423230.6939279,429423230.6939279,0.0,0.0,1270.2
2024-08-16 10:00:00,FLAT,429423230.6939279,429423230.6939279,0.0,0.0,1272.6
2024-08-16 10:15:00,FLAT,429423230.6939279,429423230.6939279,0.0,0.0,1276.7
2024-08-16 10:30:00,FLAT,429423230.6939279,429423230.6939279,0.0,0.0,1276.3
2024-08-16 10:45:00,FLAT,429423230.6939279,429423230.6939279,0.0,0.0,1279.4
2024-08-16 11:00:00,FLAT,429423230.6939279,429423230.6939279,0.0,0.0,1279.6
2024-08-16 11:15:00,FLAT,429423230.6939279,429423230.6939279,0.0,0.0,1279.0
2024-08-16 13:00:00,FLAT,429423230.6939279,429423230.6939279,0.0,0.0,1282.5
2024-08-16 13:15:00,FLAT,429423230.6939279,429423230.6939279,0.0,0.0,1284.0
2024-08-16 13:30:00,FLAT,429423230.6939279,429423230.6939279,0.0,0.0,1286.3
2024-08-16 13:45:00,FLAT,429423230.6939279,429423230.6939279,0.0,0.0,1287.2
2024-08-16 14:00:00,FLAT,429423230.6939279,429423230.6939279,0.0,0.0,1287.0
2024-08-16 14:15:00,FLAT,429423230.6939279,429423230.6939279,0.0,0.0,1289.0
2024-08-16 14:30:00,FLAT,429423230.6939279,429423230.6939279,0.0,0.0,1288.0
2024-08-19 09:00:00,FLAT,429423230.6939279,429423230.6939279,0.0,0.0,1291.3
2024-08-19 09:15:00,FLAT,429423230.6939279,429423230.6939279,0.0,0.0,1290.9
2024-08-19 09:30:00,FLAT,429423230.6939279,429423230.6939279,0.0,0.0,1293.7
2024-08-19 09:45:00,FLAT,429423230.6939279,429423230.6939279,0.0,0.0,1294.9
2024-08-19 10:00:00,FLAT,429423230.6939279,429423230.6939279,0.0,0.0,1296.0
2024-08-19 10:15:00,FLAT,429423230.6939279,429423230.6939279,0.0,0.0,1295.6
2024-08-19 10:30:00,FLAT,429423230.6939279,429423230.6939279,0.0,0.0,1296.0
2024-08-19 10:45:00,FLAT,429423230.6939279,429423230.6939279,0.0,0.0,1297.2
2024-08-19 11:00:00,FLAT,429423230.6939279,429423230.6939279,0.0,0.0,1297.4
2024-08-19 11:15:00,FLAT,429423230.6939279,429423230.6939279,0.0,0.0,1296.4
2024-08-19 13:00:00,FLAT,429423230.6939279,429423230.6939279,0.0,0.0,1295.0
2024-08-19 13:15:00,FLAT,429423230.6939279,429423230.6939279,0.0,0.0,1295.1
2024-08-19 13:30:00,FLAT,429423230.6939279,429423230.6939279,0.0,0.0,1296.6
2024-08-19 13:45:00,FLAT,429423230.6939279,429423230.6939279,0.0,0.0,1299.3
2024-08-19 14:00:00,LONG,429228492.52403736,429074026.58737165,-154465.9366657015,0.0,1298.1
2024-08-19 14:15:00,FLAT,428479371.58737177,428479371.58737177,0.0,0.0,1298.2
2024-08-19 14:30:00,FLAT,428479371.58737177,428479371.58737177,0.0,0.0,1299.6
2024-08-20 09:00:00,FLAT,428479371.58737177,428479371.58737177,0.0,0.0,1298.4
2024-08-20 09:15:00,FLAT,428479371.58737177,428479371.58737177,0.0,0.0,1299.6
2024-08-20 09:30:00,FLAT,428479371.58737177,428479371.58737177,0.0,0.0,1303.1
2024-08-20 09:45:00,LONG,428303416.2735718,428777990.9404622,474574.66689038486,0.0,1303.9
2024-08-20 10:00:00,LONG,428303416.2735718,427607990.940462,-695425.3331097788,0.0,1302.6
2024-08-20 10:15:00,LONG,428303416.2735718,427697990.9404621,-605425.3331096561,0.0,1302.7
2024-08-20 10:30:00,LONG,428303416.2735718,427157990.940462,-1145425.3331097788,0.0,1302.1
2024-08-20 10:45:00,LONG,428303416.2735718,426437990.94046205,-1865425.3331097378,0.0,1301.3
2024-08-20 11:00:00,LONG,428303416.2735718,426437990.94046205,-1865425.3331097378,0.0,1301.3
2024-08-20 11:15:00,LONG,428303416.2735718,426527990.9404622,-1775425.3331096151,0.0,1301.4
2024-08-20 13:00:00,LONG,428303416.2735718,429497990.9404621,1194574.666890344,0.0,1304.7
2024-08-20 13:15:00,LONG,428303416.2735718,430577990.9404622,2274574.6668903846,0.0,1305.9
2024-08-20 13:30:00,LONG,428303416.2735718,430037990.94046205,1734574.6668902622,0.0,1305.3
2024-08-20 13:45:00,LONG,428303416.2735718,431747990.9404621,3444574.666890344,0.0,1307.2
2024-08-20 14:00:00,LONG,428303416.2735718,430037990.94046205,1734574.6668902622,0.0,1305.3
2024-08-20 14:15:00,FLAT,427410050.6182257,427410050.6182257,0.0,0.0,1302.6
2024-08-20 14:30:00,FLAT,427410050.6182257,427410050.6182257,0.0,0.0,1302.4
2024-08-21 09:00:00,FLAT,427410050.6182257,427410050.6182257,0.0,0.0,1299.7
2024-08-21 09:15:00,FLAT,427410050.6182257,427410050.6182257,0.0,0.0,1301.5
2024-08-21 09:30:00,FLAT,427410050.6182257,427410050.6182257,0.0,0.0,1301.0
2024-08-21 09:45:00,FLAT,427410050.6182257,427410050.6182257,0.0,0.0,1301.0
2024-08-21 10:00:00,FLAT,427410050.6182257,427410050.6182257,0.0,0.0,1301.4
2024-08-21 10:15:00,FLAT,427410050.6182257,427410050.6182257,0.0,0.0,1299.6
2024-08-21 10:30:00,FLAT,427410050.6182257,427410050.6182257,0.0,0.0,1298.9
2024-08-21 10:45:00,FLAT,427410050.6182257,427410050.6182257,0.0,0.0,1298.8
2024-08-21 11:00:00,FLAT,427410050.6182257,427410050.6182257,0.0,0.0,1299.4
2024-08-21 11:15:00,FLAT,427410050.6182257,427410050.6182257,0.0,0.0,1300.5
2024-08-21 13:00:00,FLAT,427410050.6182257,427410050.6182257,0.0,0.0,1305.2
2024-08-21 13:15:00,FLAT,427410050.6182257,427410050.6182257,0.0,0.0,1305.5
2024-08-21 13:30:00,FLAT,427410050.6182257,427410050.6182257,0.0,0.0,1307.2
2024-08-21 13:45:00,LONG,427292419.7556604,427466669.32066065,174249.56500026383,0.0,1307.3
2024-08-21 14:00:00,LONG,427292419.7556604,427646669.32066065,354249.56500023656,0.0,1307.6
2024-08-21 14:15:00,FLAT,431588629.32770216,431588629.32770216,0.0,0.0,1313.6
2024-08-21 14:30:00,FLAT,431588629.32770216,431588629.32770216,0.0,0.0,1313.5
2024-08-22 09:00:00,FLAT,431588629.32770216,431588629.32770216,0.0,0.0,1316.0
2024-08-22 09:15:00,FLAT,431588629.32770216,431588629.32770216,0.0,0.0,1314.7
2024-08-22 09:30:00,FLAT,431588629.32770216,431588629.32770216,0.0,0.0,1313.9
2024-08-22 09:45:00,FLAT,431588629.32770216,431588629.32770216,0.0,0.0,1311.7
2024-08-22 10:00:00,FLAT,431588629.32770216,431588629.32770216,0.0,0.0,1312.8
2024-08-22 10:15:00,FLAT,431588629.32770216,431588629.32770216,0.0,0.0,1312.4
2024-08-22 10:30:00,FLAT,431588629.32770216,431588629.32770216,0.0,0.0,1312.0
2024-08-22 10:45:00,FLAT,431588629.32770216,431588629.32770216,0.0,0.0,1314.5
2024-08-22 11:00:00,FLAT,431588629.32770216,431588629.32770216,0.0,0.0,1314.5
2024-08-22 11:15:00,FLAT,431588629.32770216,431588629.32770216,0.0,0.0,1314.0
2024-08-22 13:00:00,FLAT,431588629.32770216,431588629.32770216,0.0,0.0,1312.6
2024-08-22 13:15:00,FLAT,431588629.32770216,431588629.32770216,0.0,0.0,1313.1
2024-08-22 13:30:00,FLAT,431588629.32770216,431588629.32770216,0.0,0.0,1313.3
2024-08-22 13:45:00,FLAT,431588629.32770216,431588629.32770216,0.0,0.0,1313.9
2024-08-22 14:00:00,FLAT,431588629.32770216,431588629.32770216,0.0,0.0,1312.7
2024-08-22 14:15:00,FLAT,431588629.32770216,431588629.32770216,0.0,0.0,1313.5
2024-08-22 14:30:00,FLAT,431588629.32770216,431588629.32770216,0.0,0.0,1315.0
2024-08-23 09:00:00,FLAT,431588629.32770216,431588629.32770216,0.0,0.0,1312.0
2024-08-23 09:15:00,FLAT,431588629.32770216,431588629.32770216,0.0,0.0,1313.2
2024-08-23 09:30:00,FLAT,431588629.32770216,431588629.32770216,0.0,0.0,1312.5
2024-08-23 09:45:00,FLAT,431588629.32770216,431588629.32770216,0.0,0.0,1311.8
2024-08-23 10:00:00,FLAT,431588629.32770216,431588629.32770216,0.0,0.0,1311.6
2024-08-23 10:15:00,FLAT,431588629.32770216,431588629.32770216,0.0,0.0,1312.8
2024-08-23 10:30:00,FLAT,431588629.32770216,431588629.32770216,0.0,0.0,1311.9
2024-08-23 10:45:00,FLAT,431588629.32770216,431588629.32770216,0.0,0.0,1312.3
2024-08-23 11:00:00,FLAT,431588629.32770216,431588629.32770216,0.0,0.0,1311.6
2024-08-23 11:15:00,FLAT,431588629.32770216,431588629.32770216,0.0,0.0,1310.9
2024-08-23 13:00:00,FLAT,431588629.32770216,431588629.32770216,0.0,0.0,1313.3
2024-08-23 13:15:00,FLAT,431588629.32770216,431588629.32770216,0.0,0.0,1314.5
2024-08-23 13:30:00,LONG,431391394.32770216,431491394.32770205,99999.99999990905,0.0,1315.0
2024-08-23 13:45:00,LONG,431391394.32770216,431991394.32770205,599999.9999999091,0.0,1315.5
2024-08-23 14:00:00,LONG,431391394.32770216,432391394.32770216,1000000.0,0.0,1315.9
2024-08-23 14:15:00,FLAT,433293844.32770205,433293844.32770205,0.0,0.0,1317.5
2024-08-23 14:30:00,FLAT,433293844.32770205,433293844.32770205,0.0,0.0,1318.0
2024-08-26 09:00:00,FLAT,433293844.32770205,433293844.32770205,0.0,0.0,1320.5
2024-08-26 09:15:00,FLAT,433293844.32770205,433293844.32770205,0.0,0.0,1319.6
2024-08-26 09:30:00,FLAT,433293844.32770205,433293844.32770205,0.0,0.0,1320.3
2024-08-26 09:45:00,FLAT,433293844.32770205,433293844.32770205,0.0,0.0,1320.0
2024-08-26 10:00:00,FLAT,433293844.32770205,433293844.32770205,0.0,0.0,1319.4
2024-08-26 10:15:00,FLAT,433293844.32770205,433293844.32770205,0.0,0.0,1319.5
2024-08-26 10:30:00,FLAT,433293844.32770205,433293844.32770205,0.0,0.0,1320.0
2024-08-26 10:45:00,FLAT,433293844.32770205,433293844.32770205,0.0,0.0,1320.0
2024-08-26 11:00:00,FLAT,433293844.32770205,433293844.32770205,0.0,0.0,1319.9
2024-08-26 11:15:00,FLAT,433293844.32770205,433293844.32770205,0.0,0.0,1320.6
2024-08-26 13:00:00,FLAT,433293844.32770205,433293844.32770205,0.0,0.0,1322.6
2024-08-26 13:15:00,FLAT,433293844.32770205,433293844.32770205,0.0,0.0,1321.0
2024-08-26 13:30:00,FLAT,433293844.32770205,433293844.32770205,0.0,0.0,1320.8
2024-08-26 13:45:00,FLAT,433293844.32770205,433293844.32770205,0.0,0.0,1321.3
2024-08-26 14:00:00,FLAT,433293844.32770205,433293844.32770205,0.0,0.0,1316.8
2024-08-26 14:15:00,FLAT,433293844.32770205,433293844.32770205,0.0,0.0,1317.1
2024-08-26 14:30:00,FLAT,433293844.32770205,433293844.32770205,0.0,0.0,1318.9
2024-08-27 09:00:00,FLAT,433293844.32770205,433293844.32770205,0.0,0.0,1316.2
2024-08-27 09:15:00,FLAT,433293844.32770205,433293844.32770205,0.0,0.0,1316.6
2024-08-27 09:30:00,FLAT,433293844.32770205,433293844.32770205,0.0,0.0,1317.9
2024-08-27 09:45:00,FLAT,433293844.32770205,433293844.32770205,0.0,0.0,1317.1
2024-08-27 10:00:00,FLAT,433293844.32770205,433293844.32770205,0.0,0.0,1319.1
2024-08-27 10:15:00,FLAT,433293844.32770205,433293844.32770205,0.0,0.0,1318.7
2024-08-27 10:30:00,LONG,433096082.4295882,432083428.3372566,-1012654.0923315588,0.0,1317.4
2024-08-27 10:45:00,LONG,433096082.4295882,431783428.33725643,-1312654.0923317408,0.0,1317.1
2024-08-27 11:00:00,FLAT,430086088.33725643,430086088.33725643,0.0,0.0,1315.6
2024-08-27 11:15:00,FLAT,430086088.33725643,430086088.33725643,0.0,0.0,1316.7
2024-08-27 13:00:00,FLAT,430086088.33725643,430086088.33725643,0.0,0.0,1317.4
2024-08-27 13:15:00,FLAT,430086088.33725643,430086088.33725643,0.0,0.0,1317.4
2024-08-27 13:30:00,FLAT,430086088.33725643,430086088.33725643,0.0,0.0,1318.0
2024-08-27 13:45:00,FLAT,430086088.33725643,430086088.33725643,0.0,0.0,1319.0
2024-08-27 14:00:00,FLAT,430086088.33725643,430086088.33725643,0.0,0.0,1319.6
2024-08-27 14:15:00,FLAT,430086088.33725643,430086088.33725643,0.0,0.0,1322.5
2024-08-27 14:30:00,FLAT,430086088.33725643,430086088.33725643,0.0,0.0,1323.4
2024-08-28 09:00:00,FLAT,430086088.33725643,430086088.33725643,0.0,0.0,1322.1
2024-08-28 09:15:00,FLAT,430086088.33725643,430086088.33725643,0.0,0.0,1323.1
2024-08-28 09:30:00,FLAT,430086088.33725643,430086088.33725643,0.0,0.0,1322.8
2024-08-28 09:45:00,FLAT,430086088.33725643,430086088.33725643,0.0,0.0,1322.4
2024-08-28 10:00:00,FLAT,430086088.33725643,430086088.33725643,0.0,0.0,1321.5
2024-08-28 10:15:00,FLAT,430086088.33725643,430086088.33725643,0.0,0.0,1322.1
2024-08-28 10:30:00,FLAT,430086088.33725643,430086088.33725643,0.0,0.0,1322.8
2024-08-28 10:45:00,FLAT,430086088.33725643,430086088.33725643,0.0,0.0,1324.1
2024-08-28 11:00:00,FLAT,426124450.1192312,426124450.1192312,0.0,0.0,1319.8
2024-08-28 11:15:00,FLAT,426124450.1192312,426124450.1192312,0.0,0.0,1318.4
2024-08-28 13:00:00,FLAT,426124450.1192312,426124450.1192312,0.0,0.0,1320.2
2024-08-28 13:15:00,FLAT,426124450.1192312,426124450.1192312,0.0,0.0,1321.6
2024-08-28 13:30:00,FLAT,426124450.1192312,426124450.1192312,0.0,0.0,1321.5
2024-08-28 13:45:00,FLAT,426124450.1192312,426124450.1192312,0.0,0.0,1319.9
2024-08-28 14:00:00,FLAT,426124450.1192312,426124450.1192312,0.0,0.0,1321.7
2024-08-28 14:15:00,FLAT,426124450.1192312,426124450.1192312,0.0,0.0,1323.3
2024-08-28 14:30:00,FLAT,426124450.1192312,426124450.1192312,0.0,0.0,1323.6
2024-08-29 09:00:00,FLAT,426124450.1192312,426124450.1192312,0.0,0.0,1321.2
2024-08-29 09:15:00,FLAT,426124450.1192312,426124450.1192312,0.0,0.0,1324.7
2024-08-29 09:30:00,FLAT,426124450.1192312,426124450.1192312,0.0,0.0,1328.2
2024-08-29 09:45:00,FLAT,426124450.1192312,426124450.1192312,0.0,0.0,1328.3
2024-08-29 10:00:00,FLAT,426124450.1192312,426124450.1192312,0.0,0.0,1327.0
2024-08-29 10:15:00,FLAT,426124450.1192312,426124450.1192312,0.0,0.0,1327.1
2024-08-29 10:30:00,FLAT,426124450.1192312,426124450.1192312,0.0,0.0,1327.2
2024-08-29 10:45:00,FLAT,426124450.1192312,426124450.1192312,0.0,0.0,1327.3
2024-08-29 11:00:00,FLAT,426124450.1192312,426124450.1192312,0.0,0.0,1328.9
2024-08-29 11:15:00,FLAT,426124450.1192312,426124450.1192312,0.0,0.0,1328.0
2024-08-29 13:00:00,FLAT,426124450.1192312,426124450.1192312,0.0,0.0,1328.7
2024-08-29 13:15:00,FLAT,426124450.1192312,426124450.1192312,0.0,0.0,1327.4
2024-08-29 13:30:00,FLAT,426124450.1192312,426124450.1192312,0.0,0.0,1326.3
2024-08-29 13:45:00,FLAT,426124450.1192312,426124450.1192312,0.0,0.0,1326.5
2024-08-29 14:00:00,FLAT,426124450.1192312,426124450.1192312,0.0,0.0,1327.5
2024-08-29 14:15:00,FLAT,426124450.1192312,426124450.1192312,0.0,0.0,1327.5
2024-08-29 14:30:00,FLAT,426124450.1192312,426124450.1192312,0.0,0.0,1326.7
2024-08-30 09:00:00,FLAT,426124450.1192312,426124450.1192312,0.0,0.0,1330.6
2024-08-30 09:15:00,FLAT,426124450.1192312,426124450.1192312,0.0,0.0,1330.7
2024-08-30 09:30:00,FLAT,426124450.1192312,426124450.1192312,0.0,0.0,1330.1
2024-08-30 09:45:00,FLAT,426124450.1192312,426124450.1192312,0.0,0.0,1329.5
2024-08-30 10:00:00,FLAT,426124450.1192312,426124450.1192312,0.0,0.0,1330.2
2024-08-30 10:15:00,FLAT,426124450.1192312,426124450.1192312,0.0,0.0,1330.5
2024-08-30 10:30:00,FLAT,426124450.1192312,426124450.1192312,0.0,0.0,1330.2
2024-08-30 10:45:00,FLAT,426124450.1192312,426124450.1192312,0.0,0.0,1329.6
2024-08-30 11:00:00,FLAT,426124450.1192312,426124450.1192312,0.0,0.0,1330.2
2024-08-30 11:15:00,FLAT,426124450.1192312,426124450.1192312,0.0,0.0,1330.6
2024-08-30 13:00:00,FLAT,426124450.1192312,426124450.1192312,0.0,0.0,1332.5
2024-08-30 13:15:00,FLAT,426124450.1192312,426124450.1192312,0.0,0.0,1333.1
2024-08-30 13:30:00,FLAT,426124450.1192312,426124450.1192312,0.0,0.0,1333.8
2024-08-30 13:45:00,FLAT,426124450.1192312,426124450.1192312,0.0,0.0,1333.4
2024-08-30 14:00:00,FLAT,426124450.1192312,426124450.1192312,0.0,0.0,1333.0
2024-08-30 14:15:00,FLAT,426124450.1192312,426124450.1192312,0.0,0.0,1332.3
2024-08-30 14:30:00,FLAT,426124450.1192312,426124450.1192312,0.0,0.0,1333.3
2024-09-04 09:00:00,FLAT,426124450.1192312,426124450.1192312,0.0,0.0,1312.3
2024-09-04 09:15:00,FLAT,426124450.1192312,426124450.1192312,0.0,0.0,1313.0
2024-09-04 09:30:00,FLAT,426124450.1192312,426124450.1192312,0.0,0.0,1313.3
2024-09-04 09:45:00,FLAT,426124450.1192312,426124450.1192312,0.0,0.0,1314.8
2024-09-04 10:00:00,FLAT,426124450.1192312,426124450.1192312,0.0,0.0,1313.9
2024-09-04 10:15:00,FLAT,426124450.1192312,426124450.1192312,0.0,0.0,1312.6
2024-09-04 10:30:00,FLAT,426124450.1192312,426124450.1192312,0.0,0.0,1312.6
2024-09-04 10:45:00,FLAT,426124450.1192312,426124450.1192312,0.0,0.0,1309.8
2024-09-04 11:00:00,FLAT,426124450.1192312,426124450.1192312,0.0,0.0,1310.6
2024-09-04 11:15:00,FLAT,426124450.1192312,426124450.1192312,0.0,0.0,1309.8
2024-09-04 13:00:00,FLAT,426124450.1192312,426124450.1192312,0.0,0.0,1310.4
2024-09-04 13:15:00,FLAT,426124450.1192312,426124450.1192312,0.0,0.0,1311.4
2024-09-04 13:30:00,FLAT,426124450.1192312,426124450.1192312,0.0,0.0,1310.2
2024-09-04 13:45:00,FLAT,426124450.1192312,426124450.1192312,0.0,0.0,1311.0
2024-09-04 14:00:00,FLAT,426124450.1192312,426124450.1192312,0.0,0.0,1313.2
2024-09-04 14:15:00,FLAT,425574688.66002876,425574688.66002876,0.0,0.0,1312.8
2024-09-04 14:30:00,FLAT,425574688.66002876,425574688.66002876,0.0,0.0,1313.0
2024-09-05 09:00:00,FLAT,425574688.66002876,425574688.66002876,0.0,0.0,1315.5
2024-09-05 09:15:00,FLAT,425574688.66002876,425574688.66002876,0.0,0.0,1315.4
2024-09-05 09:30:00,FLAT,425574688.66002876,425574688.66002876,0.0,0.0,1317.4
2024-09-05 09:45:00,FLAT,425574688.66002876,425574688.66002876,0.0,0.0,1317.6
2024-09-05 10:00:00,FLAT,425574688.66002876,425574688.66002876,0.0,0.0,1317.4
2024-09-05 10:15:00,FLAT,425574688.66002876,425574688.66002876,0.0,0.0,1317.3
2024-09-05 10:30:00,FLAT,425574688.66002876,425574688.66002876,0.0,0.0,1316.5
2024-09-05 10:45:00,FLAT,425574688.66002876,425574688.66002876,0.0,0.0,1314.3
2024-09-05 11:00:00,FLAT,425574688.66002876,425574688.66002876,0.0,0.0,1314.5
2024-09-05 11:15:00,FLAT,425574688.66002876,425574688.66002876,0.0,0.0,1314.2
2024-09-05 13:00:00,FLAT,425574688.66002876,425574688.66002876,0.0,0.0,1315.3
2024-09-05 13:15:00,FLAT,425574688.66002876,425574688.66002876,0.0,0.0,1313.6
2024-09-05 13:30:00,FLAT,425574688.66002876,425574688.66002876,0.0,0.0,1313.5
2024-09-05 13:45:00,FLAT,425574688.66002876,425574688.66002876,0.0,0.0,1311.0
2024-09-05 14:00:00,FLAT,425574688.66002876,425574688.66002876,0.0,0.0,1312.2
2024-09-05 14:15:00,FLAT,425574688.66002876,425574688.66002876,0.0,0.0,1307.0
2024-09-05 14:30:00,FLAT,425574688.66002876,425574688.66002876,0.0,0.0,1306.8
2024-09-06 09:00:00,FLAT,425574688.66002876,425574688.66002876,0.0,0.0,1307.6
2024-09-06 09:15:00,FLAT,425574688.66002876,425574688.66002876,0.0,0.0,1306.5
2024-09-06 09:30:00,FLAT,425574688.66002876,425574688.66002876,0.0,0.0,1308.3
2024-09-06 09:45:00,FLAT,425574688.66002876,425574688.66002876,0.0,0.0,1310.0
2024-09-06 10:00:00,LONG,425378143.66002876,424978143.6600289,-399999.99999986356,0.0,1309.9
2024-09-06 10:15:00,LONG,425378143.66002876,424578143.6600288,-799999.9999999545,0.0,1309.5
2024-09-06 10:30:00,LONG,425378143.66002876,422978143.6600289,-2399999.9999998636,0.0,1307.9
2024-09-06 10:45:00,LONG,425378143.66002876,423278143.6600289,-2099999.999999909,0.0,1308.2
2024-09-06 11:00:00,FLAT,421982078.6600287,421982078.6600287,0.0,0.0,1307.0
2024-09-06 11:15:00,FLAT,421982078.6600287,421982078.6600287,0.0,0.0,1308.0
2024-09-06 13:00:00,FLAT,421982078.6600287,421982078.6600287,0.0,0.0,1307.0
2024-09-06 13:15:00,FLAT,421982078.6600287,421982078.6600287,0.0,0.0,1309.1
2024-09-06 13:30:00,FLAT,421982078.6600287,421982078.6600287,0.0,0.0,1309.6
2024-09-06 13:45:00,LONG,421785608.6600287,421885608.6600288,100000.00000013642,0.0,1309.9
2024-09-06 14:00:00,LONG,421785608.6600287,421985608.66002876,200000.00000004546,0.0,1310.0
2024-09-06 14:15:00,FLAT,420089363.6600287,420089363.6600287,0.0,0.0,1308.8
2024-09-06 14:30:00,FLAT,420089363.6600287,420089363.6600287,0.0,0.0,1309.5
2024-09-09 09:00:00,FLAT,420089363.6600287,420089363.6600287,0.0,0.0,1301.9
2024-09-09 09:15:00,FLAT,420089363.6600287,420089363.6600287,0.0,0.0,1302.3
2024-09-09 09:30:00,FLAT,420089363.6600287,420089363.6600287,0.0,0.0,1304.0
2024-09-09 09:45:00,FLAT,420089363.6600287,420089363.6600287,0.0,0.0,1302.8
2024-09-09 10:00:00,FLAT,420089363.6600287,420089363.6600287,0.0,0.0,1303.0
2024-09-09 10:15:00,FLAT,420089363.6600287,420089363.6600287,0.0,0.0,1302.1
2024-09-09 10:30:00,FLAT,420089363.6600287,420089363.6600287,0.0,0.0,1303.1
2024-09-09 10:45:00,FLAT,420089363.6600287,420089363.6600287,0.0,0.0,1303.0
2024-09-09 11:00:00,FLAT,420089363.6600287,420089363.6600287,0.0,0.0,1303.0
2024-09-09 11:15:00,FLAT,420089363.6600287,420089363.6600287,0.0,0.0,1303.8
2024-09-09 13:00:00,FLAT,420089363.6600287,420089363.6600287,0.0,0.0,1306.0
2024-09-09 13:15:00,FLAT,420089363.6600287,420089363.6600287,0.0,0.0,1305.8
2024-09-09 13:30:00,FLAT,420089363.6600287,420089363.6600287,0.0,0.0,1303.1
2024-09-09 13:45:00,FLAT,420089363.6600287,420089363.6600287,0.0,0.0,1303.2
2024-09-09 14:00:00,FLAT,420089363.6600287,420089363.6600287,0.0,0.0,1305.5
2024-09-09 14:15:00,FLAT,420089363.6600287,420089363.6600287,0.0,0.0,1306.9
2024-09-09 14:30:00,FLAT,420089363.6600287,420089363.6600287,0.0,0.0,1306.2
2024-09-10 09:00:00,FLAT,420089363.6600287,420089363.6600287,0.0,0.0,1312.4
2024-09-10 09:15:00,FLAT,420089363.6600287,420089363.6600287,0.0,0.0,1311.6
2024-09-10 09:30:00,FLAT,420089363.6600287,420089363.6600287,0.0,0.0,1310.8
2024-09-10 09:45:00,FLAT,420089363.6600287,420089363.6600287,0.0,0.0,1311.7
2024-09-10 10:00:00,FLAT,420089363.6600287,420089363.6600287,0.0,0.0,1310.7
2024-09-10 10:15:00,FLAT,420089363.6600287,420089363.6600287,0.0,0.0,1309.5
2024-09-10 10:30:00,FLAT,420089363.6600287,420089363.6600287,0.0,0.0,1308.7
2024-09-10 10:45:00,FLAT,420089363.6600287,420089363.6600287,0.0,0.0,1308.0
2024-09-10 11:00:00,FLAT,420089363.6600287,420089363.6600287,0.0,0.0,1308.9
2024-09-10 11:15:00,FLAT,420089363.6600287,420089363.6600287,0.0,0.0,1304.3
2024-09-10 13:00:00,FLAT,420089363.6600287,420089363.6600287,0.0,0.0,1303.6
2024-09-10 13:15:00,FLAT,420089363.6600287,420089363.6600287,0.0,0.0,1300.9
2024-09-10 13:30:00,FLAT,420089363.6600287,420089363.6600287,0.0,0.0,1297.0
2024-09-10 13:45:00,FLAT,420089363.6600287,420089363.6600287,0.0,0.0,1296.4
2024-09-10 14:00:00,FLAT,420089363.6600287,420089363.6600287,0.0,0.0,1293.9
2024-09-10 14:15:00,FLAT,420089363.6600287,420089363.6600287,0.0,0.0,1293.2
2024-09-10 14:30:00,FLAT,420089363.6600287,420089363.6600287,0.0,0.0,1293.2
2024-09-11 09:00:00,FLAT,420089363.6600287,420089363.6600287,0.0,0.0,1291.1
2024-09-11 09:15:00,FLAT,420089363.6600287,420089363.6600287,0.0,0.0,1290.6
2024-09-11 09:30:00,FLAT,420089363.6600287,420089363.6600287,0.0,0.0,1291.5
2024-09-11 09:45:00,FLAT,420089363.6600287,420089363.6600287,0.0,0.0,1291.9
2024-09-11 10:00:00,FLAT,420089363.6600287,420089363.6600287,0.0,0.0,1289.2
2024-09-11 10:15:00,FLAT,420089363.6600287,420089363.6600287,0.0,0.0,1288.6
2024-09-11 10:30:00,FLAT,420089363.6600287,420089363.6600287,0.0,0.0,1287.5
2024-09-11 10:45:00,FLAT,420089363.6600287,420089363.6600287,0.0,0.0,1290.8
2024-09-11 11:00:00,FLAT,420089363.6600287,420089363.6600287,0.0,0.0,1291.4
2024-09-11 11:15:00,FLAT,420089363.6600287,420089363.6600287,0.0,0.0,1291.0
2024-09-11 13:00:00,FLAT,420089363.6600287,420089363.6600287,0.0,0.0,1289.5
2024-09-11 13:15:00,FLAT,420089363.6600287,420089363.6600287,0.0,0.0,1291.8
2024-09-11 13:30:00,FLAT,420089363.6600287,420089363.6600287,0.0,0.0,1292.7
2024-09-11 13:45:00,FLAT,420089363.6600287,420089363.6600287,0.0,0.0,1294.3
2024-09-11 14:00:00,FLAT,420089363.6600287,420089363.6600287,0.0,0.0,1296.6
2024-09-11 14:15:00,FLAT,418067129.8964176,418067129.8964176,0.0,0.0,1292.4
2024-09-11 14:30:00,FLAT,418067129.8964176,418067129.8964176,0.0,0.0,1293.1
2024-09-12 09:00:00,FLAT,418067129.8964176,418067129.8964176,0.0,0.0,1299.6
2024-09-12 09:15:00,FLAT,418067129.8964176,418067129.8964176,0.0,0.0,1298.4
2024-09-12 09:30:00,FLAT,418067129.8964176,418067129.8964176,0.0,0.0,1299.4
2024-09-12 09:45:00,FLAT,418067129.8964176,418067129.8964176,0.0,0.0,1299.2
2024-09-12 10:00:00,FLAT,418067129.8964176,418067129.8964176,0.0,0.0,1299.6
2024-09-12 10:15:00,FLAT,418067129.8964176,418067129.8964176,0.0,0.0,1298.9
2024-09-12 10:30:00,FLAT,418067129.8964176,418067129.8964176,0.0,0.0,1301.9
2024-09-12 10:45:00,LONG,417871784.8964176,416771784.89641774,-1099999.999999909,0.0,1301.2
2024-09-12 11:00:00,LONG,417871784.8964176,414371784.8964176,-3500000.0,0.0,1298.8
2024-09-12 11:15:00,FLAT,413777024.89641774,413777024.89641774,0.0,0.0,1298.9
2024-09-12 13:00:00,FLAT,413777024.89641774,413777024.89641774,0.0,0.0,1300.8
2024-09-12 13:15:00,FLAT,413777024.89641774,413777024.89641774,0.0,0.0,1299.6
2024-09-12 13:30:00,FLAT,413777024.89641774,413777024.89641774,0.0,0.0,1299.5
2024-09-12 13:45:00,FLAT,413777024.89641774,413777024.89641774,0.0,0.0,1301.5
2024-09-12 14:00:00,FLAT,413777024.89641774,413777024.89641774,0.0,0.0,1302.2
2024-09-12 14:15:00,FLAT,413777024.89641774,413777024.89641774,0.0,0.0,1299.9
2024-09-12 14:30:00,FLAT,413777024.89641774,413777024.89641774,0.0,0.0,1299.6
2024-09-13 09:00:00,FLAT,413777024.89641774,413777024.89641774,0.0,0.0,1297.8
2024-09-13 09:15:00,FLAT,413777024.89641774,413777024.89641774,0.0,0.0,1298.4
2024-09-13 09:30:00,FLAT,413777024.89641774,413777024.89641774,0.0,0.0,1294.8
2024-09-13 09:45:00,FLAT,413777024.89641774,413777024.89641774,0.0,0.0,1294.0
2024-09-13 10:00:00,FLAT,413777024.89641774,413777024.89641774,0.0,0.0,1294.0
2024-09-13 10:15:00,FLAT,413777024.89641774,413777024.89641774,0.0,0.0,1295.2
2024-09-13 10:30:00,FLAT,413777024.89641774,413777024.89641774,0.0,0.0,1296.8
2024-09-13 10:45:00,FLAT,413777024.89641774,413777024.89641774,0.0,0.0,1296.4
2024-09-13 11:00:00,FLAT,413777024.89641774,413777024.89641774,0.0,0.0,1296.9
2024-09-13 11:15:00,FLAT,413777024.89641774,413777024.89641774,0.0,0.0,1297.9
2024-09-13 13:00:00,FLAT,413777024.89641774,413777024.89641774,0.0,0.0,1297.4
2024-09-13 13:15:00,FLAT,413777024.89641774,413777024.89641774,0.0,0.0,1295.3
2024-09-13 13:30:00,FLAT,413777024.89641774,413777024.89641774,0.0,0.0,1293.0
2024-09-13 13:45:00,FLAT,413777024.89641774,413777024.89641774,0.0,0.0,1294.0
2024-09-13 14:00:00,FLAT,413777024.89641774,413777024.89641774,0.0,0.0,1295.9
2024-09-13 14:15:00,FLAT,413777024.89641774,413777024.89641774,0.0,0.0,1295.2
2024-09-13 14:30:00,FLAT,413777024.89641774,413777024.89641774,0.0,0.0,1294.5
2024-09-16 09:00:00,FLAT,413777024.89641774,413777024.89641774,0.0,0.0,1294.8
2024-09-16 09:15:00,FLAT,413777024.89641774,413777024.89641774,0.0,0.0,1293.7
2024-09-16 09:30:00,FLAT,413777024.89641774,413777024.89641774,0.0,0.0,1295.9
2024-09-16 09:45:00,FLAT,413777024.89641774,413777024.89641774,0.0,0.0,1295.9
2024-09-16 10:00:00,FLAT,413777024.89641774,413777024.89641774,0.0,0.0,1296.6
2024-09-16 10:15:00,FLAT,413777024.89641774,413777024.89641774,0.0,0.0,1295.2
2024-09-16 10:30:00,FLAT,413777024.89641774,413777024.89641774,0.0,0.0,1294.4
2024-09-16 10:45:00,FLAT,413777024.89641774,413777024.89641774,0.0,0.0,1293.8
2024-09-16 11:00:00,FLAT,413777024.89641774,413777024.89641774,0.0,0.0,1294.4
2024-09-16 11:15:00,FLAT,413777024.89641774,413777024.89641774,0.0,0.0,1291.8
2024-09-16 13:00:00,FLAT,413777024.89641774,413777024.89641774,0.0,0.0,1290.1
2024-09-16 13:15:00,FLAT,413777024.89641774,413777024.89641774,0.0,0.0,1288.8
2024-09-16 13:30:00,FLAT,413777024.89641774,413777024.89641774,0.0,0.0,1288.9
2024-09-16 13:45:00,FLAT,413777024.89641774,413777024.89641774,0.0,0.0,1290.7
2024-09-16 14:00:00,FLAT,413777024.89641774,413777024.89641774,0.0,0.0,1288.7
2024-09-16 14:15:00,FLAT,413777024.89641774,413777024.89641774,0.0,0.0,1283.8
2024-09-16 14:30:00,FLAT,413777024.89641774,413777024.89641774,0.0,0.0,1284.9
2024-09-17 09:00:00,FLAT,413777024.89641774,413777024.89641774,0.0,0.0,1282.4
2024-09-17 09:15:00,FLAT,413777024.89641774,413777024.89641774,0.0,0.0,1282.5
2024-09-17 09:30:00,FLAT,413777024.89641774,413777024.89641774,0.0,0.0,1283.6
2024-09-17 09:45:00,FLAT,413777024.89641774,413777024.89641774,0.0,0.0,1283.8
2024-09-17 10:00:00,FLAT,413777024.89641774,413777024.89641774,0.0,0.0,1284.8
2024-09-17 10:15:00,LONG,413584244.89641774,413084244.89641774,-500000.0,0.0,1284.7
2024-09-17 10:30:00,LONG,413584244.89641774,412584244.89641774,-1000000.0,0.0,1284.2
2024-09-17 10:45:00,LONG,413584244.89641774,411484244.8964176,-2100000.0000001364,0.0,1283.1
2024-09-17 11:00:00,LONG,413584244.89641774,413184244.8964176,-400000.0000000909,0.0,1284.8
2024-09-17 11:15:00,LONG,413584244.89641774,413384244.8964177,-200000.00000004546,0.0,1285.0
2024-09-17 13:00:00,LONG,413584244.89641774,414584244.89641774,1000000.0,0.0,1286.2
2024-09-17 13:15:00,LONG,413584244.89641774,415084244.89641774,1500000.0,0.0,1286.7
2024-09-17 13:30:00,LONG,413584244.89641774,416084244.89641774,2500000.0,0.0,1287.7
2024-09-17 13:45:00,LONG,413584244.89641774,418084244.89641774,4500000.0,0.0,1289.7
2024-09-17 14:00:00,FLAT,419866895.709718,419866895.709718,0.0,0.0,1293.5
2024-09-17 14:15:00,FLAT,419866895.709718,419866895.709718,0.0,0.0,1300.4
2024-09-17 14:30:00,FLAT,419866895.709718,419866895.709718,0.0,0.0,1300.6
2024-09-18 09:00:00,FLAT,419866895.709718,419866895.709718,0.0,0.0,1305.2
2024-09-18 09:15:00,FLAT,419866895.709718,419866895.709718,0.0,0.0,1304.2
2024-09-18 09:30:00,FLAT,419866895.709718,419866895.709718,0.0,0.0,1306.6
2024-09-18 09:45:00,FLAT,419866895.709718,419866895.709718,0.0,0.0,1304.9
2024-09-18 10:00:00,FLAT,419866895.709718,419866895.709718,0.0,0.0,1306.0
2024-09-18 10:15:00,FLAT,419866895.709718,419866895.709718,0.0,0.0,1308.6
2024-09-18 10:30:00,FLAT,419866895.709718,419866895.709718,0.0,0.0,1314.9
2024-09-18 10:45:00,FLAT,419866895.709718,419866895.709718,0.0,0.0,1312.3
2024-09-18 11:00:00,FLAT,419866895.709718,419866895.709718,0.0,0.0,1314.0
2024-09-18 11:15:00,FLAT,419866895.709718,419866895.709718,0.0,0.0,1316.8
2024-09-18 13:00:00,FLAT,419866895.709718,419866895.709718,0.0,0.0,1315.1
2024-09-18 13:15:00,FLAT,419866895.709718,419866895.709718,0.0,0.0,1312.9
2024-09-18 13:30:00,FLAT,419866895.709718,419866895.709718,0.0,0.0,1312.6
2024-09-18 13:45:00,FLAT,419866895.709718,419866895.709718,0.0,0.0,1313.6
2024-09-18 14:00:00,FLAT,419866895.709718,419866895.709718,0.0,0.0,1310.9
2024-09-18 14:15:00,FLAT,419866895.709718,419866895.709718,0.0,0.0,1311.6
2024-09-18 14:30:00,FLAT,419866895.709718,419866895.709718,0.0,0.0,1312.9
2024-09-19 09:00:00,FLAT,419866895.709718,419866895.709718,0.0,0.0,1314.5
2024-09-19 09:15:00,FLAT,419866895.709718,419866895.709718,0.0,0.0,1313.5
2024-09-19 09:30:00,FLAT,419866895.709718,419866895.709718,0.0,0.0,1314.7
2024-09-19 09:45:00,FLAT,419866895.709718,419866895.709718,0.0,0.0,1314.9
2024-09-19 10:00:00,FLAT,419866895.709718,419866895.709718,0.0,0.0,1314.1
2024-09-19 10:15:00,FLAT,419866895.709718,419866895.709718,0.0,0.0,1313.8
2024-09-19 10:30:00,FLAT,419866895.709718,419866895.709718,0.0,0.0,1316.6
2024-09-19 10:45:00,LONG,419669419.77303666,418963175.2306657,-706244.542370996,0.0,1315.8
2024-09-19 11:00:00,LONG,419669419.77303666,419563175.2306658,-106244.54237085956,0.0,1316.4
2024-09-19 11:15:00,LONG,419669419.77303666,418663175.2306657,-1006244.5423709506,0.0,1315.5
2024-09-19 13:00:00,LONG,419669419.77303666,419363175.23066574,-306244.54237090505,0.0,1316.2
2024-09-19 13:15:00,LONG,419669419.77303666,419763175.2306656,93755.45762895854,0.0,1316.6
2024-09-19 13:30:00,LONG,419669419.77303666,418463175.2306657,-1206244.542370996,0.0,1315.3
2024-09-19 13:45:00,LONG,419669419.77303666,419463175.2306657,-206244.54237099597,0.0,1316.3
2024-09-19 14:00:00,LONG,419669419.77303666,420763175.2306656,1093755.4576289586,0.0,1317.6
2024-09-19 14:15:00,FLAT,419465700.2306657,419465700.2306657,0.0,0.0,1317.0
2024-09-19 14:30:00,FLAT,419465700.2306657,419465700.2306657,0.0,0.0,1317.0
2024-09-20 09:00:00,FLAT,419465700.2306657,419465700.2306657,0.0,0.0,1329.0
2024-09-20 09:15:00,FLAT,419465700.2306657,419465700.2306657,0.0,0.0,1329.4
2024-09-20 09:30:00,FLAT,419465700.2306657,419465700.2306657,0.0,0.0,1332.2
2024-09-20 09:45:00,FLAT,419465700.2306657,419465700.2306657,0.0,0.0,1335.7
2024-09-20 10:00:00,FLAT,419465700.2306657,419465700.2306657,0.0,0.0,1336.0
2024-09-20 10:15:00,FLAT,419465700.2306657,419465700.2306657,0.0,0.0,1335.0
2024-09-20 10:30:00,FLAT,419465700.2306657,419465700.2306657,0.0,0.0,1335.5
2024-09-20 10:45:00,FLAT,419465700.2306657,419465700.2306657,0.0,0.0,1336.2
2024-09-20 11:00:00,FLAT,419465700.2306657,419465700.2306657,0.0,0.0,1337.2
2024-09-20 11:15:00,FLAT,419465700.2306657,419465700.2306657,0.0,0.0,1336.0
2024-09-20 13:00:00,FLAT,419465700.2306657,419465700.2306657,0.0,0.0,1336.0
2024-09-20 13:15:00,FLAT,419465700.2306657,419465700.2306657,0.0,0.0,1335.9
2024-09-20 13:30:00,FLAT,419465700.2306657,419465700.2306657,0.0,0.0,1335.1
2024-09-20 13:45:00,FLAT,419465700.2306657,419465700.2306657,0.0,0.0,1333.5
2024-09-20 14:00:00,FLAT,419465700.2306657,419465700.2306657,0.0,0.0,1332.7
2024-09-20 14:15:00,FLAT,419465700.2306657,419465700.2306657,0.0,0.0,1331.6
2024-09-20 14:30:00,FLAT,419465700.2306657,419465700.2306657,0.0,0.0,1332.5
2024-09-23 09:00:00,FLAT,419465700.2306657,419465700.2306657,0.0,0.0,1331.9
2024-09-23 09:15:00,FLAT,419465700.2306657,419465700.2306657,0.0,0.0,1329.9
2024-09-23 09:30:00,FLAT,419465700.2306657,419465700.2306657,0.0,0.0,1328.0
2024-09-23 09:45:00,FLAT,419465700.2306657,419465700.2306657,0.0,0.0,1327.0
2024-09-23 10:00:00,FLAT,419465700.2306657,419465700.2306657,0.0,0.0,1327.5
2024-09-23 10:15:00,FLAT,419465700.2306657,419465700.2306657,0.0,0.0,1327.8
2024-09-23 10:30:00,FLAT,419465700.2306657,419465700.2306657,0.0,0.0,1327.8
2024-09-23 10:45:00,FLAT,419465700.2306657,419465700.2306657,0.0,0.0,1328.4
2024-09-23 11:00:00,FLAT,419465700.2306657,419465700.2306657,0.0,0.0,1328.0
2024-09-23 11:15:00,FLAT,419465700.2306657,419465700.2306657,0.0,0.0,1329.0
2024-09-23 13:00:00,FLAT,419465700.2306657,419465700.2306657,0.0,0.0,1326.6
2024-09-23 13:15:00,FLAT,419465700.2306657,419465700.2306657,0.0,0.0,1328.8
2024-09-23 13:30:00,FLAT,419465700.2306657,419465700.2306657,0.0,0.0,1329.7
2024-09-23 13:45:00,FLAT,419465700.2306657,419465700.2306657,0.0,0.0,1328.3
2024-09-23 14:00:00,FLAT,419465700.2306657,419465700.2306657,0.0,0.0,1326.8
2024-09-23 14:15:00,FLAT,419465700.2306657,419465700.2306657,0.0,0.0,1326.0
2024-09-23 14:30:00,FLAT,419465700.2306657,419465700.2306657,0.0,0.0,1326.0
2024-09-24 09:00:00,FLAT,419465700.2306657,419465700.2306657,0.0,0.0,1325.6
2024-09-24 09:15:00,FLAT,419465700.2306657,419465700.2306657,0.0,0.0,1326.9
2024-09-24 09:30:00,FLAT,419465700.2306657,419465700.2306657,0.0,0.0,1327.3
2024-09-24 09:45:00,FLAT,419465700.2306657,419465700.2306657,0.0,0.0,1326.1
2024-09-24 10:00:00,FLAT,419465700.2306657,419465700.2306657,0.0,0.0,1325.4
2024-09-24 10:15:00,FLAT,419465700.2306657,419465700.2306657,0.0,0.0,1327.3
2024-09-24 10:30:00,FLAT,419465700.2306657,419465700.2306657,0.0,0.0,1326.8
2024-09-24 10:45:00,FLAT,419465700.2306657,419465700.2306657,0.0,0.0,1323.8
2024-09-24 11:00:00,FLAT,419465700.2306657,419465700.2306657,0.0,0.0,1323.3
2024-09-24 11:15:00,FLAT,419465700.2306657,419465700.2306657,0.0,0.0,1324.1
2024-09-24 13:00:00,FLAT,419465700.2306657,419465700.2306657,0.0,0.0,1326.4
2024-09-24 13:15:00,FLAT,419465700.2306657,419465700.2306657,0.0,0.0,1325.8
2024-09-24 13:30:00,FLAT,419465700.2306657,419465700.2306657,0.0,0.0,1329.0
2024-09-24 13:45:00,FLAT,419465700.2306657,419465700.2306657,0.0,0.0,1328.9
2024-09-24 14:00:00,FLAT,419465700.2306657,419465700.2306657,0.0,0.0,1329.5
2024-09-24 14:15:00,FLAT,419465700.2306657,419465700.2306657,0.0,0.0,1334.4
2024-09-24 14:30:00,FLAT,419465700.2306657,419465700.2306657,0.0,0.0,1335.0
2024-09-25 09:00:00,FLAT,419465700.2306657,419465700.2306657,0.0,0.0,1339.2
2024-09-25 09:15:00,FLAT,419465700.2306657,419465700.2306657,0.0,0.0,1338.5
2024-09-25 09:30:00,FLAT,419465700.2306657,419465700.2306657,0.0,0.0,1339.4
2024-09-25 09:45:00,FLAT,419465700.2306657,419465700.2306657,0.0,0.0,1342.6
2024-09-25 10:00:00,FLAT,419465700.2306657,419465700.2306657,0.0,0.0,1340.7
2024-09-25 10:15:00,LONG,419304784.4678068,420053032.0753721,748247.6075652812,0.0,1341.9
2024-09-25 10:30:00,LONG,419304784.4678068,420773032.075372,1468247.607565172,0.0,1342.8
2024-09-25 10:45:00,LONG,419304784.4678068,421813032.075372,2508247.6075651357,0.0,1344.1
2024-09-25 11:00:00,LONG,419304784.4678068,424853032.0753721,5548247.607565281,0.0,1347.9
2024-09-25 11:15:00,FLAT,424813532.4824029,424813532.4824029,0.0,0.0,1348.3
2024-09-25 13:00:00,FLAT,424813532.4824029,424813532.4824029,0.0,0.0,1346.2
2024-09-25 13:15:00,FLAT,424813532.4824029,424813532.4824029,0.0,0.0,1347.2
2024-09-25 13:30:00,FLAT,424813532.4824029,424813532.4824029,0.0,0.0,1344.3
2024-09-25 13:45:00,FLAT,424813532.4824029,424813532.4824029,0.0,0.0,1343.4
2024-09-25 14:00:00,FLAT,424813532.4824029,424813532.4824029,0.0,0.0,1342.7
2024-09-25 14:15:00,FLAT,424813532.4824029,424813532.4824029,0.0,0.0,1344.2
2024-09-25 14:30:00,FLAT,424813532.4824029,424813532.4824029,0.0,0.0,1345.2
2024-09-26 09:00:00,FLAT,424813532.4824029,424813532.4824029,0.0,0.0,1346.9
2024-09-26 09:15:00,FLAT,424813532.4824029,424813532.4824029,0.0,0.0,1347.3
2024-09-26 09:30:00,FLAT,424813532.4824029,424813532.4824029,0.0,0.0,1350.6
2024-09-26 09:45:00,FLAT,424813532.4824029,424813532.4824029,0.0,0.0,1352.7
2024-09-26 10:00:00,FLAT,424813532.4824029,424813532.4824029,0.0,0.0,1352.8
2024-09-26 10:15:00,FLAT,424813532.4824029,424813532.4824029,0.0,0.0,1353.5
2024-09-26 10:30:00,FLAT,424813532.4824029,424813532.4824029,0.0,0.0,1353.1
2024-09-26 10:45:00,FLAT,424813532.4824029,424813532.4824029,0.0,0.0,1351.6
2024-09-26 11:00:00,FLAT,424813532.4824029,424813532.4824029,0.0,0.0,1352.5
2024-09-26 11:15:00,FLAT,424813532.4824029,424813532.4824029,0.0,0.0,1355.1
2024-09-26 13:00:00,FLAT,424813532.4824029,424813532.4824029,0.0,0.0,1358.7
2024-09-26 13:15:00,FLAT,424813532.4824029,424813532.4824029,0.0,0.0,1359.8
2024-09-26 13:30:00,FLAT,424813532.4824029,424813532.4824029,0.0,0.0,1359.3
2024-09-26 13:45:00,FLAT,424813532.4824029,424813532.4824029,0.0,0.0,1363.4
2024-09-26 14:00:00,FLAT,424813532.4824029,424813532.4824029,0.0,0.0,1363.1
2024-09-26 14:15:00,FLAT,421496259.63335717,421496259.63335717,0.0,0.0,1358.6
2024-09-26 14:30:00,FLAT,421496259.63335717,421496259.63335717,0.0,0.0,1359.6
2024-09-27 09:00:00,FLAT,421496259.63335717,421496259.63335717,0.0,0.0,1358.4
2024-09-27 09:15:00,FLAT,421496259.63335717,421496259.63335717,0.0,0.0,1360.5
2024-09-27 09:30:00,FLAT,421496259.63335717,421496259.63335717,0.0,0.0,1362.7
2024-09-27 09:45:00,LONG,421292078.53193396,419484735.7107095,-1807342.821224438,0.0,1359.4
2024-09-27 10:00:00,FLAT,416881185.71070945,416881185.71070945,0.0,0.0,1355.0
2024-09-27 10:15:00,FLAT,416881185.71070945,416881185.71070945,0.0,0.0,1356.3
2024-09-27 10:30:00,FLAT,416881185.71070945,416881185.71070945,0.0,0.0,1356.2
2024-09-27 10:45:00,FLAT,416881185.71070945,416881185.71070945,0.0,0.0,1358.7
2024-09-27 11:00:00,FLAT,416881185.71070945,416881185.71070945,0.0,0.0,1357.6
2024-09-27 11:15:00,FLAT,416881185.71070945,416881185.71070945,0.0,0.0,1357.7
2024-09-27 13:00:00,FLAT,416881185.71070945,416881185.71070945,0.0,0.0,1358.0
2024-09-27 13:15:00,FLAT,416881185.71070945,416881185.71070945,0.0,0.0,1357.0
2024-09-27 13:30:00,FLAT,416881185.71070945,416881185.71070945,0.0,0.0,1357.4
2024-09-27 13:45:00,FLAT,416881185.71070945,416881185.71070945,0.0,0.0,1355.8
2024-09-27 14:00:00,FLAT,416881185.71070945,416881185.71070945,0.0,0.0,1353.9
2024-09-27 14:15:00,FLAT,416881185.71070945,416881185.71070945,0.0,0.0,1356.1
2024-09-27 14:30:00,FLAT,416881185.71070945,416881185.71070945,0.0,0.0,1357.2
2024-09-30 09:00:00,FLAT,416881185.71070945,416881185.71070945,0.0,0.0,1351.8
2024-09-30 09:15:00,FLAT,416881185.71070945,416881185.71070945,0.0,0.0,1353.3
2024-09-30 09:30:00,FLAT,416881185.71070945,416881185.71070945,0.0,0.0,1351.5
2024-09-30 09:45:00,FLAT,416881185.71070945,416881185.71070945,0.0,0.0,1352.9
2024-09-30 10:00:00,FLAT,416881185.71070945,416881185.71070945,0.0,0.0,1353.7
2024-09-30 10:15:00,FLAT,416881185.71070945,416881185.71070945,0.0,0.0,1354.1
2024-09-30 10:30:00,FLAT,416881185.71070945,416881185.71070945,0.0,0.0,1354.5
2024-09-30 10:45:00,FLAT,416881185.71070945,416881185.71070945,0.0,0.0,1355.0
2024-09-30 11:00:00,FLAT,416881185.71070945,416881185.71070945,0.0,0.0,1353.7
2024-09-30 11:15:00,FLAT,416881185.71070945,416881185.71070945,0.0,0.0,1353.5
2024-09-30 13:00:00,FLAT,416881185.71070945,416881185.71070945,0.0,0.0,1353.0
2024-09-30 13:15:00,FLAT,416881185.71070945,416881185.71070945,0.0,0.0,1354.8
2024-09-30 13:30:00,FLAT,416881185.71070945,416881185.71070945,0.0,0.0,1354.0
2024-09-30 13:45:00,FLAT,416881185.71070945,416881185.71070945,0.0,0.0,1353.0
2024-09-30 14:00:00,FLAT,416881185.71070945,416881185.71070945,0.0,0.0,1353.2
2024-09-30 14:15:00,FLAT,416881185.71070945,416881185.71070945,0.0,0.0,1356.2
2024-09-30 14:30:00,FLAT,416881185.71070945,416881185.71070945,0.0,0.0,1357.0
2024-10-01 09:00:00,FLAT,416881185.71070945,416881185.71070945,0.0,0.0,1362.2
2024-10-01 09:15:00,FLAT,416881185.71070945,416881185.71070945,0.0,0.0,1363.5
2024-10-01 09:30:00,FLAT,416881185.71070945,416881185.71070945,0.0,0.0,1367.8
2024-10-01 09:45:00,FLAT,416881185.71070945,416881185.71070945,0.0,0.0,1368.1
2024-10-01 10:00:00,FLAT,416881185.71070945,416881185.71070945,0.0,0.0,1367.8
2024-10-01 10:15:00,FLAT,416881185.71070945,416881185.71070945,0.0,0.0,1369.0
2024-10-01 10:30:00,FLAT,416881185.71070945,416881185.71070945,0.0,0.0,1368.3
2024-10-01 10:45:00,FLAT,416881185.71070945,416881185.71070945,0.0,0.0,1368.6
2024-10-01 11:00:00,FLAT,416881185.71070945,416881185.71070945,0.0,0.0,1371.5
2024-10-01 11:15:00,FLAT,416881185.71070945,416881185.71070945,0.0,0.0,1371.8
2024-10-01 13:00:00,FLAT,416881185.71070945,416881185.71070945,0.0,0.0,1372.7
2024-10-01 13:15:00,FLAT,416881185.71070945,416881185.71070945,0.0,0.0,1369.9
2024-10-01 13:30:00,FLAT,416881185.71070945,416881185.71070945,0.0,0.0,1371.7
2024-10-01 13:45:00,FLAT,416881185.71070945,416881185.71070945,0.0,0.0,1368.9
2024-10-01 14:00:00,FLAT,416881185.71070945,416881185.71070945,0.0,0.0,1366.5
2024-10-01 14:15:00,FLAT,416881185.71070945,416881185.71070945,0.0,0.0,1364.5
2024-10-01 14:30:00,FLAT,416881185.71070945,416881185.71070945,0.0,0.0,1364.5
2024-10-02 09:00:00,FLAT,416881185.71070945,416881185.71070945,0.0,0.0,1354.0
2024-10-02 09:15:00,FLAT,416881185.71070945,416881185.71070945,0.0,0.0,1354.7
2024-10-02 09:30:00,FLAT,416881185.71070945,416881185.71070945,0.0,0.0,1356.2
2024-10-02 09:45:00,FLAT,416881185.71070945,416881185.71070945,0.0,0.0,1356.1
2024-10-02 10:00:00,FLAT,416881185.71070945,416881185.71070945,0.0,0.0,1355.0
2024-10-02 10:15:00,FLAT,416881185.71070945,416881185.71070945,0.0,0.0,1356.9
2024-10-02 10:30:00,FLAT,416881185.71070945,416881185.71070945,0.0,0.0,1358.9
2024-10-02 10:45:00,FLAT,416881185.71070945,416881185.71070945,0.0,0.0,1360.1
2024-10-02 11:00:00,FLAT,416881185.71070945,416881185.71070945,0.0,0.0,1360.1
2024-10-02 11:15:00,FLAT,416881185.71070945,416881185.71070945,0.0,0.0,1359.7
2024-10-02 13:00:00,FLAT,416881185.71070945,416881185.71070945,0.0,0.0,1357.5
2024-10-02 13:15:00,FLAT,416881185.71070945,416881185.71070945,0.0,0.0,1354.5
2024-10-02 13:30:00,FLAT,416881185.71070945,416881185.71070945,0.0,0.0,1354.5
2024-10-02 13:45:00,FLAT,416881185.71070945,416881185.71070945,0.0,0.0,1353.4
2024-10-02 14:00:00,FLAT,416881185.71070945,416881185.71070945,0.0,0.0,1356.6
2024-10-02 14:15:00,FLAT,416881185.71070945,416881185.71070945,0.0,0.0,1358.1
2024-10-02 14:30:00,FLAT,416881185.71070945,416881185.71070945,0.0,0.0,1357.9
2024-10-03 09:00:00,FLAT,416881185.71070945,416881185.71070945,0.0,0.0,1361.1
2024-10-03 09:15:00,FLAT,416881185.71070945,416881185.71070945,0.0,0.0,1365.4
2024-10-03 09:30:00,FLAT,416881185.71070945,416881185.71070945,0.0,0.0,1369.6
2024-10-03 09:45:00,FLAT,416881185.71070945,416881185.71070945,0.0,0.0,1368.4
2024-10-03 10:00:00,FLAT,416881185.71070945,416881185.71070945,0.0,0.0,1375.2
2024-10-03 10:15:00,FLAT,416881185.71070945,416881185.71070945,0.0,0.0,1374.5
2024-10-03 10:30:00,FLAT,416881185.71070945,416881185.71070945,0.0,0.0,1370.4
2024-10-03 10:45:00,FLAT,416881185.71070945,416881185.71070945,0.0,0.0,1370.3
2024-10-03 11:00:00,FLAT,416881185.71070945,416881185.71070945,0.0,0.0,1365.9
2024-10-03 11:15:00,FLAT,416881185.71070945,416881185.71070945,0.0,0.0,1364.4
2024-10-03 13:00:00,FLAT,416881185.71070945,416881185.71070945,0.0,0.0,1364.4
2024-10-03 13:15:00,FLAT,416881185.71070945,416881185.71070945,0.0,0.0,1365.0
2024-10-03 13:30:00,FLAT,416881185.71070945,416881185.71070945,0.0,0.0,1358.2
2024-10-03 13:45:00,FLAT,416881185.71070945,416881185.71070945,0.0,0.0,1359.9
2024-10-03 14:00:00,FLAT,416881185.71070945,416881185.71070945,0.0,0.0,1356.7
2024-10-03 14:15:00,FLAT,416881185.71070945,416881185.71070945,0.0,0.0,1355.7
2024-10-03 14:30:00,FLAT,416881185.71070945,416881185.71070945,0.0,0.0,1356.2
2024-10-04 09:00:00,FLAT,416881185.71070945,416881185.71070945,0.0,0.0,1351.8
2024-10-04 09:15:00,FLAT,416881185.71070945,416881185.71070945,0.0,0.0,1348.2
2024-10-04 09:30:00,FLAT,416881185.71070945,416881185.71070945,0.0,0.0,1350.0
2024-10-04 09:45:00,FLAT,416881185.71070945,416881185.71070945,0.0,0.0,1348.0
2024-10-04 10:00:00,FLAT,416881185.71070945,416881185.71070945,0.0,0.0,1350.5
2024-10-04 10:15:00,FLAT,416881185.71070945,416881185.71070945,0.0,0.0,1348.6
2024-10-04 10:30:00,FLAT,416881185.71070945,416881185.71070945,0.0,0.0,1349.0
2024-10-04 10:45:00,FLAT,416881185.71070945,416881185.71070945,0.0,0.0,1347.3
2024-10-04 11:00:00,FLAT,416881185.71070945,416881185.71070945,0.0,0.0,1349.9
2024-10-04 11:15:00,FLAT,416881185.71070945,416881185.71070945,0.0,0.0,1349.8
2024-10-04 13:00:00,FLAT,416881185.71070945,416881185.71070945,0.0,0.0,1348.3
2024-10-04 13:15:00,FLAT,416881185.71070945,416881185.71070945,0.0,0.0,1351.1
2024-10-04 13:30:00,FLAT,416881185.71070945,416881185.71070945,0.0,0.0,1347.9
2024-10-04 13:45:00,FLAT,416881185.71070945,416881185.71070945,0.0,0.0,1349.3
2024-10-04 14:00:00,FLAT,416881185.71070945,416881185.71070945,0.0,0.0,1348.8
2024-10-04 14:15:00,FLAT,416881185.71070945,416881185.71070945,0.0,0.0,1344.0
2024-10-04 14:30:00,FLAT,416881185.71070945,416881185.71070945,0.0,0.0,1346.5
2024-10-07 09:00:00,FLAT,416881185.71070945,416881185.71070945,0.0,0.0,1347.9
2024-10-07 09:15:00,FLAT,416881185.71070945,416881185.71070945,0.0,0.0,1347.7
2024-10-07 09:30:00,FLAT,416881185.71070945,416881185.71070945,0.0,0.0,1346.8
2024-10-07 09:45:00,FLAT,416881185.71070945,416881185.71070945,0.0,0.0,1344.6
2024-10-07 10:00:00,FLAT,416881185.71070945,416881185.71070945,0.0,0.0,1343.0
2024-10-07 10:15:00,FLAT,416881185.71070945,416881185.71070945,0.0,0.0,1343.1
2024-10-07 10:30:00,FLAT,416881185.71070945,416881185.71070945,0.0,0.0,1342.8
2024-10-07 10:45:00,FLAT,416881185.71070945,416881185.71070945,0.0,0.0,1342.7
2024-10-07 11:00:00,FLAT,416881185.71070945,416881185.71070945,0.0,0.0,1343.5
2024-10-07 11:15:00,FLAT,416881185.71070945,416881185.71070945,0.0,0.0,1344.9
2024-10-07 13:00:00,FLAT,416881185.71070945,416881185.71070945,0.0,0.0,1343.8
2024-10-07 13:15:00,FLAT,416881185.71070945,416881185.71070945,0.0,0.0,1343.8
2024-10-07 13:30:00,FLAT,416881185.71070945,416881185.71070945,0.0,0.0,1339.5
2024-10-07 13:45:00,FLAT,416881185.71070945,416881185.71070945,0.0,0.0,1337.8
2024-10-07 14:00:00,FLAT,416881185.71070945,416881185.71070945,0.0,0.0,1336.2
2024-10-07 14:15:00,FLAT,416881185.71070945,416881185.71070945,0.0,0.0,1334.3
2024-10-07 14:30:00,FLAT,416881185.71070945,416881185.71070945,0.0,0.0,1337.4
2024-10-08 09:00:00,FLAT,416881185.71070945,416881185.71070945,0.0,0.0,1340.7
2024-10-08 09:15:00,FLAT,416881185.71070945,416881185.71070945,0.0,0.0,1341.6
2024-10-08 09:30:00,FLAT,416881185.71070945,416881185.71070945,0.0,0.0,1338.8
2024-10-08 09:45:00,FLAT,416881185.71070945,416881185.71070945,0.0,0.0,1341.1
2024-10-08 10:00:00,FLAT,416881185.71070945,416881185.71070945,0.0,0.0,1339.9
2024-10-08 10:15:00,FLAT,416881185.71070945,416881185.71070945,0.0,0.0,1339.1
2024-10-08 10:30:00,FLAT,416881185.71070945,416881185.71070945,0.0,0.0,1338.0
2024-10-08 10:45:00,FLAT,416881185.71070945,416881185.71070945,0.0,0.0,1339.7
2024-10-08 11:00:00,FLAT,416881185.71070945,416881185.71070945,0.0,0.0,1341.0
2024-10-08 11:15:00,FLAT,416881185.71070945,416881185.71070945,0.0,0.0,1340.8
2024-10-08 13:00:00,FLAT,416881185.71070945,416881185.71070945,0.0,0.0,1339.5
2024-10-08 13:15:00,FLAT,416881185.71070945,416881185.71070945,0.0,0.0,1343.9
2024-10-08 13:30:00,LONG,416679681.5660596,418018717.2337842,1339035.667724602,0.0,1344.7
2024-10-08 13:45:00,LONG,416679681.5660596,422118717.2337841,5439035.667724511,0.0,1348.8
2024-10-08 14:00:00,LONG,416679681.5660596,417518717.2337842,839035.6677246018,0.0,1344.2
2024-10-08 14:15:00,FLAT,415376501.38258517,415376501.38258517,0.0,0.0,1341.8
2024-10-08 14:30:00,FLAT,415376501.38258517,415376501.38258517,0.0,0.0,1341.0
2024-10-09 09:00:00,FLAT,415376501.38258517,415376501.38258517,0.0,0.0,1343.2
2024-10-09 09:15:00,FLAT,415376501.38258517,415376501.38258517,0.0,0.0,1344.1
2024-10-09 09:30:00,FLAT,415376501.38258517,415376501.38258517,0.0,0.0,1346.7
2024-10-09 09:45:00,FLAT,415376501.38258517,415376501.38258517,0.0,0.0,1347.9
2024-10-09 10:00:00,LONG,415194551.5577155,415305719.09325236,111167.53553685613,0.0,1347.9
2024-10-09 10:15:00,LONG,415194551.5577155,413505719.09325236,-1688832.4644631438,0.0,1345.9
2024-10-09 10:30:00,LONG,415194551.5577155,413055719.09325236,-2138832.464463144,0.0,1345.4
2024-10-09 10:45:00,LONG,415194551.5577155,415215719.0932522,21167.53553673334,0.0,1347.8
2024-10-09 11:00:00,LONG,415194551.5577155,414405719.09325236,-788832.4644631438,0.0,1346.9
2024-10-09 11:15:00,LONG,415194551.5577155,415305719.09325236,111167.53553685613,0.0,1347.9
2024-10-09 13:00:00,LONG,415194551.5577155,421335719.0932522,6141167.5355366925,0.0,1354.6
2024-10-09 13:15:00,LONG,415194551.5577155,420165719.0932522,4971167.535536733,0.0,1353.3
2024-10-09 13:30:00,LONG,415194551.5577155,419985719.0932522,4791167.5355366925,0.0,1353.1
2024-10-09 13:45:00,LONG,415194551.5577155,421335719.0932522,6141167.5355366925,0.0,1354.6
2024-10-09 14:00:00,FLAT,423614306.07040703,423614306.07040703,0.0,0.0,1353.0
2024-10-09 14:15:00,FLAT,423614306.07040703,423614306.07040703,0.0,0.0,1354.5
2024-10-09 14:30:00,FLAT,423614306.07040703,423614306.07040703,0.0,0.0,1355.0
2024-10-10 09:00:00,FLAT,423614306.07040703,423614306.07040703,0.0,0.0,1365.1
2024-10-10 09:15:00,FLAT,423614306.07040703,423614306.07040703,0.0,0.0,1365.2
2024-10-10 09:30:00,FLAT,423614306.07040703,423614306.07040703,0.0,0.0,1371.4
2024-10-10 09:45:00,FLAT,423614306.07040703,423614306.07040703,0.0,0.0,1370.7
2024-10-10 10:00:00,FLAT,423614306.07040703,423614306.07040703,0.0,0.0,1371.5
2024-10-10 10:15:00,FLAT,423614306.07040703,423614306.07040703,0.0,0.0,1371.1
2024-10-10 10:30:00,LONG,423470617.1833777,423144703.65424883,-325913.52912884305,0.0,1368.0
2024-10-10 10:45:00,LONG,423470617.1833777,423354703.65424883,-115913.52912887487,0.0,1368.3
2024-10-10 11:00:00,LONG,423470617.1833777,423844703.65424883,374086.47087115695,0.0,1369.0
2024-10-10 11:15:00,LONG,423470617.1833777,423844703.65424883,374086.47087115695,0.0,1369.0
2024-10-10 13:00:00,LONG,423470617.1833777,424264703.6542488,794086.4708710933,0.0,1369.6
2024-10-10 13:15:00,LONG,423470617.1833777,422374703.6542489,-1095913.5291287794,0.0,1366.9
2024-10-10 13:30:00,LONG,423470617.1833777,422024703.6542489,-1445913.5291287794,0.0,1366.4
2024-10-10 13:45:00,LONG,423470617.1833777,424194703.65424883,724086.470871157,0.0,1369.5
2024-10-10 14:00:00,LONG,423470617.1833777,421534703.6542489,-1935913.5291288113,0.0,1365.7
2024-10-10 14:15:00,FLAT,419888798.34411895,419888798.34411895,0.0,0.0,1365.1
2024-10-10 14:30:00,FLAT,419888798.34411895,419888798.34411895,0.0,0.0,1366.6
2024-10-11 09:00:00,FLAT,419888798.34411895,419888798.34411895,0.0,0.0,1366.5
2024-10-11 09:15:00,FLAT,419888798.34411895,419888798.34411895,0.0,0.0,1365.7
2024-10-11 09:30:00,FLAT,419888798.34411895,419888798.34411895,0.0,0.0,1365.9
2024-10-11 09:45:00,FLAT,419888798.34411895,419888798.34411895,0.0,0.0,1366.0
2024-10-11 10:00:00,FLAT,419888798.34411895,419888798.34411895,0.0,0.0,1365.8
2024-10-11 10:15:00,FLAT,419888798.34411895,419888798.34411895,0.0,0.0,1366.0
2024-10-11 10:30:00,FLAT,419888798.34411895,419888798.34411895,0.0,0.0,1365.6
2024-10-11 10:45:00,FLAT,419888798.34411895,419888798.34411895,0.0,0.0,1365.2
2024-10-11 11:00:00,FLAT,419888798.34411895,419888798.34411895,0.0,0.0,1365.1
2024-10-11 11:15:00,FLAT,419888798.34411895,419888798.34411895,0.0,0.0,1364.0
2024-10-11 13:00:00,FLAT,419888798.34411895,419888798.34411895,0.0,0.0,1361.4
2024-10-11 13:15:00,FLAT,419888798.34411895,419888798.34411895,0.0,0.0,1361.2
2024-10-11 13:30:00,FLAT,419888798.34411895,419888798.34411895,0.0,0.0,1359.4
2024-10-11 13:45:00,FLAT,419888798.34411895,419888798.34411895,0.0,0.0,1359.4
2024-10-11 14:00:00,FLAT,419888798.34411895,419888798.34411895,0.0,0.0,1361.8
2024-10-11 14:15:00,FLAT,419888798.34411895,419888798.34411895,0.0,0.0,1364.4
2024-10-11 14:30:00,FLAT,419888798.34411895,419888798.34411895,0.0,0.0,1366.3
2024-10-14 09:00:00,FLAT,419888798.34411895,419888798.34411895,0.0,0.0,1375.5
2024-10-14 09:15:00,FLAT,419888798.34411895,419888798.34411895,0.0,0.0,1373.3
2024-10-14 09:30:00,FLAT,419888798.34411895,419888798.34411895,0.0,0.0,1372.8
2024-10-14 09:45:00,FLAT,419888798.34411895,419888798.34411895,0.0,0.0,1367.9
2024-10-14 10:00:00,FLAT,419888798.34411895,419888798.34411895,0.0,0.0,1367.7
2024-10-14 10:15:00,FLAT,419888798.34411895,419888798.34411895,0.0,0.0,1369.3
2024-10-14 10:30:00,FLAT,419888798.34411895,419888798.34411895,0.0,0.0,1367.5
2024-10-14 10:45:00,FLAT,419888798.34411895,419888798.34411895,0.0,0.0,1366.1
2024-10-14 11:00:00,FLAT,419888798.34411895,419888798.34411895,0.0,0.0,1366.6
2024-10-14 11:15:00,FLAT,419888798.34411895,419888798.34411895,0.0,0.0,1367.2
2024-10-14 13:00:00,FLAT,419888798.34411895,419888798.34411895,0.0,0.0,1366.9
2024-10-14 13:15:00,FLAT,419888798.34411895,419888798.34411895,0.0,0.0,1364.1
2024-10-14 13:30:00,FLAT,419888798.34411895,419888798.34411895,0.0,0.0,1363.8
2024-10-14 13:45:00,FLAT,419888798.34411895,419888798.34411895,0.0,0.0,1363.3
2024-10-14 14:00:00,FLAT,419888798.34411895,419888798.34411895,0.0,0.0,1365.3
2024-10-14 14:15:00,FLAT,419888798.34411895,419888798.34411895,0.0,0.0,1361.2
2024-10-14 14:30:00,FLAT,419888798.34411895,419888798.34411895,0.0,0.0,1358.5
2024-10-15 09:00:00,FLAT,419888798.34411895,419888798.34411895,0.0,0.0,1362.3
2024-10-15 09:15:00,FLAT,419888798.34411895,419888798.34411895,0.0,0.0,1364.3
2024-10-15 09:30:00,FLAT,419888798.34411895,419888798.34411895,0.0,0.0,1365.2
2024-10-15 09:45:00,FLAT,419888798.34411895,419888798.34411895,0.0,0.0,1368.1
2024-10-15 10:00:00,FLAT,419888798.34411895,419888798.34411895,0.0,0.0,1367.0
2024-10-15 10:15:00,FLAT,419888798.34411895,419888798.34411895,0.0,0.0,1365.3
2024-10-15 10:30:00,FLAT,419888798.34411895,419888798.34411895,0.0,0.0,1361.8
2024-10-15 10:45:00,FLAT,419888798.34411895,419888798.34411895,0.0,0.0,1362.6
2024-10-15 11:00:00,FLAT,419888798.34411895,419888798.34411895,0.0,0.0,1362.8
2024-10-15 11:15:00,FLAT,419888798.34411895,419888798.34411895,0.0,0.0,1361.7
2024-10-15 13:00:00,FLAT,419888798.34411895,419888798.34411895,0.0,0.0,1362.0
2024-10-15 13:15:00,FLAT,419888798.34411895,419888798.34411895,0.0,0.0,1362.5
2024-10-15 13:30:00,FLAT,419888798.34411895,419888798.34411895,0.0,0.0,1360.8
2024-10-15 13:45:00,FLAT,419888798.34411895,419888798.34411895,0.0,0.0,1358.4
2024-10-15 14:00:00,FLAT,419888798.34411895,419888798.34411895,0.0,0.0,1356.3
2024-10-15 14:15:00,FLAT,419888798.34411895,419888798.34411895,0.0,0.0,1358.4
2024-10-15 14:30:00,FLAT,419888798.34411895,419888798.34411895,0.0,0.0,1360.0
2024-10-16 09:00:00,FLAT,419888798.34411895,419888798.34411895,0.0,0.0,1352.6
2024-10-16 09:15:00,FLAT,419888798.34411895,419888798.34411895,0.0,0.0,1355.1
2024-10-16 09:30:00,FLAT,419888798.34411895,419888798.34411895,0.0,0.0,1354.2
2024-10-16 09:45:00,FLAT,419888798.34411895,419888798.34411895,0.0,0.0,1354.5
2024-10-16 10:00:00,FLAT,419888798.34411895,419888798.34411895,0.0,0.0,1354.4
2024-10-16 10:15:00,FLAT,419888798.34411895,419888798.34411895,0.0,0.0,1354.2
2024-10-16 10:30:00,FLAT,419888798.34411895,419888798.34411895,0.0,0.0,1357.4
2024-10-16 10:45:00,FLAT,419888798.34411895,419888798.34411895,0.0,0.0,1357.4
2024-10-16 11:00:00,FLAT,419888798.34411895,419888798.34411895,0.0,0.0,1357.7
2024-10-16 11:15:00,LONG,419746208.41231406,419186663.0464471,-559545.3658669385,0.0,1357.2
2024-10-16 13:00:00,LONG,419746208.41231406,418626663.04644716,-1119545.3658669067,0.0,1356.4
2024-10-16 13:15:00,LONG,419746208.41231406,417506663.04644704,-2239545.365867002,0.0,1354.8
2024-10-16 13:30:00,LONG,419746208.41231406,418346663.0464471,-1399545.3658669703,0.0,1356.0
2024-10-16 13:45:00,LONG,419746208.41231406,417646663.0464471,-2099545.3658669703,0.0,1355.0
2024-10-16 14:00:00,LONG,419746208.41231406,416456663.04644704,-3289545.365867002,0.0,1353.3
2024-10-16 14:15:00,FLAT,418204283.0464471,418204283.0464471,0.0,0.0,1356.5
2024-10-16 14:30:00,FLAT,418204283.0464471,418204283.0464471,0.0,0.0,1357.9
2024-10-17 09:00:00,FLAT,418204283.0464471,418204283.0464471,0.0,0.0,1358.5
2024-10-17 09:15:00,FLAT,418204283.0464471,418204283.0464471,0.0,0.0,1357.6
2024-10-17 09:30:00,FLAT,418204283.0464471,418204283.0464471,0.0,0.0,1357.0
2024-10-17 09:45:00,FLAT,418204283.0464471,418204283.0464471,0.0,0.0,1356.2
2024-10-17 10:00:00,FLAT,418204283.0464471,418204283.0464471,0.0,0.0,1355.2
2024-10-17 10:15:00,FLAT,418204283.0464471,418204283.0464471,0.0,0.0,1354.6
2024-10-17 10:30:00,FLAT,418204283.0464471,418204283.0464471,0.0,0.0,1354.9
2024-10-17 10:45:00,FLAT,418204283.0464471,418204283.0464471,0.0,0.0,1353.7
2024-10-17 11:00:00,FLAT,418204283.0464471,418204283.0464471,0.0,0.0,1352.2
2024-10-17 11:15:00,FLAT,418204283.0464471,418204283.0464471,0.0,0.0,1347.5
2024-10-17 13:00:00,FLAT,418204283.0464471,418204283.0464471,0.0,0.0,1348.4
2024-10-17 13:15:00,FLAT,418204283.0464471,418204283.0464471,0.0,0.0,1349.7
2024-10-17 13:30:00,FLAT,418204283.0464471,418204283.0464471,0.0,0.0,1353.5
2024-10-17 13:45:00,FLAT,418204283.0464471,418204283.0464471,0.0,0.0,1354.4
2024-10-17 14:00:00,FLAT,418204283.0464471,418204283.0464471,0.0,0.0,1359.5
2024-10-17 14:15:00,FLAT,418204283.0464471,418204283.0464471,0.0,0.0,1358.5
2024-10-17 14:30:00,FLAT,418204283.0464471,418204283.0464471,0.0,0.0,1358.0
2024-10-18 09:00:00,FLAT,418204283.0464471,418204283.0464471,0.0,0.0,1375.7
2024-10-18 09:15:00,FLAT,418204283.0464471,418204283.0464471,0.0,0.0,1374.5
2024-10-18 09:30:00,FLAT,418204283.0464471,418204283.0464471,0.0,0.0,1374.3
2024-10-18 09:45:00,FLAT,418204283.0464471,418204283.0464471,0.0,0.0,1373.7
2024-10-18 10:00:00,FLAT,418204283.0464471,418204283.0464471,0.0,0.0,1373.2
2024-10-18 10:15:00,FLAT,418204283.0464471,418204283.0464471,0.0,0.0,1374.4
2024-10-18 10:30:00,FLAT,418204283.0464471,418204283.0464471,0.0,0.0,1373.1
2024-10-18 10:45:00,FLAT,418204283.0464471,418204283.0464471,0.0,0.0,1369.5
2024-10-18 11:00:00,FLAT,418204283.0464471,418204283.0464471,0.0,0.0,1365.7
2024-10-18 11:15:00,FLAT,418204283.0464471,418204283.0464471,0.0,0.0,1364.9
2024-10-18 13:00:00,FLAT,418204283.0464471,418204283.0464471,0.0,0.0,1367.9
2024-10-18 13:15:00,FLAT,418204283.0464471,418204283.0464471,0.0,0.0,1367.2
2024-10-18 13:30:00,FLAT,418204283.0464471,418204283.0464471,0.0,0.0,1369.6
2024-10-18 13:45:00,FLAT,418204283.0464471,418204283.0464471,0.0,0.0,1369.8
2024-10-18 14:00:00,FLAT,418204283.0464471,418204283.0464471,0.0,0.0,1374.9
2024-10-18 14:15:00,FLAT,415560258.19734585,415560258.19734585,0.0,0.0,1368.2
2024-10-18 14:30:00,FLAT,415560258.19734585,415560258.19734585,0.0,0.0,1368.0
2024-10-21 09:00:00,FLAT,415560258.19734585,415560258.19734585,0.0,0.0,1364.0
2024-10-21 09:15:00,FLAT,415560258.19734585,415560258.19734585,0.0,0.0,1364.2
2024-10-21 09:30:00,FLAT,415560258.19734585,415560258.19734585,0.0,0.0,1366.5
2024-10-21 09:45:00,LONG,415355219.92783123,411933423.1638886,-3421796.763942666,0.0,1363.5
2024-10-21 10:00:00,LONG,415355219.92783123,413833423.16388863,-1521796.763942575,0.0,1365.4
2024-10-21 10:15:00,LONG,415355219.92783123,413333423.16388863,-2021796.763942575,0.0,1364.9
2024-10-21 10:30:00,LONG,415355219.92783123,413833423.16388863,-1521796.763942575,0.0,1365.4
2024-10-21 10:45:00,LONG,415355219.92783123,413133423.16388863,-2221796.7639426207,0.0,1364.7
2024-10-21 11:00:00,LONG,415355219.92783123,414333423.16388863,-1021796.7639425751,0.0,1365.9
2024-10-21 11:15:00,LONG,415355219.92783123,417133423.16388863,1778203.2360573793,0.0,1368.7
2024-10-21 13:00:00,LONG,415355219.92783123,416533423.16388845,1178203.236057243,0.0,1368.1
2024-10-21 13:15:00,LONG,415355219.92783123,415733423.1638885,378203.2360572885,0.0,1367.3
2024-10-21 13:30:00,LONG,415355219.92783123,414533423.16388845,-821796.763942757,0.0,1366.1
2024-10-21 13:45:00,LONG,415355219.92783123,412933423.1638886,-2421796.763942666,0.0,1364.5
2024-10-21 14:00:00,FLAT,410929018.16388863,410929018.16388863,0.0,0.0,1365.2
2024-10-21 14:15:00,FLAT,410929018.16388863,410929018.16388863,0.0,0.0,1363.9
2024-10-21 14:30:00,FLAT,410929018.16388863,410929018.16388863,0.0,0.0,1363.6
2024-10-22 09:00:00,FLAT,410929018.16388863,410929018.16388863,0.0,0.0,1360.2
2024-10-22 09:15:00,FLAT,410929018.16388863,410929018.16388863,0.0,0.0,1361.2
2024-10-22 09:30:00,FLAT,410929018.16388863,410929018.16388863,0.0,0.0,1360.9
2024-10-22 09:45:00,FLAT,410929018.16388863,410929018.16388863,0.0,0.0,1359.8
2024-10-22 10:00:00,FLAT,410929018.16388863,410929018.16388863,0.0,0.0,1360.6
2024-10-22 10:15:00,FLAT,410929018.16388863,410929018.16388863,0.0,0.0,1360.0
2024-10-22 10:30:00,FLAT,410929018.16388863,410929018.16388863,0.0,0.0,1359.5
2024-10-22 10:45:00,FLAT,410929018.16388863,410929018.16388863,0.0,0.0,1360.8
2024-10-22 11:00:00,FLAT,410929018.16388863,410929018.16388863,0.0,0.0,1361.0
2024-10-22 11:15:00,FLAT,410929018.16388863,410929018.16388863,0.0,0.0,1360.7
2024-10-22 13:00:00,FLAT,410929018.16388863,410929018.16388863,0.0,0.0,1359.9
2024-10-22 13:15:00,FLAT,410929018.16388863,410929018.16388863,0.0,0.0,1360.5
2024-10-22 13:30:00,FLAT,410929018.16388863,410929018.16388863,0.0,0.0,1362.3
2024-10-22 13:45:00,FLAT,410929018.16388863,410929018.16388863,0.0,0.0,1362.0
2024-10-22 14:00:00,FLAT,410929018.16388863,410929018.16388863,0.0,0.0,1358.9
2024-10-22 14:15:00,FLAT,410929018.16388863,410929018.16388863,0.0,0.0,1353.2
2024-10-22 14:30:00,FLAT,410929018.16388863,410929018.16388863,0.0,0.0,1353.9
2024-10-23 09:00:00,FLAT,410929018.16388863,410929018.16388863,0.0,0.0,1352.8
2024-10-23 09:15:00,FLAT,410929018.16388863,410929018.16388863,0.0,0.0,1351.1
2024-10-23 09:30:00,FLAT,410929018.16388863,410929018.16388863,0.0,0.0,1352.6
2024-10-23 09:45:00,FLAT,410929018.16388863,410929018.16388863,0.0,0.0,1351.8
2024-10-23 10:00:00,FLAT,410929018.16388863,410929018.16388863,0.0,0.0,1350.7
2024-10-23 10:15:00,FLAT,410929018.16388863,410929018.16388863,0.0,0.0,1348.9
2024-10-23 10:30:00,FLAT,410929018.16388863,410929018.16388863,0.0,0.0,1347.5
2024-10-23 10:45:00,FLAT,410929018.16388863,410929018.16388863,0.0,0.0,1348.4
2024-10-23 11:00:00,FLAT,410929018.16388863,410929018.16388863,0.0,0.0,1348.8
2024-10-23 11:15:00,FLAT,410929018.16388863,410929018.16388863,0.0,0.0,1351.9
2024-10-23 13:00:00,FLAT,410929018.16388863,410929018.16388863,0.0,0.0,1351.5
2024-10-23 13:15:00,FLAT,410929018.16388863,410929018.16388863,0.0,0.0,1351.6
2024-10-23 13:30:00,FLAT,410929018.16388863,410929018.16388863,0.0,0.0,1352.6
2024-10-23 13:45:00,FLAT,410929018.16388863,410929018.16388863,0.0,0.0,1351.8
2024-10-23 14:00:00,FLAT,410929018.16388863,410929018.16388863,0.0,0.0,1351.4
2024-10-23 14:15:00,FLAT,410929018.16388863,410929018.16388863,0.0,0.0,1352.9
2024-10-23 14:30:00,FLAT,410929018.16388863,410929018.16388863,0.0,0.0,1352.6
2024-10-24 09:00:00,FLAT,410929018.16388863,410929018.16388863,0.0,0.0,1352.0
2024-10-24 09:15:00,FLAT,410929018.16388863,410929018.16388863,0.0,0.0,1353.4
2024-10-24 09:30:00,FLAT,410929018.16388863,410929018.16388863,0.0,0.0,1353.8
2024-10-24 09:45:00,FLAT,410929018.16388863,410929018.16388863,0.0,0.0,1352.7
2024-10-24 10:00:00,FLAT,410929018.16388863,410929018.16388863,0.0,0.0,1352.1
2024-10-24 10:15:00,FLAT,410929018.16388863,410929018.16388863,0.0,0.0,1352.2
2024-10-24 10:30:00,FLAT,410929018.16388863,410929018.16388863,0.0,0.0,1350.0
2024-10-24 10:45:00,FLAT,410929018.16388863,410929018.16388863,0.0,0.0,1350.2
2024-10-24 11:00:00,FLAT,410929018.16388863,410929018.16388863,0.0,0.0,1349.3
2024-10-24 11:15:00,FLAT,410929018.16388863,410929018.16388863,0.0,0.0,1349.4
2024-10-24 13:00:00,FLAT,410929018.16388863,410929018.16388863,0.0,0.0,1349.7
2024-10-24 13:15:00,FLAT,410929018.16388863,410929018.16388863,0.0,0.0,1346.3
2024-10-24 13:30:00,FLAT,410929018.16388863,410929018.16388863,0.0,0.0,1345.5
2024-10-24 13:45:00,FLAT,410929018.16388863,410929018.16388863,0.0,0.0,1346.9
2024-10-24 14:00:00,FLAT,410929018.16388863,410929018.16388863,0.0,0.0,1342.0
2024-10-24 14:15:00,FLAT,410929018.16388863,410929018.16388863,0.0,0.0,1337.0
2024-10-24 14:30:00,FLAT,410929018.16388863,410929018.16388863,0.0,0.0,1338.0
2024-10-25 09:00:00,FLAT,410929018.16388863,410929018.16388863,0.0,0.0,1338.4
2024-10-25 09:15:00,FLAT,410929018.16388863,410929018.16388863,0.0,0.0,1337.7
2024-10-25 09:30:00,FLAT,410929018.16388863,410929018.16388863,0.0,0.0,1335.5
2024-10-25 09:45:00,FLAT,410929018.16388863,410929018.16388863,0.0,0.0,1337.8
2024-10-25 10:00:00,FLAT,410929018.16388863,410929018.16388863,0.0,0.0,1337.0
2024-10-25 10:15:00,FLAT,410929018.16388863,410929018.16388863,0.0,0.0,1338.1
2024-10-25 10:30:00,FLAT,410929018.16388863,410929018.16388863,0.0,0.0,1335.7
2024-10-25 10:45:00,FLAT,410929018.16388863,410929018.16388863,0.0,0.0,1333.9
2024-10-25 11:00:00,FLAT,410929018.16388863,410929018.16388863,0.0,0.0,1336.1
2024-10-25 11:15:00,FLAT,410929018.16388863,410929018.16388863,0.0,0.0,1335.9
2024-10-25 13:00:00,FLAT,410929018.16388863,410929018.16388863,0.0,0.0,1335.2
2024-10-25 13:15:00,FLAT,410929018.16388863,410929018.16388863,0.0,0.0,1333.8
2024-10-25 13:30:00,FLAT,410929018.16388863,410929018.16388863,0.0,0.0,1333.6
2024-10-25 13:45:00,FLAT,410929018.16388863,410929018.16388863,0.0,0.0,1334.5
2024-10-25 14:00:00,FLAT,410929018.16388863,410929018.16388863,0.0,0.0,1332.5
2024-10-25 14:15:00,FLAT,410929018.16388863,410929018.16388863,0.0,0.0,1329.4
2024-10-25 14:30:00,FLAT,410929018.16388863,410929018.16388863,0.0,0.0,1328.8
2024-10-28 09:00:00,FLAT,410929018.16388863,410929018.16388863,0.0,0.0,1328.8
2024-10-28 09:15:00,FLAT,410929018.16388863,410929018.16388863,0.0,0.0,1329.2
2024-10-28 09:30:00,FLAT,410929018.16388863,410929018.16388863,0.0,0.0,1328.3
2024-10-28 09:45:00,FLAT,410929018.16388863,410929018.16388863,0.0,0.0,1327.7
2024-10-28 10:00:00,FLAT,410929018.16388863,410929018.16388863,0.0,0.0,1327.6
2024-10-28 10:15:00,FLAT,410929018.16388863,410929018.16388863,0.0,0.0,1327.9
2024-10-28 10:30:00,FLAT,410929018.16388863,410929018.16388863,0.0,0.0,1328.4
2024-10-28 10:45:00,FLAT,410929018.16388863,410929018.16388863,0.0,0.0,1330.1
2024-10-28 11:00:00,FLAT,410929018.16388863,410929018.16388863,0.0,0.0,1330.5
2024-10-28 11:15:00,FLAT,410929018.16388863,410929018.16388863,0.0,0.0,1329.7
2024-10-28 13:00:00,FLAT,410929018.16388863,410929018.16388863,0.0,0.0,1329.7
2024-10-28 13:15:00,FLAT,410929018.16388863,410929018.16388863,0.0,0.0,1332.0
2024-10-28 13:30:00,LONG,410729194.306063,409770142.13514084,-959052.1709221775,0.0,1331.2
2024-10-28 13:45:00,LONG,410729194.306063,408470142.13514084,-2259052.170922132,0.0,1329.9
2024-10-28 14:00:00,FLAT,407470777.13514066,407470777.13514066,0.0,0.0,1330.7
2024-10-28 14:15:00,FLAT,407470777.13514066,407470777.13514066,0.0,0.0,1331.2
2024-10-28 14:30:00,FLAT,407470777.13514066,407470777.13514066,0.0,0.0,1331.5
2024-10-29 09:00:00,FLAT,407470777.13514066,407470777.13514066,0.0,0.0,1335.8
2024-10-29 09:15:00,FLAT,407470777.13514066,407470777.13514066,0.0,0.0,1336.0
2024-10-29 09:30:00,FLAT,407470777.13514066,407470777.13514066,0.0,0.0,1337.3
2024-10-29 09:45:00,LONG,407270161.0731788,407729747.9942429,459586.9210641013,0.0,1337.9
2024-10-29 10:00:00,LONG,407270161.0731788,407729747.9942429,459586.9210641013,0.0,1337.9
2024-10-29 10:15:00,LONG,407270161.0731788,407529747.9942429,259586.9210640558,0.0,1337.7
2024-10-29 10:30:00,LONG,407270161.0731788,409929747.9942427,2659586.9210639196,0.0,1340.1
2024-10-29 10:45:00,LONG,407270161.0731788,407829747.99424285,559586.9210640104,0.0,1338.0
2024-10-29 11:00:00,LONG,407270161.0731788,407529747.9942429,259586.9210640558,0.0,1337.7
2024-10-29 11:15:00,LONG,407270161.0731788,408129747.9942428,859586.9210639648,0.0,1338.3
2024-10-29 13:00:00,LONG,407270161.0731788,407329747.99424285,59586.92106401031,0.0,1337.5
2024-10-29 13:15:00,LONG,407270161.0731788,406229747.9942429,-1040413.0789358987,0.0,1336.4
2024-10-29 13:30:00,FLAT,405453297.9846843,405453297.9846843,0.0,0.0,1335.7
2024-10-29 13:45:00,FLAT,405453297.9846843,405453297.9846843,0.0,0.0,1337.2
2024-10-29 14:00:00,FLAT,405453297.9846843,405453297.9846843,0.0,0.0,1338.5
2024-10-29 14:15:00,FLAT,405453297.9846843,405453297.9846843,0.0,0.0,1338.2
2024-10-29 14:30:00,FLAT,405453297.9846843,405453297.9846843,0.0,0.0,1339.8
2024-10-30 09:00:00,FLAT,405453297.9846843,405453297.9846843,0.0,0.0,1340.9
2024-10-30 09:15:00,FLAT,405453297.9846843,405453297.9846843,0.0,0.0,1341.1
2024-10-30 09:30:00,FLAT,405453297.9846843,405453297.9846843,0.0,0.0,1340.1
2024-10-30 09:45:00,FLAT,405453297.9846843,405453297.9846843,0.0,0.0,1339.7
2024-10-30 10:00:00,FLAT,405453297.9846843,405453297.9846843,0.0,0.0,1338.6
2024-10-30 10:15:00,FLAT,405453297.9846843,405453297.9846843,0.0,0.0,1338.0
2024-10-30 10:30:00,FLAT,405453297.9846843,405453297.9846843,0.0,0.0,1337.3
2024-10-30 10:45:00,FLAT,405453297.9846843,405453297.9846843,0.0,0.0,1336.0
2024-10-30 11:00:00,FLAT,405453297.9846843,405453297.9846843,0.0,0.0,1336.0
2024-10-30 11:15:00,FLAT,405453297.9846843,405453297.9846843,0.0,0.0,1333.8
2024-10-30 13:00:00,FLAT,405453297.9846843,405453297.9846843,0.0,0.0,1335.7
2024-10-30 13:15:00,FLAT,405453297.9846843,405453297.9846843,0.0,0.0,1336.2
2024-10-30 13:30:00,FLAT,405453297.9846843,405453297.9846843,0.0,0.0,1336.3
2024-10-30 13:45:00,FLAT,405453297.9846843,405453297.9846843,0.0,0.0,1335.0
2024-10-30 14:00:00,FLAT,405453297.9846843,405453297.9846843,0.0,0.0,1333.5
2024-10-30 14:15:00,FLAT,405453297.9846843,405453297.9846843,0.0,0.0,1336.0
2024-10-30 14:30:00,FLAT,405453297.9846843,405453297.9846843,0.0,0.0,1338.0
2024-10-31 09:00:00,FLAT,405453297.9846843,405453297.9846843,0.0,0.0,1340.0
2024-10-31 09:15:00,FLAT,405453297.9846843,405453297.9846843,0.0,0.0,1337.4
2024-10-31 09:30:00,FLAT,405453297.9846843,405453297.9846843,0.0,0.0,1337.4
2024-10-31 09:45:00,FLAT,405453297.9846843,405453297.9846843,0.0,0.0,1337.6
2024-10-31 10:00:00,FLAT,405453297.9846843,405453297.9846843,0.0,0.0,1335.6
2024-10-31 10:15:00,FLAT,405453297.9846843,405453297.9846843,0.0,0.0,1336.0
2024-10-31 10:30:00,FLAT,405453297.9846843,405453297.9846843,0.0,0.0,1334.9
2024-10-31 10:45:00,FLAT,405453297.9846843,405453297.9846843,0.0,0.0,1336.0
2024-10-31 11:00:00,FLAT,405453297.9846843,405453297.9846843,0.0,0.0,1337.7
2024-10-31 11:15:00,FLAT,405453297.9846843,405453297.9846843,0.0,0.0,1337.5
2024-10-31 13:00:00,FLAT,405453297.9846843,405453297.9846843,0.0,0.0,1338.7
2024-10-31 13:15:00,FLAT,405453297.9846843,405453297.9846843,0.0,0.0,1339.6
2024-10-31 13:30:00,FLAT,405453297.9846843,405453297.9846843,0.0,0.0,1342.4
2024-10-31 13:45:00,FLAT,405453297.9846843,405453297.9846843,0.0,0.0,1344.3
2024-10-31 14:00:00,FLAT,405453297.9846843,405453297.9846843,0.0,0.0,1345.9
2024-10-31 14:15:00,FLAT,405453297.9846843,405453297.9846843,0.0,0.0,1342.8
2024-10-31 14:30:00,FLAT,405453297.9846843,405453297.9846843,0.0,0.0,1344.0
2024-11-01 09:00:00,FLAT,405453297.9846843,405453297.9846843,0.0,0.0,1337.5
2024-11-01 09:15:00,FLAT,405453297.9846843,405453297.9846843,0.0,0.0,1338.1
2024-11-01 09:30:00,FLAT,405453297.9846843,405453297.9846843,0.0,0.0,1337.5
2024-11-01 09:45:00,FLAT,405453297.9846843,405453297.9846843,0.0,0.0,1338.1
2024-11-01 10:00:00,FLAT,405453297.9846843,405453297.9846843,0.0,0.0,1338.0
2024-11-01 10:15:00,FLAT,405453297.9846843,405453297.9846843,0.0,0.0,1338.8
2024-11-01 10:30:00,FLAT,405453297.9846843,405453297.9846843,0.0,0.0,1337.3
2024-11-01 10:45:00,FLAT,405453297.9846843,405453297.9846843,0.0,0.0,1337.4
2024-11-01 11:00:00,FLAT,405453297.9846843,405453297.9846843,0.0,0.0,1335.5
2024-11-01 11:15:00,FLAT,405453297.9846843,405453297.9846843,0.0,0.0,1337.4
2024-11-01 13:00:00,FLAT,405453297.9846843,405453297.9846843,0.0,0.0,1336.7
2024-11-01 13:15:00,FLAT,405453297.9846843,405453297.9846843,0.0,0.0,1337.6
2024-11-01 13:30:00,FLAT,405453297.9846843,405453297.9846843,0.0,0.0,1333.9
2024-11-01 13:45:00,FLAT,405453297.9846843,405453297.9846843,0.0,0.0,1333.5
2024-11-01 14:00:00,FLAT,405453297.9846843,405453297.9846843,0.0,0.0,1331.0
2024-11-01 14:15:00,FLAT,405453297.9846843,405453297.9846843,0.0,0.0,1329.7
2024-11-01 14:30:00,FLAT,405453297.9846843,405453297.9846843,0.0,0.0,1326.1
2024-11-04 09:00:00,FLAT,405453297.9846843,405453297.9846843,0.0,0.0,1330.8
2024-11-04 09:15:00,FLAT,405453297.9846843,405453297.9846843,0.0,0.0,1329.4
2024-11-04 09:30:00,FLAT,405453297.9846843,405453297.9846843,0.0,0.0,1327.0
2024-11-04 09:45:00,FLAT,405453297.9846843,405453297.9846843,0.0,0.0,1325.2
2024-11-04 10:00:00,FLAT,405453297.9846843,405453297.9846843,0.0,0.0,1323.7
2024-11-04 10:15:00,FLAT,405453297.9846843,405453297.9846843,0.0,0.0,1323.0
2024-11-04 10:30:00,FLAT,405453297.9846843,405453297.9846843,0.0,0.0,1323.1
2024-11-04 10:45:00,FLAT,405453297.9846843,405453297.9846843,0.0,0.0,1322.0
2024-11-04 11:00:00,FLAT,405453297.9846843,405453297.9846843,0.0,0.0,1322.8
2024-11-04 11:15:00,FLAT,405453297.9846843,405453297.9846843,0.0,0.0,1321.0
2024-11-04 13:00:00,FLAT,405453297.9846843,405453297.9846843,0.0,0.0,1322.1
2024-11-04 13:15:00,FLAT,405453297.9846843,405453297.9846843,0.0,0.0,1320.5
2024-11-04 13:30:00,FLAT,405453297.9846843,405453297.9846843,0.0,0.0,1319.8
2024-11-04 13:45:00,FLAT,405453297.9846843,405453297.9846843,0.0,0.0,1321.4
2024-11-04 14:00:00,FLAT,405453297.9846843,405453297.9846843,0.0,0.0,1321.3
2024-11-04 14:15:00,FLAT,405453297.9846843,405453297.9846843,0.0,0.0,1319.8
2024-11-04 14:30:00,FLAT,405453297.9846843,405453297.9846843,0.0,0.0,1319.6
2024-11-05 09:00:00,FLAT,405453297.9846843,405453297.9846843,0.0,0.0,1318.4
2024-11-05 09:15:00,FLAT,405453297.9846843,405453297.9846843,0.0,0.0,1319.0
2024-11-05 09:30:00,FLAT,405453297.9846843,405453297.9846843,0.0,0.0,1319.4
2024-11-05 09:45:00,FLAT,405453297.9846843,405453297.9846843,0.0,0.0,1318.8
2024-11-05 10:00:00,FLAT,405453297.9846843,405453297.9846843,0.0,0.0,1318.6
2024-11-05 10:15:00,FLAT,405453297.9846843,405453297.9846843,0.0,0.0,1318.5
2024-11-05 10:30:00,FLAT,405453297.9846843,405453297.9846843,0.0,0.0,1319.4
2024-11-05 10:45:00,FLAT,405453297.9846843,405453297.9846843,0.0,0.0,1319.1
2024-11-05 11:00:00,FLAT,405453297.9846843,405453297.9846843,0.0,0.0,1318.9
2024-11-05 11:15:00,FLAT,405453297.9846843,405453297.9846843,0.0,0.0,1318.9
2024-11-05 13:00:00,FLAT,405453297.9846843,405453297.9846843,0.0,0.0,1319.9
2024-11-05 13:15:00,FLAT,405453297.9846843,405453297.9846843,0.0,0.0,1322.8
2024-11-05 13:30:00,FLAT,405453297.9846843,405453297.9846843,0.0,0.0,1322.5
2024-11-05 13:45:00,LONG,405255072.5652798,404552276.5353908,-702796.0298889866,0.0,1320.8
2024-11-05 14:00:00,FLAT,402254471.5353909,402254471.5353909,0.0,0.0,1319.5
2024-11-05 14:15:00,FLAT,402254471.5353909,402254471.5353909,0.0,0.0,1320.1
2024-11-05 14:30:00,FLAT,402254471.5353909,402254471.5353909,0.0,0.0,1319.5
2024-11-06 09:00:00,FLAT,402254471.5353909,402254471.5353909,0.0,0.0,1326.7
2024-11-06 09:15:00,FLAT,402254471.5353909,402254471.5353909,0.0,0.0,1326.6
2024-11-06 09:30:00,FLAT,402254471.5353909,402254471.5353909,0.0,0.0,1328.0
2024-11-06 09:45:00,FLAT,402254471.5353909,402254471.5353909,0.0,0.0,1326.4
2024-11-06 10:00:00,FLAT,402254471.5353909,402254471.5353909,0.0,0.0,1326.5
2024-11-06 10:15:00,FLAT,402254471.5353909,402254471.5353909,0.0,0.0,1326.8
2024-11-06 10:30:00,FLAT,402254471.5353909,402254471.5353909,0.0,0.0,1325.5
2024-11-06 10:45:00,FLAT,402254471.5353909,402254471.5353909,0.0,0.0,1326.0
2024-11-06 11:00:00,FLAT,402254471.5353909,402254471.5353909,0.0,0.0,1327.0
2024-11-06 11:15:00,FLAT,402254471.5353909,402254471.5353909,0.0,0.0,1326.8
2024-11-06 13:00:00,FLAT,402254471.5353909,402254471.5353909,0.0,0.0,1328.5
2024-11-06 13:15:00,FLAT,402254471.5353909,402254471.5353909,0.0,0.0,1331.0
2024-11-06 13:30:00,FLAT,402254471.5353909,402254471.5353909,0.0,0.0,1331.5
2024-11-06 13:45:00,LONG,402074665.1308966,405945301.8357832,3870636.7048865333,0.0,1336.2
2024-11-06 14:00:00,FLAT,407920134.5701182,407920134.5701182,0.0,0.0,1339.8
2024-11-06 14:15:00,FLAT,407920134.5701182,407920134.5701182,0.0,0.0,1339.6
2024-11-06 14:30:00,FLAT,407920134.5701182,407920134.5701182,0.0,0.0,1340.5
2024-11-07 09:00:00,FLAT,407920134.5701182,407920134.5701182,0.0,0.0,1343.3
2024-11-07 09:15:00,FLAT,407920134.5701182,407920134.5701182,0.0,0.0,1340.8
2024-11-07 09:30:00,FLAT,407920134.5701182,407920134.5701182,0.0,0.0,1336.4
2024-11-07 09:45:00,FLAT,407920134.5701182,407920134.5701182,0.0,0.0,1337.0
2024-11-07 10:00:00,FLAT,407920134.5701182,407920134.5701182,0.0,0.0,1338.0
2024-11-07 10:15:00,FLAT,407920134.5701182,407920134.5701182,0.0,0.0,1338.6
2024-11-07 10:30:00,FLAT,407920134.5701182,407920134.5701182,0.0,0.0,1339.7
2024-11-07 10:45:00,FLAT,407920134.5701182,407920134.5701182,0.0,0.0,1339.2
2024-11-07 11:00:00,FLAT,407920134.5701182,407920134.5701182,0.0,0.0,1337.6
2024-11-07 11:15:00,FLAT,407920134.5701182,407920134.5701182,0.0,0.0,1338.1
2024-11-07 13:00:00,FLAT,407920134.5701182,407920134.5701182,0.0,0.0,1340.0
2024-11-07 13:15:00,FLAT,407920134.5701182,407920134.5701182,0.0,0.0,1340.4
2024-11-07 13:30:00,FLAT,407920134.5701182,407920134.5701182,0.0,0.0,1337.5
2024-11-07 13:45:00,FLAT,407920134.5701182,407920134.5701182,0.0,0.0,1337.8
2024-11-07 14:00:00,FLAT,407920134.5701182,407920134.5701182,0.0,0.0,1338.2
2024-11-07 14:15:00,FLAT,407920134.5701182,407920134.5701182,0.0,0.0,1334.3
2024-11-07 14:30:00,FLAT,407920134.5701182,407920134.5701182,0.0,0.0,1335.9
2024-11-08 09:00:00,FLAT,407920134.5701182,407920134.5701182,0.0,0.0,1339.5
2024-11-08 09:15:00,FLAT,407920134.5701182,407920134.5701182,0.0,0.0,1339.1
2024-11-08 09:30:00,FLAT,407920134.5701182,407920134.5701182,0.0,0.0,1337.3
2024-11-08 09:45:00,FLAT,407920134.5701182,407920134.5701182,0.0,0.0,1335.6
2024-11-08 10:00:00,FLAT,407920134.5701182,407920134.5701182,0.0,0.0,1335.5
2024-11-08 10:15:00,FLAT,407920134.5701182,407920134.5701182,0.0,0.0,1332.7
2024-11-08 10:30:00,FLAT,407920134.5701182,407920134.5701182,0.0,0.0,1332.3
2024-11-08 10:45:00,FLAT,407920134.5701182,407920134.5701182,0.0,0.0,1331.5
2024-11-08 11:00:00,FLAT,407920134.5701182,407920134.5701182,0.0,0.0,1329.0
2024-11-08 11:15:00,FLAT,407920134.5701182,407920134.5701182,0.0,0.0,1327.2
2024-11-08 13:00:00,FLAT,407920134.5701182,407920134.5701182,0.0,0.0,1327.8
2024-11-08 13:15:00,FLAT,407920134.5701182,407920134.5701182,0.0,0.0,1327.8
2024-11-08 13:30:00,FLAT,407920134.5701182,407920134.5701182,0.0,0.0,1328.7
2024-11-08 13:45:00,FLAT,407920134.5701182,407920134.5701182,0.0,0.0,1323.0
2024-11-08 14:00:00,FLAT,407920134.5701182,407920134.5701182,0.0,0.0,1321.0
2024-11-08 14:15:00,FLAT,407920134.5701182,407920134.5701182,0.0,0.0,1325.0
2024-11-08 14:30:00,FLAT,407920134.5701182,407920134.5701182,0.0,0.0,1325.4
2024-11-11 09:00:00,FLAT,407920134.5701182,407920134.5701182,0.0,0.0,1321.9
2024-11-11 09:15:00,FLAT,407920134.5701182,407920134.5701182,0.0,0.0,1318.6
2024-11-11 09:30:00,FLAT,407920134.5701182,407920134.5701182,0.0,0.0,1319.1
2024-11-11 09:45:00,FLAT,407920134.5701182,407920134.5701182,0.0,0.0,1318.9
2024-11-11 10:00:00,FLAT,407920134.5701182,407920134.5701182,0.0,0.0,1319.0
2024-11-11 10:15:00,FLAT,407920134.5701182,407920134.5701182,0.0,0.0,1313.7
2024-11-11 10:30:00,FLAT,407920134.5701182,407920134.5701182,0.0,0.0,1308.2
2024-11-11 10:45:00,FLAT,407920134.5701182,407920134.5701182,0.0,0.0,1309.6
2024-11-11 11:00:00,FLAT,407920134.5701182,407920134.5701182,0.0,0.0,1309.7
2024-11-11 11:15:00,FLAT,407920134.5701182,407920134.5701182,0.0,0.0,1312.6
2024-11-11 13:00:00,FLAT,407920134.5701182,407920134.5701182,0.0,0.0,1310.7
2024-11-11 13:15:00,FLAT,407920134.5701182,407920134.5701182,0.0,0.0,1307.5
2024-11-11 13:30:00,FLAT,407920134.5701182,407920134.5701182,0.0,0.0,1307.5
2024-11-11 13:45:00,FLAT,407920134.5701182,407920134.5701182,0.0,0.0,1312.4
2024-11-11 14:00:00,FLAT,407920134.5701182,407920134.5701182,0.0,0.0,1314.6
2024-11-11 14:15:00,FLAT,407920134.5701182,407920134.5701182,0.0,0.0,1317.7
2024-11-11 14:30:00,FLAT,407920134.5701182,407920134.5701182,0.0,0.0,1319.2
2024-11-12 09:00:00,FLAT,407920134.5701182,407920134.5701182,0.0,0.0,1320.8
2024-11-12 09:15:00,FLAT,407920134.5701182,407920134.5701182,0.0,0.0,1319.6
2024-11-12 09:30:00,FLAT,407920134.5701182,407920134.5701182,0.0,0.0,1321.5
2024-11-12 09:45:00,FLAT,407920134.5701182,407920134.5701182,0.0,0.0,1319.7
2024-11-12 10:00:00,FLAT,407920134.5701182,407920134.5701182,0.0,0.0,1318.1
2024-11-12 10:15:00,FLAT,407920134.5701182,407920134.5701182,0.0,0.0,1317.0
2024-11-12 10:30:00,FLAT,407920134.5701182,407920134.5701182,0.0,0.0,1317.4
2024-11-12 10:45:00,FLAT,407920134.5701182,407920134.5701182,0.0,0.0,1316.5
2024-11-12 11:00:00,FLAT,407920134.5701182,407920134.5701182,0.0,0.0,1314.5
2024-11-12 11:15:00,FLAT,407920134.5701182,407920134.5701182,0.0,0.0,1311.4
2024-11-12 13:00:00,FLAT,407920134.5701182,407920134.5701182,0.0,0.0,1308.3
2024-11-12 13:15:00,FLAT,407920134.5701182,407920134.5701182,0.0,0.0,1307.5
2024-11-12 13:30:00,FLAT,407920134.5701182,407920134.5701182,0.0,0.0,1304.6
2024-11-12 13:45:00,FLAT,407920134.5701182,407920134.5701182,0.0,0.0,1307.7
2024-11-12 14:00:00,FLAT,407920134.5701182,407920134.5701182,0.0,0.0,1306.2
2024-11-12 14:15:00,FLAT,407920134.5701182,407920134.5701182,0.0,0.0,1308.7
2024-11-12 14:30:00,FLAT,407920134.5701182,407920134.5701182,0.0,0.0,1308.7
2024-11-13 09:00:00,FLAT,407920134.5701182,407920134.5701182,0.0,0.0,1304.5
2024-11-13 09:15:00,FLAT,407920134.5701182,407920134.5701182,0.0,0.0,1306.0
2024-11-13 09:30:00,FLAT,407920134.5701182,407920134.5701182,0.0,0.0,1308.3
2024-11-13 09:45:00,FLAT,407920134.5701182,407920134.5701182,0.0,0.0,1308.9
2024-11-13 10:00:00,LONG,407763064.4970177,405429243.8267939,-2333820.6702237586,0.0,1306.0
2024-11-13 10:15:00,FLAT,403512787.8267939,403512787.8267939,0.0,0.0,1303.1
2024-11-13 10:30:00,FLAT,403512787.8267939,403512787.8267939,0.0,0.0,1303.5
2024-11-13 10:45:00,FLAT,403512787.8267939,403512787.8267939,0.0,0.0,1303.5
2024-11-13 11:00:00,FLAT,403512787.8267939,403512787.8267939,0.0,0.0,1300.9
2024-11-13 11:15:00,FLAT,403512787.8267939,403512787.8267939,0.0,0.0,1300.0
2024-11-13 13:00:00,FLAT,403512787.8267939,403512787.8267939,0.0,0.0,1299.7
2024-11-13 13:15:00,FLAT,403512787.8267939,403512787.8267939,0.0,0.0,1300.7
2024-11-13 13:30:00,FLAT,403512787.8267939,403512787.8267939,0.0,0.0,1302.9
2024-11-13 13:45:00,FLAT,403512787.8267939,403512787.8267939,0.0,0.0,1305.0
2024-11-13 14:00:00,FLAT,403512787.8267939,403512787.8267939,0.0,0.0,1308.3
2024-11-13 14:15:00,FLAT,403512787.8267939,403512787.8267939,0.0,0.0,1313.1
2024-11-13 14:30:00,FLAT,403512787.8267939,403512787.8267939,0.0,0.0,1310.0
2024-11-14 09:00:00,FLAT,403512787.8267939,403512787.8267939,0.0,0.0,1303.3
2024-11-14 09:15:00,FLAT,403512787.8267939,403512787.8267939,0.0,0.0,1303.6
2024-11-14 09:30:00,FLAT,403512787.8267939,403512787.8267939,0.0,0.0,1302.4
2024-11-14 09:45:00,FLAT,403512787.8267939,403512787.8267939,0.0,0.0,1304.5
2024-11-14 10:00:00,FLAT,403512787.8267939,403512787.8267939,0.0,0.0,1308.9
2024-11-14 10:15:00,FLAT,403512787.8267939,403512787.8267939,0.0,0.0,1307.0
2024-11-14 10:30:00,FLAT,403512787.8267939,403512787.8267939,0.0,0.0,1306.2
2024-11-14 10:45:00,FLAT,403512787.8267939,403512787.8267939,0.0,0.0,1303.8
2024-11-14 11:00:00,FLAT,403512787.8267939,403512787.8267939,0.0,0.0,1303.9
2024-11-14 11:15:00,FLAT,403512787.8267939,403512787.8267939,0.0,0.0,1303.9
2024-11-14 13:00:00,FLAT,403512787.8267939,403512787.8267939,0.0,0.0,1305.6
2024-11-14 13:15:00,FLAT,403512787.8267939,403512787.8267939,0.0,0.0,1301.4
2024-11-14 13:30:00,FLAT,403512787.8267939,403512787.8267939,0.0,0.0,1299.8
2024-11-14 13:45:00,FLAT,403512787.8267939,403512787.8267939,0.0,0.0,1299.6
2024-11-14 14:00:00,FLAT,403512787.8267939,403512787.8267939,0.0,0.0,1298.5
2024-11-14 14:15:00,FLAT,403512787.8267939,403512787.8267939,0.0,0.0,1295.1
2024-11-14 14:30:00,FLAT,403512787.8267939,403512787.8267939,0.0,0.0,1295.1
2024-11-15 09:00:00,FLAT,403512787.8267939,403512787.8267939,0.0,0.0,1289.2
2024-11-15 09:15:00,FLAT,403512787.8267939,403512787.8267939,0.0,0.0,1289.3
2024-11-15 09:30:00,FLAT,403512787.8267939,403512787.8267939,0.0,0.0,1287.5
2024-11-15 09:45:00,FLAT,403512787.8267939,403512787.8267939,0.0,0.0,1286.3
2024-11-15 10:00:00,FLAT,403512787.8267939,403512787.8267939,0.0,0.0,1287.2
2024-11-15 10:15:00,FLAT,403512787.8267939,403512787.8267939,0.0,0.0,1286.2
2024-11-15 10:30:00,FLAT,403512787.8267939,403512787.8267939,0.0,0.0,1283.7
2024-11-15 10:45:00,FLAT,403512787.8267939,403512787.8267939,0.0,0.0,1283.3
2024-11-15 11:00:00,FLAT,403512787.8267939,403512787.8267939,0.0,0.0,1280.1
2024-11-15 11:15:00,FLAT,403512787.8267939,403512787.8267939,0.0,0.0,1281.6
2024-11-15 13:00:00,FLAT,403512787.8267939,403512787.8267939,0.0,0.0,1282.9
2024-11-15 13:15:00,FLAT,403512787.8267939,403512787.8267939,0.0,0.0,1284.7
2024-11-15 13:30:00,FLAT,403512787.8267939,403512787.8267939,0.0,0.0,1282.6
2024-11-15 13:45:00,FLAT,403512787.8267939,403512787.8267939,0.0,0.0,1284.8
2024-11-15 14:00:00,FLAT,403512787.8267939,403512787.8267939,0.0,0.0,1281.8
2024-11-15 14:15:00,FLAT,403512787.8267939,403512787.8267939,0.0,0.0,1280.4
2024-11-15 14:30:00,FLAT,403512787.8267939,403512787.8267939,0.0,0.0,1281.0
2024-11-18 09:00:00,FLAT,403512787.8267939,403512787.8267939,0.0,0.0,1274.0
2024-11-18 09:15:00,FLAT,403512787.8267939,403512787.8267939,0.0,0.0,1272.7
2024-11-18 09:30:00,FLAT,403512787.8267939,403512787.8267939,0.0,0.0,1270.1
2024-11-18 09:45:00,FLAT,403512787.8267939,403512787.8267939,0.0,0.0,1270.3
2024-11-18 10:00:00,FLAT,403512787.8267939,403512787.8267939,0.0,0.0,1270.8
2024-11-18 10:15:00,FLAT,403512787.8267939,403512787.8267939,0.0,0.0,1266.6
2024-11-18 10:30:00,FLAT,403512787.8267939,403512787.8267939,0.0,0.0,1265.3
2024-11-18 10:45:00,FLAT,403512787.8267939,403512787.8267939,0.0,0.0,1267.2
2024-11-18 11:00:00,FLAT,403512787.8267939,403512787.8267939,0.0,0.0,1265.0
2024-11-18 11:15:00,FLAT,403512787.8267939,403512787.8267939,0.0,0.0,1262.8
2024-11-18 13:00:00,FLAT,403512787.8267939,403512787.8267939,0.0,0.0,1263.4
2024-11-18 13:15:00,FLAT,403512787.8267939,403512787.8267939,0.0,0.0,1267.2
2024-11-18 13:30:00,LONG,403360749.15312535,403849591.3628095,488842.2096841168,0.0,1267.6
2024-11-18 13:45:00,LONG,403360749.15312535,407129591.3628096,3768842.2096842257,0.0,1271.7
2024-11-18 14:00:00,LONG,403360749.15312535,409289591.3628096,5928842.209684262,0.0,1274.4
2024-11-18 14:15:00,FLAT,411874357.17934066,411874357.17934066,0.0,0.0,1274.5
2024-11-18 14:30:00,FLAT,411874357.17934066,411874357.17934066,0.0,0.0,1275.0
2024-11-19 09:00:00,FLAT,411874357.17934066,411874357.17934066,0.0,0.0,1273.9
2024-11-19 09:15:00,FLAT,411874357.17934066,411874357.17934066,0.0,0.0,1267.9
2024-11-19 09:30:00,FLAT,411874357.17934066,411874357.17934066,0.0,0.0,1267.5
2024-11-19 09:45:00,FLAT,411874357.17934066,411874357.17934066,0.0,0.0,1264.6
2024-11-19 10:00:00,FLAT,411874357.17934066,411874357.17934066,0.0,0.0,1266.9
2024-11-19 10:15:00,FLAT,411874357.17934066,411874357.17934066,0.0,0.0,1265.1
2024-11-19 10:30:00,FLAT,411874357.17934066,411874357.17934066,0.0,0.0,1264.7
2024-11-19 10:45:00,FLAT,411874357.17934066,411874357.17934066,0.0,0.0,1267.4
2024-11-19 11:00:00,FLAT,411874357.17934066,411874357.17934066,0.0,0.0,1267.3
2024-11-19 11:15:00,FLAT,411874357.17934066,411874357.17934066,0.0,0.0,1270.4
2024-11-19 13:00:00,FLAT,411874357.17934066,411874357.17934066,0.0,0.0,1267.8
2024-11-19 13:15:00,FLAT,411874357.17934066,411874357.17934066,0.0,0.0,1270.3
2024-11-19 13:30:00,FLAT,411874357.17934066,411874357.17934066,0.0,0.0,1266.5
2024-11-19 13:45:00,FLAT,411874357.17934066,411874357.17934066,0.0,0.0,1264.7
2024-11-19 14:00:00,FLAT,411874357.17934066,411874357.17934066,0.0,0.0,1269.1
2024-11-19 14:15:00,FLAT,411874357.17934066,411874357.17934066,0.0,0.0,1263.0
2024-11-19 14:30:00,FLAT,411874357.17934066,411874357.17934066,0.0,0.0,1264.0
2024-11-20 09:00:00,FLAT,411874357.17934066,411874357.17934066,0.0,0.0,1257.2
2024-11-20 09:15:00,FLAT,411874357.17934066,411874357.17934066,0.0,0.0,1258.1
2024-11-20 09:30:00,FLAT,411874357.17934066,411874357.17934066,0.0,0.0,1254.8
2024-11-20 09:45:00,FLAT,411874357.17934066,411874357.17934066,0.0,0.0,1258.7
2024-11-20 10:00:00,FLAT,411874357.17934066,411874357.17934066,0.0,0.0,1259.3
2024-11-20 10:15:00,FLAT,411874357.17934066,411874357.17934066,0.0,0.0,1258.9
2024-11-20 10:30:00,FLAT,411874357.17934066,411874357.17934066,0.0,0.0,1268.4
2024-11-20 10:45:00,FLAT,411874357.17934066,411874357.17934066,0.0,0.0,1267.8
2024-11-20 11:00:00,FLAT,411874357.17934066,411874357.17934066,0.0,0.0,1272.0
2024-11-20 11:15:00,FLAT,411874357.17934066,411874357.17934066,0.0,0.0,1272.2
2024-11-20 13:00:00,FLAT,411874357.17934066,411874357.17934066,0.0,0.0,1274.5
2024-11-20 13:15:00,FLAT,411874357.17934066,411874357.17934066,0.0,0.0,1276.6
2024-11-20 13:30:00,FLAT,411874357.17934066,411874357.17934066,0.0,0.0,1277.2
2024-11-20 13:45:00,FLAT,411874357.17934066,411874357.17934066,0.0,0.0,1276.0
2024-11-20 14:00:00,FLAT,411874357.17934066,411874357.17934066,0.0,0.0,1274.3
2024-11-20 14:15:00,FLAT,411874357.17934066,411874357.17934066,0.0,0.0,1267.2
2024-11-20 14:30:00,FLAT,411874357.17934066,411874357.17934066,0.0,0.0,1268.5
2024-11-21 09:00:00,FLAT,411874357.17934066,411874357.17934066,0.0,0.0,1268.4
2024-11-21 09:15:00,FLAT,411874357.17934066,411874357.17934066,0.0,0.0,1268.8
2024-11-21 09:30:00,FLAT,411874357.17934066,411874357.17934066,0.0,0.0,1266.4
2024-11-21 09:45:00,FLAT,411874357.17934066,411874357.17934066,0.0,0.0,1266.7
2024-11-21 10:00:00,FLAT,411874357.17934066,411874357.17934066,0.0,0.0,1265.4
2024-11-21 10:15:00,FLAT,411874357.17934066,411874357.17934066,0.0,0.0,1267.5
2024-11-21 10:30:00,FLAT,411874357.17934066,411874357.17934066,0.0,0.0,1269.2
2024-11-21 10:45:00,FLAT,411874357.17934066,411874357.17934066,0.0,0.0,1269.5
2024-11-21 11:00:00,FLAT,411874357.17934066,411874357.17934066,0.0,0.0,1267.9
2024-11-21 11:15:00,FLAT,411874357.17934066,411874357.17934066,0.0,0.0,1270.0
2024-11-21 13:00:00,FLAT,411874357.17934066,411874357.17934066,0.0,0.0,1273.7
2024-11-21 13:15:00,FLAT,411874357.17934066,411874357.17934066,0.0,0.0,1276.2
2024-11-21 13:30:00,FLAT,411874357.17934066,411874357.17934066,0.0,0.0,1275.0
2024-11-21 13:45:00,FLAT,411874357.17934066,411874357.17934066,0.0,0.0,1276.1
2024-11-21 14:00:00,FLAT,411874357.17934066,411874357.17934066,0.0,0.0,1279.3
2024-11-21 14:15:00,FLAT,411874357.17934066,411874357.17934066,0.0,0.0,1281.1
2024-11-21 14:30:00,FLAT,411874357.17934066,411874357.17934066,0.0,0.0,1281.1
2024-11-22 09:00:00,FLAT,411874357.17934066,411874357.17934066,0.0,0.0,1296.7
2024-11-22 09:15:00,FLAT,411874357.17934066,411874357.17934066,0.0,0.0,1296.5
2024-11-22 09:30:00,FLAT,411874357.17934066,411874357.17934066,0.0,0.0,1296.7
2024-11-22 09:45:00,FLAT,411874357.17934066,411874357.17934066,0.0,0.0,1293.7
2024-11-22 10:00:00,FLAT,411874357.17934066,411874357.17934066,0.0,0.0,1294.9
2024-11-22 10:15:00,FLAT,411874357.17934066,411874357.17934066,0.0,0.0,1292.3
2024-11-22 10:30:00,FLAT,411874357.17934066,411874357.17934066,0.0,0.0,1292.9
2024-11-22 10:45:00,FLAT,411874357.17934066,411874357.17934066,0.0,0.0,1295.7
2024-11-22 11:00:00,FLAT,411874357.17934066,411874357.17934066,0.0,0.0,1296.9
2024-11-22 11:15:00,FLAT,411874357.17934066,411874357.17934066,0.0,0.0,1297.7
2024-11-22 13:00:00,FLAT,411874357.17934066,411874357.17934066,0.0,0.0,1296.8
2024-11-22 13:15:00,FLAT,411874357.17934066,411874357.17934066,0.0,0.0,1299.7
2024-11-22 13:30:00,FLAT,411874357.17934066,411874357.17934066,0.0,0.0,1299.8
2024-11-22 13:45:00,FLAT,411874357.17934066,411874357.17934066,0.0,0.0,1294.7
2024-11-22 14:00:00,FLAT,411874357.17934066,411874357.17934066,0.0,0.0,1295.7
2024-11-22 14:15:00,FLAT,411874357.17934066,411874357.17934066,0.0,0.0,1294.8
2024-11-22 14:30:00,FLAT,411874357.17934066,411874357.17934066,0.0,0.0,1297.0
2024-11-25 09:00:00,FLAT,411874357.17934066,411874357.17934066,0.0,0.0,1297.8
2024-11-25 09:15:00,FLAT,411874357.17934066,411874357.17934066,0.0,0.0,1297.2
2024-11-25 09:30:00,FLAT,411874357.17934066,411874357.17934066,0.0,0.0,1295.9
2024-11-25 09:45:00,FLAT,411874357.17934066,411874357.17934066,0.0,0.0,1294.9
2024-11-25 10:00:00,FLAT,411874357.17934066,411874357.17934066,0.0,0.0,1296.6
2024-11-25 10:15:00,FLAT,411874357.17934066,411874357.17934066,0.0,0.0,1297.7
2024-11-25 10:30:00,FLAT,411874357.17934066,411874357.17934066,0.0,0.0,1298.1
2024-11-25 10:45:00,FLAT,411874357.17934066,411874357.17934066,0.0,0.0,1296.8
2024-11-25 11:00:00,FLAT,411874357.17934066,411874357.17934066,0.0,0.0,1298.9
2024-11-25 11:15:00,FLAT,411874357.17934066,411874357.17934066,0.0,0.0,1297.1
2024-11-25 13:00:00,FLAT,411874357.17934066,411874357.17934066,0.0,0.0,1297.8
2024-11-25 13:15:00,FLAT,411874357.17934066,411874357.17934066,0.0,0.0,1296.0
2024-11-25 13:30:00,FLAT,411874357.17934066,411874357.17934066,0.0,0.0,1297.4
2024-11-25 13:45:00,FLAT,411874357.17934066,411874357.17934066,0.0,0.0,1299.6
2024-11-25 14:00:00,FLAT,411874357.17934066,411874357.17934066,0.0,0.0,1296.7
2024-11-25 14:15:00,FLAT,411874357.17934066,411874357.17934066,0.0,0.0,1296.9
2024-11-25 14:30:00,FLAT,411874357.17934066,411874357.17934066,0.0,0.0,1296.0
2024-11-26 09:00:00,FLAT,411874357.17934066,411874357.17934066,0.0,0.0,1301.3
2024-11-26 09:15:00,FLAT,411874357.17934066,411874357.17934066,0.0,0.0,1305.2
2024-11-26 09:30:00,FLAT,411874357.17934066,411874357.17934066,0.0,0.0,1305.1
2024-11-26 09:45:00,FLAT,411874357.17934066,411874357.17934066,0.0,0.0,1304.5
2024-11-26 10:00:00,FLAT,411874357.17934066,411874357.17934066,0.0,0.0,1308.2
2024-11-26 10:15:00,FLAT,411874357.17934066,411874357.17934066,0.0,0.0,1309.1
2024-11-26 10:30:00,FLAT,411874357.17934066,411874357.17934066,0.0,0.0,1310.8
2024-11-26 10:45:00,FLAT,411874357.17934066,411874357.17934066,0.0,0.0,1309.7
2024-11-26 11:00:00,FLAT,411874357.17934066,411874357.17934066,0.0,0.0,1309.0
2024-11-26 11:15:00,FLAT,411874357.17934066,411874357.17934066,0.0,0.0,1310.3
2024-11-26 13:00:00,FLAT,411874357.17934066,411874357.17934066,0.0,0.0,1309.4
2024-11-26 13:15:00,FLAT,411874357.17934066,411874357.17934066,0.0,0.0,1310.1
2024-11-26 13:30:00,FLAT,411874357.17934066,411874357.17934066,0.0,0.0,1309.0
2024-11-26 13:45:00,FLAT,411874357.17934066,411874357.17934066,0.0,0.0,1307.8
2024-11-26 14:00:00,FLAT,411874357.17934066,411874357.17934066,0.0,0.0,1308.5
2024-11-26 14:15:00,FLAT,411874357.17934066,411874357.17934066,0.0,0.0,1309.1
2024-11-26 14:30:00,FLAT,411874357.17934066,411874357.17934066,0.0,0.0,1310.0
2024-11-27 09:00:00,FLAT,411874357.17934066,411874357.17934066,0.0,0.0,1305.3
2024-11-27 09:15:00,FLAT,411874357.17934066,411874357.17934066,0.0,0.0,1305.8
2024-11-27 09:30:00,FLAT,411874357.17934066,411874357.17934066,0.0,0.0,1307.8
2024-11-27 09:45:00,FLAT,411874357.17934066,411874357.17934066,0.0,0.0,1308.0
2024-11-27 10:00:00,FLAT,411874357.17934066,411874357.17934066,0.0,0.0,1307.7
2024-11-27 10:15:00,FLAT,411874357.17934066,411874357.17934066,0.0,0.0,1306.8
2024-11-27 10:30:00,FLAT,411874357.17934066,411874357.17934066,0.0,0.0,1306.8
2024-11-27 10:45:00,FLAT,411874357.17934066,411874357.17934066,0.0,0.0,1306.3
2024-11-27 11:00:00,FLAT,411874357.17934066,411874357.17934066,0.0,0.0,1306.2
2024-11-27 11:15:00,FLAT,411874357.17934066,411874357.17934066,0.0,0.0,1307.1
2024-11-27 13:00:00,FLAT,411874357.17934066,411874357.17934066,0.0,0.0,1307.2
2024-11-27 13:15:00,FLAT,411874357.17934066,411874357.17934066,0.0,0.0,1308.0
2024-11-27 13:30:00,FLAT,411874357.17934066,411874357.17934066,0.0,0.0,1307.2
2024-11-27 13:45:00,FLAT,411874357.17934066,411874357.17934066,0.0,0.0,1308.1
2024-11-27 14:00:00,FLAT,411874357.17934066,411874357.17934066,0.0,0.0,1307.7
2024-11-27 14:15:00,FLAT,411874357.17934066,411874357.17934066,0.0,0.0,1307.4
2024-11-27 14:30:00,FLAT,411874357.17934066,411874357.17934066,0.0,0.0,1307.8
2024-11-28 09:00:00,FLAT,411874357.17934066,411874357.17934066,0.0,0.0,1316.2
2024-11-28 09:15:00,FLAT,411874357.17934066,411874357.17934066,0.0,0.0,1316.4
2024-11-28 09:30:00,FLAT,411874357.17934066,411874357.17934066,0.0,0.0,1317.6
2024-11-28 09:45:00,FLAT,411874357.17934066,411874357.17934066,0.0,0.0,1316.9
2024-11-28 10:00:00,FLAT,411874357.17934066,411874357.17934066,0.0,0.0,1316.2
2024-11-28 10:15:00,FLAT,411874357.17934066,411874357.17934066,0.0,0.0,1314.8
2024-11-28 10:30:00,FLAT,411874357.17934066,411874357.17934066,0.0,0.0,1312.5
2024-11-28 10:45:00,FLAT,411874357.17934066,411874357.17934066,0.0,0.0,1310.8
2024-11-28 11:00:00,FLAT,411874357.17934066,411874357.17934066,0.0,0.0,1310.5
2024-11-28 11:15:00,FLAT,411874357.17934066,411874357.17934066,0.0,0.0,1310.1
2024-11-28 13:00:00,FLAT,411874357.17934066,411874357.17934066,0.0,0.0,1310.3
2024-11-28 13:15:00,FLAT,411874357.17934066,411874357.17934066,0.0,0.0,1309.6
2024-11-28 13:30:00,FLAT,411874357.17934066,411874357.17934066,0.0,0.0,1310.7
2024-11-28 13:45:00,FLAT,411874357.17934066,411874357.17934066,0.0,0.0,1310.2
2024-11-28 14:00:00,FLAT,411874357.17934066,411874357.17934066,0.0,0.0,1306.3
2024-11-28 14:15:00,FLAT,411874357.17934066,411874357.17934066,0.0,0.0,1307.9
2024-11-28 14:30:00,FLAT,411874357.17934066,411874357.17934066,0.0,0.0,1307.6
2024-11-29 09:00:00,FLAT,411874357.17934066,411874357.17934066,0.0,0.0,1305.7
2024-11-29 09:15:00,FLAT,411874357.17934066,411874357.17934066,0.0,0.0,1305.5
2024-11-29 09:30:00,FLAT,411874357.17934066,411874357.17934066,0.0,0.0,1306.0
2024-11-29 09:45:00,FLAT,411874357.17934066,411874357.17934066,0.0,0.0,1306.6
2024-11-29 10:00:00,FLAT,411874357.17934066,411874357.17934066,0.0,0.0,1305.5
2024-11-29 10:15:00,FLAT,411874357.17934066,411874357.17934066,0.0,0.0,1305.6
2024-11-29 10:30:00,FLAT,411874357.17934066,411874357.17934066,0.0,0.0,1307.0
2024-11-29 10:45:00,FLAT,411874357.17934066,411874357.17934066,0.0,0.0,1307.9
2024-11-29 11:00:00,FLAT,411874357.17934066,411874357.17934066,0.0,0.0,1313.1
2024-11-29 11:15:00,FLAT,411874357.17934066,411874357.17934066,0.0,0.0,1313.9
2024-11-29 13:00:00,FLAT,411874357.17934066,411874357.17934066,0.0,0.0,1312.8
2024-11-29 13:15:00,FLAT,411874357.17934066,411874357.17934066,0.0,0.0,1313.7
2024-11-29 13:30:00,FLAT,411874357.17934066,411874357.17934066,0.0,0.0,1312.3
2024-11-29 13:45:00,FLAT,411874357.17934066,411874357.17934066,0.0,0.0,1317.3
2024-11-29 14:00:00,LONG,411696487.3656505,407777729.4312007,-3918757.9344497863,0.0,1313.2
2024-11-29 14:15:00,FLAT,410839961.4312006,410839961.4312006,0.0,0.0,1317.3
2024-11-29 14:30:00,FLAT,410839961.4312006,410839961.4312006,0.0,0.0,1318.0
2024-12-02 09:00:00,FLAT,410839961.4312006,410839961.4312006,0.0,0.0,1322.8
2024-12-02 09:15:00,FLAT,410839961.4312006,410839961.4312006,0.0,0.0,1322.7
2024-12-02 09:30:00,FLAT,410839961.4312006,410839961.4312006,0.0,0.0,1318.3
2024-12-02 09:45:00,FLAT,410839961.4312006,410839961.4312006,0.0,0.0,1317.3
2024-12-02 10:00:00,FLAT,410839961.4312006,410839961.4312006,0.0,0.0,1316.3
2024-12-02 10:15:00,FLAT,410839961.4312006,410839961.4312006,0.0,0.0,1317.2
2024-12-02 10:30:00,FLAT,410839961.4312006,410839961.4312006,0.0,0.0,1316.6
2024-12-02 10:45:00,FLAT,410839961.4312006,410839961.4312006,0.0,0.0,1315.0
2024-12-02 11:00:00,FLAT,410839961.4312006,410839961.4312006,0.0,0.0,1315.1
2024-12-02 11:15:00,FLAT,410839961.4312006,410839961.4312006,0.0,0.0,1316.1
2024-12-02 13:00:00,FLAT,410839961.4312006,410839961.4312006,0.0,0.0,1314.8
2024-12-02 13:15:00,FLAT,410839961.4312006,410839961.4312006,0.0,0.0,1315.3
2024-12-02 13:30:00,FLAT,410839961.4312006,410839961.4312006,0.0,0.0,1314.3
2024-12-02 13:45:00,FLAT,410839961.4312006,410839961.4312006,0.0,0.0,1311.5
2024-12-02 14:00:00,FLAT,410839961.4312006,410839961.4312006,0.0,0.0,1311.7
2024-12-02 14:15:00,FLAT,410839961.4312006,410839961.4312006,0.0,0.0,1312.4
2024-12-02 14:30:00,FLAT,410839961.4312006,410839961.4312006,0.0,0.0,1312.0
2024-12-03 09:00:00,FLAT,410839961.4312006,410839961.4312006,0.0,0.0,1315.2
2024-12-03 09:15:00,FLAT,410839961.4312006,410839961.4312006,0.0,0.0,1314.8
2024-12-03 09:30:00,FLAT,410839961.4312006,410839961.4312006,0.0,0.0,1310.6
2024-12-03 09:45:00,FLAT,410839961.4312006,410839961.4312006,0.0,0.0,1311.0
2024-12-03 10:00:00,FLAT,410839961.4312006,410839961.4312006,0.0,0.0,1306.0
2024-12-03 10:15:00,FLAT,410839961.4312006,410839961.4312006,0.0,0.0,1307.3
2024-12-03 10:30:00,FLAT,410839961.4312006,410839961.4312006,0.0,0.0,1308.0
2024-12-03 10:45:00,FLAT,410839961.4312006,410839961.4312006,0.0,0.0,1311.4
2024-12-03 11:00:00,FLAT,410839961.4312006,410839961.4312006,0.0,0.0,1313.3
2024-12-03 11:15:00,FLAT,410839961.4312006,410839961.4312006,0.0,0.0,1317.3
2024-12-03 13:00:00,FLAT,410839961.4312006,410839961.4312006,0.0,0.0,1315.8
2024-12-03 13:15:00,FLAT,410839961.4312006,410839961.4312006,0.0,0.0,1316.9
2024-12-03 13:30:00,FLAT,410839961.4312006,410839961.4312006,0.0,0.0,1314.6
2024-12-03 13:45:00,FLAT,410839961.4312006,410839961.4312006,0.0,0.0,1314.0
2024-12-03 14:00:00,FLAT,410839961.4312006,410839961.4312006,0.0,0.0,1314.3
2024-12-03 14:15:00,FLAT,410839961.4312006,410839961.4312006,0.0,0.0,1313.7
2024-12-03 14:30:00,FLAT,410839961.4312006,410839961.4312006,0.0,0.0,1314.0
2024-12-04 09:00:00,FLAT,410839961.4312006,410839961.4312006,0.0,0.0,1307.5
2024-12-04 09:15:00,FLAT,410839961.4312006,410839961.4312006,0.0,0.0,1307.7
2024-12-04 09:30:00,FLAT,410839961.4312006,410839961.4312006,0.0,0.0,1306.7
2024-12-04 09:45:00,FLAT,410839961.4312006,410839961.4312006,0.0,0.0,1308.1
2024-12-04 10:00:00,FLAT,410839961.4312006,410839961.4312006,0.0,0.0,1306.8
2024-12-04 10:15:00,FLAT,410839961.4312006,410839961.4312006,0.0,0.0,1304.3
2024-12-04 10:30:00,FLAT,410839961.4312006,410839961.4312006,0.0,0.0,1305.5
2024-12-04 10:45:00,FLAT,410839961.4312006,410839961.4312006,0.0,0.0,1309.3
2024-12-04 11:00:00,FLAT,410839961.4312006,410839961.4312006,0.0,0.0,1308.6
2024-12-04 11:15:00,FLAT,410839961.4312006,410839961.4312006,0.0,0.0,1309.0
2024-12-04 13:00:00,FLAT,410839961.4312006,410839961.4312006,0.0,0.0,1308.1
2024-12-04 13:15:00,FLAT,410839961.4312006,410839961.4312006,0.0,0.0,1306.4
2024-12-04 13:30:00,FLAT,410839961.4312006,410839961.4312006,0.0,0.0,1308.7
2024-12-04 13:45:00,FLAT,410839961.4312006,410839961.4312006,0.0,0.0,1308.8
2024-12-04 14:00:00,FLAT,410839961.4312006,410839961.4312006,0.0,0.0,1306.7
2024-12-04 14:15:00,FLAT,410839961.4312006,410839961.4312006,0.0,0.0,1305.3
2024-12-04 14:30:00,FLAT,410839961.4312006,410839961.4312006,0.0,0.0,1304.6
2024-12-05 09:00:00,FLAT,410839961.4312006,410839961.4312006,0.0,0.0,1304.6
2024-12-05 09:15:00,FLAT,410839961.4312006,410839961.4312006,0.0,0.0,1305.4
2024-12-05 09:30:00,FLAT,410839961.4312006,410839961.4312006,0.0,0.0,1306.8
2024-12-05 09:45:00,FLAT,410839961.4312006,410839961.4312006,0.0,0.0,1303.7
2024-12-05 10:00:00,FLAT,410839961.4312006,410839961.4312006,0.0,0.0,1305.5
2024-12-05 10:15:00,FLAT,410839961.4312006,410839961.4312006,0.0,0.0,1305.1
2024-12-05 10:30:00,FLAT,410839961.4312006,410839961.4312006,0.0,0.0,1306.2
2024-12-05 10:45:00,FLAT,410839961.4312006,410839961.4312006,0.0,0.0,1309.0
2024-12-05 11:00:00,FLAT,410839961.4312006,410839961.4312006,0.0,0.0,1311.2
2024-12-05 11:15:00,FLAT,410839961.4312006,410839961.4312006,0.0,0.0,1312.7
2024-12-05 13:00:00,FLAT,410839961.4312006,410839961.4312006,0.0,0.0,1316.6
2024-12-05 13:15:00,FLAT,410839961.4312006,410839961.4312006,0.0,0.0,1316.5
2024-12-05 13:30:00,FLAT,410839961.4312006,410839961.4312006,0.0,0.0,1326.2
2024-12-05 13:45:00,FLAT,410839961.4312006,410839961.4312006,0.0,0.0,1339.2
2024-12-05 14:00:00,FLAT,410839961.4312006,410839961.4312006,0.0,0.0,1337.9
2024-12-05 14:15:00,FLAT,410839961.4312006,410839961.4312006,0.0,0.0,1341.6
2024-12-05 14:30:00,FLAT,410839961.4312006,410839961.4312006,0.0,0.0,1341.9
2024-12-06 09:00:00,FLAT,410839961.4312006,410839961.4312006,0.0,0.0,1343.0
2024-12-06 09:15:00,FLAT,410839961.4312006,410839961.4312006,0.0,0.0,1344.1
2024-12-06 09:30:00,FLAT,410839961.4312006,410839961.4312006,0.0,0.0,1342.5
2024-12-06 09:45:00,FLAT,410839961.4312006,410839961.4312006,0.0,0.0,1342.2
2024-12-06 10:00:00,FLAT,410839961.4312006,410839961.4312006,0.0,0.0,1347.6
2024-12-06 10:15:00,FLAT,410839961.4312006,410839961.4312006,0.0,0.0,1345.1
2024-12-06 10:30:00,FLAT,410839961.4312006,410839961.4312006,0.0,0.0,1344.6
2024-12-06 10:45:00,FLAT,410839961.4312006,410839961.4312006,0.0,0.0,1344.3
2024-12-06 11:00:00,FLAT,410839961.4312006,410839961.4312006,0.0,0.0,1344.5
2024-12-06 11:15:00,FLAT,410839961.4312006,410839961.4312006,0.0,0.0,1345.0
2024-12-06 13:00:00,FLAT,410839961.4312006,410839961.4312006,0.0,0.0,1344.9
2024-12-06 13:15:00,FLAT,410839961.4312006,410839961.4312006,0.0,0.0,1345.1
2024-12-06 13:30:00,FLAT,410839961.4312006,410839961.4312006,0.0,0.0,1345.8
2024-12-06 13:45:00,FLAT,410839961.4312006,410839961.4312006,0.0,0.0,1343.3
2024-12-06 14:00:00,FLAT,410839961.4312006,410839961.4312006,0.0,0.0,1344.7
2024-12-06 14:15:00,FLAT,410839961.4312006,410839961.4312006,0.0,0.0,1342.0
2024-12-06 14:30:00,FLAT,410839961.4312006,410839961.4312006,0.0,0.0,1341.5
2024-12-09 09:00:00,FLAT,410839961.4312006,410839961.4312006,0.0,0.0,1338.4
2024-12-09 09:15:00,FLAT,410839961.4312006,410839961.4312006,0.0,0.0,1336.5
2024-12-09 09:30:00,FLAT,410839961.4312006,410839961.4312006,0.0,0.0,1337.4
2024-12-09 09:45:00,FLAT,410839961.4312006,410839961.4312006,0.0,0.0,1339.0
2024-12-09 10:00:00,FLAT,410839961.4312006,410839961.4312006,0.0,0.0,1337.5
2024-12-09 10:15:00,FLAT,410839961.4312006,410839961.4312006,0.0,0.0,1336.5
2024-12-09 10:30:00,FLAT,410839961.4312006,410839961.4312006,0.0,0.0,1337.8
2024-12-09 10:45:00,FLAT,410839961.4312006,410839961.4312006,0.0,0.0,1338.8
2024-12-09 11:00:00,FLAT,410839961.4312006,410839961.4312006,0.0,0.0,1340.3
2024-12-09 11:15:00,FLAT,410839961.4312006,410839961.4312006,0.0,0.0,1340.6
2024-12-09 13:00:00,FLAT,410839961.4312006,410839961.4312006,0.0,0.0,1339.4
2024-12-09 13:15:00,FLAT,410839961.4312006,410839961.4312006,0.0,0.0,1337.6
2024-12-09 13:30:00,FLAT,410839961.4312006,410839961.4312006,0.0,0.0,1338.4
2024-12-09 13:45:00,FLAT,410839961.4312006,410839961.4312006,0.0,0.0,1346.7
2024-12-09 14:00:00,FLAT,410839961.4312006,410839961.4312006,0.0,0.0,1345.7
2024-12-09 14:15:00,FLAT,408516334.92804563,408516334.92804563,0.0,0.0,1341.8
2024-12-09 14:30:00,FLAT,408516334.92804563,408516334.92804563,0.0,0.0,1341.6
2024-12-10 09:00:00,FLAT,408516334.92804563,408516334.92804563,0.0,0.0,1338.2
2024-12-10 09:15:00,FLAT,408516334.92804563,408516334.92804563,0.0,0.0,1343.5
2024-12-10 09:30:00,FLAT,408516334.92804563,408516334.92804563,0.0,0.0,1343.2
2024-12-10 09:45:00,LONG,408355275.5019256,406625768.03515,-1729507.4667756124,0.0,1340.0
2024-12-10 10:00:00,LONG,408355275.5019256,407825768.03515,-529507.4667756126,0.0,1341.5
2024-12-10 10:15:00,LONG,408355275.5019256,408945768.03515005,590492.5332244602,0.0,1342.9
2024-12-10 10:30:00,LONG,408355275.5019256,406385768.03515,-1969507.4667755761,0.0,1339.7
2024-12-10 10:45:00,LONG,408355275.5019256,406545768.03515005,-1809507.4667755398,0.0,1339.9
2024-12-10 11:00:00,LONG,408355275.5019256,407185768.03515,-1169507.4667755761,0.0,1340.7
2024-12-10 11:15:00,LONG,408355275.5019256,408145768.03515005,-209507.4667755398,0.0,1341.9
2024-12-10 13:00:00,LONG,408355275.5019256,407985768.03515,-369507.4667755762,0.0,1341.7
2024-12-10 13:15:00,LONG,408355275.5019256,409665768.03514993,1310492.533224351,0.0,1343.8
2024-12-10 13:30:00,LONG,408355275.5019256,408625768.03515,270492.53322438744,0.0,1342.5
2024-12-10 13:45:00,LONG,408355275.5019256,406225768.03515,-2129507.4667756124,0.0,1339.5
2024-12-10 14:00:00,LONG,408355275.5019256,404945768.03515005,-3409507.46677554,0.0,1337.9
2024-12-10 14:15:00,FLAT,404311314.21097046,404311314.21097046,0.0,0.0,1341.2
2024-12-10 14:30:00,FLAT,404311314.21097046,404311314.21097046,0.0,0.0,1340.5
2024-12-11 09:00:00,FLAT,404311314.21097046,404311314.21097046,0.0,0.0,1342.6
2024-12-11 09:15:00,FLAT,404311314.21097046,404311314.21097046,0.0,0.0,1343.6
2024-12-11 09:30:00,FLAT,404311314.21097046,404311314.21097046,0.0,0.0,1345.4
2024-12-11 09:45:00,FLAT,404311314.21097046,404311314.21097046,0.0,0.0,1347.0
2024-12-11 10:00:00,FLAT,404311314.21097046,404311314.21097046,0.0,0.0,1345.1
2024-12-11 10:15:00,FLAT,404311314.21097046,404311314.21097046,0.0,0.0,1344.3
2024-12-11 10:30:00,FLAT,404311314.21097046,404311314.21097046,0.0,0.0,1343.9
2024-12-11 10:45:00,FLAT,404311314.21097046,404311314.21097046,0.0,0.0,1345.6
2024-12-11 11:00:00,FLAT,404311314.21097046,404311314.21097046,0.0,0.0,1344.6
2024-12-11 11:15:00,FLAT,404311314.21097046,404311314.21097046,0.0,0.0,1343.9
2024-12-11 13:00:00,FLAT,404311314.21097046,404311314.21097046,0.0,0.0,1342.7
2024-12-11 13:15:00,FLAT,404311314.21097046,404311314.21097046,0.0,0.0,1343.3
2024-12-11 13:30:00,FLAT,404311314.21097046,404311314.21097046,0.0,0.0,1342.1
2024-12-11 13:45:00,FLAT,404311314.21097046,404311314.21097046,0.0,0.0,1340.8
2024-12-11 14:00:00,FLAT,404311314.21097046,404311314.21097046,0.0,0.0,1337.8
2024-12-11 14:15:00,FLAT,404311314.21097046,404311314.21097046,0.0,0.0,1338.5
2024-12-11 14:30:00,FLAT,404311314.21097046,404311314.21097046,0.0,0.0,1339.4
2024-12-12 09:00:00,FLAT,404311314.21097046,404311314.21097046,0.0,0.0,1341.4
2024-12-12 09:15:00,FLAT,404311314.21097046,404311314.21097046,0.0,0.0,1343.4
2024-12-12 09:30:00,FLAT,404311314.21097046,404311314.21097046,0.0,0.0,1345.9
2024-12-12 09:45:00,FLAT,404311314.21097046,404311314.21097046,0.0,0.0,1346.5
2024-12-12 10:00:00,FLAT,404311314.21097046,404311314.21097046,0.0,0.0,1345.3
2024-12-12 10:15:00,FLAT,404311314.21097046,404311314.21097046,0.0,0.0,1345.2
2024-12-12 10:30:00,FLAT,404311314.21097046,404311314.21097046,0.0,0.0,1345.8
2024-12-12 10:45:00,FLAT,404311314.21097046,404311314.21097046,0.0,0.0,1349.4
2024-12-12 11:00:00,FLAT,404311314.21097046,404311314.21097046,0.0,0.0,1349.1
2024-12-12 11:15:00,FLAT,404311314.21097046,404311314.21097046,0.0,0.0,1348.7
2024-12-12 13:00:00,FLAT,404311314.21097046,404311314.21097046,0.0,0.0,1349.3
2024-12-12 13:15:00,FLAT,404311314.21097046,404311314.21097046,0.0,0.0,1344.0
2024-12-12 13:30:00,FLAT,404311314.21097046,404311314.21097046,0.0,0.0,1343.7
2024-12-12 13:45:00,FLAT,404311314.21097046,404311314.21097046,0.0,0.0,1341.6
2024-12-12 14:00:00,FLAT,404311314.21097046,404311314.21097046,0.0,0.0,1339.0
2024-12-12 14:15:00,FLAT,404311314.21097046,404311314.21097046,0.0,0.0,1340.2
2024-12-12 14:30:00,FLAT,404311314.21097046,404311314.21097046,0.0,0.0,1342.6
2024-12-13 09:00:00,FLAT,404311314.21097046,404311314.21097046,0.0,0.0,1331.6
2024-12-13 09:15:00,FLAT,404311314.21097046,404311314.21097046,0.0,0.0,1333.0
2024-12-13 09:30:00,FLAT,404311314.21097046,404311314.21097046,0.0,0.0,1335.0
2024-12-13 09:45:00,FLAT,404311314.21097046,404311314.21097046,0.0,0.0,1333.6
2024-12-13 10:00:00,FLAT,404311314.21097046,404311314.21097046,0.0,0.0,1335.2
2024-12-13 10:15:00,FLAT,404311314.21097046,404311314.21097046,0.0,0.0,1338.0
2024-12-13 10:30:00,LONG,404210950.95120317,403522552.50256956,-688398.4486336203,0.0,1336.8
2024-12-13 10:45:00,LONG,404210950.95120317,402922552.5025695,-1288398.448633643,0.0,1335.6
2024-12-13 11:00:00,LONG,404210950.95120317,402472552.5025696,-1738398.4486335749,0.0,1334.7
2024-12-13 11:15:00,LONG,404210950.95120317,403122552.50256956,-1088398.4486335977,0.0,1336.0
2024-12-13 13:00:00,LONG,404210950.95120317,403472552.5025696,-738398.4486335749,0.0,1336.7
2024-12-13 13:15:00,LONG,404210950.95120317,403272552.50256956,-938398.4486336203,0.0,1336.3
2024-12-13 13:30:00,LONG,404210950.95120317,403372552.50256956,-838398.4486335976,0.0,1336.5
2024-12-13 13:45:00,LONG,404210950.95120317,402472552.5025696,-1738398.4486335749,0.0,1334.7
2024-12-13 14:00:00,LONG,404210950.95120317,402872552.50256956,-1338398.4486335977,0.0,1335.5
2024-12-13 14:15:00,FLAT,403022352.50256956,403022352.50256956,0.0,0.0,1336.5
2024-12-13 14:30:00,FLAT,403022352.50256956,403022352.50256956,0.0,0.0,1337.0
2024-12-16 09:00:00,FLAT,403022352.50256956,403022352.50256956,0.0,0.0,1334.8
2024-12-16 09:15:00,FLAT,403022352.50256956,403022352.50256956,0.0,0.0,1335.0
2024-12-16 09:30:00,FLAT,403022352.50256956,403022352.50256956,0.0,0.0,1337.7
2024-12-16 09:45:00,FLAT,403022352.50256956,403022352.50256956,0.0,0.0,1337.0
2024-12-16 10:00:00,FLAT,403022352.50256956,403022352.50256956,0.0,0.0,1335.5
2024-12-16 10:15:00,FLAT,403022352.50256956,403022352.50256956,0.0,0.0,1336.8
2024-12-16 10:30:00,FLAT,403022352.50256956,403022352.50256956,0.0,0.0,1335.7
2024-12-16 10:45:00,FLAT,403022352.50256956,403022352.50256956,0.0,0.0,1335.0
2024-12-16 11:00:00,FLAT,403022352.50256956,403022352.50256956,0.0,0.0,1335.0
2024-12-16 11:15:00,FLAT,403022352.50256956,403022352.50256956,0.0,0.0,1332.9
2024-12-16 13:00:00,FLAT,403022352.50256956,403022352.50256956,0.0,0.0,1333.6
2024-12-16 13:15:00,FLAT,403022352.50256956,403022352.50256956,0.0,0.0,1331.7
2024-12-16 13:30:00,FLAT,403022352.50256956,403022352.50256956,0.0,0.0,1329.7
2024-12-16 13:45:00,FLAT,403022352.50256956,403022352.50256956,0.0,0.0,1329.8
2024-12-16 14:00:00,FLAT,403022352.50256956,403022352.50256956,0.0,0.0,1334.5
2024-12-16 14:15:00,FLAT,403022352.50256956,403022352.50256956,0.0,0.0,1336.0
2024-12-16 14:30:00,FLAT,403022352.50256956,403022352.50256956,0.0,0.0,1335.7
2024-12-17 09:00:00,FLAT,403022352.50256956,403022352.50256956,0.0,0.0,1335.7
2024-12-17 09:15:00,FLAT,403022352.50256956,403022352.50256956,0.0,0.0,1334.0
2024-12-17 09:30:00,FLAT,403022352.50256956,403022352.50256956,0.0,0.0,1331.0
2024-12-17 09:45:00,FLAT,403022352.50256956,403022352.50256956,0.0,0.0,1330.8
2024-12-17 10:00:00,FLAT,403022352.50256956,403022352.50256956,0.0,0.0,1331.2
2024-12-17 10:15:00,FLAT,403022352.50256956,403022352.50256956,0.0,0.0,1331.5
2024-12-17 10:30:00,FLAT,403022352.50256956,403022352.50256956,0.0,0.0,1333.5
2024-12-17 10:45:00,FLAT,403022352.50256956,403022352.50256956,0.0,0.0,1333.4
2024-12-17 11:00:00,FLAT,403022352.50256956,403022352.50256956,0.0,0.0,1331.5
2024-12-17 11:15:00,FLAT,403022352.50256956,403022352.50256956,0.0,0.0,1329.3
2024-12-17 13:00:00,FLAT,403022352.50256956,403022352.50256956,0.0,0.0,1330.1
2024-12-17 13:15:00,FLAT,403022352.50256956,403022352.50256956,0.0,0.0,1331.1
2024-12-17 13:30:00,FLAT,403022352.50256956,403022352.50256956,0.0,0.0,1330.3
2024-12-17 13:45:00,FLAT,403022352.50256956,403022352.50256956,0.0,0.0,1329.3
2024-12-17 14:00:00,FLAT,403022352.50256956,403022352.50256956,0.0,0.0,1330.8
2024-12-17 14:15:00,FLAT,403022352.50256956,403022352.50256956,0.0,0.0,1329.8
2024-12-17 14:30:00,FLAT,403022352.50256956,403022352.50256956,0.0,0.0,1330.5
2024-12-18 09:00:00,FLAT,403022352.50256956,403022352.50256956,0.0,0.0,1330.2
2024-12-18 09:15:00,FLAT,403022352.50256956,403022352.50256956,0.0,0.0,1331.9
2024-12-18 09:30:00,FLAT,403022352.50256956,403022352.50256956,0.0,0.0,1333.9
2024-12-18 09:45:00,LONG,402822428.10248435,402193094.20115,-629333.9013343484,0.0,1332.2
2024-12-18 10:00:00,LONG,402822428.10248435,401993094.20114994,-829333.9013343939,0.0,1332.0
2024-12-18 10:15:00,LONG,402822428.10248435,401893094.20115006,-929333.901334303,0.0,1331.9
2024-12-18 10:30:00,LONG,402822428.10248435,399893094.20115006,-2929333.901334303,0.0,1329.9
2024-12-18 10:45:00,LONG,402822428.10248435,400393094.20115006,-2429333.901334303,0.0,1330.4
2024-12-18 11:00:00,LONG,402822428.10248435,400793094.2011499,-2029333.9013344394,0.0,1330.8
2024-12-18 11:15:00,LONG,402822428.10248435,400293094.2011499,-2529333.9013344394,0.0,1330.3
2024-12-18 13:00:00,LONG,402822428.10248435,400793094.2011499,-2029333.9013344394,0.0,1330.8
2024-12-18 13:15:00,LONG,402822428.10248435,401493094.20114994,-1329333.9013343938,0.0,1331.5
2024-12-18 13:30:00,LONG,402822428.10248435,399793094.2011499,-3029333.9013344394,0.0,1329.8
2024-12-18 13:45:00,LONG,402822428.10248435,400493094.20114994,-2329333.901334394,0.0,1330.5
2024-12-18 14:00:00,LONG,402822428.10248435,400893094.20115006,-1929333.901334303,0.0,1330.9
2024-12-18 14:15:00,FLAT,402393204.2011499,402393204.2011499,0.0,0.0,1333.1
2024-12-18 14:30:00,FLAT,402393204.2011499,402393204.2011499,0.0,0.0,1332.0
2024-12-19 09:00:00,FLAT,402393204.2011499,402393204.2011499,0.0,0.0,1316.4
2024-12-19 09:15:00,FLAT,402393204.2011499,402393204.2011499,0.0,0.0,1319.6
2024-12-19 09:30:00,FLAT,402393204.2011499,402393204.2011499,0.0,0.0,1319.7
2024-12-19 09:45:00,LONG,402254704.1394954,403760959.7762985,1506255.636803121,0.0,1321.2
2024-12-19 10:00:00,LONG,402254704.1394954,402990959.7762984,736255.6368030255,0.0,1320.1
2024-12-19 10:15:00,LONG,402254704.1394954,402570959.77629846,316255.6368030892,0.0,1319.5
2024-12-19 10:30:00,LONG,402254704.1394954,403060959.7762985,806255.636803121,0.0,1320.2
2024-12-19 10:45:00,LONG,402254704.1394954,402080959.7762984,-173744.3631969427,0.0,1318.8
2024-12-19 11:00:00,LONG,402254704.1394954,402920959.77629846,666255.6368030892,0.0,1320.0
2024-12-19 11:15:00,LONG,402254704.1394954,403270959.77629846,1016255.6368030892,0.0,1320.5
2024-12-19 13:00:00,LONG,402254704.1394954,402570959.77629846,316255.6368030892,0.0,1319.5
2024-12-19 13:15:00,LONG,402254704.1394954,402780959.7762984,526255.6368030573,0.0,1319.8
2024-12-19 13:30:00,LONG,402254704.1394954,400610959.7762985,-1643744.363196879,0.0,1316.7
2024-12-19 13:45:00,LONG,402254704.1394954,400890959.7762984,-1363744.3631969746,0.0,1317.1
2024-12-19 14:00:00,LONG,402254704.1394954,401100959.7762985,-1153744.3631968473,0.0,1317.4
2024-12-19 14:15:00,FLAT,399371704.3916717,399371704.3916717,0.0,0.0,1312.6
2024-12-19 14:30:00,FLAT,399371704.3916717,399371704.3916717,0.0,0.0,1312.3
2025-01-02 09:00:00,FLAT,399371704.3916717,399371704.3916717,0.0,0.0,1345.5
2025-01-02 09:15:00,FLAT,399371704.3916717,399371704.3916717,0.0,0.0,1346.0
2025-01-02 09:30:00,FLAT,399371704.3916717,399371704.3916717,0.0,0.0,1350.8
2025-01-02 09:45:00,FLAT,399371704.3916717,399371704.3916717,0.0,0.0,1348.7
2025-01-02 10:00:00,FLAT,399371704.3916717,399371704.3916717,0.0,0.0,1346.9
2025-01-02 10:15:00,FLAT,399371704.3916717,399371704.3916717,0.0,0.0,1345.4
2025-01-02 10:30:00,FLAT,399371704.3916717,399371704.3916717,0.0,0.0,1339.2
2025-01-02 10:45:00,FLAT,399371704.3916717,399371704.3916717,0.0,0.0,1338.0
2025-01-02 11:00:00,FLAT,399371704.3916717,399371704.3916717,0.0,0.0,1339.0
2025-01-02 11:15:00,FLAT,399371704.3916717,399371704.3916717,0.0,0.0,1338.6
2025-01-02 13:00:00,FLAT,399371704.3916717,399371704.3916717,0.0,0.0,1339.8
2025-01-02 13:15:00,FLAT,399371704.3916717,399371704.3916717,0.0,0.0,1341.6
2025-01-02 13:30:00,FLAT,399371704.3916717,399371704.3916717,0.0,0.0,1341.9
2025-01-02 13:45:00,FLAT,399371704.3916717,399371704.3916717,0.0,0.0,1341.5
2025-01-02 14:00:00,FLAT,399371704.3916717,399371704.3916717,0.0,0.0,1343.4
2025-01-02 14:15:00,FLAT,399371704.3916717,399371704.3916717,0.0,0.0,1343.5
2025-01-02 14:30:00,FLAT,399371704.3916717,399371704.3916717,0.0,0.0,1343.1
2025-01-03 09:00:00,FLAT,399371704.3916717,399371704.3916717,0.0,0.0,1343.3
2025-01-03 09:15:00,FLAT,399371704.3916717,399371704.3916717,0.0,0.0,1340.1
2025-01-03 09:30:00,FLAT,399371704.3916717,399371704.3916717,0.0,0.0,1340.7
2025-01-03 09:45:00,FLAT,399371704.3916717,399371704.3916717,0.0,0.0,1340.3
2025-01-03 10:00:00,FLAT,399371704.3916717,399371704.3916717,0.0,0.0,1339.5
2025-01-03 10:15:00,FLAT,399371704.3916717,399371704.3916717,0.0,0.0,1338.2
2025-01-03 10:30:00,FLAT,399371704.3916717,399371704.3916717,0.0,0.0,1340.5
2025-01-03 10:45:00,FLAT,399371704.3916717,399371704.3916717,0.0,0.0,1337.4
2025-01-03 11:00:00,FLAT,399371704.3916717,399371704.3916717,0.0,0.0,1332.9
2025-01-03 11:15:00,FLAT,399371704.3916717,399371704.3916717,0.0,0.0,1331.7
2025-01-03 13:00:00,FLAT,399371704.3916717,399371704.3916717,0.0,0.0,1333.1
2025-01-03 13:15:00,FLAT,399371704.3916717,399371704.3916717,0.0,0.0,1332.0
2025-01-03 13:30:00,FLAT,399371704.3916717,399371704.3916717,0.0,0.0,1329.5
2025-01-03 13:45:00,FLAT,399371704.3916717,399371704.3916717,0.0,0.0,1330.5
2025-01-03 14:00:00,FLAT,399371704.3916717,399371704.3916717,0.0,0.0,1330.7
2025-01-03 14:15:00,FLAT,399371704.3916717,399371704.3916717,0.0,0.0,1326.0
2025-01-03 14:30:00,FLAT,399371704.3916717,399371704.3916717,0.0,0.0,1326.1
2025-01-06 09:00:00,FLAT,399371704.3916717,399371704.3916717,0.0,0.0,1324.5
2025-01-06 09:15:00,FLAT,399371704.3916717,399371704.3916717,0.0,0.0,1324.5
2025-01-06 09:30:00,FLAT,399371704.3916717,399371704.3916717,0.0,0.0,1326.7
2025-01-06 09:45:00,FLAT,399371704.3916717,399371704.3916717,0.0,0.0,1328.7
2025-01-06 10:00:00,FLAT,399371704.3916717,399371704.3916717,0.0,0.0,1328.4
2025-01-06 10:15:00,FLAT,399371704.3916717,399371704.3916717,0.0,0.0,1330.5
2025-01-06 10:30:00,FLAT,399371704.3916717,399371704.3916717,0.0,0.0,1328.4
2025-01-06 10:45:00,FLAT,399371704.3916717,399371704.3916717,0.0,0.0,1327.9
2025-01-06 11:00:00,LONG,399172613.2604978,396398405.43432605,-2774207.8261717325,0.0,1324.5
2025-01-06 11:15:00,LONG,399172613.2604978,397298405.4343262,-1874207.8261716415,0.0,1325.4
2025-01-06 13:00:00,LONG,399172613.2604978,398698405.43432605,-474207.8261717779,0.0,1326.8
2025-01-06 13:15:00,LONG,399172613.2604978,399398405.43432605,225792.17382826755,0.0,1327.5
2025-01-06 13:30:00,LONG,399172613.2604978,397098405.4343261,-2074207.8261716869,0.0,1325.2
2025-01-06 13:45:00,LONG,399172613.2604978,397198405.43432605,-1974207.826171778,0.0,1325.3
2025-01-06 14:00:00,LONG,399172613.2604978,396098405.4343261,-3074207.826171687,0.0,1324.2
2025-01-06 14:15:00,FLAT,394999910.43432605,394999910.43432605,0.0,0.0,1321.2
2025-01-06 14:30:00,FLAT,394999910.43432605,394999910.43432605,0.0,0.0,1321.0
2025-01-07 09:00:00,FLAT,394999910.43432605,394999910.43432605,0.0,0.0,1323.9
2025-01-07 09:15:00,FLAT,394999910.43432605,394999910.43432605,0.0,0.0,1323.3
2025-01-07 09:30:00,FLAT,394999910.43432605,394999910.43432605,0.0,0.0,1324.0
2025-01-07 09:45:00,FLAT,394999910.43432605,394999910.43432605,0.0,0.0,1323.3
2025-01-07 10:00:00,FLAT,394999910.43432605,394999910.43432605,0.0,0.0,1322.2
2025-01-07 10:15:00,FLAT,394999910.43432605,394999910.43432605,0.0,0.0,1322.7
2025-01-07 10:30:00,FLAT,394999910.43432605,394999910.43432605,0.0,0.0,1324.9
2025-01-07 10:45:00,FLAT,394999910.43432605,394999910.43432605,0.0,0.0,1322.9
2025-01-07 11:00:00,FLAT,394999910.43432605,394999910.43432605,0.0,0.0,1324.5
2025-01-07 11:15:00,FLAT,394999910.43432605,394999910.43432605,0.0,0.0,1326.5
2025-01-07 13:00:00,FLAT,394999910.43432605,394999910.43432605,0.0,0.0,1326.5
2025-01-07 13:15:00,FLAT,394999910.43432605,394999910.43432605,0.0,0.0,1326.5
2025-01-07 13:30:00,FLAT,394999910.43432605,394999910.43432605,0.0,0.0,1323.8
2025-01-07 13:45:00,FLAT,394999910.43432605,394999910.43432605,0.0,0.0,1320.6
2025-01-07 14:00:00,FLAT,394999910.43432605,394999910.43432605,0.0,0.0,1319.3
2025-01-07 14:15:00,FLAT,394999910.43432605,394999910.43432605,0.0,0.0,1319.7
2025-01-07 14:30:00,FLAT,394999910.43432605,394999910.43432605,0.0,0.0,1320.0
2025-01-08 09:00:00,FLAT,394999910.43432605,394999910.43432605,0.0,0.0,1315.3
2025-01-08 09:15:00,FLAT,394999910.43432605,394999910.43432605,0.0,0.0,1318.3
2025-01-08 09:30:00,FLAT,394999910.43432605,394999910.43432605,0.0,0.0,1317.3
2025-01-08 09:45:00,FLAT,394999910.43432605,394999910.43432605,0.0,0.0,1315.4
2025-01-08 10:00:00,FLAT,394999910.43432605,394999910.43432605,0.0,0.0,1312.2
2025-01-08 10:15:00,FLAT,394999910.43432605,394999910.43432605,0.0,0.0,1312.7
2025-01-08 10:30:00,FLAT,394999910.43432605,394999910.43432605,0.0,0.0,1315.3
2025-01-08 10:45:00,FLAT,394999910.43432605,394999910.43432605,0.0,0.0,1316.7
2025-01-08 11:00:00,FLAT,394999910.43432605,394999910.43432605,0.0,0.0,1315.5
2025-01-08 11:15:00,FLAT,394999910.43432605,394999910.43432605,0.0,0.0,1315.6
2025-01-08 13:00:00,FLAT,394999910.43432605,394999910.43432605,0.0,0.0,1317.5
2025-01-08 13:15:00,FLAT,394999910.43432605,394999910.43432605,0.0,0.0,1319.8
2025-01-08 13:30:00,LONG,394801953.06499267,394486157.5089254,-315795.55606731446,0.0,1319.4
2025-01-08 13:45:00,LONG,394801953.06499267,395486157.5089254,684204.4439326855,0.0,1320.4
2025-01-08 14:00:00,LONG,394801953.06499267,395386157.5089252,584204.4439325491,0.0,1320.3
2025-01-08 14:15:00,FLAT,394388232.50892526,394388232.50892526,0.0,0.0,1320.0
2025-01-08 14:30:00,FLAT,394388232.50892526,394388232.50892526,0.0,0.0,1320.7
2025-01-09 09:00:00,FLAT,394388232.50892526,394388232.50892526,0.0,0.0,1321.0
2025-01-09 09:15:00,FLAT,394388232.50892526,394388232.50892526,0.0,0.0,1321.0
2025-01-09 09:30:00,FLAT,394388232.50892526,394388232.50892526,0.0,0.0,1320.1
2025-01-09 09:45:00,FLAT,394388232.50892526,394388232.50892526,0.0,0.0,1322.9
2025-01-09 10:00:00,FLAT,394388232.50892526,394388232.50892526,0.0,0.0,1319.9
2025-01-09 10:15:00,FLAT,394388232.50892526,394388232.50892526,0.0,0.0,1316.7
2025-01-09 10:30:00,FLAT,394388232.50892526,394388232.50892526,0.0,0.0,1316.8
2025-01-09 10:45:00,FLAT,394388232.50892526,394388232.50892526,0.0,0.0,1317.5
2025-01-09 11:00:00,FLAT,394388232.50892526,394388232.50892526,0.0,0.0,1315.2
2025-01-09 11:15:00,FLAT,394388232.50892526,394388232.50892526,0.0,0.0,1315.5
2025-01-09 13:00:00,FLAT,394388232.50892526,394388232.50892526,0.0,0.0,1315.8
2025-01-09 13:15:00,FLAT,394388232.50892526,394388232.50892526,0.0,0.0,1316.1
2025-01-09 13:30:00,FLAT,394388232.50892526,394388232.50892526,0.0,0.0,1315.6
2025-01-09 13:45:00,FLAT,394388232.50892526,394388232.50892526,0.0,0.0,1313.5
2025-01-09 14:00:00,FLAT,394388232.50892526,394388232.50892526,0.0,0.0,1313.3
2025-01-09 14:15:00,FLAT,394388232.50892526,394388232.50892526,0.0,0.0,1311.1
2025-01-09 14:30:00,FLAT,394388232.50892526,394388232.50892526,0.0,0.0,1312.0
2025-01-10 09:00:00,FLAT,394388232.50892526,394388232.50892526,0.0,0.0,1315.2
2025-01-10 09:15:00,FLAT,394388232.50892526,394388232.50892526,0.0,0.0,1314.8
2025-01-10 09:30:00,FLAT,394388232.50892526,394388232.50892526,0.0,0.0,1315.7
2025-01-10 09:45:00,FLAT,394388232.50892526,394388232.50892526,0.0,0.0,1315.5
2025-01-10 10:00:00,FLAT,394388232.50892526,394388232.50892526,0.0,0.0,1316.5
2025-01-10 10:15:00,FLAT,394388232.50892526,394388232.50892526,0.0,0.0,1314.7
2025-01-10 10:30:00,FLAT,394388232.50892526,394388232.50892526,0.0,0.0,1314.4
2025-01-10 10:45:00,FLAT,394388232.50892526,394388232.50892526,0.0,0.0,1314.5
2025-01-10 11:00:00,FLAT,394388232.50892526,394388232.50892526,0.0,0.0,1311.8
2025-01-10 11:15:00,FLAT,394388232.50892526,394388232.50892526,0.0,0.0,1310.1
2025-01-10 13:00:00,FLAT,394388232.50892526,394388232.50892526,0.0,0.0,1309.6
2025-01-10 13:15:00,FLAT,394388232.50892526,394388232.50892526,0.0,0.0,1307.5
2025-01-10 13:30:00,FLAT,394388232.50892526,394388232.50892526,0.0,0.0,1306.0
2025-01-10 13:45:00,FLAT,394388232.50892526,394388232.50892526,0.0,0.0,1308.8
2025-01-10 14:00:00,FLAT,394388232.50892526,394388232.50892526,0.0,0.0,1306.4
2025-01-10 14:15:00,FLAT,394388232.50892526,394388232.50892526,0.0,0.0,1295.6
2025-01-10 14:30:00,FLAT,394388232.50892526,394388232.50892526,0.0,0.0,1295.6
2025-01-13 09:00:00,FLAT,394388232.50892526,394388232.50892526,0.0,0.0,1288.1
2025-01-13 09:15:00,FLAT,394388232.50892526,394388232.50892526,0.0,0.0,1290.3
2025-01-13 09:30:00,FLAT,394388232.50892526,394388232.50892526,0.0,0.0,1289.4
2025-01-13 09:45:00,FLAT,394388232.50892526,394388232.50892526,0.0,0.0,1291.3
2025-01-13 10:00:00,FLAT,394388232.50892526,394388232.50892526,0.0,0.0,1291.0
2025-01-13 10:15:00,FLAT,394388232.50892526,394388232.50892526,0.0,0.0,1292.0
2025-01-13 10:30:00,FLAT,394388232.50892526,394388232.50892526,0.0,0.0,1291.2
2025-01-13 10:45:00,FLAT,394388232.50892526,394388232.50892526,0.0,0.0,1289.0
2025-01-13 11:00:00,FLAT,394388232.50892526,394388232.50892526,0.0,0.0,1288.3
2025-01-13 11:15:00,FLAT,394388232.50892526,394388232.50892526,0.0,0.0,1289.4
2025-01-13 13:00:00,FLAT,394388232.50892526,394388232.50892526,0.0,0.0,1291.4
2025-01-13 13:15:00,FLAT,394388232.50892526,394388232.50892526,0.0,0.0,1292.2
2025-01-13 13:30:00,FLAT,394388232.50892526,394388232.50892526,0.0,0.0,1290.8
2025-01-13 13:45:00,FLAT,394388232.50892526,394388232.50892526,0.0,0.0,1295.2
2025-01-13 14:00:00,LONG,394252298.8593793,393617968.55285376,-634330.3065255213,0.0,1293.7
2025-01-13 14:15:00,FLAT,396281710.05285376,396281710.05285376,0.0,0.0,1298.2
2025-01-13 14:30:00,FLAT,396281710.05285376,396281710.05285376,0.0,0.0,1298.7
2025-01-14 09:00:00,FLAT,396281710.05285376,396281710.05285376,0.0,0.0,1296.0
2025-01-14 09:15:00,FLAT,396281710.05285376,396281710.05285376,0.0,0.0,1294.5
2025-01-14 09:30:00,FLAT,396281710.05285376,396281710.05285376,0.0,0.0,1294.8
2025-01-14 09:45:00,FLAT,396281710.05285376,396281710.05285376,0.0,0.0,1294.8
2025-01-14 10:00:00,FLAT,396281710.05285376,396281710.05285376,0.0,0.0,1295.0
2025-01-14 10:15:00,FLAT,396281710.05285376,396281710.05285376,0.0,0.0,1293.4
2025-01-14 10:30:00,FLAT,396281710.05285376,396281710.05285376,0.0,0.0,1293.0
2025-01-14 10:45:00,FLAT,396281710.05285376,396281710.05285376,0.0,0.0,1293.9
2025-01-14 11:00:00,FLAT,396281710.05285376,396281710.05285376,0.0,0.0,1292.5
2025-01-14 11:15:00,FLAT,396281710.05285376,396281710.05285376,0.0,0.0,1292.9
2025-01-14 13:00:00,FLAT,396281710.05285376,396281710.05285376,0.0,0.0,1292.8
2025-01-14 13:15:00,FLAT,396281710.05285376,396281710.05285376,0.0,0.0,1291.0
2025-01-14 13:30:00,FLAT,396281710.05285376,396281710.05285376,0.0,0.0,1287.9
2025-01-14 13:45:00,FLAT,396281710.05285376,396281710.05285376,0.0,0.0,1292.9
2025-01-14 14:00:00,FLAT,396281710.05285376,396281710.05285376,0.0,0.0,1289.1
2025-01-14 14:15:00,FLAT,396281710.05285376,396281710.05285376,0.0,0.0,1290.3
2025-01-14 14:30:00,FLAT,396281710.05285376,396281710.05285376,0.0,0.0,1292.7
2025-01-15 09:00:00,FLAT,396281710.05285376,396281710.05285376,0.0,0.0,1297.8
2025-01-15 09:15:00,FLAT,396281710.05285376,396281710.05285376,0.0,0.0,1296.0
2025-01-15 09:30:00,FLAT,396281710.05285376,396281710.05285376,0.0,0.0,1294.9
2025-01-15 09:45:00,FLAT,396281710.05285376,396281710.05285376,0.0,0.0,1295.0
2025-01-15 10:00:00,FLAT,396281710.05285376,396281710.05285376,0.0,0.0,1293.9
2025-01-15 10:15:00,FLAT,396281710.05285376,396281710.05285376,0.0,0.0,1294.7
2025-01-15 10:30:00,FLAT,396281710.05285376,396281710.05285376,0.0,0.0,1296.2
2025-01-15 10:45:00,FLAT,396281710.05285376,396281710.05285376,0.0,0.0,1299.0
2025-01-15 11:00:00,FLAT,396281710.05285376,396281710.05285376,0.0,0.0,1298.0
2025-01-15 11:15:00,FLAT,396281710.05285376,396281710.05285376,0.0,0.0,1301.0
2025-01-15 13:00:00,FLAT,396281710.05285376,396281710.05285376,0.0,0.0,1300.0
2025-01-15 13:15:00,FLAT,396281710.05285376,396281710.05285376,0.0,0.0,1296.0
2025-01-15 13:30:00,FLAT,396281710.05285376,396281710.05285376,0.0,0.0,1296.4
2025-01-15 13:45:00,FLAT,396281710.05285376,396281710.05285376,0.0,0.0,1295.6
2025-01-15 14:00:00,FLAT,396281710.05285376,396281710.05285376,0.0,0.0,1297.4
2025-01-15 14:15:00,FLAT,396281710.05285376,396281710.05285376,0.0,0.0,1297.1
2025-01-15 14:30:00,FLAT,396281710.05285376,396281710.05285376,0.0,0.0,1297.3
2025-01-16 09:00:00,FLAT,396281710.05285376,396281710.05285376,0.0,0.0,1305.9
2025-01-16 09:15:00,FLAT,396281710.05285376,396281710.05285376,0.0,0.0,1307.4
2025-01-16 09:30:00,FLAT,396281710.05285376,396281710.05285376,0.0,0.0,1305.8
2025-01-16 09:45:00,FLAT,396281710.05285376,396281710.05285376,0.0,0.0,1306.4
2025-01-16 10:00:00,FLAT,396281710.05285376,396281710.05285376,0.0,0.0,1305.7
2025-01-16 10:15:00,FLAT,396281710.05285376,396281710.05285376,0.0,0.0,1305.7
2025-01-16 10:30:00,FLAT,396281710.05285376,396281710.05285376,0.0,0.0,1304.6
2025-01-16 10:45:00,FLAT,396281710.05285376,396281710.05285376,0.0,0.0,1303.4
2025-01-16 11:00:00,FLAT,396281710.05285376,396281710.05285376,0.0,0.0,1303.0
2025-01-16 11:15:00,FLAT,396281710.05285376,396281710.05285376,0.0,0.0,1299.4
2025-01-16 13:00:00,FLAT,396281710.05285376,396281710.05285376,0.0,0.0,1300.6
2025-01-16 13:15:00,FLAT,396281710.05285376,396281710.05285376,0.0,0.0,1300.3
2025-01-16 13:30:00,FLAT,396281710.05285376,396281710.05285376,0.0,0.0,1298.3
2025-01-16 13:45:00,FLAT,396281710.05285376,396281710.05285376,0.0,0.0,1299.0
2025-01-16 14:00:00,FLAT,396281710.05285376,396281710.05285376,0.0,0.0,1299.0
2025-01-16 14:15:00,FLAT,396281710.05285376,396281710.05285376,0.0,0.0,1295.7
2025-01-16 14:30:00,FLAT,396281710.05285376,396281710.05285376,0.0,0.0,1295.0
2025-01-17 09:00:00,FLAT,396281710.05285376,396281710.05285376,0.0,0.0,1311.4
2025-01-17 09:15:00,FLAT,396281710.05285376,396281710.05285376,0.0,0.0,1308.9
2025-01-17 09:30:00,FLAT,396281710.05285376,396281710.05285376,0.0,0.0,1308.8
2025-01-17 09:45:00,FLAT,396281710.05285376,396281710.05285376,0.0,0.0,1308.8
2025-01-17 10:00:00,FLAT,396281710.05285376,396281710.05285376,0.0,0.0,1310.4
2025-01-17 10:15:00,FLAT,396281710.05285376,396281710.05285376,0.0,0.0,1309.0
2025-01-17 10:30:00,FLAT,396281710.05285376,396281710.05285376,0.0,0.0,1308.3
2025-01-17 10:45:00,FLAT,396281710.05285376,396281710.05285376,0.0,0.0,1309.0
2025-01-17 11:00:00,FLAT,396281710.05285376,396281710.05285376,0.0,0.0,1309.7
2025-01-17 11:15:00,FLAT,396281710.05285376,396281710.05285376,0.0,0.0,1310.3
2025-01-17 13:00:00,FLAT,396281710.05285376,396281710.05285376,0.0,0.0,1312.1
2025-01-17 13:15:00,FLAT,396281710.05285376,396281710.05285376,0.0,0.0,1312.6
2025-01-17 13:30:00,FLAT,396281710.05285376,396281710.05285376,0.0,0.0,1312.6
2025-01-17 13:45:00,FLAT,396281710.05285376,396281710.05285376,0.0,0.0,1315.3
2025-01-17 14:00:00,FLAT,396281710.05285376,396281710.05285376,0.0,0.0,1315.9
2025-01-17 14:15:00,FLAT,396281710.05285376,396281710.05285376,0.0,0.0,1319.0
2025-01-17 14:30:00,FLAT,396281710.05285376,396281710.05285376,0.0,0.0,1319.6
2025-01-20 09:00:00,FLAT,396281710.05285376,396281710.05285376,0.0,0.0,1320.8
2025-01-20 09:15:00,FLAT,396281710.05285376,396281710.05285376,0.0,0.0,1320.2
2025-01-20 09:30:00,FLAT,396281710.05285376,396281710.05285376,0.0,0.0,1320.6
2025-01-20 09:45:00,FLAT,396281710.05285376,396281710.05285376,0.0,0.0,1321.7
2025-01-20 10:00:00,FLAT,396281710.05285376,396281710.05285376,0.0,0.0,1324.1
2025-01-20 10:15:00,FLAT,396281710.05285376,396281710.05285376,0.0,0.0,1323.5
2025-01-20 10:30:00,LONG,396122842.05285376,397162842.0528537,1039999.9999999637,0.0,1325.2
2025-01-20 10:45:00,LONG,396122842.05285376,397242842.05285364,1119999.9999998908,0.0,1325.3
2025-01-20 11:00:00,LONG,396122842.05285376,396362842.0528537,239999.99999996362,0.0,1324.2
2025-01-20 11:15:00,LONG,396122842.05285376,395482842.05285364,-640000.0000001455,0.0,1323.1
2025-01-20 13:00:00,LONG,396122842.05285376,395482842.05285364,-640000.0000001455,0.0,1323.1
2025-01-20 13:15:00,LONG,396122842.05285376,394922842.05285376,-1200000.0,0.0,1322.4
2025-01-20 13:30:00,LONG,396122842.05285376,394842842.05285364,-1280000.0000001092,0.0,1322.3
2025-01-20 13:45:00,LONG,396122842.05285376,393802842.0528537,-2320000.0000000726,0.0,1321.0
2025-01-20 14:00:00,LONG,396122842.05285376,394442842.05285364,-1680000.0000001092,0.0,1321.8
2025-01-20 14:15:00,FLAT,396043962.0528537,396043962.0528537,0.0,0.0,1324.5
2025-01-20 14:30:00,FLAT,396043962.0528537,396043962.0528537,0.0,0.0,1325.4
2025-01-21 09:00:00,FLAT,396043962.0528537,396043962.0528537,0.0,0.0,1330.6
2025-01-21 09:15:00,FLAT,396043962.0528537,396043962.0528537,0.0,0.0,1332.4
2025-01-21 09:30:00,FLAT,396043962.0528537,396043962.0528537,0.0,0.0,1330.1
2025-01-21 09:45:00,FLAT,396043962.0528537,396043962.0528537,0.0,0.0,1330.2
2025-01-21 10:00:00,FLAT,396043962.0528537,396043962.0528537,0.0,0.0,1329.4
2025-01-21 10:15:00,FLAT,396043962.0528537,396043962.0528537,0.0,0.0,1327.1
2025-01-21 10:30:00,FLAT,396043962.0528537,396043962.0528537,0.0,0.0,1324.2
2025-01-21 10:45:00,FLAT,396043962.0528537,396043962.0528537,0.0,0.0,1324.7
2025-01-21 11:00:00,FLAT,396043962.0528537,396043962.0528537,0.0,0.0,1324.8
2025-01-21 11:15:00,FLAT,396043962.0528537,396043962.0528537,0.0,0.0,1324.1
2025-01-21 13:00:00,FLAT,396043962.0528537,396043962.0528537,0.0,0.0,1324.1
2025-01-21 13:15:00,FLAT,396043962.0528537,396043962.0528537,0.0,0.0,1323.2
2025-01-21 13:30:00,FLAT,396043962.0528537,396043962.0528537,0.0,0.0,1318.6
2025-01-21 13:45:00,FLAT,396043962.0528537,396043962.0528537,0.0,0.0,1319.3
2025-01-21 14:00:00,FLAT,396043962.0528537,396043962.0528537,0.0,0.0,1318.3
2025-01-21 14:15:00,FLAT,396043962.0528537,396043962.0528537,0.0,0.0,1321.0
2025-01-21 14:30:00,FLAT,396043962.0528537,396043962.0528537,0.0,0.0,1321.9
2025-01-22 09:00:00,FLAT,396043962.0528537,396043962.0528537,0.0,0.0,1327.2
2025-01-22 09:15:00,FLAT,396043962.0528537,396043962.0528537,0.0,0.0,1325.9
2025-01-22 09:30:00,FLAT,396043962.0528537,396043962.0528537,0.0,0.0,1323.8
2025-01-22 09:45:00,FLAT,396043962.0528537,396043962.0528537,0.0,0.0,1322.6
2025-01-22 10:00:00,FLAT,396043962.0528537,396043962.0528537,0.0,0.0,1321.2
2025-01-22 10:15:00,FLAT,396043962.0528537,396043962.0528537,0.0,0.0,1321.9
2025-01-22 10:30:00,FLAT,396043962.0528537,396043962.0528537,0.0,0.0,1327.6
2025-01-22 10:45:00,FLAT,396043962.0528537,396043962.0528537,0.0,0.0,1324.2
2025-01-22 11:00:00,FLAT,396043962.0528537,396043962.0528537,0.0,0.0,1322.6
2025-01-22 11:15:00,FLAT,396043962.0528537,396043962.0528537,0.0,0.0,1322.7
2025-01-22 13:00:00,FLAT,396043962.0528537,396043962.0528537,0.0,0.0,1325.3
2025-01-22 13:15:00,FLAT,396043962.0528537,396043962.0528537,0.0,0.0,1324.5
2025-01-22 13:30:00,FLAT,396043962.0528537,396043962.0528537,0.0,0.0,1323.7
2025-01-22 13:45:00,FLAT,396043962.0528537,396043962.0528537,0.0,0.0,1322.3
2025-01-22 14:00:00,FLAT,396043962.0528537,396043962.0528537,0.0,0.0,1320.6
2025-01-22 14:15:00,FLAT,396043962.0528537,396043962.0528537,0.0,0.0,1321.6
2025-01-22 14:30:00,FLAT,396043962.0528537,396043962.0528537,0.0,0.0,1321.9
2025-01-23 09:00:00,FLAT,396043962.0528537,396043962.0528537,0.0,0.0,1322.8
2025-01-23 09:15:00,FLAT,396043962.0528537,396043962.0528537,0.0,0.0,1325.2
2025-01-23 09:30:00,FLAT,396043962.0528537,396043962.0528537,0.0,0.0,1331.0
2025-01-23 09:45:00,FLAT,396043962.0528537,396043962.0528537,0.0,0.0,1329.8
2025-01-23 10:00:00,FLAT,396043962.0528537,396043962.0528537,0.0,0.0,1329.4
2025-01-23 10:15:00,FLAT,396043962.0528537,396043962.0528537,0.0,0.0,1334.1
2025-01-23 10:30:00,FLAT,396043962.0528537,396043962.0528537,0.0,0.0,1333.3
2025-01-23 10:45:00,FLAT,396043962.0528537,396043962.0528537,0.0,0.0,1333.9
2025-01-23 11:00:00,FLAT,396043962.0528537,396043962.0528537,0.0,0.0,1337.5
2025-01-23 11:15:00,FLAT,396043962.0528537,396043962.0528537,0.0,0.0,1338.0
2025-01-23 13:00:00,FLAT,396043962.0528537,396043962.0528537,0.0,0.0,1336.6
2025-01-23 13:15:00,FLAT,396043962.0528537,396043962.0528537,0.0,0.0,1339.1
2025-01-23 13:30:00,FLAT,396043962.0528537,396043962.0528537,0.0,0.0,1341.1
2025-01-23 13:45:00,LONG,395862915.7158714,396687335.8336813,824420.1178099047,0.0,1342.0
2025-01-23 14:00:00,LONG,395862915.7158714,400197335.8336814,4334420.117809987,0.0,1345.9
2025-01-23 14:15:00,FLAT,396956098.3336813,396956098.3336813,0.0,0.0,1343.0
2025-01-23 14:30:00,FLAT,396956098.3336813,396956098.3336813,0.0,0.0,1342.0
2025-01-24 09:00:00,FLAT,396956098.3336813,396956098.3336813,0.0,0.0,1337.8
2025-01-24 09:15:00,FLAT,396956098.3336813,396956098.3336813,0.0,0.0,1340.2
2025-01-24 09:30:00,FLAT,396956098.3336813,396956098.3336813,0.0,0.0,1341.8
2025-01-24 09:45:00,FLAT,396956098.3336813,396956098.3336813,0.0,0.0,1341.2
2025-01-24 10:00:00,FLAT,396956098.3336813,396956098.3336813,0.0,0.0,1338.4
2025-01-24 10:15:00,FLAT,396956098.3336813,396956098.3336813,0.0,0.0,1339.2
2025-01-24 10:30:00,FLAT,396956098.3336813,396956098.3336813,0.0,0.0,1340.0
2025-01-24 10:45:00,FLAT,396956098.3336813,396956098.3336813,0.0,0.0,1340.0
2025-01-24 11:00:00,FLAT,396956098.3336813,396956098.3336813,0.0,0.0,1339.7
2025-01-24 11:15:00,FLAT,396956098.3336813,396956098.3336813,0.0,0.0,1340.1
2025-01-24 13:00:00,FLAT,396956098.3336813,396956098.3336813,0.0,0.0,1341.2
2025-01-24 13:15:00,FLAT,396956098.3336813,396956098.3336813,0.0,0.0,1343.1
2025-01-24 13:30:00,FLAT,396956098.3336813,396956098.3336813,0.0,0.0,1345.2
2025-01-24 13:45:00,FLAT,396956098.3336813,396956098.3336813,0.0,0.0,1343.3
2025-01-24 14:00:00,LONG,396754583.1622778,397520107.13901603,765523.9767382226,0.0,1344.2
2025-01-24 14:15:00,FLAT,394618882.139016,394618882.139016,0.0,0.0,1342.0
2025-01-24 14:30:00,FLAT,394618882.139016,394618882.139016,0.0,0.0,1345.7
2025-02-03 09:00:00,FLAT,394618882.139016,394618882.139016,0.0,0.0,1325.5
2025-02-03 09:15:00,FLAT,394618882.139016,394618882.139016,0.0,0.0,1325.6
2025-02-03 09:30:00,FLAT,394618882.139016,394618882.139016,0.0,0.0,1323.3
2025-02-03 09:45:00,FLAT,394618882.139016,394618882.139016,0.0,0.0,1319.0
2025-02-03 10:00:00,FLAT,394618882.139016,394618882.139016,0.0,0.0,1314.8
2025-02-03 10:15:00,FLAT,394618882.139016,394618882.139016,0.0,0.0,1317.9
2025-02-03 10:30:00,FLAT,394618882.139016,394618882.139016,0.0,0.0,1318.9
2025-02-03 10:45:00,FLAT,394618882.139016,394618882.139016,0.0,0.0,1321.8
2025-02-03 11:00:00,FLAT,394618882.139016,394618882.139016,0.0,0.0,1320.8
2025-02-03 11:15:00,FLAT,394618882.139016,394618882.139016,0.0,0.0,1322.1
2025-02-03 13:00:00,FLAT,394618882.139016,394618882.139016,0.0,0.0,1321.3
2025-02-03 13:15:00,FLAT,394618882.139016,394618882.139016,0.0,0.0,1319.0
2025-02-03 13:30:00,FLAT,394618882.139016,394618882.139016,0.0,0.0,1319.6
2025-02-03 13:45:00,FLAT,394618882.139016,394618882.139016,0.0,0.0,1315.5
2025-02-03 14:00:00,FLAT,394618882.139016,394618882.139016,0.0,0.0,1315.9
2025-02-03 14:15:00,FLAT,394618882.139016,394618882.139016,0.0,0.0,1316.2
2025-02-03 14:30:00,FLAT,394618882.139016,394618882.139016,0.0,0.0,1316.7
2025-02-04 09:00:00,FLAT,394618882.139016,394618882.139016,0.0,0.0,1324.8
2025-02-04 09:15:00,FLAT,394618882.139016,394618882.139016,0.0,0.0,1323.0
2025-02-04 09:30:00,FLAT,394618882.139016,394618882.139016,0.0,0.0,1323.0
2025-02-04 09:45:00,FLAT,394618882.139016,394618882.139016,0.0,0.0,1323.9
2025-02-04 10:00:00,FLAT,394618882.139016,394618882.139016,0.0,0.0,1323.5
2025-02-04 10:15:00,FLAT,394618882.139016,394618882.139016,0.0,0.0,1323.4
2025-02-04 10:30:00,FLAT,394618882.139016,394618882.139016,0.0,0.0,1322.3
2025-02-04 10:45:00,FLAT,394618882.139016,394618882.139016,0.0,0.0,1322.0
2025-02-04 11:00:00,FLAT,394618882.139016,394618882.139016,0.0,0.0,1325.1
2025-02-04 11:15:00,FLAT,394618882.139016,394618882.139016,0.0,0.0,1327.0
2025-02-04 13:00:00,FLAT,394618882.139016,394618882.139016,0.0,0.0,1328.9
2025-02-04 13:15:00,FLAT,394618882.139016,394618882.139016,0.0,0.0,1328.4
2025-02-04 13:30:00,FLAT,394618882.139016,394618882.139016,0.0,0.0,1328.0
2025-02-04 13:45:00,FLAT,394618882.139016,394618882.139016,0.0,0.0,1328.4
2025-02-04 14:00:00,FLAT,394618882.139016,394618882.139016,0.0,0.0,1328.4
2025-02-04 14:15:00,FLAT,394618882.139016,394618882.139016,0.0,0.0,1328.3
2025-02-04 14:30:00,FLAT,394618882.139016,394618882.139016,0.0,0.0,1328.5
2025-02-05 09:00:00,FLAT,394618882.139016,394618882.139016,0.0,0.0,1333.7
2025-02-05 09:15:00,FLAT,394618882.139016,394618882.139016,0.0,0.0,1334.0
2025-02-05 09:30:00,FLAT,394618882.139016,394618882.139016,0.0,0.0,1334.2
2025-02-05 09:45:00,FLAT,394618882.139016,394618882.139016,0.0,0.0,1334.2
2025-02-05 10:00:00,FLAT,394618882.139016,394618882.139016,0.0,0.0,1337.0
2025-02-05 10:15:00,LONG,394498562.8221642,394029783.81000304,-468779.01216112147,0.0,1336.1
2025-02-05 10:30:00,LONG,394498562.8221642,394029783.81000304,-468779.01216112147,0.0,1336.1
2025-02-05 10:45:00,LONG,394498562.8221642,393429783.81000304,-1068779.0121611215,0.0,1335.1
2025-02-05 11:00:00,LONG,394498562.8221642,391809783.81000316,-2688779.0121610123,0.0,1332.4
2025-02-05 11:15:00,LONG,394498562.8221642,391569783.8100031,-2928779.0121610668,0.0,1332.0
2025-02-05 13:00:00,LONG,394498562.8221642,391629783.81000304,-2868779.0121611217,0.0,1332.1
2025-02-05 13:15:00,LONG,394498562.8221642,390969783.8100031,-3528779.0121610668,0.0,1331.0
2025-02-05 13:30:00,FLAT,390598528.4118956,390598528.4118956,0.0,0.0,1330.6
2025-02-05 13:45:00,FLAT,390598528.4118956,390598528.4118956,0.0,0.0,1334.4
2025-02-05 14:00:00,FLAT,390598528.4118956,390598528.4118956,0.0,0.0,1335.0
2025-02-05 14:15:00,FLAT,390598528.4118956,390598528.4118956,0.0,0.0,1335.1
2025-02-05 14:30:00,FLAT,390598528.4118956,390598528.4118956,0.0,0.0,1335.8
2025-02-06 09:00:00,FLAT,390598528.4118956,390598528.4118956,0.0,0.0,1340.2
2025-02-06 09:15:00,FLAT,390598528.4118956,390598528.4118956,0.0,0.0,1342.5
2025-02-06 09:30:00,LONG,390497836.4513203,389868099.2828738,-629737.1684464678,0.0,1341.3
2025-02-06 09:45:00,LONG,390497836.4513203,391368099.2828738,870262.8315535322,0.0,1344.3
2025-02-06 10:00:00,LONG,390497836.4513203,390268099.2828738,-229737.1684464906,0.0,1342.1
2025-02-06 10:15:00,LONG,390497836.4513203,389368099.2828738,-1129737.168446468,0.0,1340.3
2025-02-06 10:30:00,LONG,390497836.4513203,389468099.28287387,-1029737.1684464451,0.0,1340.5
2025-02-06 10:45:00,LONG,390497836.4513203,389468099.28287387,-1029737.1684464451,0.0,1340.5
2025-02-06 11:00:00,LONG,390497836.4513203,390368099.2828738,-129737.16844646787,0.0,1342.3
2025-02-06 11:15:00,LONG,390497836.4513203,389968099.28287387,-529737.1684464451,0.0,1341.5
2025-02-06 13:00:00,LONG,390497836.4513203,389968099.28287387,-529737.1684464451,0.0,1341.5
2025-02-06 13:15:00,FLAT,388549305.3261348,388549305.3261348,0.0,0.0,1338.8
2025-02-06 13:30:00,FLAT,388549305.3261348,388549305.3261348,0.0,0.0,1339.5
2025-02-06 13:45:00,FLAT,388549305.3261348,388549305.3261348,0.0,0.0,1340.9
2025-02-06 14:00:00,FLAT,388549305.3261348,388549305.3261348,0.0,0.0,1341.5
2025-02-06 14:15:00,FLAT,388549305.3261348,388549305.3261348,0.0,0.0,1339.0
2025-02-06 14:30:00,FLAT,388549305.3261348,388549305.3261348,0.0,0.0,1339.7
2025-02-07 09:00:00,FLAT,388549305.3261348,388549305.3261348,0.0,0.0,1337.0
2025-02-07 09:15:00,FLAT,388549305.3261348,388549305.3261348,0.0,0.0,1337.3
2025-02-07 09:30:00,FLAT,388549305.3261348,388549305.3261348,0.0,0.0,1337.5
2025-02-07 09:45:00,FLAT,388549305.3261348,388549305.3261348,0.0,0.0,1337.5
2025-02-07 10:00:00,FLAT,388549305.3261348,388549305.3261348,0.0,0.0,1338.9
2025-02-07 10:15:00,FLAT,388549305.3261348,388549305.3261348,0.0,0.0,1339.3
2025-02-07 10:30:00,FLAT,388549305.3261348,388549305.3261348,0.0,0.0,1338.0
2025-02-07 10:45:00,FLAT,388549305.3261348,388549305.3261348,0.0,0.0,1340.0
2025-02-07 11:00:00,FLAT,388549305.3261348,388549305.3261348,0.0,0.0,1340.1
2025-02-07 11:15:00,LONG,388368337.0510004,387913169.48860013,-455167.562400311,0.0,1340.0
2025-02-07 13:00:00,LONG,388368337.0510004,386293169.48860013,-2075167.56240027,0.0,1338.2
2025-02-07 13:15:00,LONG,388368337.0510004,389623169.4886002,1254832.437599771,0.0,1341.9
2025-02-07 13:30:00,FLAT,394247464.9994616,394247464.9994616,0.0,0.0,1345.3
2025-02-07 13:45:00,FLAT,394247464.9994616,394247464.9994616,0.0,0.0,1344.8
2025-02-07 14:00:00,FLAT,394247464.9994616,394247464.9994616,0.0,0.0,1343.4
2025-02-07 14:15:00,FLAT,394247464.9994616,394247464.9994616,0.0,0.0,1343.3
2025-02-07 14:30:00,FLAT,394247464.9994616,394247464.9994616,0.0,0.0,1342.6
2025-02-10 09:00:00,FLAT,394247464.9994616,394247464.9994616,0.0,0.0,1332.0
2025-02-10 09:15:00,FLAT,394247464.9994616,394247464.9994616,0.0,0.0,1333.3
2025-02-10 09:30:00,FLAT,394247464.9994616,394247464.9994616,0.0,0.0,1327.0
2025-02-10 09:45:00,FLAT,394247464.9994616,394247464.9994616,0.0,0.0,1327.8
2025-02-10 10:00:00,FLAT,394247464.9994616,394247464.9994616,0.0,0.0,1332.3
2025-02-10 10:15:00,FLAT,394247464.9994616,394247464.9994616,0.0,0.0,1332.4
2025-02-10 10:30:00,FLAT,394247464.9994616,394247464.9994616,0.0,0.0,1332.6
2025-02-10 10:45:00,FLAT,394247464.9994616,394247464.9994616,0.0,0.0,1332.5
2025-02-10 11:00:00,FLAT,394247464.9994616,394247464.9994616,0.0,0.0,1332.9
2025-02-10 11:15:00,FLAT,394247464.9994616,394247464.9994616,0.0,0.0,1333.1
2025-02-10 13:00:00,FLAT,394247464.9994616,394247464.9994616,0.0,0.0,1335.1
2025-02-10 13:15:00,FLAT,394247464.9994616,394247464.9994616,0.0,0.0,1335.6
2025-02-10 13:30:00,FLAT,394247464.9994616,394247464.9994616,0.0,0.0,1335.0
2025-02-10 13:45:00,FLAT,394247464.9994616,394247464.9994616,0.0,0.0,1332.7
2025-02-10 14:00:00,FLAT,394247464.9994616,394247464.9994616,0.0,0.0,1333.8
2025-02-10 14:15:00,FLAT,394247464.9994616,394247464.9994616,0.0,0.0,1330.0
2025-02-10 14:30:00,FLAT,394247464.9994616,394247464.9994616,0.0,0.0,1330.5
2025-02-11 09:00:00,FLAT,394247464.9994616,394247464.9994616,0.0,0.0,1332.5
2025-02-11 09:15:00,FLAT,394247464.9994616,394247464.9994616,0.0,0.0,1332.9
2025-02-11 09:30:00,FLAT,394247464.9994616,394247464.9994616,0.0,0.0,1330.7
2025-02-11 09:45:00,FLAT,394247464.9994616,394247464.9994616,0.0,0.0,1328.9
2025-02-11 10:00:00,FLAT,394247464.9994616,394247464.9994616,0.0,0.0,1329.5
2025-02-11 10:15:00,FLAT,394247464.9994616,394247464.9994616,0.0,0.0,1330.5
2025-02-11 10:30:00,FLAT,394247464.9994616,394247464.9994616,0.0,0.0,1330.5
2025-02-11 10:45:00,FLAT,394247464.9994616,394247464.9994616,0.0,0.0,1330.7
2025-02-11 11:00:00,FLAT,394247464.9994616,394247464.9994616,0.0,0.0,1330.1
2025-02-11 11:15:00,FLAT,394247464.9994616,394247464.9994616,0.0,0.0,1330.7
2025-02-11 13:00:00,FLAT,394247464.9994616,394247464.9994616,0.0,0.0,1331.3
2025-02-11 13:15:00,FLAT,394247464.9994616,394247464.9994616,0.0,0.0,1332.5
2025-02-11 13:30:00,FLAT,394247464.9994616,394247464.9994616,0.0,0.0,1331.7
2025-02-11 13:45:00,FLAT,394247464.9994616,394247464.9994616,0.0,0.0,1332.3
2025-02-11 14:00:00,FLAT,394247464.9994616,394247464.9994616,0.0,0.0,1330.0
2025-02-11 14:15:00,FLAT,394247464.9994616,394247464.9994616,0.0,0.0,1332.3
2025-02-11 14:30:00,FLAT,394247464.9994616,394247464.9994616,0.0,0.0,1332.4
2025-02-12 09:00:00,FLAT,394247464.9994616,394247464.9994616,0.0,0.0,1340.7
2025-02-12 09:15:00,FLAT,394247464.9994616,394247464.9994616,0.0,0.0,1339.4
2025-02-12 09:30:00,FLAT,394247464.9994616,394247464.9994616,0.0,0.0,1338.5
2025-02-12 09:45:00,FLAT,394247464.9994616,394247464.9994616,0.0,0.0,1339.7
2025-02-12 10:00:00,FLAT,394247464.9994616,394247464.9994616,0.0,0.0,1340.4
2025-02-12 10:15:00,FLAT,394247464.9994616,394247464.9994616,0.0,0.0,1339.2
2025-02-12 10:30:00,FLAT,394247464.9994616,394247464.9994616,0.0,0.0,1339.6
2025-02-12 10:45:00,FLAT,394247464.9994616,394247464.9994616,0.0,0.0,1339.9
2025-02-12 11:00:00,FLAT,394247464.9994616,394247464.9994616,0.0,0.0,1338.8
2025-02-12 11:15:00,FLAT,394247464.9994616,394247464.9994616,0.0,0.0,1339.6
2025-02-12 13:00:00,FLAT,394247464.9994616,394247464.9994616,0.0,0.0,1338.7
2025-02-12 13:15:00,FLAT,394247464.9994616,394247464.9994616,0.0,0.0,1339.9
2025-02-12 13:30:00,FLAT,394247464.9994616,394247464.9994616,0.0,0.0,1339.3
2025-02-12 13:45:00,FLAT,394247464.9994616,394247464.9994616,0.0,0.0,1337.0
2025-02-12 14:00:00,FLAT,394247464.9994616,394247464.9994616,0.0,0.0,1337.0
2025-02-12 14:15:00,FLAT,394247464.9994616,394247464.9994616,0.0,0.0,1332.8
2025-02-12 14:30:00,FLAT,394247464.9994616,394247464.9994616,0.0,0.0,1332.1
2025-02-13 09:00:00,FLAT,394247464.9994616,394247464.9994616,0.0,0.0,1330.8
2025-02-13 09:15:00,FLAT,394247464.9994616,394247464.9994616,0.0,0.0,1329.6
2025-02-13 09:30:00,FLAT,394247464.9994616,394247464.9994616,0.0,0.0,1329.8
2025-02-13 09:45:00,FLAT,394247464.9994616,394247464.9994616,0.0,0.0,1330.8
2025-02-13 10:00:00,FLAT,394247464.9994616,394247464.9994616,0.0,0.0,1327.9
2025-02-13 10:15:00,FLAT,394247464.9994616,394247464.9994616,0.0,0.0,1327.0
2025-02-13 10:30:00,FLAT,394247464.9994616,394247464.9994616,0.0,0.0,1329.6
2025-02-13 10:45:00,FLAT,394247464.9994616,394247464.9994616,0.0,0.0,1330.5
2025-02-13 11:00:00,FLAT,394247464.9994616,394247464.9994616,0.0,0.0,1333.3
2025-02-13 11:15:00,LONG,394047431.3595509,393289831.95489436,-757599.4046565029,0.0,1332.8
2025-02-13 13:00:00,LONG,394047431.3595509,393989831.9548944,-57599.40465645741,0.0,1333.5
2025-02-13 13:15:00,LONG,394047431.3595509,396889831.95489454,2842400.5953436336,0.0,1336.4
2025-02-13 13:30:00,LONG,394047431.3595509,397689831.9548945,3642400.595343588,0.0,1337.2
2025-02-13 13:45:00,LONG,394047431.3595509,396589831.95489436,2542400.5953434515,0.0,1336.1
2025-02-13 14:00:00,LONG,394047431.3595509,394289831.95489436,242400.59534349712,0.0,1333.8
2025-02-13 14:15:00,FLAT,396589386.95489436,396589386.95489436,0.0,0.0,1336.8
2025-02-13 14:30:00,FLAT,396589386.95489436,396589386.95489436,0.0,0.0,1338.9
2025-02-14 09:00:00,FLAT,396589386.95489436,396589386.95489436,0.0,0.0,1347.5
2025-02-14 09:15:00,FLAT,396589386.95489436,396589386.95489436,0.0,0.0,1347.0
2025-02-14 09:30:00,FLAT,396589386.95489436,396589386.95489436,0.0,0.0,1347.1
2025-02-14 09:45:00,FLAT,396589386.95489436,396589386.95489436,0.0,0.0,1346.3
2025-02-14 10:00:00,FLAT,396589386.95489436,396589386.95489436,0.0,0.0,1345.2
2025-02-14 10:15:00,FLAT,396589386.95489436,396589386.95489436,0.0,0.0,1346.6
2025-02-14 10:30:00,FLAT,396589386.95489436,396589386.95489436,0.0,0.0,1347.6
2025-02-14 10:45:00,FLAT,396589386.95489436,396589386.95489436,0.0,0.0,1349.1
2025-02-14 11:00:00,FLAT,396589386.95489436,396589386.95489436,0.0,0.0,1347.6
2025-02-14 11:15:00,FLAT,396589386.95489436,396589386.95489436,0.0,0.0,1346.6
2025-02-14 13:00:00,FLAT,396589386.95489436,396589386.95489436,0.0,0.0,1345.7
2025-02-14 13:15:00,FLAT,396589386.95489436,396589386.95489436,0.0,0.0,1343.6
2025-02-14 13:30:00,FLAT,396589386.95489436,396589386.95489436,0.0,0.0,1343.0
2025-02-14 13:45:00,FLAT,396589386.95489436,396589386.95489436,0.0,0.0,1343.1
2025-02-14 14:00:00,FLAT,396589386.95489436,396589386.95489436,0.0,0.0,1343.0
2025-02-14 14:15:00,FLAT,396589386.95489436,396589386.95489436,0.0,0.0,1342.5
2025-02-14 14:30:00,FLAT,396589386.95489436,396589386.95489436,0.0,0.0,1342.0
2025-02-17 09:00:00,FLAT,396589386.95489436,396589386.95489436,0.0,0.0,1340.7
2025-02-17 09:15:00,FLAT,396589386.95489436,396589386.95489436,0.0,0.0,1340.4
2025-02-17 09:30:00,FLAT,396589386.95489436,396589386.95489436,0.0,0.0,1339.3
2025-02-17 09:45:00,FLAT,396589386.95489436,396589386.95489436,0.0,0.0,1338.8
2025-02-17 10:00:00,FLAT,396589386.95489436,396589386.95489436,0.0,0.0,1340.0
2025-02-17 10:15:00,FLAT,396589386.95489436,396589386.95489436,0.0,0.0,1340.0
2025-02-17 10:30:00,FLAT,396589386.95489436,396589386.95489436,0.0,0.0,1339.8
2025-02-17 10:45:00,FLAT,396589386.95489436,396589386.95489436,0.0,0.0,1340.4
2025-02-17 11:00:00,FLAT,396589386.95489436,396589386.95489436,0.0,0.0,1341.5
2025-02-17 11:15:00,FLAT,396589386.95489436,396589386.95489436,0.0,0.0,1341.3
2025-02-17 13:00:00,FLAT,396589386.95489436,396589386.95489436,0.0,0.0,1341.6
2025-02-17 13:15:00,FLAT,396589386.95489436,396589386.95489436,0.0,0.0,1340.3
2025-02-17 13:30:00,FLAT,396589386.95489436,396589386.95489436,0.0,0.0,1341.3
2025-02-17 13:45:00,FLAT,396589386.95489436,396589386.95489436,0.0,0.0,1340.8
2025-02-17 14:00:00,FLAT,396589386.95489436,396589386.95489436,0.0,0.0,1340.0
2025-02-17 14:15:00,FLAT,396589386.95489436,396589386.95489436,0.0,0.0,1336.0
2025-02-17 14:30:00,FLAT,396589386.95489436,396589386.95489436,0.0,0.0,1335.7
2025-02-18 09:00:00,FLAT,396589386.95489436,396589386.95489436,0.0,0.0,1333.1
2025-02-18 09:15:00,FLAT,396589386.95489436,396589386.95489436,0.0,0.0,1335.2
2025-02-18 09:30:00,FLAT,396589386.95489436,396589386.95489436,0.0,0.0,1336.0
2025-02-18 09:45:00,FLAT,396589386.95489436,396589386.95489436,0.0,0.0,1336.6
2025-02-18 10:00:00,FLAT,396589386.95489436,396589386.95489436,0.0,0.0,1338.3
2025-02-18 10:15:00,FLAT,396589386.95489436,396589386.95489436,0.0,0.0,1344.8
2025-02-18 10:30:00,FLAT,396589386.95489436,396589386.95489436,0.0,0.0,1344.9
2025-02-18 10:45:00,FLAT,396589386.95489436,396589386.95489436,0.0,0.0,1343.0
2025-02-18 11:00:00,FLAT,396589386.95489436,396589386.95489436,0.0,0.0,1342.2
2025-02-18 11:15:00,FLAT,396589386.95489436,396589386.95489436,0.0,0.0,1338.7
2025-02-18 13:00:00,FLAT,396589386.95489436,396589386.95489436,0.0,0.0,1337.8
2025-02-18 13:15:00,FLAT,396589386.95489436,396589386.95489436,0.0,0.0,1339.2
2025-02-18 13:30:00,FLAT,396589386.95489436,396589386.95489436,0.0,0.0,1337.7
2025-02-18 13:45:00,FLAT,396589386.95489436,396589386.95489436,0.0,0.0,1336.7
2025-02-18 14:00:00,FLAT,396589386.95489436,396589386.95489436,0.0,0.0,1337.1
2025-02-18 14:15:00,FLAT,396589386.95489436,396589386.95489436,0.0,0.0,1338.8
2025-02-18 14:30:00,FLAT,396589386.95489436,396589386.95489436,0.0,0.0,1338.3
2025-02-19 09:00:00,FLAT,396589386.95489436,396589386.95489436,0.0,0.0,1339.4
2025-02-19 09:15:00,FLAT,396589386.95489436,396589386.95489436,0.0,0.0,1339.2
2025-02-19 09:30:00,FLAT,396589386.95489436,396589386.95489436,0.0,0.0,1337.3
2025-02-19 09:45:00,FLAT,396589386.95489436,396589386.95489436,0.0,0.0,1337.8
2025-02-19 10:00:00,FLAT,396589386.95489436,396589386.95489436,0.0,0.0,1341.3
2025-02-19 10:15:00,FLAT,396589386.95489436,396589386.95489436,0.0,0.0,1341.6
2025-02-19 10:30:00,FLAT,396589386.95489436,396589386.95489436,0.0,0.0,1345.2
2025-02-19 10:45:00,FLAT,396589386.95489436,396589386.95489436,0.0,0.0,1342.9
2025-02-19 11:00:00,FLAT,396589386.95489436,396589386.95489436,0.0,0.0,1343.4
2025-02-19 11:15:00,FLAT,396589386.95489436,396589386.95489436,0.0,0.0,1345.3
2025-02-19 13:00:00,FLAT,396589386.95489436,396589386.95489436,0.0,0.0,1344.8
2025-02-19 13:15:00,FLAT,396589386.95489436,396589386.95489436,0.0,0.0,1345.6
2025-02-19 13:30:00,FLAT,396589386.95489436,396589386.95489436,0.0,0.0,1345.4
2025-02-19 13:45:00,FLAT,396589386.95489436,396589386.95489436,0.0,0.0,1342.4
2025-02-19 14:00:00,FLAT,396589386.95489436,396589386.95489436,0.0,0.0,1343.3
2025-02-19 14:15:00,FLAT,396589386.95489436,396589386.95489436,0.0,0.0,1345.0
2025-02-19 14:30:00,FLAT,396589386.95489436,396589386.95489436,0.0,0.0,1344.5
2025-02-20 09:00:00,FLAT,396589386.95489436,396589386.95489436,0.0,0.0,1346.9
2025-02-20 09:15:00,FLAT,396589386.95489436,396589386.95489436,0.0,0.0,1346.6
2025-02-20 09:30:00,FLAT,396589386.95489436,396589386.95489436,0.0,0.0,1347.9
2025-02-20 09:45:00,FLAT,396589386.95489436,396589386.95489436,0.0,0.0,1346.8
2025-02-20 10:00:00,FLAT,396589386.95489436,396589386.95489436,0.0,0.0,1347.0
2025-02-20 10:15:00,FLAT,396589386.95489436,396589386.95489436,0.0,0.0,1346.7
2025-02-20 10:30:00,FLAT,396589386.95489436,396589386.95489436,0.0,0.0,1347.2
2025-02-20 10:45:00,FLAT,396589386.95489436,396589386.95489436,0.0,0.0,1347.5
2025-02-20 11:00:00,FLAT,396589386.95489436,396589386.95489436,0.0,0.0,1349.9
2025-02-20 11:15:00,LONG,396387005.1076888,395674690.4037778,-712314.7039110336,0.0,1348.5
2025-02-20 13:00:00,LONG,396387005.1076888,395474690.4037777,-912314.7039110791,0.0,1348.3
2025-02-20 13:15:00,LONG,396387005.1076888,396974690.4037777,587685.2960889209,0.0,1349.8
2025-02-20 13:30:00,LONG,396387005.1076888,396274690.40377766,-112314.70391112452,0.0,1349.1
2025-02-20 13:45:00,LONG,396387005.1076888,397174690.4037778,787685.2960889664,0.0,1350.0
2025-02-20 14:00:00,LONG,396387005.1076888,397774690.40377766,1387685.2960888755,0.0,1350.6
2025-02-20 14:15:00,FLAT,396272295.4037777,396272295.4037777,0.0,0.0,1349.8
2025-02-20 14:30:00,FLAT,396272295.4037777,396272295.4037777,0.0,0.0,1349.7
2025-02-21 09:00:00,FLAT,396272295.4037777,396272295.4037777,0.0,0.0,1347.5
2025-02-21 09:15:00,FLAT,396272295.4037777,396272295.4037777,0.0,0.0,1350.8
2025-02-21 09:30:00,FLAT,396272295.4037777,396272295.4037777,0.0,0.0,1352.2
2025-02-21 09:45:00,FLAT,396272295.4037777,396272295.4037777,0.0,0.0,1351.4
2025-02-21 10:00:00,FLAT,396272295.4037777,396272295.4037777,0.0,0.0,1349.9
2025-02-21 10:15:00,LONG,396110291.17800105,396322119.3336011,211828.1556000511,0.0,1350.3
2025-02-21 10:30:00,LONG,396110291.17800105,396562119.33360106,451828.1556000147,0.0,1350.6
2025-02-21 10:45:00,LONG,396110291.17800105,395922119.3336011,-188171.8443999489,0.0,1349.8
2025-02-21 11:00:00,LONG,396110291.17800105,396082119.3336011,-28171.844399912516,0.0,1350.0
2025-02-21 11:15:00,LONG,396110291.17800105,397282119.3336011,1171828.1556000875,0.0,1351.5
2025-02-21 13:00:00,LONG,396110291.17800105,397282119.3336011,1171828.1556000875,0.0,1351.5
2025-02-21 13:15:00,LONG,396110291.17800105,398642119.3336012,2531828.155600124,0.0,1353.2
2025-02-21 13:30:00,LONG,396110291.17800105,399362119.33360106,3251828.1556000146,0.0,1354.1
2025-02-21 13:45:00,LONG,396110291.17800105,397682119.3336011,1571828.1556000875,0.0,1352.0
2025-02-21 14:00:00,FLAT,395569493.6110973,395569493.6110973,0.0,0.0,1351.1
2025-02-21 14:15:00,FLAT,395569493.6110973,395569493.6110973,0.0,0.0,1351.9
2025-02-21 14:30:00,FLAT,395569493.6110973,395569493.6110973,0.0,0.0,1351.7
2025-02-24 09:00:00,FLAT,395569493.6110973,395569493.6110973,0.0,0.0,1353.8
2025-02-24 09:15:00,FLAT,395569493.6110973,395569493.6110973,0.0,0.0,1355.4
2025-02-24 09:30:00,FLAT,395569493.6110973,395569493.6110973,0.0,0.0,1355.9
2025-02-24 09:45:00,FLAT,395569493.6110973,395569493.6110973,0.0,0.0,1355.6
2025-02-24 10:00:00,FLAT,395569493.6110973,395569493.6110973,0.0,0.0,1356.5
2025-02-24 10:15:00,FLAT,395569493.6110973,395569493.6110973,0.0,0.0,1356.8
2025-02-24 10:30:00,LONG,395467703.8879603,395069549.641556,-398154.24640426046,0.0,1356.4
2025-02-24 10:45:00,LONG,395467703.8879603,395619549.641556,151845.75359569408,0.0,1357.5
2025-02-24 11:00:00,LONG,395467703.8879603,395269549.64155596,-198154.24640432867,0.0,1356.8
2025-02-24 11:15:00,LONG,395467703.8879603,394619549.641556,-848154.2464043059,0.0,1355.5
2025-02-24 13:00:00,LONG,395467703.8879603,394119549.641556,-1348154.246404306,0.0,1354.5
2025-02-24 13:15:00,LONG,395467703.8879603,394169549.64155596,-1298154.2464043514,0.0,1354.6
2025-02-24 13:30:00,LONG,395467703.8879603,395019549.64155596,-448154.2464043287,0.0,1356.3
2025-02-24 13:45:00,LONG,395467703.8879603,394669549.64155596,-798154.2464043514,0.0,1355.6
2025-02-24 14:00:00,LONG,395467703.8879603,396769549.64155596,1301845.7535956714,0.0,1359.8
2025-02-24 14:15:00,FLAT,399004293.8044275,399004293.8044275,0.0,0.0,1365.3
2025-02-24 14:30:00,FLAT,399004293.8044275,399004293.8044275,0.0,0.0,1366.1
2025-02-25 09:00:00,FLAT,399004293.8044275,399004293.8044275,0.0,0.0,1365.7
2025-02-25 09:15:00,FLAT,399004293.8044275,399004293.8044275,0.0,0.0,1365.6
2025-02-25 10:00:00,FLAT,399004293.8044275,399004293.8044275,0.0,0.0,1363.5
2025-02-25 10:15:00,FLAT,399004293.8044275,399004293.8044275,0.0,0.0,1364.6
2025-02-25 10:30:00,FLAT,399004293.8044275,399004293.8044275,0.0,0.0,1364.5
2025-02-25 10:45:00,FLAT,399004293.8044275,399004293.8044275,0.0,0.0,1363.9
2025-02-25 11:00:00,FLAT,399004293.8044275,399004293.8044275,0.0,0.0,1361.5
2025-02-25 11:15:00,FLAT,399004293.8044275,399004293.8044275,0.0,0.0,1361.1
2025-02-25 13:00:00,FLAT,399004293.8044275,399004293.8044275,0.0,0.0,1362.6
2025-02-25 13:15:00,FLAT,399004293.8044275,399004293.8044275,0.0,0.0,1361.2
2025-02-25 13:30:00,FLAT,399004293.8044275,399004293.8044275,0.0,0.0,1362.5
2025-02-25 13:45:00,FLAT,399004293.8044275,399004293.8044275,0.0,0.0,1360.3
2025-02-25 14:00:00,FLAT,399004293.8044275,399004293.8044275,0.0,0.0,1358.0
2025-02-25 14:15:00,FLAT,399004293.8044275,399004293.8044275,0.0,0.0,1361.7
2025-02-25 14:30:00,FLAT,399004293.8044275,399004293.8044275,0.0,0.0,1361.3
2025-02-26 09:00:00,FLAT,399004293.8044275,399004293.8044275,0.0,0.0,1362.6
2025-02-26 09:15:00,FLAT,399004293.8044275,399004293.8044275,0.0,0.0,1362.2
2025-02-26 09:30:00,FLAT,399004293.8044275,399004293.8044275,0.0,0.0,1362.4
2025-02-26 09:45:00,FLAT,399004293.8044275,399004293.8044275,0.0,0.0,1362.2
2025-02-26 10:00:00,FLAT,399004293.8044275,399004293.8044275,0.0,0.0,1363.2
2025-02-26 10:15:00,FLAT,399004293.8044275,399004293.8044275,0.0,0.0,1362.2
2025-02-26 10:30:00,FLAT,399004293.8044275,399004293.8044275,0.0,0.0,1360.7
2025-02-26 10:45:00,FLAT,399004293.8044275,399004293.8044275,0.0,0.0,1361.0
2025-02-26 11:00:00,FLAT,399004293.8044275,399004293.8044275,0.0,0.0,1361.3
2025-02-26 11:15:00,FLAT,399004293.8044275,399004293.8044275,0.0,0.0,1361.3
2025-02-26 13:00:00,FLAT,399004293.8044275,399004293.8044275,0.0,0.0,1361.7
2025-02-26 13:15:00,FLAT,399004293.8044275,399004293.8044275,0.0,0.0,1362.8
2025-02-26 13:30:00,FLAT,399004293.8044275,399004293.8044275,0.0,0.0,1361.2
2025-02-26 13:45:00,FLAT,399004293.8044275,399004293.8044275,0.0,0.0,1362.4
2025-02-26 14:00:00,FLAT,399004293.8044275,399004293.8044275,0.0,0.0,1360.3
2025-02-26 14:15:00,FLAT,399004293.8044275,399004293.8044275,0.0,0.0,1360.3
2025-02-26 14:30:00,FLAT,399004293.8044275,399004293.8044275,0.0,0.0,1360.3
2025-02-27 09:00:00,FLAT,399004293.8044275,399004293.8044275,0.0,0.0,1362.6
2025-02-27 09:15:00,FLAT,399004293.8044275,399004293.8044275,0.0,0.0,1361.9
2025-02-27 09:30:00,FLAT,399004293.8044275,399004293.8044275,0.0,0.0,1361.6
2025-02-27 09:45:00,FLAT,399004293.8044275,399004293.8044275,0.0,0.0,1362.0
2025-02-27 10:00:00,FLAT,399004293.8044275,399004293.8044275,0.0,0.0,1362.3
2025-02-27 10:15:00,FLAT,399004293.8044275,399004293.8044275,0.0,0.0,1362.2
2025-02-27 10:30:00,FLAT,399004293.8044275,399004293.8044275,0.0,0.0,1361.6
2025-02-27 10:45:00,FLAT,399004293.8044275,399004293.8044275,0.0,0.0,1360.1
2025-02-27 11:00:00,FLAT,399004293.8044275,399004293.8044275,0.0,0.0,1358.0
2025-02-27 11:15:00,FLAT,399004293.8044275,399004293.8044275,0.0,0.0,1355.8
2025-02-27 13:00:00,FLAT,399004293.8044275,399004293.8044275,0.0,0.0,1352.6
2025-02-27 13:15:00,FLAT,399004293.8044275,399004293.8044275,0.0,0.0,1353.2
2025-02-27 13:30:00,FLAT,399004293.8044275,399004293.8044275,0.0,0.0,1353.5
2025-02-27 13:45:00,FLAT,399004293.8044275,399004293.8044275,0.0,0.0,1354.6
2025-02-27 14:00:00,FLAT,399004293.8044275,399004293.8044275,0.0,0.0,1358.2
2025-02-27 14:15:00,FLAT,399004293.8044275,399004293.8044275,0.0,0.0,1362.2
2025-02-27 14:30:00,FLAT,399004293.8044275,399004293.8044275,0.0,0.0,1362.5
2025-02-28 09:00:00,FLAT,399004293.8044275,399004293.8044275,0.0,0.0,1357.7
2025-02-28 09:15:00,FLAT,399004293.8044275,399004293.8044275,0.0,0.0,1360.5
2025-02-28 09:30:00,FLAT,399004293.8044275,399004293.8044275,0.0,0.0,1357.2
2025-02-28 09:45:00,FLAT,399004293.8044275,399004293.8044275,0.0,0.0,1356.1
2025-02-28 10:00:00,FLAT,399004293.8044275,399004293.8044275,0.0,0.0,1355.9
2025-02-28 10:15:00,FLAT,399004293.8044275,399004293.8044275,0.0,0.0,1353.1
2025-02-28 10:30:00,FLAT,399004293.8044275,399004293.8044275,0.0,0.0,1352.4
2025-02-28 10:45:00,FLAT,399004293.8044275,399004293.8044275,0.0,0.0,1352.0
2025-02-28 11:00:00,FLAT,399004293.8044275,399004293.8044275,0.0,0.0,1352.0
2025-02-28 11:15:00,FLAT,399004293.8044275,399004293.8044275,0.0,0.0,1353.3
2025-02-28 13:00:00,FLAT,399004293.8044275,399004293.8044275,0.0,0.0,1352.1
2025-02-28 13:15:00,FLAT,399004293.8044275,399004293.8044275,0.0,0.0,1354.3
2025-02-28 13:30:00,FLAT,399004293.8044275,399004293.8044275,0.0,0.0,1356.9
2025-02-28 13:45:00,LONG,398801062.4685814,397525490.16109806,-1275572.307483344,0.0,1353.6
2025-02-28 14:00:00,FLAT,394422885.1610982,394422885.1610982,0.0,0.0,1351.8
2025-02-28 14:15:00,FLAT,394422885.1610982,394422885.1610982,0.0,0.0,1357.7
2025-02-28 14:30:00,FLAT,394422885.1610982,394422885.1610982,0.0,0.0,1356.3
2025-03-03 09:00:00,FLAT,394422885.1610982,394422885.1610982,0.0,0.0,1359.3
2025-03-03 09:15:00,FLAT,394422885.1610982,394422885.1610982,0.0,0.0,1358.3
2025-03-03 09:30:00,FLAT,394422885.1610982,394422885.1610982,0.0,0.0,1359.2
2025-03-03 09:45:00,FLAT,394422885.1610982,394422885.1610982,0.0,0.0,1358.6
2025-03-03 10:00:00,FLAT,394422885.1610982,394422885.1610982,0.0,0.0,1359.0
2025-03-03 10:15:00,FLAT,394422885.1610982,394422885.1610982,0.0,0.0,1360.0
2025-03-03 10:30:00,FLAT,394422885.1610982,394422885.1610982,0.0,0.0,1358.8
2025-03-03 10:45:00,FLAT,394422885.1610982,394422885.1610982,0.0,0.0,1358.4
2025-03-03 11:00:00,FLAT,394422885.1610982,394422885.1610982,0.0,0.0,1358.3
2025-03-03 11:15:00,FLAT,394422885.1610982,394422885.1610982,0.0,0.0,1360.3
2025-03-03 13:00:00,FLAT,394422885.1610982,394422885.1610982,0.0,0.0,1360.0
2025-03-03 13:15:00,FLAT,394422885.1610982,394422885.1610982,0.0,0.0,1359.3
2025-03-03 13:30:00,FLAT,394422885.1610982,394422885.1610982,0.0,0.0,1363.7
2025-03-03 13:45:00,FLAT,394422885.1610982,394422885.1610982,0.0,0.0,1362.9
2025-03-03 14:00:00,FLAT,394422885.1610982,394422885.1610982,0.0,0.0,1363.6
2025-03-03 14:15:00,FLAT,394422885.1610982,394422885.1610982,0.0,0.0,1361.3
2025-03-03 14:30:00,FLAT,394422885.1610982,394422885.1610982,0.0,0.0,1361.1
2025-03-04 09:00:00,FLAT,394422885.1610982,394422885.1610982,0.0,0.0,1354.8
2025-03-04 09:15:00,FLAT,394422885.1610982,394422885.1610982,0.0,0.0,1356.5
2025-03-04 09:30:00,FLAT,394422885.1610982,394422885.1610982,0.0,0.0,1357.0
2025-03-04 09:45:00,FLAT,394422885.1610982,394422885.1610982,0.0,0.0,1356.7
2025-03-04 10:00:00,FLAT,394422885.1610982,394422885.1610982,0.0,0.0,1356.1
2025-03-04 10:15:00,FLAT,394422885.1610982,394422885.1610982,0.0,0.0,1355.7
2025-03-04 10:30:00,FLAT,394422885.1610982,394422885.1610982,0.0,0.0,1354.9
2025-03-04 10:45:00,FLAT,394422885.1610982,394422885.1610982,0.0,0.0,1354.0
2025-03-04 11:00:00,FLAT,394422885.1610982,394422885.1610982,0.0,0.0,1354.7
2025-03-04 11:15:00,FLAT,394422885.1610982,394422885.1610982,0.0,0.0,1354.8
2025-03-04 13:00:00,FLAT,394422885.1610982,394422885.1610982,0.0,0.0,1355.4
2025-03-04 13:15:00,FLAT,394422885.1610982,394422885.1610982,0.0,0.0,1357.5
2025-03-04 13:30:00,FLAT,394422885.1610982,394422885.1610982,0.0,0.0,1364.2
2025-03-04 13:45:00,FLAT,394422885.1610982,394422885.1610982,0.0,0.0,1364.5
2025-03-04 14:00:00,FLAT,394422885.1610982,394422885.1610982,0.0,0.0,1368.4
2025-03-04 14:15:00,FLAT,394422885.1610982,394422885.1610982,0.0,0.0,1366.2
2025-03-04 14:30:00,FLAT,394422885.1610982,394422885.1610982,0.0,0.0,1366.6
2025-03-05 09:00:00,FLAT,394422885.1610982,394422885.1610982,0.0,0.0,1366.4
2025-03-05 09:15:00,FLAT,394422885.1610982,394422885.1610982,0.0,0.0,1368.7
2025-03-05 09:30:00,FLAT,394422885.1610982,394422885.1610982,0.0,0.0,1372.4
2025-03-05 09:45:00,LONG,394258485.8701267,394663212.7271461,404726.85701934097,0.0,1370.5
2025-03-05 10:00:00,LONG,394258485.8701267,393543212.72714597,-715273.1429807318,0.0,1369.1
2025-03-05 10:15:00,LONG,394258485.8701267,394263212.7271461,4726.857019340969,0.0,1370.0
2025-03-05 10:30:00,LONG,394258485.8701267,394743212.72714597,484726.8570192682,0.0,1370.6
2025-03-05 10:45:00,LONG,394258485.8701267,394103212.727146,-155273.1429806954,0.0,1369.8
2025-03-05 11:00:00,LONG,394258485.8701267,393463212.7271461,-795273.142980659,0.0,1369.0
2025-03-05 11:15:00,LONG,394258485.8701267,394183212.72714615,-75273.14298058627,0.0,1369.9
2025-03-05 13:00:00,LONG,394258485.8701267,393623212.7271461,-635273.1429806226,0.0,1369.2
2025-03-05 13:15:00,LONG,394258485.8701267,394583212.72714615,324726.8570194137,0.0,1370.4
2025-03-05 13:30:00,LONG,394258485.8701267,392983212.72714615,-1275273.1429805863,0.0,1368.4
2025-03-05 13:45:00,LONG,394258485.8701267,392183212.72714615,-2075273.1429805863,0.0,1367.4
2025-03-05 14:00:00,LONG,394258485.8701267,391943212.72714597,-2315273.142980732,0.0,1367.1
2025-03-05 14:15:00,FLAT,390157704.3846099,390157704.3846099,0.0,0.0,1366.5
2025-03-05 14:30:00,FLAT,390157704.3846099,390157704.3846099,0.0,0.0,1367.0
2025-03-06 09:00:00,FLAT,390157704.3846099,390157704.3846099,0.0,0.0,1368.4
2025-03-06 09:15:00,FLAT,390157704.3846099,390157704.3846099,0.0,0.0,1370.2
2025-03-06 09:30:00,LONG,389952148.28265816,388378135.27135706,-1574013.0113010765,0.0,1368.8
2025-03-06 09:45:00,LONG,389952148.28265816,391378135.27135706,1425986.9886989235,0.0,1371.8
2025-03-06 10:00:00,LONG,389952148.28265816,391378135.27135706,1425986.9886989235,0.0,1371.8
2025-03-06 10:15:00,LONG,389952148.28265816,392278135.2713572,2325986.9886990148,0.0,1372.7
2025-03-06 10:30:00,LONG,389952148.28265816,392278135.2713572,2325986.9886990148,0.0,1372.7
2025-03-06 10:45:00,LONG,389952148.28265816,392278135.2713572,2325986.9886990148,0.0,1372.7
2025-03-06 11:00:00,LONG,389952148.28265816,391678135.27135706,1725986.988698878,0.0,1372.1
2025-03-06 11:15:00,LONG,389952148.28265816,392578135.2713571,2625986.988698969,0.0,1373.0
2025-03-06 13:00:00,LONG,389952148.28265816,393978135.27135724,4025986.98869906,0.0,1374.4
2025-03-06 13:15:00,LONG,389952148.28265816,391478135.27135724,1525986.98869906,0.0,1371.9
2025-03-06 13:30:00,LONG,389952148.28265816,390478135.27135724,525986.98869906,0.0,1370.9
2025-03-06 13:45:00,LONG,389952148.28265816,392278135.2713572,2325986.9886990148,0.0,1372.7
2025-03-06 14:00:00,LONG,389952148.28265816,393378135.27135706,3425986.9886989235,0.0,1373.8
2025-03-06 14:15:00,FLAT,394671840.27135706,394671840.27135706,0.0,0.0,1375.8
2025-03-06 14:30:00,FLAT,394671840.27135706,394671840.27135706,0.0,0.0,1377.0
2025-03-07 09:00:00,FLAT,394671840.27135706,394671840.27135706,0.0,0.0,1374.9
2025-03-07 09:15:00,FLAT,394671840.27135706,394671840.27135706,0.0,0.0,1374.9
2025-03-07 09:30:00,FLAT,394671840.27135706,394671840.27135706,0.0,0.0,1376.5
2025-03-07 09:45:00,FLAT,394671840.27135706,394671840.27135706,0.0,0.0,1374.8
2025-03-07 10:00:00,FLAT,394671840.27135706,394671840.27135706,0.0,0.0,1375.6
2025-03-07 10:15:00,FLAT,394671840.27135706,394671840.27135706,0.0,0.0,1376.1
2025-03-07 10:30:00,FLAT,394671840.27135706,394671840.27135706,0.0,0.0,1377.7
2025-03-07 10:45:00,FLAT,394671840.27135706,394671840.27135706,0.0,0.0,1378.4
2025-03-07 11:00:00,FLAT,394671840.27135706,394671840.27135706,0.0,0.0,1377.2
2025-03-07 11:15:00,LONG,394465240.88402104,394435991.9771106,-29248.90691042492,0.0,1377.3
2025-03-07 13:00:00,LONG,394465240.88402104,394035991.97711074,-429248.9069102885,0.0,1376.9
2025-03-07 13:15:00,LONG,394465240.88402104,395735991.97711056,1270751.0930895295,0.0,1378.6
2025-03-07 13:30:00,LONG,394465240.88402104,395835991.9771107,1370751.093089666,0.0,1378.7
2025-03-07 13:45:00,LONG,394465240.88402104,396535991.97711074,2070751.0930897114,0.0,1379.4
2025-03-07 14:00:00,LONG,394465240.88402104,397935991.9771106,3470751.093089575,0.0,1380.8
2025-03-07 14:15:00,FLAT,401133103.6141321,401133103.6141321,0.0,0.0,1384.9
2025-03-07 14:30:00,FLAT,401133103.6141321,401133103.6141321,0.0,0.0,1387.9
2025-03-10 09:00:00,FLAT,401133103.6141321,401133103.6141321,0.0,0.0,1391.8
2025-03-10 09:15:00,FLAT,401133103.6141321,401133103.6141321,0.0,0.0,1391.5
2025-03-10 09:30:00,FLAT,401133103.6141321,401133103.6141321,0.0,0.0,1391.8
2025-03-10 09:45:00,FLAT,401133103.6141321,401133103.6141321,0.0,0.0,1392.3
2025-03-10 10:00:00,FLAT,401133103.6141321,401133103.6141321,0.0,0.0,1391.6
2025-03-10 10:15:00,FLAT,401133103.6141321,401133103.6141321,0.0,0.0,1390.8
2025-03-10 10:30:00,FLAT,401133103.6141321,401133103.6141321,0.0,0.0,1390.4
2025-03-10 10:45:00,FLAT,401133103.6141321,401133103.6141321,0.0,0.0,1390.8
2025-03-10 11:00:00,FLAT,401133103.6141321,401133103.6141321,0.0,0.0,1391.0
2025-03-10 11:15:00,FLAT,401133103.6141321,401133103.6141321,0.0,0.0,1391.4
2025-03-10 13:00:00,FLAT,401133103.6141321,401133103.6141321,0.0,0.0,1390.8
2025-03-10 13:15:00,FLAT,401133103.6141321,401133103.6141321,0.0,0.0,1391.2
2025-03-10 13:30:00,FLAT,401133103.6141321,401133103.6141321,0.0,0.0,1390.9
2025-03-10 13:45:00,FLAT,401133103.6141321,401133103.6141321,0.0,0.0,1389.0
2025-03-10 14:00:00,FLAT,401133103.6141321,401133103.6141321,0.0,0.0,1386.3
2025-03-10 14:15:00,FLAT,401133103.6141321,401133103.6141321,0.0,0.0,1388.3
2025-03-10 14:30:00,FLAT,401133103.6141321,401133103.6141321,0.0,0.0,1388.6
2025-03-11 09:00:00,FLAT,401133103.6141321,401133103.6141321,0.0,0.0,1377.8
2025-03-11 09:15:00,FLAT,401133103.6141321,401133103.6141321,0.0,0.0,1377.7
2025-03-11 09:30:00,FLAT,401133103.6141321,401133103.6141321,0.0,0.0,1377.4
2025-03-11 09:45:00,FLAT,401133103.6141321,401133103.6141321,0.0,0.0,1378.6
2025-03-11 10:00:00,FLAT,401133103.6141321,401133103.6141321,0.0,0.0,1378.2
2025-03-11 10:15:00,FLAT,401133103.6141321,401133103.6141321,0.0,0.0,1378.1
2025-03-11 10:30:00,FLAT,401133103.6141321,401133103.6141321,0.0,0.0,1380.6
2025-03-11 10:45:00,FLAT,401133103.6141321,401133103.6141321,0.0,0.0,1383.5
2025-03-11 11:00:00,FLAT,401133103.6141321,401133103.6141321,0.0,0.0,1382.7
2025-03-11 11:15:00,FLAT,401133103.6141321,401133103.6141321,0.0,0.0,1382.8
2025-03-11 13:00:00,FLAT,401133103.6141321,401133103.6141321,0.0,0.0,1384.5
2025-03-11 13:15:00,FLAT,401133103.6141321,401133103.6141321,0.0,0.0,1385.4
2025-03-11 13:30:00,FLAT,401133103.6141321,401133103.6141321,0.0,0.0,1386.0
2025-03-11 13:45:00,LONG,400925152.7370905,403085972.4600678,2160819.722977294,0.0,1388.5
2025-03-11 14:00:00,LONG,400925152.7370905,400385972.46006775,-539180.2770227514,0.0,1385.8
2025-03-11 14:15:00,FLAT,403577592.46006787,403577592.46006787,0.0,0.0,1389.7
2025-03-11 14:30:00,FLAT,403577592.46006787,403577592.46006787,0.0,0.0,1391.0
2025-03-12 09:00:00,FLAT,403577592.46006787,403577592.46006787,0.0,0.0,1393.6
2025-03-12 09:15:00,FLAT,403577592.46006787,403577592.46006787,0.0,0.0,1393.4
2025-03-12 09:30:00,FLAT,403577592.46006787,403577592.46006787,0.0,0.0,1393.5
2025-03-12 09:45:00,FLAT,403577592.46006787,403577592.46006787,0.0,0.0,1392.5
2025-03-12 10:00:00,FLAT,403577592.46006787,403577592.46006787,0.0,0.0,1389.5
2025-03-12 10:15:00,FLAT,403577592.46006787,403577592.46006787,0.0,0.0,1387.9
2025-03-12 10:30:00,FLAT,403577592.46006787,403577592.46006787,0.0,0.0,1389.2
2025-03-12 10:45:00,FLAT,403577592.46006787,403577592.46006787,0.0,0.0,1389.6
2025-03-12 11:00:00,FLAT,403577592.46006787,403577592.46006787,0.0,0.0,1390.9
2025-03-12 11:15:00,FLAT,403577592.46006787,403577592.46006787,0.0,0.0,1390.5
2025-03-12 13:00:00,FLAT,403577592.46006787,403577592.46006787,0.0,0.0,1388.9
2025-03-12 13:15:00,FLAT,403577592.46006787,403577592.46006787,0.0,0.0,1390.8
2025-03-12 13:30:00,FLAT,403577592.46006787,403577592.46006787,0.0,0.0,1388.5
2025-03-12 13:45:00,FLAT,403577592.46006787,403577592.46006787,0.0,0.0,1391.0
2025-03-12 14:00:00,FLAT,403577592.46006787,403577592.46006787,0.0,0.0,1391.0
2025-03-12 14:15:00,FLAT,403577592.46006787,403577592.46006787,0.0,0.0,1390.7
2025-03-12 14:30:00,FLAT,403577592.46006787,403577592.46006787,0.0,0.0,1389.9
2025-03-13 09:00:00,FLAT,403577592.46006787,403577592.46006787,0.0,0.0,1389.0
2025-03-13 09:15:00,FLAT,403577592.46006787,403577592.46006787,0.0,0.0,1385.2
2025-03-13 09:30:00,FLAT,403577592.46006787,403577592.46006787,0.0,0.0,1387.5
2025-03-13 09:45:00,FLAT,403577592.46006787,403577592.46006787,0.0,0.0,1386.3
2025-03-13 10:00:00,FLAT,403577592.46006787,403577592.46006787,0.0,0.0,1388.2
2025-03-13 10:15:00,FLAT,403577592.46006787,403577592.46006787,0.0,0.0,1391.8
2025-03-13 10:30:00,FLAT,403577592.46006787,403577592.46006787,0.0,0.0,1391.3
2025-03-13 10:45:00,FLAT,403577592.46006787,403577592.46006787,0.0,0.0,1388.0
2025-03-13 11:00:00,FLAT,403577592.46006787,403577592.46006787,0.0,0.0,1388.4
2025-03-13 11:15:00,FLAT,403577592.46006787,403577592.46006787,0.0,0.0,1387.3
2025-03-13 13:00:00,FLAT,403577592.46006787,403577592.46006787,0.0,0.0,1388.0
2025-03-13 13:15:00,FLAT,403577592.46006787,403577592.46006787,0.0,0.0,1387.9
2025-03-13 13:30:00,FLAT,403577592.46006787,403577592.46006787,0.0,0.0,1390.0
2025-03-13 13:45:00,FLAT,403577592.46006787,403577592.46006787,0.0,0.0,1388.8
2025-03-13 14:00:00,FLAT,403577592.46006787,403577592.46006787,0.0,0.0,1389.4
2025-03-13 14:15:00,FLAT,403577592.46006787,403577592.46006787,0.0,0.0,1386.6
2025-03-13 14:30:00,FLAT,403577592.46006787,403577592.46006787,0.0,0.0,1388.0
2025-03-14 09:00:00,FLAT,403577592.46006787,403577592.46006787,0.0,0.0,1385.1
2025-03-14 09:15:00,FLAT,403577592.46006787,403577592.46006787,0.0,0.0,1386.5
2025-03-14 09:30:00,FLAT,403577592.46006787,403577592.46006787,0.0,0.0,1386.3
2025-03-14 09:45:00,FLAT,403577592.46006787,403577592.46006787,0.0,0.0,1386.9
2025-03-14 10:00:00,FLAT,403577592.46006787,403577592.46006787,0.0,0.0,1388.3
2025-03-14 10:15:00,FLAT,403577592.46006787,403577592.46006787,0.0,0.0,1390.1
2025-03-14 10:30:00,FLAT,403577592.46006787,403577592.46006787,0.0,0.0,1389.6
2025-03-14 10:45:00,FLAT,403577592.46006787,403577592.46006787,0.0,0.0,1391.0
2025-03-14 11:00:00,FLAT,403577592.46006787,403577592.46006787,0.0,0.0,1391.5
2025-03-14 11:15:00,FLAT,403577592.46006787,403577592.46006787,0.0,0.0,1389.3
2025-03-14 13:00:00,FLAT,403577592.46006787,403577592.46006787,0.0,0.0,1389.9
2025-03-14 13:15:00,FLAT,403577592.46006787,403577592.46006787,0.0,0.0,1390.4
2025-03-14 13:30:00,FLAT,403577592.46006787,403577592.46006787,0.0,0.0,1387.8
2025-03-14 13:45:00,FLAT,403577592.46006787,403577592.46006787,0.0,0.0,1385.8
2025-03-14 14:00:00,FLAT,403577592.46006787,403577592.46006787,0.0,0.0,1385.7
2025-03-14 14:15:00,FLAT,403577592.46006787,403577592.46006787,0.0,0.0,1385.0
2025-03-14 14:30:00,FLAT,403577592.46006787,403577592.46006787,0.0,0.0,1385.1
2025-03-17 09:00:00,FLAT,403577592.46006787,403577592.46006787,0.0,0.0,1389.2
2025-03-17 09:15:00,FLAT,403577592.46006787,403577592.46006787,0.0,0.0,1389.0
2025-03-17 09:30:00,FLAT,403577592.46006787,403577592.46006787,0.0,0.0,1391.3
2025-03-17 09:45:00,FLAT,403577592.46006787,403577592.46006787,0.0,0.0,1389.7
2025-03-17 10:00:00,FLAT,403577592.46006787,403577592.46006787,0.0,0.0,1388.7
2025-03-17 10:15:00,FLAT,403577592.46006787,403577592.46006787,0.0,0.0,1389.9
2025-03-17 10:30:00,FLAT,403577592.46006787,403577592.46006787,0.0,0.0,1388.7
2025-03-17 10:45:00,FLAT,403577592.46006787,403577592.46006787,0.0,0.0,1388.2
2025-03-17 11:00:00,FLAT,403577592.46006787,403577592.46006787,0.0,0.0,1388.0
2025-03-17 11:15:00,FLAT,403577592.46006787,403577592.46006787,0.0,0.0,1389.0
2025-03-17 13:00:00,FLAT,403577592.46006787,403577592.46006787,0.0,0.0,1388.5
2025-03-17 13:15:00,FLAT,403577592.46006787,403577592.46006787,0.0,0.0,1389.1
2025-03-17 13:30:00,FLAT,403577592.46006787,403577592.46006787,0.0,0.0,1389.5
2025-03-17 13:45:00,FLAT,403577592.46006787,403577592.46006787,0.0,0.0,1389.6
2025-03-17 14:00:00,FLAT,403577592.46006787,403577592.46006787,0.0,0.0,1390.5
2025-03-17 14:15:00,FLAT,403577592.46006787,403577592.46006787,0.0,0.0,1389.9
2025-03-17 14:30:00,FLAT,403577592.46006787,403577592.46006787,0.0,0.0,1390.2
2025-03-18 09:00:00,FLAT,403577592.46006787,403577592.46006787,0.0,0.0,1394.6
2025-03-18 09:15:00,FLAT,403577592.46006787,403577592.46006787,0.0,0.0,1393.8
2025-03-18 09:30:00,FLAT,403577592.46006787,403577592.46006787,0.0,0.0,1392.4
2025-03-18 09:45:00,FLAT,403577592.46006787,403577592.46006787,0.0,0.0,1392.9
2025-03-18 10:00:00,FLAT,403577592.46006787,403577592.46006787,0.0,0.0,1391.5
2025-03-18 10:15:00,FLAT,403577592.46006787,403577592.46006787,0.0,0.0,1392.0
2025-03-18 10:30:00,FLAT,403577592.46006787,403577592.46006787,0.0,0.0,1391.3
2025-03-18 10:45:00,FLAT,403577592.46006787,403577592.46006787,0.0,0.0,1390.7
2025-03-18 11:00:00,FLAT,403577592.46006787,403577592.46006787,0.0,0.0,1390.0
2025-03-18 11:15:00,FLAT,403577592.46006787,403577592.46006787,0.0,0.0,1390.5
2025-03-18 13:00:00,FLAT,403577592.46006787,403577592.46006787,0.0,0.0,1390.6
2025-03-18 13:15:00,FLAT,403577592.46006787,403577592.46006787,0.0,0.0,1389.1
2025-03-18 13:30:00,FLAT,403577592.46006787,403577592.46006787,0.0,0.0,1391.4
2025-03-18 13:45:00,FLAT,403577592.46006787,403577592.46006787,0.0,0.0,1389.3
2025-03-18 14:00:00,FLAT,403577592.46006787,403577592.46006787,0.0,0.0,1389.3
2025-03-18 14:15:00,FLAT,403577592.46006787,403577592.46006787,0.0,0.0,1387.0
2025-03-18 14:30:00,FLAT,403577592.46006787,403577592.46006787,0.0,0.0,1387.4
2025-03-19 09:00:00,FLAT,403577592.46006787,403577592.46006787,0.0,0.0,1384.3
2025-03-19 09:15:00,FLAT,403577592.46006787,403577592.46006787,0.0,0.0,1384.1
2025-03-19 09:30:00,FLAT,403577592.46006787,403577592.46006787,0.0,0.0,1380.7
2025-03-19 09:45:00,FLAT,403577592.46006787,403577592.46006787,0.0,0.0,1380.1
2025-03-19 10:00:00,FLAT,403577592.46006787,403577592.46006787,0.0,0.0,1382.2
2025-03-19 10:15:00,FLAT,403577592.46006787,403577592.46006787,0.0,0.0,1381.0
2025-03-19 10:30:00,FLAT,403577592.46006787,403577592.46006787,0.0,0.0,1382.0
2025-03-19 10:45:00,FLAT,403577592.46006787,403577592.46006787,0.0,0.0,1381.4
2025-03-19 11:00:00,FLAT,403577592.46006787,403577592.46006787,0.0,0.0,1380.5
2025-03-19 11:15:00,FLAT,403577592.46006787,403577592.46006787,0.0,0.0,1378.4
2025-03-19 13:00:00,FLAT,403577592.46006787,403577592.46006787,0.0,0.0,1379.0
2025-03-19 13:15:00,FLAT,403577592.46006787,403577592.46006787,0.0,0.0,1377.1
2025-03-19 13:30:00,FLAT,403577592.46006787,403577592.46006787,0.0,0.0,1380.2
2025-03-19 13:45:00,FLAT,403577592.46006787,403577592.46006787,0.0,0.0,1378.5
2025-03-19 14:00:00,FLAT,403577592.46006787,403577592.46006787,0.0,0.0,1378.7
2025-03-19 14:15:00,FLAT,403577592.46006787,403577592.46006787,0.0,0.0,1378.6
2025-03-19 14:30:00,FLAT,403577592.46006787,403577592.46006787,0.0,0.0,1378.0
2025-03-20 09:00:00,FLAT,403577592.46006787,403577592.46006787,0.0,0.0,1380.5
2025-03-20 09:15:00,FLAT,403577592.46006787,403577592.46006787,0.0,0.0,1381.3
2025-03-20 09:30:00,FLAT,403577592.46006787,403577592.46006787,0.0,0.0,1381.2
2025-03-20 09:45:00,FLAT,403577592.46006787,403577592.46006787,0.0,0.0,1381.4
2025-03-20 10:00:00,FLAT,403577592.46006787,403577592.46006787,0.0,0.0,1380.6
2025-03-20 10:15:00,FLAT,403577592.46006787,403577592.46006787,0.0,0.0,1377.0
2025-03-20 10:30:00,FLAT,403577592.46006787,403577592.46006787,0.0,0.0,1377.1
2025-03-20 10:45:00,FLAT,403577592.46006787,403577592.46006787,0.0,0.0,1376.7
2025-03-20 11:00:00,FLAT,403577592.46006787,403577592.46006787,0.0,0.0,1372.7
2025-03-20 11:15:00,FLAT,403577592.46006787,403577592.46006787,0.0,0.0,1372.6
2025-03-20 13:00:00,FLAT,403577592.46006787,403577592.46006787,0.0,0.0,1373.7
2025-03-20 13:15:00,FLAT,403577592.46006787,403577592.46006787,0.0,0.0,1373.5
2025-03-20 13:30:00,FLAT,403577592.46006787,403577592.46006787,0.0,0.0,1373.8
2025-03-20 13:45:00,FLAT,403577592.46006787,403577592.46006787,0.0,0.0,1380.0
2025-03-20 14:00:00,FLAT,403577592.46006787,403577592.46006787,0.0,0.0,1378.7
2025-03-20 14:15:00,FLAT,402928937.8580768,402928937.8580768,0.0,0.0,1376.6
2025-03-20 14:30:00,FLAT,402928937.8580768,402928937.8580768,0.0,0.0,1376.3
2025-03-21 09:00:00,FLAT,402928937.8580768,402928937.8580768,0.0,0.0,1374.2
2025-03-21 09:15:00,FLAT,402928937.8580768,402928937.8580768,0.0,0.0,1373.0
2025-03-21 09:30:00,FLAT,402928937.8580768,402928937.8580768,0.0,0.0,1370.4
2025-03-21 09:45:00,FLAT,402928937.8580768,402928937.8580768,0.0,0.0,1371.6
2025-03-21 10:00:00,FLAT,402928937.8580768,402928937.8580768,0.0,0.0,1373.7
2025-03-21 10:15:00,FLAT,402928937.8580768,402928937.8580768,0.0,0.0,1374.5
2025-03-21 10:30:00,FLAT,402928937.8580768,402928937.8580768,0.0,0.0,1373.7
2025-03-21 10:45:00,FLAT,402928937.8580768,402928937.8580768,0.0,0.0,1373.4
2025-03-21 11:00:00,FLAT,402928937.8580768,402928937.8580768,0.0,0.0,1373.7
2025-03-21 11:15:00,FLAT,402928937.8580768,402928937.8580768,0.0,0.0,1374.2
2025-03-21 13:00:00,FLAT,402928937.8580768,402928937.8580768,0.0,0.0,1374.0
2025-03-21 13:15:00,FLAT,402928937.8580768,402928937.8580768,0.0,0.0,1374.0
2025-03-21 13:30:00,FLAT,402928937.8580768,402928937.8580768,0.0,0.0,1374.6
2025-03-21 13:45:00,FLAT,402928937.8580768,402928937.8580768,0.0,0.0,1374.6
2025-03-21 14:00:00,FLAT,402928937.8580768,402928937.8580768,0.0,0.0,1373.4
2025-03-21 14:15:00,FLAT,402928937.8580768,402928937.8580768,0.0,0.0,1373.9
2025-03-21 14:30:00,FLAT,402928937.8580768,402928937.8580768,0.0,0.0,1374.1
2025-03-24 09:00:00,FLAT,402928937.8580768,402928937.8580768,0.0,0.0,1376.7
2025-03-24 09:15:00,FLAT,402928937.8580768,402928937.8580768,0.0,0.0,1375.0
2025-03-24 09:30:00,FLAT,402928937.8580768,402928937.8580768,0.0,0.0,1377.1
2025-03-24 09:45:00,FLAT,402928937.8580768,402928937.8580768,0.0,0.0,1374.4
2025-03-24 10:00:00,FLAT,402928937.8580768,402928937.8580768,0.0,0.0,1371.3
2025-03-24 10:15:00,FLAT,402928937.8580768,402928937.8580768,0.0,0.0,1371.3
2025-03-24 10:30:00,FLAT,402928937.8580768,402928937.8580768,0.0,0.0,1370.1
2025-03-24 10:45:00,FLAT,402928937.8580768,402928937.8580768,0.0,0.0,1373.6
2025-03-24 11:00:00,FLAT,402928937.8580768,402928937.8580768,0.0,0.0,1373.5
2025-03-24 11:15:00,FLAT,402928937.8580768,402928937.8580768,0.0,0.0,1374.2
2025-03-24 13:00:00,FLAT,402928937.8580768,402928937.8580768,0.0,0.0,1373.7
2025-03-24 13:15:00,FLAT,402928937.8580768,402928937.8580768,0.0,0.0,1377.4
2025-03-24 13:30:00,FLAT,402928937.8580768,402928937.8580768,0.0,0.0,1378.1
2025-03-24 13:45:00,FLAT,402928937.8580768,402928937.8580768,0.0,0.0,1376.8
2025-03-24 14:00:00,FLAT,402928937.8580768,402928937.8580768,0.0,0.0,1381.7
2025-03-24 14:15:00,FLAT,402928937.8580768,402928937.8580768,0.0,0.0,1386.3
2025-03-24 14:30:00,FLAT,402928937.8580768,402928937.8580768,0.0,0.0,1388.0
2025-03-25 09:00:00,FLAT,402928937.8580768,402928937.8580768,0.0,0.0,1391.4
2025-03-25 09:15:00,FLAT,402928937.8580768,402928937.8580768,0.0,0.0,1389.4
2025-03-25 09:30:00,FLAT,402928937.8580768,402928937.8580768,0.0,0.0,1389.5
2025-03-25 09:45:00,FLAT,402928937.8580768,402928937.8580768,0.0,0.0,1388.7
2025-03-25 10:00:00,FLAT,402928937.8580768,402928937.8580768,0.0,0.0,1390.1
2025-03-25 10:15:00,FLAT,402928937.8580768,402928937.8580768,0.0,0.0,1390.4
2025-03-25 10:30:00,FLAT,402928937.8580768,402928937.8580768,0.0,0.0,1389.0
2025-03-25 10:45:00,FLAT,402928937.8580768,402928937.8580768,0.0,0.0,1388.2
2025-03-25 11:00:00,FLAT,402928937.8580768,402928937.8580768,0.0,0.0,1387.2
2025-03-25 11:15:00,FLAT,402928937.8580768,402928937.8580768,0.0,0.0,1387.6
2025-03-25 13:00:00,FLAT,402928937.8580768,402928937.8580768,0.0,0.0,1387.4
2025-03-25 13:15:00,FLAT,402928937.8580768,402928937.8580768,0.0,0.0,1388.6
2025-03-25 13:30:00,FLAT,402928937.8580768,402928937.8580768,0.0,0.0,1389.7
2025-03-25 13:45:00,LONG,402720408.1679379,399822473.9085554,-2897934.2593825096,0.0,1387.3
2025-03-25 14:00:00,FLAT,398714513.9085555,398714513.9085555,0.0,0.0,1387.8
2025-03-25 14:15:00,FLAT,398714513.9085555,398714513.9085555,0.0,0.0,1386.4
2025-03-25 14:30:00,FLAT,398714513.9085555,398714513.9085555,0.0,0.0,1386.9
2025-03-26 09:00:00,FLAT,398714513.9085555,398714513.9085555,0.0,0.0,1388.4
2025-03-26 09:15:00,FLAT,398714513.9085555,398714513.9085555,0.0,0.0,1390.5
2025-03-26 09:30:00,LONG,398505906.76415515,397391610.7617725,-1114296.0023826163,0.0,1389.6
2025-03-26 09:45:00,LONG,398505906.76415515,399691610.7617727,1185703.9976175656,0.0,1391.9
2025-03-26 10:00:00,LONG,398505906.76415515,397691610.7617727,-814296.0023824344,0.0,1389.9
2025-03-26 10:15:00,LONG,398505906.76415515,395491610.7617727,-3014296.00238248,0.0,1387.7
2025-03-26 10:30:00,FLAT,394883515.7617726,394883515.7617726,0.0,0.0,1387.2
2025-03-26 10:45:00,FLAT,394883515.7617726,394883515.7617726,0.0,0.0,1385.6
2025-03-26 11:00:00,FLAT,394883515.7617726,394883515.7617726,0.0,0.0,1386.0
2025-03-26 11:15:00,FLAT,394883515.7617726,394883515.7617726,0.0,0.0,1382.5
2025-03-26 13:00:00,FLAT,394883515.7617726,394883515.7617726,0.0,0.0,1383.0
2025-03-26 13:15:00,FLAT,394883515.7617726,394883515.7617726,0.0,0.0,1383.2
2025-03-26 13:30:00,FLAT,394883515.7617726,394883515.7617726,0.0,0.0,1385.5
2025-03-26 13:45:00,FLAT,394883515.7617726,394883515.7617726,0.0,0.0,1383.3
2025-03-26 14:00:00,FLAT,394883515.7617726,394883515.7617726,0.0,0.0,1381.4
2025-03-26 14:15:00,FLAT,394883515.7617726,394883515.7617726,0.0,0.0,1379.5
2025-03-26 14:30:00,FLAT,394883515.7617726,394883515.7617726,0.0,0.0,1378.6
2025-03-27 09:00:00,FLAT,394883515.7617726,394883515.7617726,0.0,0.0,1375.7
2025-03-27 09:15:00,FLAT,394883515.7617726,394883515.7617726,0.0,0.0,1377.2
2025-03-27 09:30:00,FLAT,394883515.7617726,394883515.7617726,0.0,0.0,1376.9
2025-03-27 09:45:00,FLAT,394883515.7617726,394883515.7617726,0.0,0.0,1376.5
2025-03-27 10:00:00,FLAT,394883515.7617726,394883515.7617726,0.0,0.0,1376.7
2025-03-27 10:15:00,FLAT,394883515.7617726,394883515.7617726,0.0,0.0,1375.4
2025-03-27 10:30:00,FLAT,394883515.7617726,394883515.7617726,0.0,0.0,1378.0
2025-03-27 10:45:00,LONG,394676846.6479353,394382754.39940554,-294092.24852975056,0.0,1377.5
2025-03-27 11:00:00,LONG,394676846.6479353,394882754.39940554,205907.75147024944,0.0,1378.0
2025-03-27 11:15:00,LONG,394676846.6479353,394382754.39940554,-294092.24852975056,0.0,1377.5
2025-03-27 13:00:00,LONG,394676846.6479353,394182754.3994055,-494092.248529796,0.0,1377.3
2025-03-27 13:15:00,LONG,394676846.6479353,394182754.3994055,-494092.248529796,0.0,1377.3
2025-03-27 13:30:00,FLAT,390876624.39940554,390876624.39940554,0.0,0.0,1374.9
2025-03-27 13:45:00,FLAT,390876624.39940554,390876624.39940554,0.0,0.0,1377.0
2025-03-27 14:00:00,FLAT,390876624.39940554,390876624.39940554,0.0,0.0,1376.9
2025-03-27 14:15:00,FLAT,390876624.39940554,390876624.39940554,0.0,0.0,1375.3
2025-03-27 14:30:00,FLAT,390876624.39940554,390876624.39940554,0.0,0.0,1375.9
2025-03-28 09:00:00,FLAT,390876624.39940554,390876624.39940554,0.0,0.0,1374.4
2025-03-28 09:15:00,FLAT,390876624.39940554,390876624.39940554,0.0,0.0,1374.4
2025-03-28 09:30:00,FLAT,390876624.39940554,390876624.39940554,0.0,0.0,1371.8
2025-03-28 09:45:00,FLAT,390876624.39940554,390876624.39940554,0.0,0.0,1372.0
2025-03-28 10:00:00,FLAT,390876624.39940554,390876624.39940554,0.0,0.0,1371.3
2025-03-28 10:15:00,FLAT,390876624.39940554,390876624.39940554,0.0,0.0,1369.8
2025-03-28 10:30:00,FLAT,390876624.39940554,390876624.39940554,0.0,0.0,1368.3
2025-03-28 10:45:00,FLAT,390876624.39940554,390876624.39940554,0.0,0.0,1370.5
2025-03-28 11:00:00,FLAT,390876624.39940554,390876624.39940554,0.0,0.0,1369.8
2025-03-28 11:15:00,FLAT,390876624.39940554,390876624.39940554,0.0,0.0,1368.7
2025-03-28 13:00:00,FLAT,390876624.39940554,390876624.39940554,0.0,0.0,1370.2
2025-03-28 13:15:00,FLAT,390876624.39940554,390876624.39940554,0.0,0.0,1368.5
2025-03-28 13:30:00,FLAT,390876624.39940554,390876624.39940554,0.0,0.0,1368.3
2025-03-28 13:45:00,FLAT,390876624.39940554,390876624.39940554,0.0,0.0,1369.5
2025-03-28 14:00:00,FLAT,390876624.39940554,390876624.39940554,0.0,0.0,1367.3
2025-03-28 14:15:00,FLAT,390876624.39940554,390876624.39940554,0.0,0.0,1369.0
2025-03-28 14:30:00,FLAT,390876624.39940554,390876624.39940554,0.0,0.0,1367.1
2025-03-31 09:00:00,FLAT,390876624.39940554,390876624.39940554,0.0,0.0,1358.1
2025-03-31 09:15:00,FLAT,390876624.39940554,390876624.39940554,0.0,0.0,1358.0
2025-03-31 09:30:00,FLAT,390876624.39940554,390876624.39940554,0.0,0.0,1357.6
2025-03-31 09:45:00,FLAT,390876624.39940554,390876624.39940554,0.0,0.0,1359.2
2025-03-31 10:00:00,FLAT,390876624.39940554,390876624.39940554,0.0,0.0,1358.8
2025-03-31 10:15:00,FLAT,390876624.39940554,390876624.39940554,0.0,0.0,1359.6
2025-03-31 10:30:00,FLAT,390876624.39940554,390876624.39940554,0.0,0.0,1358.4
2025-03-31 10:45:00,FLAT,390876624.39940554,390876624.39940554,0.0,0.0,1358.9
2025-03-31 11:00:00,FLAT,390876624.39940554,390876624.39940554,0.0,0.0,1358.4
2025-03-31 11:15:00,FLAT,390876624.39940554,390876624.39940554,0.0,0.0,1357.8
2025-03-31 13:00:00,FLAT,390876624.39940554,390876624.39940554,0.0,0.0,1358.3
2025-03-31 13:15:00,FLAT,390876624.39940554,390876624.39940554,0.0,0.0,1357.7
2025-03-31 13:30:00,FLAT,390876624.39940554,390876624.39940554,0.0,0.0,1358.0
2025-03-31 13:45:00,FLAT,390876624.39940554,390876624.39940554,0.0,0.0,1358.8
2025-03-31 14:00:00,FLAT,390876624.39940554,390876624.39940554,0.0,0.0,1356.4
2025-03-31 14:15:00,FLAT,390876624.39940554,390876624.39940554,0.0,0.0,1358.1
2025-03-31 14:30:00,FLAT,390876624.39940554,390876624.39940554,0.0,0.0,1359.5
2025-04-01 09:00:00,FLAT,390876624.39940554,390876624.39940554,0.0,0.0,1365.0
2025-04-01 09:15:00,FLAT,390876624.39940554,390876624.39940554,0.0,0.0,1364.2
2025-04-01 09:30:00,FLAT,390876624.39940554,390876624.39940554,0.0,0.0,1363.6
2025-04-01 09:45:00,FLAT,390876624.39940554,390876624.39940554,0.0,0.0,1363.8
2025-04-01 10:00:00,FLAT,390876624.39940554,390876624.39940554,0.0,0.0,1364.0
2025-04-01 10:15:00,FLAT,390876624.39940554,390876624.39940554,0.0,0.0,1363.4
2025-04-01 10:30:00,FLAT,390876624.39940554,390876624.39940554,0.0,0.0,1364.2
2025-04-01 10:45:00,FLAT,390876624.39940554,390876624.39940554,0.0,0.0,1364.3
2025-04-01 11:00:00,FLAT,390876624.39940554,390876624.39940554,0.0,0.0,1363.9
2025-04-01 11:15:00,FLAT,390876624.39940554,390876624.39940554,0.0,0.0,1363.8
2025-04-01 13:00:00,FLAT,390876624.39940554,390876624.39940554,0.0,0.0,1363.5
2025-04-01 13:15:00,FLAT,390876624.39940554,390876624.39940554,0.0,0.0,1362.3
2025-04-01 13:30:00,FLAT,390876624.39940554,390876624.39940554,0.0,0.0,1361.5
2025-04-01 13:45:00,FLAT,390876624.39940554,390876624.39940554,0.0,0.0,1361.3
2025-04-01 14:00:00,FLAT,390876624.39940554,390876624.39940554,0.0,0.0,1361.0
2025-04-01 14:15:00,FLAT,390876624.39940554,390876624.39940554,0.0,0.0,1367.4
2025-04-01 14:30:00,FLAT,390876624.39940554,390876624.39940554,0.0,0.0,1367.3
2025-04-02 09:00:00,FLAT,390876624.39940554,390876624.39940554,0.0,0.0,1369.5
2025-04-02 09:15:00,FLAT,390876624.39940554,390876624.39940554,0.0,0.0,1368.9
2025-04-02 09:30:00,FLAT,390876624.39940554,390876624.39940554,0.0,0.0,1370.2
2025-04-02 09:45:00,FLAT,390876624.39940554,390876624.39940554,0.0,0.0,1372.4
2025-04-02 10:00:00,FLAT,390876624.39940554,390876624.39940554,0.0,0.0,1372.2
2025-04-02 10:15:00,FLAT,390876624.39940554,390876624.39940554,0.0,0.0,1371.8
2025-04-02 10:30:00,LONG,390691420.5299736,390168957.65049934,-522462.8794742557,0.0,1371.3
2025-04-02 10:45:00,LONG,390691420.5299736,390078957.65049946,-612462.8794741739,0.0,1371.2
2025-04-02 11:00:00,LONG,390691420.5299736,390168957.65049934,-522462.8794742557,0.0,1371.3
2025-04-02 11:15:00,LONG,390691420.5299736,390888957.65049934,197537.12052570336,0.0,1372.1
2025-04-02 13:00:00,LONG,390691420.5299736,389718957.65049934,-972462.8794742557,0.0,1370.8
2025-04-02 13:15:00,LONG,390691420.5299736,390168957.65049934,-522462.8794742557,0.0,1371.3
2025-04-02 13:30:00,LONG,390691420.5299736,390798957.6504994,107537.12052578521,0.0,1372.0
2025-04-02 13:45:00,LONG,390691420.5299736,392418957.65049934,1727537.1205257443,0.0,1373.8
2025-04-02 14:00:00,LONG,390691420.5299736,392418957.65049934,1727537.1205257443,0.0,1373.8
2025-04-02 14:15:00,FLAT,389173953.6504995,389173953.6504995,0.0,0.0,1370.9
2025-04-02 14:30:00,FLAT,389173953.6504995,389173953.6504995,0.0,0.0,1370.8
2025-04-03 09:00:00,FLAT,389173953.6504995,389173953.6504995,0.0,0.0,1331.5
2025-04-03 09:15:00,FLAT,389173953.6504995,389173953.6504995,0.0,0.0,1332.7
2025-04-03 09:30:00,FLAT,389173953.6504995,389173953.6504995,0.0,0.0,1320.0
2025-04-03 09:45:00,FLAT,389173953.6504995,389173953.6504995,0.0,0.0,1323.0
2025-04-03 10:00:00,FLAT,389173953.6504995,389173953.6504995,0.0,0.0,1320.7
2025-04-03 10:15:00,FLAT,389173953.6504995,389173953.6504995,0.0,0.0,1316.6
2025-04-03 10:30:00,FLAT,389173953.6504995,389173953.6504995,0.0,0.0,1302.8
2025-04-03 10:45:00,FLAT,389173953.6504995,389173953.6504995,0.0,0.0,1302.0
2025-04-03 11:00:00,FLAT,389173953.6504995,389173953.6504995,0.0,0.0,1301.0
2025-04-03 11:15:00,FLAT,389173953.6504995,389173953.6504995,0.0,0.0,1298.0
2025-04-03 13:00:00,FLAT,389173953.6504995,389173953.6504995,0.0,0.0,1287.3
2025-04-03 13:15:00,FLAT,389173953.6504995,389173953.6504995,0.0,0.0,1283.2
2025-04-03 13:30:00,FLAT,389173953.6504995,389173953.6504995,0.0,0.0,1281.8
2025-04-03 13:45:00,FLAT,389173953.6504995,389173953.6504995,0.0,0.0,1279.5
2025-04-03 14:00:00,FLAT,389173953.6504995,389173953.6504995,0.0,0.0,1276.7
2025-04-03 14:15:00,FLAT,389173953.6504995,389173953.6504995,0.0,0.0,1275.6
2025-04-04 09:00:00,FLAT,389173953.6504995,389173953.6504995,0.0,0.0,1231.2
2025-04-04 09:15:00,FLAT,389173953.6504995,389173953.6504995,0.0,0.0,1224.5
2025-04-04 09:30:00,FLAT,389173953.6504995,389173953.6504995,0.0,0.0,1237.0
2025-04-04 09:45:00,FLAT,389173953.6504995,389173953.6504995,0.0,0.0,1242.4
2025-04-04 10:00:00,FLAT,389173953.6504995,389173953.6504995,0.0,0.0,1254.2
2025-04-04 10:15:00,FLAT,389173953.6504995,389173953.6504995,0.0,0.0,1256.1
2025-04-04 10:30:00,FLAT,389173953.6504995,389173953.6504995,0.0,0.0,1252.3
2025-04-04 10:45:00,FLAT,389173953.6504995,389173953.6504995,0.0,0.0,1239.8
2025-04-04 11:00:00,FLAT,389173953.6504995,389173953.6504995,0.0,0.0,1234.7
2025-04-04 11:15:00,FLAT,389173953.6504995,389173953.6504995,0.0,0.0,1235.6
2025-04-04 13:00:00,FLAT,389173953.6504995,389173953.6504995,0.0,0.0,1242.2
2025-04-04 13:15:00,FLAT,389173953.6504995,389173953.6504995,0.0,0.0,1246.6
2025-04-04 13:30:00,FLAT,389173953.6504995,389173953.6504995,0.0,0.0,1247.5
2025-04-04 13:45:00,FLAT,389173953.6504995,389173953.6504995,0.0,0.0,1255.5
2025-04-04 14:00:00,FLAT,389173953.6504995,389173953.6504995,0.0,0.0,1253.7
2025-04-04 14:15:00,FLAT,394414860.19358885,394414860.19358885,0.0,0.0,1267.0
2025-04-04 14:30:00,FLAT,394414860.19358885,394414860.19358885,0.0,0.0,1265.1
2025-04-08 09:00:00,FLAT,394414860.19358885,394414860.19358885,0.0,0.0,1235.6
2025-04-08 09:15:00,FLAT,394414860.19358885,394414860.19358885,0.0,0.0,1212.4
2025-04-08 09:30:00,FLAT,394414860.19358885,394414860.19358885,0.0,0.0,1218.0
2025-04-08 09:45:00,FLAT,394414860.19358885,394414860.19358885,0.0,0.0,1211.4
2025-04-08 10:00:00,FLAT,394414860.19358885,394414860.19358885,0.0,0.0,1196.1
2025-04-08 10:15:00,FLAT,394414860.19358885,394414860.19358885,0.0,0.0,1185.8
2025-04-08 10:30:00,FLAT,394414860.19358885,394414860.19358885,0.0,0.0,1182.0
2025-04-08 10:45:00,FLAT,394414860.19358885,394414860.19358885,0.0,0.0,1187.1
2025-04-08 11:00:00,FLAT,394414860.19358885,394414860.19358885,0.0,0.0,1195.2
2025-04-08 11:15:00,FLAT,394414860.19358885,394414860.19358885,0.0,0.0,1205.0
2025-04-08 13:00:00,FLAT,394414860.19358885,394414860.19358885,0.0,0.0,1193.9
2025-04-08 13:15:00,FLAT,394414860.19358885,394414860.19358885,0.0,0.0,1188.8
2025-04-08 13:30:00,FLAT,394414860.19358885,394414860.19358885,0.0,0.0,1193.7
2025-04-08 13:45:00,FLAT,394414860.19358885,394414860.19358885,0.0,0.0,1187.4
2025-04-08 14:00:00,FLAT,394414860.19358885,394414860.19358885,0.0,0.0,1178.5
2025-04-08 14:15:00,FLAT,394414860.19358885,394414860.19358885,0.0,0.0,1178.5
2025-04-09 09:00:00,FLAT,394414860.19358885,394414860.19358885,0.0,0.0,1130.3
2025-04-09 09:15:00,FLAT,394414860.19358885,394414860.19358885,0.0,0.0,1148.9
2025-04-09 09:30:00,FLAT,394414860.19358885,394414860.19358885,0.0,0.0,1167.0
2025-04-09 09:45:00,FLAT,394414860.19358885,394414860.19358885,0.0,0.0,1190.3
2025-04-09 10:00:00,FLAT,394414860.19358885,394414860.19358885,0.0,0.0,1188.4
2025-04-09 10:15:00,FLAT,394414860.19358885,394414860.19358885,0.0,0.0,1181.7
2025-04-09 10:30:00,FLAT,394414860.19358885,394414860.19358885,0.0,0.0,1176.6
2025-04-09 10:45:00,FLAT,394414860.19358885,394414860.19358885,0.0,0.0,1174.1
2025-04-09 11:00:00,FLAT,394414860.19358885,394414860.19358885,0.0,0.0,1184.4
2025-04-09 11:15:00,FLAT,394414860.19358885,394414860.19358885,0.0,0.0,1160.9
2025-04-09 13:00:00,FLAT,394414860.19358885,394414860.19358885,0.0,0.0,1186.0
2025-04-09 13:15:00,FLAT,394414860.19358885,394414860.19358885,0.0,0.0,1189.1
2025-04-09 13:30:00,FLAT,394414860.19358885,394414860.19358885,0.0,0.0,1185.2
2025-04-09 13:45:00,FLAT,394414860.19358885,394414860.19358885,0.0,0.0,1187.0
2025-04-09 14:00:00,FLAT,394414860.19358885,394414860.19358885,0.0,0.0,1169.7
2025-04-09 14:15:00,FLAT,394414860.19358885,394414860.19358885,0.0,0.0,1162.0
2025-04-09 14:30:00,FLAT,394414860.19358885,394414860.19358885,0.0,0.0,1165.0
2025-04-10 09:00:00,FLAT,394414860.19358885,394414860.19358885,0.0,0.0,1260.3
2025-04-10 09:15:00,FLAT,394414860.19358885,394414860.19358885,0.0,0.0,1260.4
2025-04-11 09:00:00,FLAT,394414860.19358885,394414860.19358885,0.0,0.0,1265.2
2025-04-11 09:15:00,FLAT,394414860.19358885,394414860.19358885,0.0,0.0,1272.2
2025-04-11 09:30:00,FLAT,394414860.19358885,394414860.19358885,0.0,0.0,1269.9
2025-04-11 09:45:00,FLAT,394414860.19358885,394414860.19358885,0.0,0.0,1271.1
2025-04-11 10:00:00,FLAT,394414860.19358885,394414860.19358885,0.0,0.0,1285.1
2025-04-11 10:15:00,FLAT,394414860.19358885,394414860.19358885,0.0,0.0,1284.3
2025-04-11 10:30:00,FLAT,394414860.19358885,394414860.19358885,0.0,0.0,1287.6
2025-04-11 10:45:00,FLAT,394414860.19358885,394414860.19358885,0.0,0.0,1285.3
2025-04-11 11:00:00,FLAT,394414860.19358885,394414860.19358885,0.0,0.0,1288.1
2025-04-11 11:15:00,FLAT,394414860.19358885,394414860.19358885,0.0,0.0,1285.1
2025-04-11 13:00:00,FLAT,394414860.19358885,394414860.19358885,0.0,0.0,1291.4
2025-04-11 13:15:00,FLAT,394414860.19358885,394414860.19358885,0.0,0.0,1294.5
2025-04-11 13:30:00,FLAT,394414860.19358885,394414860.19358885,0.0,0.0,1291.5
2025-04-11 13:45:00,FLAT,394414860.19358885,394414860.19358885,0.0,0.0,1296.0
2025-04-11 14:00:00,FLAT,394414860.19358885,394414860.19358885,0.0,0.0,1297.7
2025-04-11 14:15:00,FLAT,394414860.19358885,394414860.19358885,0.0,0.0,1302.4
2025-04-11 14:30:00,FLAT,394414860.19358885,394414860.19358885,0.0,0.0,1305.2
2025-04-14 09:00:00,FLAT,394414860.19358885,394414860.19358885,0.0,0.0,1315.1
2025-04-14 09:15:00,FLAT,394414860.19358885,394414860.19358885,0.0,0.0,1310.7
2025-04-14 09:30:00,FLAT,394414860.19358885,394414860.19358885,0.0,0.0,1310.9
2025-04-14 09:45:00,FLAT,394414860.19358885,394414860.19358885,0.0,0.0,1313.0
2025-04-14 10:00:00,FLAT,394414860.19358885,394414860.19358885,0.0,0.0,1312.9
2025-04-14 10:15:00,FLAT,394414860.19358885,394414860.19358885,0.0,0.0,1313.5
2025-04-14 10:30:00,FLAT,394414860.19358885,394414860.19358885,0.0,0.0,1313.6
2025-04-14 10:45:00,FLAT,394414860.19358885,394414860.19358885,0.0,0.0,1312.3
2025-04-14 11:00:00,FLAT,394414860.19358885,394414860.19358885,0.0,0.0,1310.2
2025-04-14 11:15:00,FLAT,394414860.19358885,394414860.19358885,0.0,0.0,1311.3
2025-04-14 13:00:00,FLAT,394414860.19358885,394414860.19358885,0.0,0.0,1314.2
2025-04-14 13:15:00,FLAT,394414860.19358885,394414860.19358885,0.0,0.0,1314.9
2025-04-14 13:30:00,FLAT,394414860.19358885,394414860.19358885,0.0,0.0,1316.0
2025-04-14 13:45:00,FLAT,394414860.19358885,394414860.19358885,0.0,0.0,1316.1
2025-04-14 14:00:00,FLAT,394414860.19358885,394414860.19358885,0.0,0.0,1319.0
2025-04-14 14:15:00,FLAT,394414860.19358885,394414860.19358885,0.0,0.0,1319.3
2025-04-14 14:30:00,FLAT,394414860.19358885,394414860.19358885,0.0,0.0,1320.0
2025-04-15 09:00:00,FLAT,394414860.19358885,394414860.19358885,0.0,0.0,1302.5
2025-04-15 09:15:00,FLAT,394414860.19358885,394414860.19358885,0.0,0.0,1305.3
2025-04-15 09:30:00,FLAT,394414860.19358885,394414860.19358885,0.0,0.0,1309.8
2025-04-15 09:45:00,FLAT,394414860.19358885,394414860.19358885,0.0,0.0,1307.9
2025-04-15 10:00:00,FLAT,394414860.19358885,394414860.19358885,0.0,0.0,1313.7
2025-04-15 10:15:00,LONG,394355729.23124385,394049313.5978422,-306415.6334016616,0.0,1313.0
2025-04-15 10:30:00,LONG,394355729.23124385,393359313.5978422,-996415.6334016479,0.0,1310.7
2025-04-15 10:45:00,LONG,394355729.23124385,392369313.5978422,-1986415.6334016344,0.0,1307.4
2025-04-15 11:00:00,LONG,394355729.23124385,392519313.5978422,-1836415.6334016344,0.0,1307.9
2025-04-15 11:15:00,LONG,394355729.23124385,391709313.5978422,-2646415.633401648,0.0,1305.2
2025-04-15 13:00:00,FLAT,390600737.0978422,390600737.0978422,0.0,0.0,1304.9
2025-04-15 13:15:00,FLAT,390600737.0978422,390600737.0978422,0.0,0.0,1307.1
2025-04-15 13:30:00,FLAT,390600737.0978422,390600737.0978422,0.0,0.0,1306.3
2025-04-15 13:45:00,FLAT,390600737.0978422,390600737.0978422,0.0,0.0,1309.0
2025-04-15 14:00:00,LONG,390522227.2018291,390962920.4475249,440693.2456958202,0.0,1309.6
2025-04-15 14:15:00,FLAT,389964482.4475249,389964482.4475249,0.0,0.0,1307.8
2025-04-15 14:30:00,FLAT,389964482.4475249,389964482.4475249,0.0,0.0,1308.4
2025-04-16 09:00:00,FLAT,389964482.4475249,389964482.4475249,0.0,0.0,1304.8
2025-04-16 09:15:00,FLAT,389964482.4475249,389964482.4475249,0.0,0.0,1307.5
2025-04-16 09:30:00,FLAT,389964482.4475249,389964482.4475249,0.0,0.0,1306.8
2025-04-16 09:45:00,FLAT,389964482.4475249,389964482.4475249,0.0,0.0,1309.8
2025-04-16 10:00:00,FLAT,389964482.4475249,389964482.4475249,0.0,0.0,1309.9
2025-04-16 10:15:00,FLAT,389964482.4475249,389964482.4475249,0.0,0.0,1311.9
2025-04-16 10:30:00,FLAT,389964482.4475249,389964482.4475249,0.0,0.0,1310.1
2025-04-16 10:45:00,FLAT,389964482.4475249,389964482.4475249,0.0,0.0,1310.1
2025-04-16 11:00:00,FLAT,389964482.4475249,389964482.4475249,0.0,0.0,1309.1
2025-04-16 11:15:00,FLAT,389964482.4475249,389964482.4475249,0.0,0.0,1308.4
2025-04-16 13:00:00,FLAT,389964482.4475249,389964482.4475249,0.0,0.0,1304.7
2025-04-16 13:15:00,FLAT,389964482.4475249,389964482.4475249,0.0,0.0,1301.2
2025-04-16 13:30:00,FLAT,389964482.4475249,389964482.4475249,0.0,0.0,1296.9
2025-04-16 13:45:00,FLAT,389964482.4475249,389964482.4475249,0.0,0.0,1298.3
2025-04-16 14:00:00,FLAT,389964482.4475249,389964482.4475249,0.0,0.0,1289.5
2025-04-16 14:15:00,FLAT,389964482.4475249,389964482.4475249,0.0,0.0,1287.1
2025-04-16 14:30:00,FLAT,389964482.4475249,389964482.4475249,0.0,0.0,1286.5
2025-04-17 09:00:00,FLAT,389964482.4475249,389964482.4475249,0.0,0.0,1287.1
2025-04-17 09:15:00,FLAT,389964482.4475249,389964482.4475249,0.0,0.0,1294.6
2025-04-17 09:30:00,LONG,389867598.92410916,390027442.81931776,159843.89520860987,0.0,1292.1
2025-04-17 09:45:00,LONG,389867598.92410916,388927442.8193179,-940156.1047912992,0.0,1289.9
2025-04-17 10:00:00,LONG,389867598.92410916,388527442.81931776,-1340156.1047913902,0.0,1289.1
2025-04-17 10:15:00,LONG,389867598.92410916,387377442.8193178,-2490156.1047913674,0.0,1286.8
2025-04-17 10:30:00,LONG,389867598.92410916,388677442.8193179,-1190156.1047912992,0.0,1289.4
2025-04-17 10:45:00,LONG,389867598.92410916,388827442.8193178,-1040156.1047913219,0.0,1289.7
2025-04-17 11:00:00,LONG,389867598.92410916,388077442.8193178,-1790156.104791322,0.0,1288.2
2025-04-17 11:15:00,LONG,389867598.92410916,387977442.8193178,-1890156.1047913446,0.0,1288.0
2025-04-17 13:00:00,LONG,389867598.92410916,389577442.8193178,-290156.1047913219,0.0,1291.2
2025-04-17 13:15:00,LONG,389867598.92410916,388977442.8193178,-890156.1047913446,0.0,1290.0
2025-04-17 13:30:00,LONG,389867598.92410916,389777442.81931776,-90156.10479139013,0.0,1291.6
2025-04-17 13:45:00,LONG,389867598.92410916,389077442.8193178,-790156.1047913219,0.0,1290.2
2025-04-17 14:00:00,LONG,389867598.92410916,388127442.8193178,-1740156.1047913674,0.0,1288.3
2025-04-17 14:15:00,FLAT,391530295.3193178,391530295.3193178,0.0,0.0,1295.8
2025-04-17 14:30:00,FLAT,391530295.3193178,391530295.3193178,0.0,0.0,1296.0
2025-04-18 09:00:00,FLAT,391530295.3193178,391530295.3193178,0.0,0.0,1308.3
2025-04-18 09:15:00,FLAT,391530295.3193178,391530295.3193178,0.0,0.0,1307.9
2025-04-18 09:30:00,FLAT,391530295.3193178,391530295.3193178,0.0,0.0,1309.0
2025-04-18 09:45:00,FLAT,391530295.3193178,391530295.3193178,0.0,0.0,1308.5
2025-04-18 10:00:00,FLAT,391530295.3193178,391530295.3193178,0.0,0.0,1308.8
2025-04-18 10:15:00,FLAT,391530295.3193178,391530295.3193178,0.0,0.0,1307.3
2025-04-18 10:30:00,FLAT,391530295.3193178,391530295.3193178,0.0,0.0,1307.4
2025-04-18 10:45:00,FLAT,391530295.3193178,391530295.3193178,0.0,0.0,1310.0
2025-04-18 11:00:00,FLAT,391530295.3193178,391530295.3193178,0.0,0.0,1309.7
2025-04-18 11:15:00,FLAT,391530295.3193178,391530295.3193178,0.0,0.0,1309.9
2025-04-18 13:00:00,FLAT,391530295.3193178,391530295.3193178,0.0,0.0,1311.8
2025-04-18 13:15:00,FLAT,391530295.3193178,391530295.3193178,0.0,0.0,1312.4
2025-04-18 13:30:00,FLAT,391530295.3193178,391530295.3193178,0.0,0.0,1312.8
2025-04-18 13:45:00,FLAT,391530295.3193178,391530295.3193178,0.0,0.0,1318.0
2025-04-18 14:00:00,FLAT,391530295.3193178,391530295.3193178,0.0,0.0,1317.4
2025-04-18 14:15:00,FLAT,387346337.25776565,387346337.25776565,0.0,0.0,1307.5
2025-04-18 14:30:00,FLAT,387346337.25776565,387346337.25776565,0.0,0.0,1307.0
2025-04-21 09:00:00,FLAT,387346337.25776565,387346337.25776565,0.0,0.0,1297.5
2025-04-21 09:15:00,FLAT,387346337.25776565,387346337.25776565,0.0,0.0,1294.1
2025-04-21 09:30:00,FLAT,387346337.25776565,387346337.25776565,0.0,0.0,1295.7
2025-04-21 09:45:00,FLAT,387346337.25776565,387346337.25776565,0.0,0.0,1295.3
2025-04-21 10:00:00,FLAT,387346337.25776565,387346337.25776565,0.0,0.0,1291.8
2025-04-21 10:15:00,FLAT,387346337.25776565,387346337.25776565,0.0,0.0,1292.3
2025-04-21 10:30:00,FLAT,387346337.25776565,387346337.25776565,0.0,0.0,1290.3
2025-04-21 10:45:00,FLAT,387346337.25776565,387346337.25776565,0.0,0.0,1290.9
2025-04-21 11:00:00,FLAT,387346337.25776565,387346337.25776565,0.0,0.0,1288.8
2025-04-21 11:15:00,FLAT,387346337.25776565,387346337.25776565,0.0,0.0,1289.2
2025-04-21 13:00:00,FLAT,387346337.25776565,387346337.25776565,0.0,0.0,1291.0
2025-04-21 13:15:00,FLAT,387346337.25776565,387346337.25776565,0.0,0.0,1291.7
2025-04-21 13:30:00,FLAT,387346337.25776565,387346337.25776565,0.0,0.0,1291.5
2025-04-21 13:45:00,FLAT,387346337.25776565,387346337.25776565,0.0,0.0,1293.7
2025-04-21 14:00:00,FLAT,387346337.25776565,387346337.25776565,0.0,0.0,1289.6
2025-04-21 14:15:00,FLAT,387346337.25776565,387346337.25776565,0.0,0.0,1289.0
2025-04-21 14:30:00,FLAT,387346337.25776565,387346337.25776565,0.0,0.0,1287.0
2025-04-22 09:00:00,FLAT,387346337.25776565,387346337.25776565,0.0,0.0,1284.2
2025-04-22 09:15:00,FLAT,387346337.25776565,387346337.25776565,0.0,0.0,1284.0
2025-04-22 09:30:00,FLAT,387346337.25776565,387346337.25776565,0.0,0.0,1284.1
2025-04-22 09:45:00,FLAT,387346337.25776565,387346337.25776565,0.0,0.0,1284.5
2025-04-22 10:00:00,FLAT,387346337.25776565,387346337.25776565,0.0,0.0,1284.0
2025-04-22 10:15:00,FLAT,387346337.25776565,387346337.25776565,0.0,0.0,1285.7
2025-04-22 10:30:00,FLAT,387346337.25776565,387346337.25776565,0.0,0.0,1285.9
2025-04-22 10:45:00,FLAT,387346337.25776565,387346337.25776565,0.0,0.0,1286.3
2025-04-22 11:00:00,FLAT,387346337.25776565,387346337.25776565,0.0,0.0,1284.1
2025-04-22 11:15:00,FLAT,387346337.25776565,387346337.25776565,0.0,0.0,1275.7
2025-04-22 13:00:00,FLAT,387346337.25776565,387346337.25776565,0.0,0.0,1255.6
2025-04-22 13:15:00,FLAT,387346337.25776565,387346337.25776565,0.0,0.0,1233.8
2025-04-22 13:30:00,FLAT,387346337.25776565,387346337.25776565,0.0,0.0,1238.0
2025-04-22 13:45:00,FLAT,387346337.25776565,387346337.25776565,0.0,0.0,1248.0
2025-04-22 14:00:00,FLAT,387346337.25776565,387346337.25776565,0.0,0.0,1254.0
2025-04-22 14:15:00,FLAT,387346337.25776565,387346337.25776565,0.0,0.0,1293.0
2025-04-22 14:30:00,FLAT,387346337.25776565,387346337.25776565,0.0,0.0,1297.0
2025-04-23 09:00:00,FLAT,387346337.25776565,387346337.25776565,0.0,0.0,1315.3
2025-04-23 09:15:00,FLAT,387346337.25776565,387346337.25776565,0.0,0.0,1306.9
2025-04-23 09:30:00,FLAT,387346337.25776565,387346337.25776565,0.0,0.0,1306.0
2025-04-23 09:45:00,FLAT,387346337.25776565,387346337.25776565,0.0,0.0,1302.6
2025-04-23 10:00:00,FLAT,387346337.25776565,387346337.25776565,0.0,0.0,1298.0
2025-04-23 10:15:00,FLAT,387346337.25776565,387346337.25776565,0.0,0.0,1301.7
2025-04-23 10:30:00,FLAT,387346337.25776565,387346337.25776565,0.0,0.0,1305.3
2025-04-23 10:45:00,FLAT,387346337.25776565,387346337.25776565,0.0,0.0,1306.8
2025-04-23 11:00:00,FLAT,387346337.25776565,387346337.25776565,0.0,0.0,1301.6
2025-04-23 11:15:00,FLAT,387346337.25776565,387346337.25776565,0.0,0.0,1305.8
2025-04-23 13:00:00,FLAT,387346337.25776565,387346337.25776565,0.0,0.0,1304.5
2025-04-23 13:15:00,FLAT,387346337.25776565,387346337.25776565,0.0,0.0,1302.7
2025-04-23 13:30:00,FLAT,387346337.25776565,387346337.25776565,0.0,0.0,1305.7
2025-04-23 13:45:00,FLAT,387346337.25776565,387346337.25776565,0.0,0.0,1306.7
2025-04-23 14:00:00,FLAT,387346337.25776565,387346337.25776565,0.0,0.0,1302.3
2025-04-23 14:15:00,FLAT,387346337.25776565,387346337.25776565,0.0,0.0,1302.2
2025-04-23 14:30:00,FLAT,387346337.25776565,387346337.25776565,0.0,0.0,1304.5
2025-04-24 09:00:00,FLAT,387346337.25776565,387346337.25776565,0.0,0.0,1302.2
2025-04-24 09:15:00,FLAT,387346337.25776565,387346337.25776565,0.0,0.0,1304.6
2025-04-24 09:30:00,FLAT,387346337.25776565,387346337.25776565,0.0,0.0,1305.5
2025-04-24 09:45:00,FLAT,387346337.25776565,387346337.25776565,0.0,0.0,1302.1
2025-04-24 10:00:00,FLAT,387346337.25776565,387346337.25776565,0.0,0.0,1303.4
2025-04-24 10:15:00,FLAT,387346337.25776565,387346337.25776565,0.0,0.0,1299.2
2025-04-24 10:30:00,FLAT,387346337.25776565,387346337.25776565,0.0,0.0,1297.9
2025-04-24 10:45:00,FLAT,387346337.25776565,387346337.25776565,0.0,0.0,1298.1
2025-04-24 11:00:00,FLAT,387346337.25776565,387346337.25776565,0.0,0.0,1301.5
2025-04-24 11:15:00,FLAT,387346337.25776565,387346337.25776565,0.0,0.0,1300.4
2025-04-24 13:00:00,FLAT,387346337.25776565,387346337.25776565,0.0,0.0,1302.8
2025-04-24 13:15:00,FLAT,387346337.25776565,387346337.25776565,0.0,0.0,1303.4
2025-04-24 13:30:00,FLAT,387346337.25776565,387346337.25776565,0.0,0.0,1302.5
2025-04-24 13:45:00,FLAT,387346337.25776565,387346337.25776565,0.0,0.0,1302.0
2025-04-24 14:00:00,FLAT,387346337.25776565,387346337.25776565,0.0,0.0,1306.2
2025-04-24 14:15:00,FLAT,387346337.25776565,387346337.25776565,0.0,0.0,1307.0
2025-04-24 14:30:00,FLAT,387346337.25776565,387346337.25776565,0.0,0.0,1305.6
2025-04-25 09:00:00,FLAT,387346337.25776565,387346337.25776565,0.0,0.0,1311.6
2025-04-25 09:15:00,FLAT,387346337.25776565,387346337.25776565,0.0,0.0,1312.0
2025-04-25 09:30:00,FLAT,387346337.25776565,387346337.25776565,0.0,0.0,1311.4
2025-04-25 09:45:00,FLAT,387346337.25776565,387346337.25776565,0.0,0.0,1311.7
2025-04-25 10:00:00,FLAT,387346337.25776565,387346337.25776565,0.0,0.0,1309.1
2025-04-25 10:15:00,FLAT,387346337.25776565,387346337.25776565,0.0,0.0,1309.5
2025-04-25 10:30:00,FLAT,387346337.25776565,387346337.25776565,0.0,0.0,1307.6
2025-04-25 10:45:00,FLAT,387346337.25776565,387346337.25776565,0.0,0.0,1308.0
2025-04-25 11:00:00,FLAT,387346337.25776565,387346337.25776565,0.0,0.0,1308.2
2025-04-25 11:15:00,FLAT,387346337.25776565,387346337.25776565,0.0,0.0,1309.1
2025-04-25 13:00:00,FLAT,387346337.25776565,387346337.25776565,0.0,0.0,1310.4
2025-04-25 13:15:00,FLAT,387346337.25776565,387346337.25776565,0.0,0.0,1311.7
2025-04-25 13:30:00,FLAT,387346337.25776565,387346337.25776565,0.0,0.0,1311.5
2025-04-25 13:45:00,FLAT,387346337.25776565,387346337.25776565,0.0,0.0,1310.2
2025-04-25 14:00:00,FLAT,387346337.25776565,387346337.25776565,0.0,0.0,1310.9
2025-04-25 14:15:00,FLAT,387346337.25776565,387346337.25776565,0.0,0.0,1310.1
2025-04-25 14:30:00,FLAT,387346337.25776565,387346337.25776565,0.0,0.0,1311.0
2025-04-28 09:00:00,FLAT,387346337.25776565,387346337.25776565,0.0,0.0,1313.9
2025-04-28 09:15:00,FLAT,387346337.25776565,387346337.25776565,0.0,0.0,1309.8
2025-04-28 09:30:00,FLAT,387346337.25776565,387346337.25776565,0.0,0.0,1309.7
2025-04-28 09:45:00,FLAT,387346337.25776565,387346337.25776565,0.0,0.0,1309.1
2025-04-28 10:00:00,FLAT,387346337.25776565,387346337.25776565,0.0,0.0,1308.7
2025-04-28 10:15:00,FLAT,387346337.25776565,387346337.25776565,0.0,0.0,1309.0
2025-04-28 10:30:00,FLAT,387346337.25776565,387346337.25776565,0.0,0.0,1308.3
2025-04-28 10:45:00,FLAT,387346337.25776565,387346337.25776565,0.0,0.0,1307.2
2025-04-28 11:00:00,FLAT,387346337.25776565,387346337.25776565,0.0,0.0,1307.9
2025-04-28 11:15:00,FLAT,387346337.25776565,387346337.25776565,0.0,0.0,1308.6
2025-04-28 13:00:00,FLAT,387346337.25776565,387346337.25776565,0.0,0.0,1308.8
2025-04-28 13:15:00,FLAT,387346337.25776565,387346337.25776565,0.0,0.0,1309.6
2025-04-28 13:30:00,FLAT,387346337.25776565,387346337.25776565,0.0,0.0,1310.8
2025-04-28 13:45:00,FLAT,387346337.25776565,387346337.25776565,0.0,0.0,1311.4
2025-04-28 14:00:00,FLAT,387346337.25776565,387346337.25776565,0.0,0.0,1309.9
2025-04-28 14:15:00,FLAT,387346337.25776565,387346337.25776565,0.0,0.0,1311.2
2025-04-28 14:30:00,FLAT,387346337.25776565,387346337.25776565,0.0,0.0,1311.9
2025-04-29 09:00:00,FLAT,387346337.25776565,387346337.25776565,0.0,0.0,1310.4
2025-04-29 09:15:00,FLAT,387346337.25776565,387346337.25776565,0.0,0.0,1308.2
2025-04-29 09:30:00,FLAT,387346337.25776565,387346337.25776565,0.0,0.0,1307.9
2025-04-29 09:45:00,FLAT,387346337.25776565,387346337.25776565,0.0,0.0,1309.5
2025-04-29 10:00:00,FLAT,387346337.25776565,387346337.25776565,0.0,0.0,1309.7
2025-04-29 10:15:00,FLAT,387346337.25776565,387346337.25776565,0.0,0.0,1308.8
2025-04-29 10:30:00,FLAT,387346337.25776565,387346337.25776565,0.0,0.0,1308.4
2025-04-29 10:45:00,FLAT,387346337.25776565,387346337.25776565,0.0,0.0,1309.0
2025-04-29 11:00:00,FLAT,387346337.25776565,387346337.25776565,0.0,0.0,1308.8
2025-04-29 11:15:00,FLAT,387346337.25776565,387346337.25776565,0.0,0.0,1308.9
2025-04-29 13:00:00,FLAT,387346337.25776565,387346337.25776565,0.0,0.0,1309.2
2025-04-29 13:15:00,FLAT,387346337.25776565,387346337.25776565,0.0,0.0,1310.0
2025-04-29 13:30:00,FLAT,387346337.25776565,387346337.25776565,0.0,0.0,1311.3
2025-04-29 13:45:00,FLAT,387346337.25776565,387346337.25776565,0.0,0.0,1311.7
2025-04-29 14:00:00,FLAT,387346337.25776565,387346337.25776565,0.0,0.0,1311.5
2025-04-29 14:15:00,FLAT,387346337.25776565,387346337.25776565,0.0,0.0,1309.3
2025-04-29 14:30:00,FLAT,387346337.25776565,387346337.25776565,0.0,0.0,1309.1
2025-05-05 09:00:00,FLAT,387346337.25776565,387346337.25776565,0.0,0.0,1311.9
2025-05-05 09:15:00,FLAT,387346337.25776565,387346337.25776565,0.0,0.0,1309.0
2025-05-05 09:30:00,FLAT,387346337.25776565,387346337.25776565,0.0,0.0,1309.7
2025-05-05 09:45:00,FLAT,387346337.25776565,387346337.25776565,0.0,0.0,1309.5
2025-05-05 10:00:00,FLAT,387346337.25776565,387346337.25776565,0.0,0.0,1310.2
2025-05-05 10:15:00,FLAT,387346337.25776565,387346337.25776565,0.0,0.0,1309.3
2025-05-05 10:30:00,FLAT,387346337.25776565,387346337.25776565,0.0,0.0,1308.8
2025-05-05 10:45:00,FLAT,387346337.25776565,387346337.25776565,0.0,0.0,1309.4
2025-05-05 11:00:00,FLAT,387346337.25776565,387346337.25776565,0.0,0.0,1310.1
2025-05-05 11:15:00,FLAT,387346337.25776565,387346337.25776565,0.0,0.0,1310.2
2025-05-05 13:00:00,FLAT,387346337.25776565,387346337.25776565,0.0,0.0,1311.4
2025-05-05 13:15:00,FLAT,387346337.25776565,387346337.25776565,0.0,0.0,1311.3
2025-05-05 13:30:00,FLAT,387346337.25776565,387346337.25776565,0.0,0.0,1311.1
2025-05-05 13:45:00,FLAT,387346337.25776565,387346337.25776565,0.0,0.0,1314.0
2025-05-05 14:00:00,FLAT,387346337.25776565,387346337.25776565,0.0,0.0,1315.4
2025-05-05 14:15:00,FLAT,387346337.25776565,387346337.25776565,0.0,0.0,1315.4
2025-05-05 14:30:00,FLAT,387346337.25776565,387346337.25776565,0.0,0.0,1314.5
2025-05-06 09:00:00,FLAT,387346337.25776565,387346337.25776565,0.0,0.0,1319.5
2025-05-06 09:15:00,FLAT,387346337.25776565,387346337.25776565,0.0,0.0,1321.2
2025-05-06 09:30:00,LONG,387187757.25776565,385747757.2577657,-1439999.9999999637,0.0,1319.7
2025-05-06 09:45:00,LONG,387187757.25776565,386547757.2577657,-639999.9999999637,0.0,1320.7
2025-05-06 10:00:00,LONG,387187757.25776565,388547757.2577657,1360000.0000000363,0.0,1323.2
2025-05-06 10:15:00,LONG,387187757.25776565,388387757.25776565,1200000.0,0.0,1323.0
2025-05-06 10:30:00,LONG,387187757.25776565,389507757.2577657,2320000.0000000726,0.0,1324.4
2025-05-06 10:45:00,LONG,387187757.25776565,387747757.2577657,560000.0000000363,0.0,1322.2
2025-05-06 11:00:00,LONG,387187757.25776565,387907757.2577657,720000.0000000728,0.0,1322.4
2025-05-06 11:15:00,LONG,387187757.25776565,388547757.2577657,1360000.0000000363,0.0,1323.2
2025-05-06 13:00:00,LONG,387187757.25776565,388707757.2577657,1520000.0000000726,0.0,1323.4
2025-05-06 13:15:00,LONG,387187757.25776565,391427757.2577656,4239999.999999964,0.0,1326.8
2025-05-06 13:30:00,FLAT,392474609.397551,392474609.397551,0.0,0.0,1329.8
2025-05-06 13:45:00,FLAT,392474609.397551,392474609.397551,0.0,0.0,1325.8
2025-05-06 14:00:00,FLAT,392474609.397551,392474609.397551,0.0,0.0,1322.3
2025-05-06 14:15:00,FLAT,392474609.397551,392474609.397551,0.0,0.0,1318.7
2025-05-06 14:30:00,FLAT,392474609.397551,392474609.397551,0.0,0.0,1317.0
2025-05-07 09:00:00,FLAT,392474609.397551,392474609.397551,0.0,0.0,1318.0
2025-05-07 09:15:00,FLAT,392474609.397551,392474609.397551,0.0,0.0,1320.0
2025-05-07 09:30:00,FLAT,392474609.397551,392474609.397551,0.0,0.0,1321.2
2025-05-07 09:45:00,FLAT,392474609.397551,392474609.397551,0.0,0.0,1320.8
2025-05-07 10:00:00,FLAT,392474609.397551,392474609.397551,0.0,0.0,1320.9
2025-05-07 10:15:00,FLAT,392474609.397551,392474609.397551,0.0,0.0,1321.2
2025-05-07 10:30:00,FLAT,392474609.397551,392474609.397551,0.0,0.0,1320.9
2025-05-07 10:45:00,FLAT,392474609.397551,392474609.397551,0.0,0.0,1319.7
2025-05-07 11:00:00,FLAT,392474609.397551,392474609.397551,0.0,0.0,1320.7
2025-05-07 11:15:00,FLAT,392474609.397551,392474609.397551,0.0,0.0,1320.2
2025-05-07 13:00:00,FLAT,392474609.397551,392474609.397551,0.0,0.0,1324.2
2025-05-07 13:15:00,FLAT,392474609.397551,392474609.397551,0.0,0.0,1321.6
2025-05-07 13:30:00,FLAT,392474609.397551,392474609.397551,0.0,0.0,1322.4
2025-05-07 13:45:00,FLAT,392474609.397551,392474609.397551,0.0,0.0,1322.9
2025-05-07 14:00:00,FLAT,392474609.397551,392474609.397551,0.0,0.0,1324.0
2025-05-07 14:15:00,FLAT,392474609.397551,392474609.397551,0.0,0.0,1324.6
2025-05-07 14:30:00,FLAT,392474609.397551,392474609.397551,0.0,0.0,1326.0
2025-05-08 09:00:00,FLAT,392474609.397551,392474609.397551,0.0,0.0,1327.9
2025-05-08 09:15:00,FLAT,392474609.397551,392474609.397551,0.0,0.0,1328.3
2025-05-08 09:30:00,FLAT,392474609.397551,392474609.397551,0.0,0.0,1326.7
2025-05-08 09:45:00,FLAT,392474609.397551,392474609.397551,0.0,0.0,1328.1
2025-05-08 10:00:00,FLAT,392474609.397551,392474609.397551,0.0,0.0,1327.1
2025-05-08 10:15:00,FLAT,392474609.397551,392474609.397551,0.0,0.0,1328.2
2025-05-08 10:30:00,FLAT,392474609.397551,392474609.397551,0.0,0.0,1327.2
2025-05-08 10:45:00,FLAT,392474609.397551,392474609.397551,0.0,0.0,1326.8
2025-05-08 11:00:00,FLAT,392474609.397551,392474609.397551,0.0,0.0,1326.9
2025-05-08 11:15:00,FLAT,392474609.397551,392474609.397551,0.0,0.0,1327.4
2025-05-08 13:00:00,FLAT,392474609.397551,392474609.397551,0.0,0.0,1329.5
2025-05-08 13:15:00,FLAT,392474609.397551,392474609.397551,0.0,0.0,1336.5
2025-05-08 13:30:00,FLAT,392474609.397551,392474609.397551,0.0,0.0,1337.9
2025-05-08 13:45:00,FLAT,392474609.397551,392474609.397551,0.0,0.0,1345.7
2025-05-08 14:00:00,FLAT,392474609.397551,392474609.397551,0.0,0.0,1345.8
2025-05-08 14:15:00,FLAT,392474609.397551,392474609.397551,0.0,0.0,1354.4
2025-05-08 14:30:00,FLAT,392474609.397551,392474609.397551,0.0,0.0,1356.2
2025-05-09 09:00:00,FLAT,392474609.397551,392474609.397551,0.0,0.0,1351.4
2025-05-09 09:15:00,FLAT,392474609.397551,392474609.397551,0.0,0.0,1352.7
2025-05-09 09:30:00,FLAT,392474609.397551,392474609.397551,0.0,0.0,1349.9
2025-05-09 09:45:00,FLAT,392474609.397551,392474609.397551,0.0,0.0,1347.9
2025-05-09 10:00:00,FLAT,392474609.397551,392474609.397551,0.0,0.0,1349.0
2025-05-09 10:15:00,FLAT,392474609.397551,392474609.397551,0.0,0.0,1349.3
2025-05-09 10:30:00,FLAT,392474609.397551,392474609.397551,0.0,0.0,1350.6
2025-05-09 10:45:00,FLAT,392474609.397551,392474609.397551,0.0,0.0,1349.6
2025-05-09 11:00:00,FLAT,392474609.397551,392474609.397551,0.0,0.0,1350.3
2025-05-09 11:15:00,FLAT,392474609.397551,392474609.397551,0.0,0.0,1352.6
2025-05-09 13:00:00,FLAT,392474609.397551,392474609.397551,0.0,0.0,1356.7
2025-05-09 13:15:00,FLAT,392474609.397551,392474609.397551,0.0,0.0,1354.7
2025-05-09 13:30:00,FLAT,392474609.397551,392474609.397551,0.0,0.0,1352.0
2025-05-09 13:45:00,FLAT,392474609.397551,392474609.397551,0.0,0.0,1350.8
2025-05-09 14:00:00,FLAT,392474609.397551,392474609.397551,0.0,0.0,1350.4
2025-05-09 14:15:00,FLAT,392474609.397551,392474609.397551,0.0,0.0,1349.9
2025-05-09 14:30:00,FLAT,392474609.397551,392474609.397551,0.0,0.0,1351.0
2025-05-12 09:00:00,FLAT,392474609.397551,392474609.397551,0.0,0.0,1357.9
2025-05-12 09:15:00,FLAT,392474609.397551,392474609.397551,0.0,0.0,1363.6
2025-05-12 09:30:00,FLAT,392474609.397551,392474609.397551,0.0,0.0,1363.7
2025-05-12 09:45:00,FLAT,392474609.397551,392474609.397551,0.0,0.0,1363.1
2025-05-12 10:00:00,LONG,392331653.08792543,391289588.91752565,-1042064.1703997717,0.0,1360.0
2025-05-12 10:15:00,LONG,392331653.08792543,389049588.91752565,-3282064.1703998037,0.0,1356.8
2025-05-12 10:30:00,FLAT,388067250.9175256,388067250.9175256,0.0,0.0,1354.7
2025-05-12 10:45:00,FLAT,388067250.9175256,388067250.9175256,0.0,0.0,1355.9
2025-05-12 11:00:00,FLAT,388067250.9175256,388067250.9175256,0.0,0.0,1358.2
2025-05-12 11:15:00,FLAT,388067250.9175256,388067250.9175256,0.0,0.0,1362.8
2025-05-12 13:00:00,FLAT,388067250.9175256,388067250.9175256,0.0,0.0,1362.7
2025-05-12 13:15:00,FLAT,388067250.9175256,388067250.9175256,0.0,0.0,1362.5
2025-05-12 13:30:00,FLAT,388067250.9175256,388067250.9175256,0.0,0.0,1364.6
2025-05-12 13:45:00,FLAT,388067250.9175256,388067250.9175256,0.0,0.0,1363.1
2025-05-12 14:00:00,FLAT,388067250.9175256,388067250.9175256,0.0,0.0,1375.5
2025-05-12 14:15:00,FLAT,388067250.9175256,388067250.9175256,0.0,0.0,1375.5
2025-05-12 14:30:00,FLAT,388067250.9175256,388067250.9175256,0.0,0.0,1375.3
2025-05-13 09:00:00,FLAT,388067250.9175256,388067250.9175256,0.0,0.0,1377.9
2025-05-13 09:15:00,FLAT,388067250.9175256,388067250.9175256,0.0,0.0,1373.2
2025-05-13 09:30:00,FLAT,388067250.9175256,388067250.9175256,0.0,0.0,1374.2
2025-05-13 09:45:00,FLAT,388067250.9175256,388067250.9175256,0.0,0.0,1375.0
2025-05-13 10:00:00,FLAT,388067250.9175256,388067250.9175256,0.0,0.0,1376.4
2025-05-13 10:15:00,FLAT,388067250.9175256,388067250.9175256,0.0,0.0,1376.4
2025-05-13 10:30:00,FLAT,388067250.9175256,388067250.9175256,0.0,0.0,1376.0
2025-05-13 10:45:00,FLAT,388067250.9175256,388067250.9175256,0.0,0.0,1375.8
2025-05-13 11:00:00,FLAT,388067250.9175256,388067250.9175256,0.0,0.0,1377.3
2025-05-13 11:15:00,FLAT,388067250.9175256,388067250.9175256,0.0,0.0,1376.4
2025-05-13 13:00:00,FLAT,388067250.9175256,388067250.9175256,0.0,0.0,1375.6
2025-05-13 13:15:00,FLAT,388067250.9175256,388067250.9175256,0.0,0.0,1376.3
2025-05-13 13:30:00,FLAT,388067250.9175256,388067250.9175256,0.0,0.0,1375.5
2025-05-13 13:45:00,FLAT,388067250.9175256,388067250.9175256,0.0,0.0,1377.2
2025-05-13 14:00:00,FLAT,388067250.9175256,388067250.9175256,0.0,0.0,1374.4
2025-05-13 14:15:00,FLAT,388067250.9175256,388067250.9175256,0.0,0.0,1376.0
2025-05-13 14:30:00,FLAT,388067250.9175256,388067250.9175256,0.0,0.0,1376.5
2025-05-14 09:00:00,FLAT,388067250.9175256,388067250.9175256,0.0,0.0,1378.4
2025-05-14 09:15:00,FLAT,388067250.9175256,388067250.9175256,0.0,0.0,1385.0
2025-05-14 09:30:00,FLAT,388067250.9175256,388067250.9175256,0.0,0.0,1387.3
2025-05-14 09:45:00,FLAT,388067250.9175256,388067250.9175256,0.0,0.0,1392.0
2025-05-14 10:00:00,FLAT,388067250.9175256,388067250.9175256,0.0,0.0,1393.2
2025-05-14 10:15:00,FLAT,388067250.9175256,388067250.9175256,0.0,0.0,1389.4
2025-05-14 10:30:00,FLAT,388067250.9175256,388067250.9175256,0.0,0.0,1389.8
2025-05-14 10:45:00,FLAT,388067250.9175256,388067250.9175256,0.0,0.0,1391.7
2025-05-14 11:00:00,FLAT,388067250.9175256,388067250.9175256,0.0,0.0,1391.8
2025-05-14 11:15:00,FLAT,388067250.9175256,388067250.9175256,0.0,0.0,1393.3
2025-05-14 13:00:00,FLAT,388067250.9175256,388067250.9175256,0.0,0.0,1393.6
2025-05-14 13:15:00,FLAT,388067250.9175256,388067250.9175256,0.0,0.0,1394.5
2025-05-14 13:30:00,FLAT,388067250.9175256,388067250.9175256,0.0,0.0,1392.6
2025-05-14 13:45:00,FLAT,388067250.9175256,388067250.9175256,0.0,0.0,1395.1
2025-05-14 14:00:00,FLAT,388067250.9175256,388067250.9175256,0.0,0.0,1395.5
2025-05-14 14:15:00,FLAT,388067250.9175256,388067250.9175256,0.0,0.0,1396.0
2025-05-14 14:30:00,FLAT,388067250.9175256,388067250.9175256,0.0,0.0,1396.5
2025-05-15 09:00:00,FLAT,388067250.9175256,388067250.9175256,0.0,0.0,1396.6
2025-05-15 09:15:00,FLAT,388067250.9175256,388067250.9175256,0.0,0.0,1395.8
2025-05-15 09:30:00,FLAT,388067250.9175256,388067250.9175256,0.0,0.0,1395.3
2025-05-15 09:45:00,FLAT,388067250.9175256,388067250.9175256,0.0,0.0,1393.4
2025-05-15 10:00:00,FLAT,388067250.9175256,388067250.9175256,0.0,0.0,1392.4
2025-05-15 10:15:00,FLAT,388067250.9175256,388067250.9175256,0.0,0.0,1391.5
2025-05-15 10:30:00,FLAT,388067250.9175256,388067250.9175256,0.0,0.0,1390.5
2025-05-15 10:45:00,FLAT,388067250.9175256,388067250.9175256,0.0,0.0,1389.0
2025-05-15 11:00:00,FLAT,388067250.9175256,388067250.9175256,0.0,0.0,1390.4
2025-05-15 11:15:00,FLAT,388067250.9175256,388067250.9175256,0.0,0.0,1391.2
2025-05-15 13:00:00,FLAT,388067250.9175256,388067250.9175256,0.0,0.0,1391.8
2025-05-15 13:15:00,FLAT,388067250.9175256,388067250.9175256,0.0,0.0,1394.7
2025-05-15 13:30:00,LONG,387858053.8696245,387811067.86215883,-46986.00746564807,0.0,1394.6
2025-05-15 13:45:00,LONG,387858053.8696245,390011067.8621589,2153013.992534397,0.0,1396.8
2025-05-15 14:00:00,LONG,387858053.8696245,388411067.86215895,553013.9925344883,0.0,1395.2
2025-05-15 14:15:00,FLAT,393301022.8621589,393301022.8621589,0.0,0.0,1400.8
2025-05-15 14:30:00,FLAT,393301022.8621589,393301022.8621589,0.0,0.0,1401.2
2025-05-16 09:00:00,FLAT,393301022.8621589,393301022.8621589,0.0,0.0,1395.0
2025-05-16 09:15:00,FLAT,393301022.8621589,393301022.8621589,0.0,0.0,1394.4
2025-05-16 09:30:00,FLAT,393301022.8621589,393301022.8621589,0.0,0.0,1391.7
2025-05-16 09:45:00,FLAT,393301022.8621589,393301022.8621589,0.0,0.0,1393.8
2025-05-16 10:00:00,FLAT,393301022.8621589,393301022.8621589,0.0,0.0,1392.0
2025-05-16 10:15:00,FLAT,393301022.8621589,393301022.8621589,0.0,0.0,1395.0
2025-05-16 10:30:00,FLAT,393301022.8621589,393301022.8621589,0.0,0.0,1393.2
2025-05-16 10:45:00,FLAT,393301022.8621589,393301022.8621589,0.0,0.0,1389.0
2025-05-16 11:00:00,FLAT,393301022.8621589,393301022.8621589,0.0,0.0,1386.0
2025-05-16 11:15:00,FLAT,393301022.8621589,393301022.8621589,0.0,0.0,1389.4
2025-05-16 13:00:00,FLAT,393301022.8621589,393301022.8621589,0.0,0.0,1388.5
2025-05-16 13:15:00,FLAT,393301022.8621589,393301022.8621589,0.0,0.0,1388.6
2025-05-16 13:30:00,FLAT,393301022.8621589,393301022.8621589,0.0,0.0,1386.4
2025-05-16 13:45:00,FLAT,393301022.8621589,393301022.8621589,0.0,0.0,1388.0
2025-05-16 14:00:00,FLAT,393301022.8621589,393301022.8621589,0.0,0.0,1388.0
2025-05-16 14:15:00,FLAT,393301022.8621589,393301022.8621589,0.0,0.0,1387.2
2025-05-16 14:30:00,FLAT,393301022.8621589,393301022.8621589,0.0,0.0,1388.0
2025-05-19 09:00:00,FLAT,393301022.8621589,393301022.8621589,0.0,0.0,1375.9
2025-05-19 09:15:00,FLAT,393301022.8621589,393301022.8621589,0.0,0.0,1377.5
2025-05-19 09:30:00,FLAT,393301022.8621589,393301022.8621589,0.0,0.0,1378.7
2025-05-19 09:45:00,FLAT,393301022.8621589,393301022.8621589,0.0,0.0,1376.5
2025-05-19 10:00:00,FLAT,393301022.8621589,393301022.8621589,0.0,0.0,1381.0
2025-05-19 10:15:00,FLAT,393301022.8621589,393301022.8621589,0.0,0.0,1381.7
2025-05-19 10:30:00,FLAT,393301022.8621589,393301022.8621589,0.0,0.0,1383.3
2025-05-19 10:45:00,FLAT,393301022.8621589,393301022.8621589,0.0,0.0,1386.9
2025-05-19 11:00:00,FLAT,393301022.8621589,393301022.8621589,0.0,0.0,1387.5
2025-05-19 11:15:00,FLAT,393301022.8621589,393301022.8621589,0.0,0.0,1385.9
2025-05-19 13:00:00,FLAT,393301022.8621589,393301022.8621589,0.0,0.0,1386.2
2025-05-19 13:15:00,FLAT,393301022.8621589,393301022.8621589,0.0,0.0,1387.9
2025-05-19 13:30:00,FLAT,393301022.8621589,393301022.8621589,0.0,0.0,1386.2
2025-05-19 13:45:00,FLAT,393301022.8621589,393301022.8621589,0.0,0.0,1382.5
2025-05-19 14:00:00,FLAT,393301022.8621589,393301022.8621589,0.0,0.0,1384.3
2025-05-19 14:15:00,FLAT,393301022.8621589,393301022.8621589,0.0,0.0,1381.5
2025-05-19 14:30:00,FLAT,393301022.8621589,393301022.8621589,0.0,0.0,1382.6
2025-05-20 09:00:00,FLAT,393301022.8621589,393301022.8621589,0.0,0.0,1382.4
2025-05-20 09:15:00,FLAT,393301022.8621589,393301022.8621589,0.0,0.0,1389.4
2025-05-20 09:30:00,FLAT,393301022.8621589,393301022.8621589,0.0,0.0,1388.8
2025-05-20 09:45:00,FLAT,393301022.8621589,393301022.8621589,0.0,0.0,1388.2
2025-05-20 10:00:00,FLAT,393301022.8621589,393301022.8621589,0.0,0.0,1390.1
2025-05-20 10:15:00,FLAT,393301022.8621589,393301022.8621589,0.0,0.0,1395.9
2025-05-20 10:30:00,FLAT,393301022.8621589,393301022.8621589,0.0,0.0,1396.5
2025-05-20 10:45:00,FLAT,393301022.8621589,393301022.8621589,0.0,0.0,1399.5
2025-05-20 11:00:00,FLAT,393301022.8621589,393301022.8621589,0.0,0.0,1399.1
2025-05-20 11:15:00,FLAT,393301022.8621589,393301022.8621589,0.0,0.0,1402.1
2025-05-20 13:00:00,FLAT,393301022.8621589,393301022.8621589,0.0,0.0,1406.0
2025-05-20 13:15:00,FLAT,393301022.8621589,393301022.8621589,0.0,0.0,1401.3
2025-05-20 13:30:00,FLAT,393301022.8621589,393301022.8621589,0.0,0.0,1405.2
2025-05-20 13:45:00,FLAT,393301022.8621589,393301022.8621589,0.0,0.0,1404.8
2025-05-20 14:00:00,FLAT,393301022.8621589,393301022.8621589,0.0,0.0,1403.6
2025-05-20 14:15:00,FLAT,393301022.8621589,393301022.8621589,0.0,0.0,1406.5
2025-05-20 14:30:00,FLAT,393301022.8621589,393301022.8621589,0.0,0.0,1407.7
2025-05-21 09:00:00,FLAT,393301022.8621589,393301022.8621589,0.0,0.0,1418.5
2025-05-21 09:15:00,FLAT,393301022.8621589,393301022.8621589,0.0,0.0,1416.9
2025-05-21 09:30:00,FLAT,393301022.8621589,393301022.8621589,0.0,0.0,1421.6
2025-05-21 09:45:00,FLAT,393301022.8621589,393301022.8621589,0.0,0.0,1414.3
2025-05-21 10:00:00,FLAT,393301022.8621589,393301022.8621589,0.0,0.0,1411.3
2025-05-21 10:15:00,FLAT,393301022.8621589,393301022.8621589,0.0,0.0,1412.7
2025-05-21 10:30:00,FLAT,393301022.8621589,393301022.8621589,0.0,0.0,1413.2
2025-05-21 10:45:00,FLAT,393301022.8621589,393301022.8621589,0.0,0.0,1413.0
2025-05-21 11:00:00,FLAT,393301022.8621589,393301022.8621589,0.0,0.0,1411.8
2025-05-21 11:15:00,FLAT,393301022.8621589,393301022.8621589,0.0,0.0,1411.4
2025-05-21 13:00:00,FLAT,393301022.8621589,393301022.8621589,0.0,0.0,1412.6
2025-05-21 13:15:00,FLAT,393301022.8621589,393301022.8621589,0.0,0.0,1412.5
2025-05-21 13:30:00,FLAT,393301022.8621589,393301022.8621589,0.0,0.0,1413.9
2025-05-21 13:45:00,FLAT,393301022.8621589,393301022.8621589,0.0,0.0,1413.8
2025-05-21 14:00:00,FLAT,393301022.8621589,393301022.8621589,0.0,0.0,1413.6
2025-05-21 14:15:00,FLAT,393301022.8621589,393301022.8621589,0.0,0.0,1414.5
2025-05-21 14:30:00,FLAT,393301022.8621589,393301022.8621589,0.0,0.0,1413.5
2025-05-22 09:00:00,FLAT,393301022.8621589,393301022.8621589,0.0,0.0,1407.5
2025-05-22 09:15:00,FLAT,393301022.8621589,393301022.8621589,0.0,0.0,1411.8
2025-05-22 09:30:00,LONG,393152758.529218,392563872.25672156,-588886.2724964384,0.0,1411.2
2025-05-22 09:45:00,LONG,393152758.529218,391793872.2567215,-1358886.2724965338,0.0,1410.1
2025-05-22 10:00:00,LONG,393152758.529218,393893872.2567215,741113.7275034662,0.0,1413.1
2025-05-22 10:15:00,LONG,393152758.529218,393753872.2567216,601113.7275035935,0.0,1412.9
2025-05-22 10:30:00,LONG,393152758.529218,394313872.25672156,1161113.7275035616,0.0,1413.7
2025-05-22 10:45:00,LONG,393152758.529218,395923872.25672156,2771113.7275035297,0.0,1416.0
2025-05-22 11:00:00,LONG,393152758.529218,396553872.2567216,3401113.7275035935,0.0,1416.9
2025-05-22 11:15:00,LONG,393152758.529218,398443872.2567215,5291113.727503466,0.0,1419.6
2025-05-22 13:00:00,LONG,393152758.529218,395643872.2567215,2491113.727503466,0.0,1415.6
2025-05-22 13:15:00,LONG,393152758.529218,395923872.25672156,2771113.7275035297,0.0,1416.0
2025-05-22 13:30:00,FLAT,393175859.00143945,393175859.00143945,0.0,0.0,1413.9
2025-05-22 13:45:00,FLAT,393175859.00143945,393175859.00143945,0.0,0.0,1415.2
2025-05-22 14:00:00,FLAT,393175859.00143945,393175859.00143945,0.0,0.0,1409.0
2025-05-22 14:15:00,FLAT,393175859.00143945,393175859.00143945,0.0,0.0,1409.5
2025-05-22 14:30:00,FLAT,393175859.00143945,393175859.00143945,0.0,0.0,1408.0
2025-05-23 09:00:00,FLAT,393175859.00143945,393175859.00143945,0.0,0.0,1405.5
2025-05-23 09:15:00,FLAT,393175859.00143945,393175859.00143945,0.0,0.0,1405.3
2025-05-23 09:30:00,FLAT,393175859.00143945,393175859.00143945,0.0,0.0,1407.1
2025-05-23 09:45:00,FLAT,393175859.00143945,393175859.00143945,0.0,0.0,1407.8
2025-05-23 10:00:00,FLAT,393175859.00143945,393175859.00143945,0.0,0.0,1405.5
2025-05-23 10:15:00,FLAT,393175859.00143945,393175859.00143945,0.0,0.0,1401.6
2025-05-23 10:30:00,FLAT,393175859.00143945,393175859.00143945,0.0,0.0,1403.9
2025-05-23 10:45:00,FLAT,393175859.00143945,393175859.00143945,0.0,0.0,1406.1
2025-05-23 11:00:00,FLAT,393175859.00143945,393175859.00143945,0.0,0.0,1406.4
2025-05-23 11:15:00,FLAT,393175859.00143945,393175859.00143945,0.0,0.0,1406.3
2025-05-23 13:00:00,FLAT,393175859.00143945,393175859.00143945,0.0,0.0,1405.9
2025-05-23 13:15:00,FLAT,393175859.00143945,393175859.00143945,0.0,0.0,1405.1
2025-05-23 13:30:00,FLAT,393175859.00143945,393175859.00143945,0.0,0.0,1405.5
2025-05-23 13:45:00,FLAT,393175859.00143945,393175859.00143945,0.0,0.0,1403.2
2025-05-23 14:00:00,FLAT,393175859.00143945,393175859.00143945,0.0,0.0,1405.1
2025-05-23 14:15:00,FLAT,393175859.00143945,393175859.00143945,0.0,0.0,1406.3
2025-05-23 14:30:00,FLAT,393175859.00143945,393175859.00143945,0.0,0.0,1407.6
2025-05-26 09:00:00,FLAT,393175859.00143945,393175859.00143945,0.0,0.0,1407.9
2025-05-26 09:15:00,FLAT,393175859.00143945,393175859.00143945,0.0,0.0,1400.7
2025-05-26 09:30:00,FLAT,393175859.00143945,393175859.00143945,0.0,0.0,1381.9
2025-05-26 09:45:00,FLAT,393175859.00143945,393175859.00143945,0.0,0.0,1391.9
2025-05-26 10:00:00,FLAT,393175859.00143945,393175859.00143945,0.0,0.0,1390.0
2025-05-26 10:15:00,FLAT,393175859.00143945,393175859.00143945,0.0,0.0,1391.2
2025-05-26 10:30:00,FLAT,393175859.00143945,393175859.00143945,0.0,0.0,1390.8
2025-05-26 10:45:00,FLAT,393175859.00143945,393175859.00143945,0.0,0.0,1391.6
2025-05-26 11:00:00,FLAT,393175859.00143945,393175859.00143945,0.0,0.0,1395.2
2025-05-26 11:15:00,FLAT,393175859.00143945,393175859.00143945,0.0,0.0,1394.9
2025-05-26 13:00:00,FLAT,393175859.00143945,393175859.00143945,0.0,0.0,1397.7
2025-05-26 13:15:00,FLAT,393175859.00143945,393175859.00143945,0.0,0.0,1398.5
2025-05-26 13:30:00,FLAT,393175859.00143945,393175859.00143945,0.0,0.0,1403.2
2025-05-26 13:45:00,LONG,393091687.6141122,393029105.4322281,-62582.181884135935,0.0,1402.7
2025-05-26 14:00:00,LONG,393091687.6141122,395349105.432228,2257417.818115846,0.0,1408.5
2025-05-26 14:15:00,FLAT,398344133.4322281,398344133.4322281,0.0,0.0,1416.7
2025-05-26 14:30:00,FLAT,398344133.4322281,398344133.4322281,0.0,0.0,1417.0
2025-05-27 09:00:00,FLAT,398344133.4322281,398344133.4322281,0.0,0.0,1417.0
2025-05-27 09:15:00,FLAT,398344133.4322281,398344133.4322281,0.0,0.0,1410.6
2025-05-27 09:30:00,FLAT,398344133.4322281,398344133.4322281,0.0,0.0,1410.9
2025-05-27 09:45:00,FLAT,398344133.4322281,398344133.4322281,0.0,0.0,1410.7
2025-05-27 10:00:00,FLAT,398344133.4322281,398344133.4322281,0.0,0.0,1413.0
2025-05-27 10:15:00,FLAT,398344133.4322281,398344133.4322281,0.0,0.0,1414.0
2025-05-27 10:30:00,FLAT,398344133.4322281,398344133.4322281,0.0,0.0,1411.7
2025-05-27 10:45:00,FLAT,398344133.4322281,398344133.4322281,0.0,0.0,1413.8
2025-05-27 11:00:00,FLAT,398344133.4322281,398344133.4322281,0.0,0.0,1413.1
2025-05-27 11:15:00,FLAT,398344133.4322281,398344133.4322281,0.0,0.0,1414.9
2025-05-27 13:00:00,FLAT,398344133.4322281,398344133.4322281,0.0,0.0,1412.7
2025-05-27 13:15:00,FLAT,398344133.4322281,398344133.4322281,0.0,0.0,1413.8
2025-05-27 13:30:00,FLAT,398344133.4322281,398344133.4322281,0.0,0.0,1413.7
2025-05-27 13:45:00,FLAT,398344133.4322281,398344133.4322281,0.0,0.0,1415.0
2025-05-27 14:00:00,FLAT,398344133.4322281,398344133.4322281,0.0,0.0,1412.0
2025-05-27 14:15:00,FLAT,398344133.4322281,398344133.4322281,0.0,0.0,1413.0
2025-05-27 14:30:00,FLAT,398344133.4322281,398344133.4322281,0.0,0.0,1411.2
2025-05-28 09:00:00,FLAT,398344133.4322281,398344133.4322281,0.0,0.0,1422.9
2025-05-28 09:15:00,FLAT,398344133.4322281,398344133.4322281,0.0,0.0,1419.1
2025-05-28 09:30:00,FLAT,398344133.4322281,398344133.4322281,0.0,0.0,1423.6
2025-05-28 09:45:00,FLAT,398344133.4322281,398344133.4322281,0.0,0.0,1421.8
2025-05-28 10:00:00,FLAT,398344133.4322281,398344133.4322281,0.0,0.0,1421.9
2025-05-28 10:15:00,FLAT,398344133.4322281,398344133.4322281,0.0,0.0,1424.6
2025-05-28 10:30:00,FLAT,398344133.4322281,398344133.4322281,0.0,0.0,1425.0
2025-05-28 10:45:00,FLAT,398344133.4322281,398344133.4322281,0.0,0.0,1427.0
2025-05-28 11:00:00,FLAT,398344133.4322281,398344133.4322281,0.0,0.0,1427.3
2025-05-28 11:15:00,FLAT,398344133.4322281,398344133.4322281,0.0,0.0,1425.8
2025-05-28 13:00:00,FLAT,398344133.4322281,398344133.4322281,0.0,0.0,1426.4
2025-05-28 13:15:00,FLAT,398344133.4322281,398344133.4322281,0.0,0.0,1423.7
2025-05-28 13:30:00,FLAT,398344133.4322281,398344133.4322281,0.0,0.0,1426.1
2025-05-28 13:45:00,FLAT,398344133.4322281,398344133.4322281,0.0,0.0,1423.7
2025-05-28 14:00:00,FLAT,398344133.4322281,398344133.4322281,0.0,0.0,1422.8
2025-05-28 14:15:00,FLAT,398344133.4322281,398344133.4322281,0.0,0.0,1423.1
2025-05-28 14:30:00,FLAT,398344133.4322281,398344133.4322281,0.0,0.0,1423.4
2025-05-29 09:00:00,FLAT,398344133.4322281,398344133.4322281,0.0,0.0,1428.2
2025-05-29 09:15:00,FLAT,398344133.4322281,398344133.4322281,0.0,0.0,1426.0
2025-05-29 09:30:00,FLAT,398344133.4322281,398344133.4322281,0.0,0.0,1426.7
2025-05-29 09:45:00,FLAT,398344133.4322281,398344133.4322281,0.0,0.0,1426.6
2025-05-29 10:00:00,FLAT,398344133.4322281,398344133.4322281,0.0,0.0,1426.8
2025-05-29 10:15:00,FLAT,398344133.4322281,398344133.4322281,0.0,0.0,1426.2
2025-05-29 10:30:00,FLAT,398344133.4322281,398344133.4322281,0.0,0.0,1426.3
2025-05-29 10:45:00,FLAT,398344133.4322281,398344133.4322281,0.0,0.0,1427.0
2025-05-29 11:00:00,FLAT,398344133.4322281,398344133.4322281,0.0,0.0,1423.1
2025-05-29 11:15:00,FLAT,398344133.4322281,398344133.4322281,0.0,0.0,1418.0
2025-05-29 13:00:00,FLAT,398344133.4322281,398344133.4322281,0.0,0.0,1420.0
2025-05-29 13:15:00,FLAT,398344133.4322281,398344133.4322281,0.0,0.0,1420.1
2025-05-29 13:30:00,FLAT,398344133.4322281,398344133.4322281,0.0,0.0,1423.5
2025-05-29 13:45:00,FLAT,398344133.4322281,398344133.4322281,0.0,0.0,1420.8
2025-05-29 14:00:00,FLAT,398344133.4322281,398344133.4322281,0.0,0.0,1423.5
2025-05-29 14:15:00,FLAT,398344133.4322281,398344133.4322281,0.0,0.0,1421.2
2025-05-29 14:30:00,FLAT,398344133.4322281,398344133.4322281,0.0,0.0,1421.9
2025-05-30 09:00:00,FLAT,398344133.4322281,398344133.4322281,0.0,0.0,1419.7
2025-05-30 09:15:00,FLAT,398344133.4322281,398344133.4322281,0.0,0.0,1420.0
2025-05-30 09:30:00,FLAT,398344133.4322281,398344133.4322281,0.0,0.0,1421.0
2025-05-30 09:45:00,FLAT,398344133.4322281,398344133.4322281,0.0,0.0,1420.0
2025-05-30 10:00:00,FLAT,398344133.4322281,398344133.4322281,0.0,0.0,1419.2
2025-05-30 10:15:00,FLAT,398344133.4322281,398344133.4322281,0.0,0.0,1420.1
2025-05-30 10:30:00,FLAT,398344133.4322281,398344133.4322281,0.0,0.0,1419.4
2025-05-30 10:45:00,FLAT,398344133.4322281,398344133.4322281,0.0,0.0,1419.0
2025-05-30 11:00:00,FLAT,398344133.4322281,398344133.4322281,0.0,0.0,1417.0
2025-05-30 11:15:00,FLAT,398344133.4322281,398344133.4322281,0.0,0.0,1418.3
2025-05-30 13:00:00,FLAT,398344133.4322281,398344133.4322281,0.0,0.0,1419.0
2025-05-30 13:15:00,FLAT,398344133.4322281,398344133.4322281,0.0,0.0,1419.6
2025-05-30 13:30:00,FLAT,398344133.4322281,398344133.4322281,0.0,0.0,1418.7
2025-05-30 13:45:00,FLAT,398344133.4322281,398344133.4322281,0.0,0.0,1421.5
2025-05-30 14:00:00,FLAT,398344133.4322281,398344133.4322281,0.0,0.0,1417.7
2025-05-30 14:15:00,FLAT,398344133.4322281,398344133.4322281,0.0,0.0,1419.5
2025-05-30 14:30:00,FLAT,398344133.4322281,398344133.4322281,0.0,0.0,1419.6
2025-06-02 09:00:00,FLAT,398344133.4322281,398344133.4322281,0.0,0.0,1412.7
2025-06-02 09:15:00,FLAT,398344133.4322281,398344133.4322281,0.0,0.0,1410.6
2025-06-02 09:30:00,FLAT,398344133.4322281,398344133.4322281,0.0,0.0,1411.8
2025-06-02 09:45:00,FLAT,398344133.4322281,398344133.4322281,0.0,0.0,1413.6
2025-06-02 10:00:00,FLAT,398344133.4322281,398344133.4322281,0.0,0.0,1411.6
2025-06-02 10:15:00,FLAT,398344133.4322281,398344133.4322281,0.0,0.0,1413.3
2025-06-02 10:30:00,FLAT,398344133.4322281,398344133.4322281,0.0,0.0,1414.5
2025-06-02 10:45:00,FLAT,398344133.4322281,398344133.4322281,0.0,0.0,1412.1
2025-06-02 11:00:00,FLAT,398344133.4322281,398344133.4322281,0.0,0.0,1413.4
2025-06-02 11:15:00,FLAT,398344133.4322281,398344133.4322281,0.0,0.0,1409.2
2025-06-02 13:00:00,FLAT,398344133.4322281,398344133.4322281,0.0,0.0,1410.5
2025-06-02 13:15:00,FLAT,398344133.4322281,398344133.4322281,0.0,0.0,1411.1
2025-06-02 13:30:00,FLAT,398344133.4322281,398344133.4322281,0.0,0.0,1410.8
2025-06-02 13:45:00,FLAT,398344133.4322281,398344133.4322281,0.0,0.0,1414.3
2025-06-02 14:00:00,LONG,398153332.3642594,398116212.5732404,-37119.791018994874,0.0,1413.3
2025-06-02 14:15:00,FLAT,401074944.5732404,401074944.5732404,0.0,0.0,1417.3
2025-06-02 14:30:00,FLAT,401074944.5732404,401074944.5732404,0.0,0.0,1418.0
2025-06-03 09:00:00,FLAT,401074944.5732404,401074944.5732404,0.0,0.0,1421.1
2025-06-03 09:15:00,FLAT,401074944.5732404,401074944.5732404,0.0,0.0,1420.8
2025-06-03 09:30:00,FLAT,401074944.5732404,401074944.5732404,0.0,0.0,1427.1
2025-06-03 09:45:00,FLAT,401074944.5732404,401074944.5732404,0.0,0.0,1427.1
2025-06-03 10:00:00,FLAT,401074944.5732404,401074944.5732404,0.0,0.0,1427.6
2025-06-03 10:15:00,FLAT,401074944.5732404,401074944.5732404,0.0,0.0,1427.4
2025-06-03 10:30:00,FLAT,401074944.5732404,401074944.5732404,0.0,0.0,1425.8
2025-06-03 10:45:00,FLAT,401074944.5732404,401074944.5732404,0.0,0.0,1427.8
2025-06-03 11:00:00,FLAT,401074944.5732404,401074944.5732404,0.0,0.0,1433.4
2025-06-03 11:15:00,FLAT,401074944.5732404,401074944.5732404,0.0,0.0,1435.0
2025-06-03 13:00:00,FLAT,401074944.5732404,401074944.5732404,0.0,0.0,1433.8
2025-06-03 13:15:00,FLAT,401074944.5732404,401074944.5732404,0.0,0.0,1435.3
2025-06-03 13:30:00,FLAT,401074944.5732404,401074944.5732404,0.0,0.0,1435.6
2025-06-03 13:45:00,FLAT,401074944.5732404,401074944.5732404,0.0,0.0,1437.8
2025-06-03 14:00:00,FLAT,401074944.5732404,401074944.5732404,0.0,0.0,1437.2
2025-06-03 14:15:00,FLAT,401074944.5732404,401074944.5732404,0.0,0.0,1432.9
2025-06-03 14:30:00,FLAT,401074944.5732404,401074944.5732404,0.0,0.0,1435.8
2025-06-04 09:00:00,FLAT,401074944.5732404,401074944.5732404,0.0,0.0,1434.8
2025-06-04 09:15:00,FLAT,401074944.5732404,401074944.5732404,0.0,0.0,1433.6
2025-06-04 09:30:00,FLAT,401074944.5732404,401074944.5732404,0.0,0.0,1433.6
2025-06-04 09:45:00,FLAT,401074944.5732404,401074944.5732404,0.0,0.0,1434.0
2025-06-04 10:00:00,FLAT,401074944.5732404,401074944.5732404,0.0,0.0,1433.7
2025-06-04 10:15:00,FLAT,401074944.5732404,401074944.5732404,0.0,0.0,1434.1
2025-06-04 10:30:00,FLAT,401074944.5732404,401074944.5732404,0.0,0.0,1435.2
2025-06-04 10:45:00,FLAT,401074944.5732404,401074944.5732404,0.0,0.0,1434.1
2025-06-04 11:00:00,FLAT,401074944.5732404,401074944.5732404,0.0,0.0,1434.3
2025-06-04 11:15:00,FLAT,401074944.5732404,401074944.5732404,0.0,0.0,1434.4
2025-06-04 13:00:00,FLAT,401074944.5732404,401074944.5732404,0.0,0.0,1434.8
2025-06-04 13:15:00,FLAT,401074944.5732404,401074944.5732404,0.0,0.0,1435.5
2025-06-04 13:30:00,FLAT,401074944.5732404,401074944.5732404,0.0,0.0,1433.9
2025-06-04 13:45:00,FLAT,401074944.5732404,401074944.5732404,0.0,0.0,1431.0
2025-06-04 14:00:00,FLAT,401074944.5732404,401074944.5732404,0.0,0.0,1429.9
2025-06-04 14:15:00,FLAT,401074944.5732404,401074944.5732404,0.0,0.0,1429.0
2025-06-04 14:30:00,FLAT,401074944.5732404,401074944.5732404,0.0,0.0,1429.0
2025-06-05 09:00:00,FLAT,401074944.5732404,401074944.5732404,0.0,0.0,1431.2
2025-06-05 09:15:00,FLAT,401074944.5732404,401074944.5732404,0.0,0.0,1429.8
2025-06-05 09:30:00,FLAT,401074944.5732404,401074944.5732404,0.0,0.0,1428.7
2025-06-05 09:45:00,FLAT,401074944.5732404,401074944.5732404,0.0,0.0,1427.9
2025-06-05 10:00:00,FLAT,401074944.5732404,401074944.5732404,0.0,0.0,1426.9
2025-06-05 10:15:00,FLAT,401074944.5732404,401074944.5732404,0.0,0.0,1426.5
2025-06-05 10:30:00,FLAT,401074944.5732404,401074944.5732404,0.0,0.0,1427.2
2025-06-05 10:45:00,FLAT,401074944.5732404,401074944.5732404,0.0,0.0,1427.3
2025-06-05 11:00:00,FLAT,401074944.5732404,401074944.5732404,0.0,0.0,1429.5
2025-06-05 11:15:00,FLAT,401074944.5732404,401074944.5732404,0.0,0.0,1429.3
2025-06-05 13:00:00,FLAT,401074944.5732404,401074944.5732404,0.0,0.0,1429.4
2025-06-05 13:15:00,FLAT,401074944.5732404,401074944.5732404,0.0,0.0,1427.7
2025-06-05 13:30:00,FLAT,401074944.5732404,401074944.5732404,0.0,0.0,1427.9
2025-06-05 13:45:00,FLAT,401074944.5732404,401074944.5732404,0.0,0.0,1427.9
2025-06-05 14:00:00,FLAT,401074944.5732404,401074944.5732404,0.0,0.0,1428.6
2025-06-05 14:15:00,FLAT,401074944.5732404,401074944.5732404,0.0,0.0,1428.5
2025-06-05 14:30:00,FLAT,401074944.5732404,401074944.5732404,0.0,0.0,1429.0
2025-06-06 09:00:00,FLAT,401074944.5732404,401074944.5732404,0.0,0.0,1419.8
2025-06-06 09:15:00,FLAT,401074944.5732404,401074944.5732404,0.0,0.0,1420.9
2025-06-06 09:30:00,FLAT,401074944.5732404,401074944.5732404,0.0,0.0,1422.2
2025-06-06 09:45:00,FLAT,401074944.5732404,401074944.5732404,0.0,0.0,1419.3
2025-06-06 10:00:00,FLAT,401074944.5732404,401074944.5732404,0.0,0.0,1416.9
2025-06-06 10:15:00,FLAT,401074944.5732404,401074944.5732404,0.0,0.0,1414.7
2025-06-06 10:30:00,FLAT,401074944.5732404,401074944.5732404,0.0,0.0,1414.6
2025-06-06 10:45:00,FLAT,401074944.5732404,401074944.5732404,0.0,0.0,1415.0
2025-06-06 11:00:00,FLAT,401074944.5732404,401074944.5732404,0.0,0.0,1415.0
2025-06-06 11:15:00,FLAT,401074944.5732404,401074944.5732404,0.0,0.0,1417.2
2025-06-06 13:00:00,FLAT,401074944.5732404,401074944.5732404,0.0,0.0,1416.3
2025-06-06 13:15:00,FLAT,401074944.5732404,401074944.5732404,0.0,0.0,1412.7
2025-06-06 13:30:00,FLAT,401074944.5732404,401074944.5732404,0.0,0.0,1414.1
2025-06-06 13:45:00,FLAT,401074944.5732404,401074944.5732404,0.0,0.0,1414.0
2025-06-06 14:00:00,FLAT,401074944.5732404,401074944.5732404,0.0,0.0,1414.6
2025-06-06 14:15:00,FLAT,401074944.5732404,401074944.5732404,0.0,0.0,1413.3
2025-06-06 14:30:00,FLAT,401074944.5732404,401074944.5732404,0.0,0.0,1413.6
2025-06-09 09:00:00,FLAT,401074944.5732404,401074944.5732404,0.0,0.0,1415.5
2025-06-09 09:15:00,FLAT,401074944.5732404,401074944.5732404,0.0,0.0,1411.1
2025-06-09 09:30:00,FLAT,401074944.5732404,401074944.5732404,0.0,0.0,1411.9
2025-06-09 09:45:00,FLAT,401074944.5732404,401074944.5732404,0.0,0.0,1407.9
2025-06-09 10:00:00,FLAT,401074944.5732404,401074944.5732404,0.0,0.0,1407.7
2025-06-09 10:15:00,FLAT,401074944.5732404,401074944.5732404,0.0,0.0,1408.8
2025-06-09 10:30:00,FLAT,401074944.5732404,401074944.5732404,0.0,0.0,1407.0
2025-06-09 10:45:00,FLAT,401074944.5732404,401074944.5732404,0.0,0.0,1408.4
2025-06-09 11:00:00,FLAT,401074944.5732404,401074944.5732404,0.0,0.0,1409.5
2025-06-09 11:15:00,FLAT,401074944.5732404,401074944.5732404,0.0,0.0,1408.2
2025-06-09 13:00:00,FLAT,401074944.5732404,401074944.5732404,0.0,0.0,1407.3
2025-06-09 13:15:00,FLAT,401074944.5732404,401074944.5732404,0.0,0.0,1406.5
2025-06-09 13:30:00,FLAT,401074944.5732404,401074944.5732404,0.0,0.0,1406.3
2025-06-09 13:45:00,FLAT,401074944.5732404,401074944.5732404,0.0,0.0,1406.5
2025-06-09 14:00:00,FLAT,401074944.5732404,401074944.5732404,0.0,0.0,1403.7
2025-06-09 14:15:00,FLAT,401074944.5732404,401074944.5732404,0.0,0.0,1401.6
2025-06-09 14:30:00,FLAT,401074944.5732404,401074944.5732404,0.0,0.0,1402.0
2025-06-10 09:00:00,FLAT,401074944.5732404,401074944.5732404,0.0,0.0,1394.3
2025-06-10 09:15:00,FLAT,401074944.5732404,401074944.5732404,0.0,0.0,1396.9
2025-06-10 09:30:00,FLAT,401074944.5732404,401074944.5732404,0.0,0.0,1399.2
2025-06-10 09:45:00,LONG,400949038.32429045,403254045.3244935,2305007.000203068,0.0,1402.8
2025-06-10 10:00:00,LONG,400949038.32429045,403734045.32449347,2785007.0002030404,0.0,1403.6
2025-06-10 10:15:00,LONG,400949038.32429045,406014045.3244936,5065007.000203149,0.0,1407.4
2025-06-10 10:30:00,LONG,400949038.32429045,406554045.3244935,5605007.000203068,0.0,1408.3
2025-06-10 10:45:00,LONG,400949038.32429045,404754045.3244935,3805007.000203068,0.0,1405.3
2025-06-10 11:00:00,LONG,400949038.32429045,405174045.3244935,4225007.000203095,0.0,1406.0
2025-06-10 11:15:00,LONG,400949038.32429045,405414045.3244936,4465007.000203149,0.0,1406.4
2025-06-10 13:00:00,LONG,400949038.32429045,406914045.3244936,5965007.000203149,0.0,1408.9
2025-06-10 13:15:00,LONG,400949038.32429045,406134045.32449347,5185007.00020304,0.0,1407.6
2025-06-10 13:30:00,FLAT,407212131.58042216,407212131.58042216,0.0,0.0,1409.6
2025-06-10 13:45:00,FLAT,407212131.58042216,407212131.58042216,0.0,0.0,1405.5
2025-06-10 14:00:00,FLAT,407212131.58042216,407212131.58042216,0.0,0.0,1404.0
2025-06-10 14:15:00,FLAT,407212131.58042216,407212131.58042216,0.0,0.0,1395.7
2025-06-10 14:30:00,FLAT,407212131.58042216,407212131.58042216,0.0,0.0,1395.5
2025-06-11 09:00:00,FLAT,407212131.58042216,407212131.58042216,0.0,0.0,1402.3
2025-06-11 09:15:00,FLAT,407212131.58042216,407212131.58042216,0.0,0.0,1399.3
2025-06-11 09:30:00,FLAT,407212131.58042216,407212131.58042216,0.0,0.0,1400.4
2025-06-11 09:45:00,FLAT,407212131.58042216,407212131.58042216,0.0,0.0,1396.7
2025-06-11 10:00:00,FLAT,407212131.58042216,407212131.58042216,0.0,0.0,1397.5
2025-06-11 10:15:00,FLAT,407212131.58042216,407212131.58042216,0.0,0.0,1398.0
2025-06-11 10:30:00,FLAT,407212131.58042216,407212131.58042216,0.0,0.0,1399.0
2025-06-11 10:45:00,FLAT,407212131.58042216,407212131.58042216,0.0,0.0,1397.9
2025-06-11 11:00:00,FLAT,407212131.58042216,407212131.58042216,0.0,0.0,1400.5
2025-06-11 11:15:00,FLAT,407212131.58042216,407212131.58042216,0.0,0.0,1400.8
2025-06-11 13:00:00,FLAT,407212131.58042216,407212131.58042216,0.0,0.0,1401.7
2025-06-11 13:15:00,FLAT,407212131.58042216,407212131.58042216,0.0,0.0,1399.7
2025-06-11 13:30:00,FLAT,407212131.58042216,407212131.58042216,0.0,0.0,1398.0
2025-06-11 13:45:00,FLAT,407212131.58042216,407212131.58042216,0.0,0.0,1398.6
2025-06-11 14:00:00,FLAT,407212131.58042216,407212131.58042216,0.0,0.0,1400.7
2025-06-11 14:15:00,FLAT,407212131.58042216,407212131.58042216,0.0,0.0,1400.1
2025-06-11 14:30:00,FLAT,407212131.58042216,407212131.58042216,0.0,0.0,1401.9
2025-06-12 09:00:00,FLAT,407212131.58042216,407212131.58042216,0.0,0.0,1413.5
2025-06-12 09:15:00,FLAT,407212131.58042216,407212131.58042216,0.0,0.0,1414.8
2025-06-12 09:30:00,FLAT,407212131.58042216,407212131.58042216,0.0,0.0,1414.9
2025-06-12 09:45:00,FLAT,407212131.58042216,407212131.58042216,0.0,0.0,1416.3
2025-06-12 10:00:00,FLAT,407212131.58042216,407212131.58042216,0.0,0.0,1415.8
2025-06-12 10:15:00,FLAT,407212131.58042216,407212131.58042216,0.0,0.0,1416.0
2025-06-12 10:30:00,FLAT,407212131.58042216,407212131.58042216,0.0,0.0,1413.1
2025-06-12 10:45:00,FLAT,407212131.58042216,407212131.58042216,0.0,0.0,1414.4
2025-06-12 11:00:00,FLAT,407212131.58042216,407212131.58042216,0.0,0.0,1415.1
2025-06-12 11:15:00,FLAT,407212131.58042216,407212131.58042216,0.0,0.0,1414.4
2025-06-12 13:00:00,FLAT,407212131.58042216,407212131.58042216,0.0,0.0,1415.5
2025-06-12 13:15:00,FLAT,407212131.58042216,407212131.58042216,0.0,0.0,1414.6
2025-06-12 13:30:00,FLAT,407212131.58042216,407212131.58042216,0.0,0.0,1413.5
2025-06-12 13:45:00,FLAT,407212131.58042216,407212131.58042216,0.0,0.0,1409.6
2025-06-12 14:00:00,FLAT,407212131.58042216,407212131.58042216,0.0,0.0,1404.9
2025-06-12 14:15:00,FLAT,407212131.58042216,407212131.58042216,0.0,0.0,1407.6
2025-06-12 14:30:00,FLAT,407212131.58042216,407212131.58042216,0.0,0.0,1408.0
2025-06-13 09:00:00,FLAT,407212131.58042216,407212131.58042216,0.0,0.0,1396.5
2025-06-13 09:15:00,FLAT,407212131.58042216,407212131.58042216,0.0,0.0,1397.5
2025-06-13 09:30:00,FLAT,407212131.58042216,407212131.58042216,0.0,0.0,1396.4
2025-06-13 09:45:00,FLAT,407212131.58042216,407212131.58042216,0.0,0.0,1391.2
2025-06-13 10:00:00,FLAT,407212131.58042216,407212131.58042216,0.0,0.0,1398.1
2025-06-13 10:15:00,FLAT,407212131.58042216,407212131.58042216,0.0,0.0,1397.1
2025-06-13 10:30:00,FLAT,407212131.58042216,407212131.58042216,0.0,0.0,1397.4
2025-06-13 10:45:00,FLAT,407212131.58042216,407212131.58042216,0.0,0.0,1398.7
2025-06-13 11:00:00,FLAT,407212131.58042216,407212131.58042216,0.0,0.0,1394.7
2025-06-13 11:15:00,FLAT,407212131.58042216,407212131.58042216,0.0,0.0,1391.4
2025-06-13 13:00:00,FLAT,407212131.58042216,407212131.58042216,0.0,0.0,1392.9
2025-06-13 13:15:00,FLAT,407212131.58042216,407212131.58042216,0.0,0.0,1389.7
2025-06-13 13:30:00,FLAT,407212131.58042216,407212131.58042216,0.0,0.0,1387.0
2025-06-13 13:45:00,FLAT,407212131.58042216,407212131.58042216,0.0,0.0,1385.9
2025-06-13 14:00:00,FLAT,407212131.58042216,407212131.58042216,0.0,0.0,1384.2
2025-06-13 14:15:00,FLAT,407212131.58042216,407212131.58042216,0.0,0.0,1393.7
2025-06-13 14:30:00,FLAT,407212131.58042216,407212131.58042216,0.0,0.0,1392.3
2025-06-16 09:00:00,FLAT,407212131.58042216,407212131.58042216,0.0,0.0,1394.7
2025-06-16 09:15:00,FLAT,407212131.58042216,407212131.58042216,0.0,0.0,1396.8
2025-06-16 09:30:00,FLAT,407212131.58042216,407212131.58042216,0.0,0.0,1401.7
2025-06-16 09:45:00,FLAT,407212131.58042216,407212131.58042216,0.0,0.0,1400.3
2025-06-16 10:00:00,FLAT,407212131.58042216,407212131.58042216,0.0,0.0,1402.4
2025-06-16 10:15:00,FLAT,407212131.58042216,407212131.58042216,0.0,0.0,1403.8
2025-06-16 10:30:00,LONG,407127979.0950217,407071409.7586972,-56569.33632453729,0.0,1402.4
2025-06-16 10:45:00,LONG,407127979.0950217,406831409.75869715,-296569.3363245919,0.0,1401.8
2025-06-16 11:00:00,LONG,407127979.0950217,407191409.75869715,63430.66367544452,0.0,1402.7
2025-06-16 11:15:00,LONG,407127979.0950217,407231409.75869715,103430.66367540814,0.0,1402.8
2025-06-16 13:00:00,LONG,407127979.0950217,407511409.75869715,383430.66367542633,0.0,1403.5
2025-06-16 13:15:00,LONG,407127979.0950217,407551409.7586971,423430.66367538995,0.0,1403.6
2025-06-16 13:30:00,LONG,407127979.0950217,407591409.75869715,463430.66367544455,0.0,1403.7
2025-06-16 13:45:00,LONG,407127979.0950217,408111409.75869715,983430.6636754263,0.0,1405.0
2025-06-16 14:00:00,LONG,407127979.0950217,410951409.7586971,3823430.66367539,0.0,1412.1
2025-06-16 14:15:00,FLAT,412226479.75869715,412226479.75869715,0.0,0.0,1416.0
2025-06-16 14:30:00,FLAT,412226479.75869715,412226479.75869715,0.0,0.0,1416.6
2025-06-17 09:00:00,FLAT,412226479.75869715,412226479.75869715,0.0,0.0,1418.0
2025-06-17 09:15:00,FLAT,412226479.75869715,412226479.75869715,0.0,0.0,1418.2
2025-06-17 09:30:00,FLAT,412226479.75869715,412226479.75869715,0.0,0.0,1418.4
2025-06-17 09:45:00,FLAT,412226479.75869715,412226479.75869715,0.0,0.0,1421.0
2025-06-17 10:00:00,FLAT,412226479.75869715,412226479.75869715,0.0,0.0,1427.0
2025-06-17 10:15:00,FLAT,412226479.75869715,412226479.75869715,0.0,0.0,1425.5
2025-06-17 10:30:00,FLAT,412226479.75869715,412226479.75869715,0.0,0.0,1422.6
2025-06-17 10:45:00,FLAT,412226479.75869715,412226479.75869715,0.0,0.0,1424.4
2025-06-17 11:00:00,FLAT,412226479.75869715,412226479.75869715,0.0,0.0,1422.1
2025-06-17 11:15:00,LONG,412034504.9233371,413172269.1896874,1137764.2663502912,0.0,1423.3
2025-06-17 13:00:00,LONG,412034504.9233371,410562269.1896875,-1472235.733649586,0.0,1420.4
2025-06-17 13:15:00,LONG,412034504.9233371,411372269.1896874,-662235.7336497089,0.0,1421.3
2025-06-17 13:30:00,LONG,412034504.9233371,413802269.18968743,1767764.266350332,0.0,1424.0
2025-06-17 13:45:00,LONG,412034504.9233371,415152269.18968743,3117764.266350332,0.0,1425.5
2025-06-17 14:00:00,LONG,412034504.9233371,412992269.1896874,957764.2663502502,0.0,1423.1
2025-06-17 14:15:00,FLAT,413520042.6896875,413520042.6896875,0.0,0.0,1424.4
2025-06-17 14:30:00,FLAT,413520042.6896875,413520042.6896875,0.0,0.0,1424.3
2025-06-18 09:00:00,FLAT,413520042.6896875,413520042.6896875,0.0,0.0,1422.8
2025-06-18 09:15:00,FLAT,413520042.6896875,413520042.6896875,0.0,0.0,1422.5
2025-06-18 09:30:00,FLAT,413520042.6896875,413520042.6896875,0.0,0.0,1424.1
2025-06-18 09:45:00,FLAT,413520042.6896875,413520042.6896875,0.0,0.0,1428.0
2025-06-18 10:00:00,FLAT,413520042.6896875,413520042.6896875,0.0,0.0,1432.3
2025-06-18 10:15:00,FLAT,413520042.6896875,413520042.6896875,0.0,0.0,1428.0
2025-06-18 10:30:00,FLAT,413520042.6896875,413520042.6896875,0.0,0.0,1429.0
2025-06-18 10:45:00,FLAT,413520042.6896875,413520042.6896875,0.0,0.0,1430.6
2025-06-18 13:00:00,FLAT,413520042.6896875,413520042.6896875,0.0,0.0,1428.4
2025-06-18 13:15:00,FLAT,413520042.6896875,413520042.6896875,0.0,0.0,1426.3
2025-06-18 13:30:00,FLAT,413520042.6896875,413520042.6896875,0.0,0.0,1426.8
2025-06-18 13:45:00,FLAT,413520042.6896875,413520042.6896875,0.0,0.0,1425.4
2025-06-18 14:00:00,FLAT,413520042.6896875,413520042.6896875,0.0,0.0,1425.0
2025-06-18 14:15:00,FLAT,413520042.6896875,413520042.6896875,0.0,0.0,1428.4
2025-06-18 14:30:00,FLAT,413520042.6896875,413520042.6896875,0.0,0.0,1429.5
2025-06-19 09:00:00,FLAT,413520042.6896875,413520042.6896875,0.0,0.0,1428.0
2025-06-19 09:15:00,FLAT,413520042.6896875,413520042.6896875,0.0,0.0,1431.0
2025-06-19 09:30:00,FLAT,413520042.6896875,413520042.6896875,0.0,0.0,1432.9
2025-06-19 09:45:00,FLAT,413520042.6896875,413520042.6896875,0.0,0.0,1431.8
2025-06-19 10:00:00,LONG,413348241.02534986,412563812.1077978,-784428.9175520316,0.0,1430.7
2025-06-19 10:15:00,LONG,413348241.02534986,412883812.10779774,-464428.9175521408,0.0,1431.1
2025-06-19 10:30:00,LONG,413348241.02534986,412483812.10779774,-864428.9175521408,0.0,1430.6
2025-06-19 10:45:00,LONG,413348241.02534986,413603812.1077978,255571.08244793199,0.0,1432.0
2025-06-19 11:00:00,LONG,413348241.02534986,412563812.1077978,-784428.9175520316,0.0,1430.7
2025-06-19 11:15:00,LONG,413348241.02534986,412243812.10779774,-1104428.9175521045,0.0,1430.3
2025-06-19 13:00:00,LONG,413348241.02534986,412243812.10779774,-1104428.9175521045,0.0,1430.3
2025-06-19 13:15:00,LONG,413348241.02534986,412723812.10779786,-624428.9175519953,0.0,1430.9
2025-06-19 13:30:00,LONG,413348241.02534986,413523812.10779786,175571.08244800474,0.0,1431.9
2025-06-19 13:45:00,LONG,413348241.02534986,414723812.10779786,1375571.0824480047,0.0,1433.4
2025-06-19 14:00:00,LONG,413348241.02534986,416963812.1077978,3615571.0824479684,0.0,1436.2
2025-06-19 14:15:00,FLAT,419831012.1077978,419831012.1077978,0.0,0.0,1440.5
2025-06-19 14:30:00,FLAT,419831012.1077978,419831012.1077978,0.0,0.0,1440.8
2025-06-20 09:00:00,FLAT,419831012.1077978,419831012.1077978,0.0,0.0,1428.0
2025-06-20 09:15:00,FLAT,419831012.1077978,419831012.1077978,0.0,0.0,1427.5
2025-06-20 09:30:00,FLAT,419831012.1077978,419831012.1077978,0.0,0.0,1425.0
2025-06-20 09:45:00,FLAT,419831012.1077978,419831012.1077978,0.0,0.0,1426.0
2025-06-20 10:00:00,FLAT,419831012.1077978,419831012.1077978,0.0,0.0,1427.0
2025-06-20 10:15:00,FLAT,419831012.1077978,419831012.1077978,0.0,0.0,1429.2
2025-06-20 10:30:00,FLAT,419831012.1077978,419831012.1077978,0.0,0.0,1428.1
2025-06-20 10:45:00,FLAT,419831012.1077978,419831012.1077978,0.0,0.0,1427.8
2025-06-20 11:00:00,FLAT,419831012.1077978,419831012.1077978,0.0,0.0,1426.9
2025-06-20 11:15:00,FLAT,419831012.1077978,419831012.1077978,0.0,0.0,1425.7
2025-06-20 13:00:00,FLAT,419831012.1077978,419831012.1077978,0.0,0.0,1425.7
2025-06-20 13:15:00,FLAT,419831012.1077978,419831012.1077978,0.0,0.0,1427.7
2025-06-20 13:30:00,FLAT,419831012.1077978,419831012.1077978,0.0,0.0,1426.8
2025-06-20 13:45:00,FLAT,419831012.1077978,419831012.1077978,0.0,0.0,1427.1
2025-06-20 14:00:00,FLAT,419831012.1077978,419831012.1077978,0.0,0.0,1426.0
2025-06-20 14:15:00,FLAT,419831012.1077978,419831012.1077978,0.0,0.0,1424.8
2025-06-20 14:30:00,FLAT,419831012.1077978,419831012.1077978,0.0,0.0,1424.2
2025-06-23 09:00:00,FLAT,419831012.1077978,419831012.1077978,0.0,0.0,1417.7
2025-06-23 09:15:00,FLAT,419831012.1077978,419831012.1077978,0.0,0.0,1418.2
2025-06-23 09:30:00,FLAT,419831012.1077978,419831012.1077978,0.0,0.0,1422.4
2025-06-23 09:45:00,FLAT,419831012.1077978,419831012.1077978,0.0,0.0,1422.5
2025-06-23 10:00:00,LONG,419681776.76657397,419689501.9410627,7725.174488700759,0.0,1421.3
2025-06-23 10:15:00,LONG,419681776.76657397,418009501.94106275,-1672274.8255112038,0.0,1418.9
2025-06-23 10:30:00,LONG,419681776.76657397,418639501.9410627,-1042274.8255112992,0.0,1419.8
2025-06-23 10:45:00,LONG,419681776.76657397,419479501.9410627,-202274.8255112674,0.0,1421.0
2025-06-23 11:00:00,LONG,419681776.76657397,418429501.9410627,-1252274.8255112674,0.0,1419.5
2025-06-23 11:15:00,LONG,419681776.76657397,418429501.9410627,-1252274.8255112674,0.0,1419.5
2025-06-23 13:00:00,LONG,419681776.76657397,422069501.94106275,2387725.1744887643,0.0,1424.7
2025-06-23 13:15:00,LONG,419681776.76657397,423259501.94106275,3577725.1744887964,0.0,1426.4
2025-06-23 13:30:00,FLAT,426695115.8310746,426695115.8310746,0.0,0.0,1430.1
2025-06-23 13:45:00,FLAT,426695115.8310746,426695115.8310746,0.0,0.0,1431.4
2025-06-23 14:00:00,FLAT,426695115.8310746,426695115.8310746,0.0,0.0,1434.8
2025-06-23 14:15:00,FLAT,426695115.8310746,426695115.8310746,0.0,0.0,1435.0
2025-06-23 14:30:00,FLAT,426695115.8310746,426695115.8310746,0.0,0.0,1435.4
2025-06-24 09:00:00,FLAT,426695115.8310746,426695115.8310746,0.0,0.0,1447.0
2025-06-24 09:15:00,FLAT,426695115.8310746,426695115.8310746,0.0,0.0,1443.8
2025-06-24 09:30:00,FLAT,426695115.8310746,426695115.8310746,0.0,0.0,1445.2
2025-06-24 09:45:00,FLAT,426695115.8310746,426695115.8310746,0.0,0.0,1446.1
2025-06-24 10:00:00,FLAT,426695115.8310746,426695115.8310746,0.0,0.0,1453.9
2025-06-24 10:15:00,FLAT,426695115.8310746,426695115.8310746,0.0,0.0,1453.5
2025-06-24 10:30:00,FLAT,426695115.8310746,426695115.8310746,0.0,0.0,1455.2
2025-06-24 10:45:00,FLAT,426695115.8310746,426695115.8310746,0.0,0.0,1457.2
2025-06-24 11:00:00,FLAT,426695115.8310746,426695115.8310746,0.0,0.0,1458.1
2025-06-24 11:15:00,FLAT,426695115.8310746,426695115.8310746,0.0,0.0,1457.0
2025-06-24 13:00:00,FLAT,426695115.8310746,426695115.8310746,0.0,0.0,1458.8
2025-06-24 13:15:00,FLAT,426695115.8310746,426695115.8310746,0.0,0.0,1456.6
2025-06-24 13:30:00,FLAT,426695115.8310746,426695115.8310746,0.0,0.0,1454.5
2025-06-24 13:45:00,FLAT,426695115.8310746,426695115.8310746,0.0,0.0,1454.7
2025-06-24 14:00:00,FLAT,426695115.8310746,426695115.8310746,0.0,0.0,1453.7
2025-06-24 14:15:00,FLAT,426695115.8310746,426695115.8310746,0.0,0.0,1449.5
2025-06-24 14:30:00,FLAT,426695115.8310746,426695115.8310746,0.0,0.0,1448.5
2025-06-25 09:00:00,FLAT,426695115.8310746,426695115.8310746,0.0,0.0,1450.3
2025-06-25 09:15:00,FLAT,426695115.8310746,426695115.8310746,0.0,0.0,1452.5
2025-06-25 09:30:00,FLAT,426695115.8310746,426695115.8310746,0.0,0.0,1451.5
2025-06-25 09:45:00,FLAT,426695115.8310746,426695115.8310746,0.0,0.0,1448.6
2025-06-25 10:00:00,FLAT,426695115.8310746,426695115.8310746,0.0,0.0,1449.9
2025-06-25 10:15:00,FLAT,426695115.8310746,426695115.8310746,0.0,0.0,1451.8
2025-06-25 10:30:00,FLAT,426695115.8310746,426695115.8310746,0.0,0.0,1450.8
2025-06-25 10:45:00,FLAT,426695115.8310746,426695115.8310746,0.0,0.0,1450.7
2025-06-25 11:00:00,FLAT,426695115.8310746,426695115.8310746,0.0,0.0,1453.0
2025-06-25 11:15:00,FLAT,426695115.8310746,426695115.8310746,0.0,0.0,1452.5
2025-06-25 13:00:00,FLAT,426695115.8310746,426695115.8310746,0.0,0.0,1453.4
2025-06-25 13:15:00,FLAT,426695115.8310746,426695115.8310746,0.0,0.0,1455.8
2025-06-25 13:30:00,FLAT,426695115.8310746,426695115.8310746,0.0,0.0,1454.9
2025-06-25 13:45:00,FLAT,426695115.8310746,426695115.8310746,0.0,0.0,1452.8
2025-06-25 14:00:00,FLAT,426695115.8310746,426695115.8310746,0.0,0.0,1451.4
2025-06-25 14:15:00,FLAT,426695115.8310746,426695115.8310746,0.0,0.0,1449.8
2025-06-25 14:30:00,FLAT,426695115.8310746,426695115.8310746,0.0,0.0,1450.4
2025-06-26 09:00:00,FLAT,426695115.8310746,426695115.8310746,0.0,0.0,1455.8
2025-06-26 09:15:00,FLAT,426695115.8310746,426695115.8310746,0.0,0.0,1454.5
2025-06-26 09:30:00,FLAT,426695115.8310746,426695115.8310746,0.0,0.0,1455.0
2025-06-26 09:45:00,FLAT,426695115.8310746,426695115.8310746,0.0,0.0,1454.3
2025-06-26 10:00:00,FLAT,426695115.8310746,426695115.8310746,0.0,0.0,1451.6
2025-06-26 10:15:00,FLAT,426695115.8310746,426695115.8310746,0.0,0.0,1450.6
2025-06-26 10:30:00,FLAT,426695115.8310746,426695115.8310746,0.0,0.0,1450.1
2025-06-26 10:45:00,FLAT,426695115.8310746,426695115.8310746,0.0,0.0,1449.1
2025-06-26 11:00:00,FLAT,426695115.8310746,426695115.8310746,0.0,0.0,1449.6
2025-06-26 11:15:00,FLAT,426695115.8310746,426695115.8310746,0.0,0.0,1448.7
2025-06-26 13:00:00,FLAT,426695115.8310746,426695115.8310746,0.0,0.0,1450.6
2025-06-26 13:15:00,FLAT,426695115.8310746,426695115.8310746,0.0,0.0,1452.5
2025-06-26 13:30:00,FLAT,426695115.8310746,426695115.8310746,0.0,0.0,1452.6
2025-06-26 13:45:00,FLAT,426695115.8310746,426695115.8310746,0.0,0.0,1451.2
2025-06-26 14:00:00,FLAT,426695115.8310746,426695115.8310746,0.0,0.0,1450.9
2025-06-26 14:15:00,FLAT,426695115.8310746,426695115.8310746,0.0,0.0,1451.1
2025-06-26 14:30:00,FLAT,426695115.8310746,426695115.8310746,0.0,0.0,1452.0
2025-06-27 09:00:00,FLAT,426695115.8310746,426695115.8310746,0.0,0.0,1455.7
2025-06-27 09:15:00,FLAT,426695115.8310746,426695115.8310746,0.0,0.0,1453.6
2025-06-27 09:30:00,FLAT,426695115.8310746,426695115.8310746,0.0,0.0,1452.8
2025-06-27 09:45:00,FLAT,426695115.8310746,426695115.8310746,0.0,0.0,1450.4
2025-06-27 10:00:00,FLAT,426695115.8310746,426695115.8310746,0.0,0.0,1450.6
2025-06-27 10:15:00,FLAT,426695115.8310746,426695115.8310746,0.0,0.0,1451.5
2025-06-27 10:30:00,FLAT,426695115.8310746,426695115.8310746,0.0,0.0,1451.8
2025-06-27 10:45:00,FLAT,426695115.8310746,426695115.8310746,0.0,0.0,1452.7
2025-06-27 11:00:00,FLAT,426695115.8310746,426695115.8310746,0.0,0.0,1454.3
2025-06-27 11:15:00,FLAT,426695115.8310746,426695115.8310746,0.0,0.0,1454.4
2025-06-27 13:00:00,FLAT,426695115.8310746,426695115.8310746,0.0,0.0,1457.0
2025-06-27 13:15:00,FLAT,426695115.8310746,426695115.8310746,0.0,0.0,1459.1
2025-06-27 13:30:00,FLAT,426695115.8310746,426695115.8310746,0.0,0.0,1459.1
2025-06-27 13:45:00,FLAT,426695115.8310746,426695115.8310746,0.0,0.0,1457.3
2025-06-27 14:00:00,FLAT,426695115.8310746,426695115.8310746,0.0,0.0,1458.7
2025-06-27 14:15:00,FLAT,426695115.8310746,426695115.8310746,0.0,0.0,1463.1
2025-06-27 14:30:00,FLAT,426695115.8310746,426695115.8310746,0.0,0.0,1463.6
2025-06-30 09:00:00,FLAT,426695115.8310746,426695115.8310746,0.0,0.0,1467.2
2025-06-30 09:15:00,FLAT,426695115.8310746,426695115.8310746,0.0,0.0,1465.0
2025-06-30 09:30:00,FLAT,426695115.8310746,426695115.8310746,0.0,0.0,1465.5
2025-06-30 09:45:00,FLAT,426695115.8310746,426695115.8310746,0.0,0.0,1465.2
2025-06-30 10:00:00,FLAT,426695115.8310746,426695115.8310746,0.0,0.0,1465.3
2025-06-30 10:15:00,FLAT,426695115.8310746,426695115.8310746,0.0,0.0,1465.7
2025-06-30 10:30:00,FLAT,426695115.8310746,426695115.8310746,0.0,0.0,1464.0
2025-06-30 10:45:00,FLAT,426695115.8310746,426695115.8310746,0.0,0.0,1464.9
2025-06-30 11:00:00,FLAT,426695115.8310746,426695115.8310746,0.0,0.0,1466.0
2025-06-30 11:15:00,FLAT,426695115.8310746,426695115.8310746,0.0,0.0,1465.9
2025-06-30 13:00:00,FLAT,426695115.8310746,426695115.8310746,0.0,0.0,1465.5
2025-06-30 13:15:00,FLAT,426695115.8310746,426695115.8310746,0.0,0.0,1466.3
2025-06-30 13:30:00,FLAT,426695115.8310746,426695115.8310746,0.0,0.0,1465.2
2025-06-30 13:45:00,FLAT,426695115.8310746,426695115.8310746,0.0,0.0,1465.6
2025-06-30 14:00:00,FLAT,426695115.8310746,426695115.8310746,0.0,0.0,1464.3
2025-06-30 14:15:00,FLAT,426695115.8310746,426695115.8310746,0.0,0.0,1463.9
2025-06-30 14:30:00,FLAT,426695115.8310746,426695115.8310746,0.0,0.0,1463.6
2025-07-01 09:00:00,FLAT,426695115.8310746,426695115.8310746,0.0,0.0,1462.9
2025-07-01 09:15:00,FLAT,426695115.8310746,426695115.8310746,0.0,0.0,1463.5
2025-07-01 09:30:00,FLAT,426695115.8310746,426695115.8310746,0.0,0.0,1465.7
2025-07-01 09:45:00,LONG,426475289.8993406,426569078.33966464,93788.44032403322,0.0,1465.6
2025-07-01 10:00:00,LONG,426475289.8993406,428769078.3396647,2293788.440324079,0.0,1467.8
2025-07-01 10:15:00,LONG,426475289.8993406,427569078.33966464,1093788.4403240331,0.0,1466.6
2025-07-01 10:30:00,LONG,426475289.8993406,425069078.33966464,-1406211.5596759669,0.0,1464.1
2025-07-01 10:45:00,FLAT,424118965.71472234,424118965.71472234,0.0,0.0,1462.9
2025-07-01 11:00:00,FLAT,424118965.71472234,424118965.71472234,0.0,0.0,1461.6
2025-07-01 11:15:00,FLAT,424118965.71472234,424118965.71472234,0.0,0.0,1460.9
2025-07-01 13:00:00,FLAT,424118965.71472234,424118965.71472234,0.0,0.0,1460.2
2025-07-01 13:15:00,FLAT,424118965.71472234,424118965.71472234,0.0,0.0,1461.3
2025-07-01 13:30:00,FLAT,424118965.71472234,424118965.71472234,0.0,0.0,1462.1
2025-07-01 13:45:00,FLAT,424118965.71472234,424118965.71472234,0.0,0.0,1461.9
2025-07-01 14:00:00,FLAT,424118965.71472234,424118965.71472234,0.0,0.0,1458.8
2025-07-01 14:15:00,FLAT,424118965.71472234,424118965.71472234,0.0,0.0,1461.0
2025-07-01 14:30:00,FLAT,424118965.71472234,424118965.71472234,0.0,0.0,1462.3
2025-07-02 09:00:00,FLAT,424118965.71472234,424118965.71472234,0.0,0.0,1460.8
2025-07-02 09:15:00,FLAT,424118965.71472234,424118965.71472234,0.0,0.0,1463.3
2025-07-02 09:30:00,LONG,423899402.4745593,421544468.0543125,-2354934.4202467636,0.0,1461.4
2025-07-02 09:45:00,FLAT,420125438.0543125,420125438.0543125,0.0,0.0,1459.5
2025-07-02 10:00:00,FLAT,420125438.0543125,420125438.0543125,0.0,0.0,1460.3
2025-07-02 10:15:00,FLAT,420125438.0543125,420125438.0543125,0.0,0.0,1461.3
2025-07-02 10:30:00,FLAT,420125438.0543125,420125438.0543125,0.0,0.0,1461.9
2025-07-02 10:45:00,FLAT,420125438.0543125,420125438.0543125,0.0,0.0,1463.7
2025-07-02 11:00:00,FLAT,420125438.0543125,420125438.0543125,0.0,0.0,1463.6
2025-07-02 11:15:00,FLAT,420125438.0543125,420125438.0543125,0.0,0.0,1465.0
2025-07-02 13:00:00,FLAT,420125438.0543125,420125438.0543125,0.0,0.0,1467.5
2025-07-02 13:15:00,FLAT,420125438.0543125,420125438.0543125,0.0,0.0,1465.9
2025-07-02 13:30:00,FLAT,420125438.0543125,420125438.0543125,0.0,0.0,1466.3
2025-07-02 13:45:00,FLAT,420125438.0543125,420125438.0543125,0.0,0.0,1467.8
2025-07-02 14:00:00,FLAT,420125438.0543125,420125438.0543125,0.0,0.0,1467.5
2025-07-02 14:15:00,FLAT,420125438.0543125,420125438.0543125,0.0,0.0,1470.0
2025-07-02 14:30:00,FLAT,420125438.0543125,420125438.0543125,0.0,0.0,1470.5
2025-07-03 09:00:00,FLAT,420125438.0543125,420125438.0543125,0.0,0.0,1460.0
2025-07-03 09:15:00,FLAT,420125438.0543125,420125438.0543125,0.0,0.0,1472.2
2025-07-03 09:30:00,FLAT,420125438.0543125,420125438.0543125,0.0,0.0,1470.9
2025-07-03 09:45:00,FLAT,420125438.0543125,420125438.0543125,0.0,0.0,1471.1
2025-07-03 10:00:00,FLAT,420125438.0543125,420125438.0543125,0.0,0.0,1471.7
2025-07-03 10:15:00,FLAT,420125438.0543125,420125438.0543125,0.0,0.0,1471.0
2025-07-03 10:30:00,FLAT,420125438.0543125,420125438.0543125,0.0,0.0,1473.4
2025-07-03 10:45:00,FLAT,420125438.0543125,420125438.0543125,0.0,0.0,1474.2
2025-07-03 11:00:00,FLAT,420125438.0543125,420125438.0543125,0.0,0.0,1475.3
2025-07-03 11:15:00,FLAT,420125438.0543125,420125438.0543125,0.0,0.0,1477.0
2025-07-03 13:00:00,FLAT,420125438.0543125,420125438.0543125,0.0,0.0,1478.9
2025-07-03 13:15:00,FLAT,420125438.0543125,420125438.0543125,0.0,0.0,1477.2
2025-07-03 13:30:00,FLAT,420125438.0543125,420125438.0543125,0.0,0.0,1476.0
2025-07-03 13:45:00,FLAT,420125438.0543125,420125438.0543125,0.0,0.0,1472.9
2025-07-03 14:00:00,FLAT,420125438.0543125,420125438.0543125,0.0,0.0,1472.2
2025-07-03 14:15:00,FLAT,420125438.0543125,420125438.0543125,0.0,0.0,1469.5
2025-07-03 14:30:00,FLAT,420125438.0543125,420125438.0543125,0.0,0.0,1470.8
2025-07-04 09:00:00,FLAT,420125438.0543125,420125438.0543125,0.0,0.0,1473.1
2025-07-04 09:15:00,FLAT,420125438.0543125,420125438.0543125,0.0,0.0,1472.8
2025-07-04 09:30:00,FLAT,420125438.0543125,420125438.0543125,0.0,0.0,1470.9
2025-07-04 09:45:00,FLAT,420125438.0543125,420125438.0543125,0.0,0.0,1470.6
2025-07-04 10:00:00,FLAT,420125438.0543125,420125438.0543125,0.0,0.0,1471.0
2025-07-04 10:15:00,FLAT,420125438.0543125,420125438.0543125,0.0,0.0,1471.6
2025-07-04 10:30:00,FLAT,420125438.0543125,420125438.0543125,0.0,0.0,1470.2
2025-07-04 10:45:00,FLAT,420125438.0543125,420125438.0543125,0.0,0.0,1472.0
2025-07-04 11:00:00,FLAT,420125438.0543125,420125438.0543125,0.0,0.0,1472.9
2025-07-04 11:15:00,FLAT,420125438.0543125,420125438.0543125,0.0,0.0,1472.8
2025-07-04 13:00:00,FLAT,420125438.0543125,420125438.0543125,0.0,0.0,1473.4
2025-07-04 13:15:00,FLAT,420125438.0543125,420125438.0543125,0.0,0.0,1472.9
2025-07-04 13:30:00,FLAT,420125438.0543125,420125438.0543125,0.0,0.0,1470.9
2025-07-04 13:45:00,FLAT,420125438.0543125,420125438.0543125,0.0,0.0,1471.6
2025-07-04 14:00:00,FLAT,420125438.0543125,420125438.0543125,0.0,0.0,1471.5
2025-07-04 14:15:00,FLAT,420125438.0543125,420125438.0543125,0.0,0.0,1472.9
2025-07-04 14:30:00,FLAT,420125438.0543125,420125438.0543125,0.0,0.0,1472.9
2025-07-07 09:00:00,FLAT,420125438.0543125,420125438.0543125,0.0,0.0,1479.8
2025-07-07 09:15:00,FLAT,420125438.0543125,420125438.0543125,0.0,0.0,1479.2
2025-07-07 09:30:00,FLAT,420125438.0543125,420125438.0543125,0.0,0.0,1484.7
2025-07-07 09:45:00,FLAT,420125438.0543125,420125438.0543125,0.0,0.0,1482.0
2025-07-07 10:00:00,FLAT,420125438.0543125,420125438.0543125,0.0,0.0,1481.6
2025-07-07 10:15:00,FLAT,420125438.0543125,420125438.0543125,0.0,0.0,1482.2
2025-07-07 10:30:00,FLAT,420125438.0543125,420125438.0543125,0.0,0.0,1482.4
2025-07-07 10:45:00,FLAT,420125438.0543125,420125438.0543125,0.0,0.0,1483.3
2025-07-07 11:00:00,FLAT,420125438.0543125,420125438.0543125,0.0,0.0,1484.9
2025-07-07 11:15:00,FLAT,420125438.0543125,420125438.0543125,0.0,0.0,1485.1
2025-07-07 13:00:00,FLAT,420125438.0543125,420125438.0543125,0.0,0.0,1484.8
2025-07-07 13:15:00,FLAT,420125438.0543125,420125438.0543125,0.0,0.0,1485.0
2025-07-07 13:30:00,FLAT,420125438.0543125,420125438.0543125,0.0,0.0,1485.0
2025-07-07 13:45:00,FLAT,420125438.0543125,420125438.0543125,0.0,0.0,1482.8
2025-07-07 14:00:00,FLAT,420125438.0543125,420125438.0543125,0.0,0.0,1484.8
2025-07-07 14:15:00,FLAT,420125438.0543125,420125438.0543125,0.0,0.0,1490.5
2025-07-07 14:30:00,FLAT,420125438.0543125,420125438.0543125,0.0,0.0,1494.8
2025-07-08 09:00:00,FLAT,420125438.0543125,420125438.0543125,0.0,0.0,1493.4
2025-07-08 09:15:00,FLAT,420125438.0543125,420125438.0543125,0.0,0.0,1494.2
2025-07-08 09:30:00,FLAT,420125438.0543125,420125438.0543125,0.0,0.0,1494.9
2025-07-08 09:45:00,FLAT,420125438.0543125,420125438.0543125,0.0,0.0,1494.8
2025-07-08 10:00:00,FLAT,420125438.0543125,420125438.0543125,0.0,0.0,1498.9
2025-07-08 10:15:00,FLAT,420125438.0543125,420125438.0543125,0.0,0.0,1498.6
2025-07-08 10:30:00,FLAT,420125438.0543125,420125438.0543125,0.0,0.0,1500.4
2025-07-08 10:45:00,FLAT,420125438.0543125,420125438.0543125,0.0,0.0,1499.3
2025-07-08 11:00:00,LONG,419968267.5906626,419365176.59130037,-603090.9993622117,0.0,1496.0
2025-07-08 11:15:00,LONG,419968267.5906626,418525176.59130037,-1443090.9993622436,0.0,1494.8
2025-07-08 13:00:00,LONG,419968267.5906626,420415176.59130037,446909.00063778827,0.0,1497.5
2025-07-08 13:15:00,LONG,419968267.5906626,421115176.59130037,1146909.0006377883,0.0,1498.5
2025-07-08 13:30:00,LONG,419968267.5906626,420415176.59130037,446909.00063778827,0.0,1497.5
2025-07-08 13:45:00,LONG,419968267.5906626,421465176.59130037,1496909.0006377883,0.0,1499.0
2025-07-08 14:00:00,LONG,419968267.5906626,423635176.5913003,3666909.0006377245,0.0,1502.1
2025-07-08 14:15:00,FLAT,426858585.8412871,426858585.8412871,0.0,0.0,1509.3
2025-07-08 14:30:00,FLAT,426858585.8412871,426858585.8412871,0.0,0.0,1510.0
2025-07-09 09:00:00,FLAT,426858585.8412871,426858585.8412871,0.0,0.0,1516.7
2025-07-09 09:15:00,FLAT,426858585.8412871,426858585.8412871,0.0,0.0,1517.3
2025-07-09 09:30:00,FLAT,426858585.8412871,426858585.8412871,0.0,0.0,1520.2
2025-07-09 09:45:00,FLAT,426858585.8412871,426858585.8412871,0.0,0.0,1528.0
2025-07-09 10:00:00,FLAT,426858585.8412871,426858585.8412871,0.0,0.0,1524.7
2025-07-09 10:15:00,FLAT,426858585.8412871,426858585.8412871,0.0,0.0,1524.0
2025-07-09 10:30:00,FLAT,426858585.8412871,426858585.8412871,0.0,0.0,1525.9
2025-07-09 10:45:00,FLAT,426858585.8412871,426858585.8412871,0.0,0.0,1525.9
2025-07-09 11:00:00,FLAT,426858585.8412871,426858585.8412871,0.0,0.0,1530.3
2025-07-09 11:15:00,FLAT,426858585.8412871,426858585.8412871,0.0,0.0,1526.4
2025-07-09 13:00:00,FLAT,426858585.8412871,426858585.8412871,0.0,0.0,1529.7
2025-07-09 13:15:00,FLAT,426858585.8412871,426858585.8412871,0.0,0.0,1531.5
2025-07-09 13:30:00,FLAT,426858585.8412871,426858585.8412871,0.0,0.0,1532.9
2025-07-09 13:45:00,FLAT,422232616.97260535,422232616.97260535,0.0,0.0,1527.3
2025-07-09 14:00:00,FLAT,422232616.97260535,422232616.97260535,0.0,0.0,1526.1
2025-07-09 14:15:00,FLAT,422232616.97260535,422232616.97260535,0.0,0.0,1530.5
2025-07-09 14:30:00,FLAT,422232616.97260535,422232616.97260535,0.0,0.0,1531.8
2025-07-10 09:00:00,FLAT,422232616.97260535,422232616.97260535,0.0,0.0,1538.3
2025-07-10 09:15:00,FLAT,422232616.97260535,422232616.97260535,0.0,0.0,1537.2
2025-07-10 09:30:00,FLAT,422232616.97260535,422232616.97260535,0.0,0.0,1541.0
2025-07-10 09:45:00,FLAT,422232616.97260535,422232616.97260535,0.0,0.0,1540.2
2025-07-10 10:00:00,FLAT,422232616.97260535,422232616.97260535,0.0,0.0,1542.3
2025-07-10 10:15:00,LONG,422070738.00110304,422697594.6523928,626856.6512897678,0.0,1542.6
2025-07-10 10:30:00,LONG,422070738.00110304,423887594.65239286,1816856.6512897997,0.0,1544.3
2025-07-10 10:45:00,LONG,422070738.00110304,428017594.6523929,5946856.6512898635,0.0,1550.2
2025-07-10 11:00:00,LONG,422070738.00110304,425707594.6523929,3636856.651289895,0.0,1546.9
2025-07-10 11:15:00,LONG,422070738.00110304,425497594.6523928,3426856.6512897676,0.0,1546.6
2025-07-10 13:00:00,LONG,422070738.00110304,425427594.65239286,3356856.6512898314,0.0,1546.5
2025-07-10 13:15:00,LONG,422070738.00110304,424727594.65239286,2656856.6512898314,0.0,1545.5
2025-07-10 13:30:00,LONG,422070738.00110304,427527594.65239286,5456856.651289832,0.0,1549.5
2025-07-10 13:45:00,LONG,422070738.00110304,429417594.6523929,7346856.6512898635,0.0,1552.2
2025-07-10 14:00:00,LONG,422070738.00110304,431097594.6523928,9026856.651289769,0.0,1554.6
2025-07-10 14:15:00,FLAT,431236319.7928472,431236319.7928472,0.0,0.0,1566.1
2025-07-10 14:30:00,FLAT,431236319.7928472,431236319.7928472,0.0,0.0,1567.2
2025-07-11 09:00:00,FLAT,431236319.7928472,431236319.7928472,0.0,0.0,1575.7
2025-07-11 09:15:00,FLAT,431236319.7928472,431236319.7928472,0.0,0.0,1581.0
2025-07-11 09:30:00,FLAT,431236319.7928472,431236319.7928472,0.0,0.0,1578.8
2025-07-11 09:45:00,FLAT,431236319.7928472,431236319.7928472,0.0,0.0,1574.0
2025-07-11 10:00:00,FLAT,431236319.7928472,431236319.7928472,0.0,0.0,1577.2
2025-07-11 10:15:00,FLAT,431236319.7928472,431236319.7928472,0.0,0.0,1577.0
2025-07-11 10:30:00,FLAT,431236319.7928472,431236319.7928472,0.0,0.0,1579.0
2025-07-11 10:45:00,FLAT,431236319.7928472,431236319.7928472,0.0,0.0,1584.5
2025-07-11 11:00:00,FLAT,431236319.7928472,431236319.7928472,0.0,0.0,1588.8
2025-07-11 11:15:00,FLAT,431236319.7928472,431236319.7928472,0.0,0.0,1585.9
2025-07-11 13:00:00,FLAT,431236319.7928472,431236319.7928472,0.0,0.0,1585.0
2025-07-11 13:15:00,FLAT,431236319.7928472,431236319.7928472,0.0,0.0,1592.5
2025-07-11 13:30:00,LONG,431140763.7928472,429020763.7928472,-2119999.999999982,0.0,1587.3
2025-07-11 13:45:00,LONG,431140763.7928472,429740763.7928472,-1400000.0,0.0,1589.1
2025-07-11 14:00:00,LONG,431140763.7928472,432780763.7928473,1640000.0000000545,0.0,1596.7
2025-07-11 14:15:00,FLAT,433484841.7928473,433484841.7928473,0.0,0.0,1599.2
2025-07-11 14:30:00,FLAT,433484841.7928473,433484841.7928473,0.0,0.0,1597.1
2025-07-14 09:00:00,FLAT,433484841.7928473,433484841.7928473,0.0,0.0,1606.7
2025-07-14 09:15:00,FLAT,433484841.7928473,433484841.7928473,0.0,0.0,1602.0
2025-07-14 09:30:00,FLAT,433484841.7928473,433484841.7928473,0.0,0.0,1587.8
2025-07-14 09:45:00,FLAT,433484841.7928473,433484841.7928473,0.0,0.0,1594.3
2025-07-14 10:00:00,FLAT,433484841.7928473,433484841.7928473,0.0,0.0,1585.8
2025-07-14 10:15:00,FLAT,433484841.7928473,433484841.7928473,0.0,0.0,1590.7
2025-07-14 10:30:00,FLAT,433484841.7928473,433484841.7928473,0.0,0.0,1596.0
2025-07-14 10:45:00,FLAT,433484841.7928473,433484841.7928473,0.0,0.0,1601.4
2025-07-14 11:00:00,FLAT,433484841.7928473,433484841.7928473,0.0,0.0,1595.6
2025-07-14 11:15:00,FLAT,433484841.7928473,433484841.7928473,0.0,0.0,1596.9
2025-07-14 13:00:00,FLAT,433484841.7928473,433484841.7928473,0.0,0.0,1596.0
2025-07-14 13:15:00,FLAT,433484841.7928473,433484841.7928473,0.0,0.0,1595.9
2025-07-14 13:30:00,FLAT,433484841.7928473,433484841.7928473,0.0,0.0,1595.8
2025-07-14 13:45:00,FLAT,433484841.7928473,433484841.7928473,0.0,0.0,1597.4
2025-07-14 14:00:00,FLAT,433484841.7928473,433484841.7928473,0.0,0.0,1600.8
2025-07-14 14:15:00,FLAT,433484841.7928473,433484841.7928473,0.0,0.0,1598.0
2025-07-14 14:30:00,FLAT,433484841.7928473,433484841.7928473,0.0,0.0,1597.2
2025-07-15 09:00:00,FLAT,433484841.7928473,433484841.7928473,0.0,0.0,1605.0
2025-07-15 09:15:00,FLAT,433484841.7928473,433484841.7928473,0.0,0.0,1602.9
2025-07-15 09:30:00,FLAT,433484841.7928473,433484841.7928473,0.0,0.0,1604.5
2025-07-15 09:45:00,FLAT,433484841.7928473,433484841.7928473,0.0,0.0,1603.9
2025-07-15 10:00:00,FLAT,433484841.7928473,433484841.7928473,0.0,0.0,1606.1
2025-07-15 10:15:00,FLAT,433484841.7928473,433484841.7928473,0.0,0.0,1606.8
2025-07-15 10:30:00,FLAT,433484841.7928473,433484841.7928473,0.0,0.0,1603.7
2025-07-15 10:45:00,FLAT,433484841.7928473,433484841.7928473,0.0,0.0,1605.4
2025-07-15 11:00:00,FLAT,433484841.7928473,433484841.7928473,0.0,0.0,1607.8
2025-07-15 11:15:00,FLAT,433484841.7928473,433484841.7928473,0.0,0.0,1605.3
2025-07-15 13:00:00,FLAT,433484841.7928473,433484841.7928473,0.0,0.0,1605.2
2025-07-15 13:15:00,FLAT,433484841.7928473,433484841.7928473,0.0,0.0,1606.4
2025-07-15 13:30:00,FLAT,433484841.7928473,433484841.7928473,0.0,0.0,1606.3
2025-07-15 13:45:00,FLAT,433484841.7928473,433484841.7928473,0.0,0.0,1604.8
2025-07-15 14:00:00,FLAT,433484841.7928473,433484841.7928473,0.0,0.0,1606.8
2025-07-15 14:15:00,FLAT,433484841.7928473,433484841.7928473,0.0,0.0,1596.8
2025-07-15 14:30:00,FLAT,433484841.7928473,433484841.7928473,0.0,0.0,1595.1
2025-07-16 09:00:00,FLAT,433484841.7928473,433484841.7928473,0.0,0.0,1595.5
2025-07-16 09:15:00,FLAT,433484841.7928473,433484841.7928473,0.0,0.0,1594.5
2025-07-16 09:30:00,FLAT,433484841.7928473,433484841.7928473,0.0,0.0,1595.4
2025-07-16 09:45:00,FLAT,433484841.7928473,433484841.7928473,0.0,0.0,1596.0
2025-07-16 10:00:00,FLAT,433484841.7928473,433484841.7928473,0.0,0.0,1594.7
2025-07-16 10:15:00,FLAT,433484841.7928473,433484841.7928473,0.0,0.0,1594.0
2025-07-16 10:30:00,FLAT,433484841.7928473,433484841.7928473,0.0,0.0,1596.3
2025-07-16 10:45:00,FLAT,433484841.7928473,433484841.7928473,0.0,0.0,1596.3
2025-07-16 11:00:00,FLAT,433484841.7928473,433484841.7928473,0.0,0.0,1595.6
2025-07-16 11:15:00,FLAT,433484841.7928473,433484841.7928473,0.0,0.0,1595.7
2025-07-16 13:00:00,FLAT,433484841.7928473,433484841.7928473,0.0,0.0,1597.9
2025-07-16 13:15:00,FLAT,433484841.7928473,433484841.7928473,0.0,0.0,1598.6
2025-07-16 13:30:00,FLAT,433484841.7928473,433484841.7928473,0.0,0.0,1602.5
2025-07-16 13:45:00,FLAT,433484841.7928473,433484841.7928473,0.0,0.0,1603.2
2025-07-16 14:00:00,FLAT,433484841.7928473,433484841.7928473,0.0,0.0,1611.3
2025-07-16 14:15:00,FLAT,433484841.7928473,433484841.7928473,0.0,0.0,1616.0
2025-07-16 14:30:00,FLAT,433484841.7928473,433484841.7928473,0.0,0.0,1618.0
2025-07-17 09:00:00,FLAT,433484841.7928473,433484841.7928473,0.0,0.0,1623.3
2025-07-17 09:15:00,FLAT,433484841.7928473,433484841.7928473,0.0,0.0,1623.7
2025-07-17 09:30:00,FLAT,433484841.7928473,433484841.7928473,0.0,0.0,1625.8
2025-07-17 09:45:00,FLAT,433484841.7928473,433484841.7928473,0.0,0.0,1624.4
2025-07-17 10:00:00,FLAT,433484841.7928473,433484841.7928473,0.0,0.0,1628.8
2025-07-17 10:15:00,LONG,433289584.3182714,434213087.1457488,923502.8274773867,0.0,1628.3
2025-07-17 10:30:00,LONG,433289584.3182714,435253087.14574873,1963502.8274773504,0.0,1629.6
2025-07-17 10:45:00,LONG,433289584.3182714,438933087.14574885,5643502.82747746,0.0,1634.2
2025-07-17 11:00:00,LONG,433289584.3182714,441813087.1457488,8523502.827477386,0.0,1637.8
2025-07-17 11:15:00,FLAT,443951681.0313756,443951681.0313756,0.0,0.0,1639.8
2025-07-17 13:00:00,FLAT,443951681.0313756,443951681.0313756,0.0,0.0,1637.7
2025-07-17 13:15:00,FLAT,443951681.0313756,443951681.0313756,0.0,0.0,1641.0
2025-07-17 13:30:00,FLAT,443951681.0313756,443951681.0313756,0.0,0.0,1641.8
2025-07-17 13:45:00,FLAT,443951681.0313756,443951681.0313756,0.0,0.0,1639.5
2025-07-17 14:00:00,FLAT,443951681.0313756,443951681.0313756,0.0,0.0,1636.3
2025-07-17 14:15:00,FLAT,443951681.0313756,443951681.0313756,0.0,0.0,1638.4
2025-07-18 09:00:00,FLAT,443951681.0313756,443951681.0313756,0.0,0.0,1632.9
2025-07-18 09:15:00,FLAT,443951681.0313756,443951681.0313756,0.0,0.0,1629.1
2025-07-18 09:30:00,FLAT,443951681.0313756,443951681.0313756,0.0,0.0,1629.7
2025-07-18 09:45:00,FLAT,443951681.0313756,443951681.0313756,0.0,0.0,1630.6
2025-07-18 10:00:00,FLAT,443951681.0313756,443951681.0313756,0.0,0.0,1631.8
2025-07-18 10:15:00,FLAT,443951681.0313756,443951681.0313756,0.0,0.0,1633.0
2025-07-18 10:30:00,FLAT,443951681.0313756,443951681.0313756,0.0,0.0,1635.0
2025-07-18 10:45:00,FLAT,443951681.0313756,443951681.0313756,0.0,0.0,1632.0
2025-07-18 11:00:00,FLAT,443951681.0313756,443951681.0313756,0.0,0.0,1627.6
2025-07-18 11:15:00,FLAT,443951681.0313756,443951681.0313756,0.0,0.0,1621.4
2025-07-18 13:00:00,FLAT,443951681.0313756,443951681.0313756,0.0,0.0,1626.2
2025-07-18 13:15:00,FLAT,443951681.0313756,443951681.0313756,0.0,0.0,1626.5
2025-07-18 13:30:00,FLAT,443951681.0313756,443951681.0313756,0.0,0.0,1629.5
2025-07-18 13:45:00,FLAT,443951681.0313756,443951681.0313756,0.0,0.0,1630.0
2025-07-18 14:00:00,LONG,443853893.1635616,444814774.4035439,960881.2399823364,0.0,1632.2
2025-07-18 14:15:00,FLAT,446036644.4035439,446036644.4035439,0.0,0.0,1636.0
2025-07-18 14:30:00,FLAT,446036644.4035439,446036644.4035439,0.0,0.0,1636.9
2025-07-21 09:00:00,FLAT,446036644.4035439,446036644.4035439,0.0,0.0,1646.9
2025-07-21 09:15:00,FLAT,446036644.4035439,446036644.4035439,0.0,0.0,1641.7
2025-07-21 09:30:00,FLAT,446036644.4035439,446036644.4035439,0.0,0.0,1641.6
2025-07-21 09:45:00,FLAT,446036644.4035439,446036644.4035439,0.0,0.0,1644.9
2025-07-21 10:00:00,FLAT,446036644.4035439,446036644.4035439,0.0,0.0,1639.0
2025-07-21 10:15:00,FLAT,446036644.4035439,446036644.4035439,0.0,0.0,1640.8
2025-07-21 10:30:00,FLAT,446036644.4035439,446036644.4035439,0.0,0.0,1639.8
2025-07-21 10:45:00,FLAT,446036644.4035439,446036644.4035439,0.0,0.0,1637.6
2025-07-21 11:00:00,FLAT,446036644.4035439,446036644.4035439,0.0,0.0,1634.6
2025-07-21 11:15:00,FLAT,446036644.4035439,446036644.4035439,0.0,0.0,1631.2
2025-07-21 13:00:00,FLAT,446036644.4035439,446036644.4035439,0.0,0.0,1636.7
2025-07-21 13:15:00,FLAT,446036644.4035439,446036644.4035439,0.0,0.0,1636.0
2025-07-21 13:30:00,FLAT,446036644.4035439,446036644.4035439,0.0,0.0,1632.0
2025-07-21 13:45:00,FLAT,446036644.4035439,446036644.4035439,0.0,0.0,1633.8
2025-07-21 14:00:00,FLAT,446036644.4035439,446036644.4035439,0.0,0.0,1640.5
2025-07-21 14:15:00,FLAT,446036644.4035439,446036644.4035439,0.0,0.0,1624.1
2025-07-21 14:30:00,FLAT,446036644.4035439,446036644.4035439,0.0,0.0,1622.9
2025-07-22 09:00:00,FLAT,446036644.4035439,446036644.4035439,0.0,0.0,1622.1
2025-07-22 09:15:00,FLAT,446036644.4035439,446036644.4035439,0.0,0.0,1613.5
2025-07-22 09:30:00,FLAT,446036644.4035439,446036644.4035439,0.0,0.0,1616.4
2025-07-22 09:45:00,FLAT,446036644.4035439,446036644.4035439,0.0,0.0,1617.0
2025-07-22 10:00:00,FLAT,446036644.4035439,446036644.4035439,0.0,0.0,1620.0
2025-07-22 10:15:00,FLAT,446036644.4035439,446036644.4035439,0.0,0.0,1623.1
2025-07-22 10:30:00,FLAT,446036644.4035439,446036644.4035439,0.0,0.0,1625.2
2025-07-22 10:45:00,FLAT,446036644.4035439,446036644.4035439,0.0,0.0,1624.4
2025-07-22 11:00:00,FLAT,446036644.4035439,446036644.4035439,0.0,0.0,1625.1
2025-07-22 11:15:00,FLAT,446036644.4035439,446036644.4035439,0.0,0.0,1622.8
2025-07-22 13:00:00,FLAT,446036644.4035439,446036644.4035439,0.0,0.0,1625.8
2025-07-22 13:15:00,FLAT,446036644.4035439,446036644.4035439,0.0,0.0,1624.9
2025-07-22 13:30:00,FLAT,446036644.4035439,446036644.4035439,0.0,0.0,1626.7
2025-07-22 13:45:00,FLAT,446036644.4035439,446036644.4035439,0.0,0.0,1630.3
2025-07-22 14:00:00,FLAT,446036644.4035439,446036644.4035439,0.0,0.0,1633.6
2025-07-23 09:00:00,FLAT,446036644.4035439,446036644.4035439,0.0,0.0,1663.0
2025-07-23 09:15:00,FLAT,446036644.4035439,446036644.4035439,0.0,0.0,1655.4
2025-07-23 09:30:00,FLAT,446036644.4035439,446036644.4035439,0.0,0.0,1651.0
2025-07-23 09:45:00,FLAT,446036644.4035439,446036644.4035439,0.0,0.0,1655.1
2025-07-23 10:00:00,FLAT,446036644.4035439,446036644.4035439,0.0,0.0,1655.0
2025-07-23 10:15:00,FLAT,446036644.4035439,446036644.4035439,0.0,0.0,1654.2
2025-07-23 10:30:00,FLAT,446036644.4035439,446036644.4035439,0.0,0.0,1658.6
2025-07-23 10:45:00,FLAT,446036644.4035439,446036644.4035439,0.0,0.0,1662.0
2025-07-23 11:00:00,FLAT,446036644.4035439,446036644.4035439,0.0,0.0,1654.4
2025-07-23 11:15:00,FLAT,446036644.4035439,446036644.4035439,0.0,0.0,1646.9
2025-07-23 13:00:00,FLAT,446036644.4035439,446036644.4035439,0.0,0.0,1652.1
2025-07-23 13:15:00,FLAT,446036644.4035439,446036644.4035439,0.0,0.0,1652.7
2025-07-23 13:30:00,FLAT,446036644.4035439,446036644.4035439,0.0,0.0,1653.5
2025-07-23 13:45:00,FLAT,446036644.4035439,446036644.4035439,0.0,0.0,1645.0
2025-07-23 14:00:00,FLAT,446036644.4035439,446036644.4035439,0.0,0.0,1652.0
2025-07-23 14:15:00,FLAT,446036644.4035439,446036644.4035439,0.0,0.0,1652.5
2025-07-23 14:30:00,FLAT,446036644.4035439,446036644.4035439,0.0,0.0,1653.8
2025-07-24 09:00:00,FLAT,446036644.4035439,446036644.4035439,0.0,0.0,1655.3
2025-07-24 09:15:00,FLAT,446036644.4035439,446036644.4035439,0.0,0.0,1654.6
2025-07-24 09:30:00,FLAT,446036644.4035439,446036644.4035439,0.0,0.0,1652.0
2025-07-24 09:45:00,FLAT,446036644.4035439,446036644.4035439,0.0,0.0,1653.0
2025-07-24 10:00:00,FLAT,446036644.4035439,446036644.4035439,0.0,0.0,1650.0
2025-07-24 10:15:00,FLAT,446036644.4035439,446036644.4035439,0.0,0.0,1649.8
2025-07-24 10:30:00,FLAT,446036644.4035439,446036644.4035439,0.0,0.0,1647.9
2025-07-24 10:45:00,FLAT,446036644.4035439,446036644.4035439,0.0,0.0,1647.0
2025-07-24 11:00:00,FLAT,446036644.4035439,446036644.4035439,0.0,0.0,1646.7
2025-07-24 11:15:00,FLAT,446036644.4035439,446036644.4035439,0.0,0.0,1646.0
2025-07-24 13:00:00,FLAT,446036644.4035439,446036644.4035439,0.0,0.0,1646.6
2025-07-24 13:15:00,FLAT,446036644.4035439,446036644.4035439,0.0,0.0,1644.6
2025-07-24 13:30:00,FLAT,446036644.4035439,446036644.4035439,0.0,0.0,1644.0
2025-07-24 13:45:00,FLAT,446036644.4035439,446036644.4035439,0.0,0.0,1650.8
2025-07-24 14:00:00,FLAT,446036644.4035439,446036644.4035439,0.0,0.0,1647.7
2025-07-24 14:15:00,FLAT,446036644.4035439,446036644.4035439,0.0,0.0,1656.5
2025-07-24 14:30:00,FLAT,446036644.4035439,446036644.4035439,0.0,0.0,1656.0
2025-07-25 09:00:00,FLAT,446036644.4035439,446036644.4035439,0.0,0.0,1652.4
2025-07-25 09:15:00,FLAT,446036644.4035439,446036644.4035439,0.0,0.0,1654.5
2025-07-25 09:30:00,FLAT,446036644.4035439,446036644.4035439,0.0,0.0,1651.9
2025-07-25 09:45:00,FLAT,446036644.4035439,446036644.4035439,0.0,0.0,1653.6
2025-07-25 10:00:00,FLAT,446036644.4035439,446036644.4035439,0.0,0.0,1655.0
2025-07-25 10:15:00,FLAT,446036644.4035439,446036644.4035439,0.0,0.0,1658.5
2025-07-25 10:30:00,FLAT,446036644.4035439,446036644.4035439,0.0,0.0,1656.1
2025-07-25 10:45:00,FLAT,446036644.4035439,446036644.4035439,0.0,0.0,1656.5
2025-07-25 11:00:00,FLAT,446036644.4035439,446036644.4035439,0.0,0.0,1655.1
2025-07-25 11:15:00,FLAT,446036644.4035439,446036644.4035439,0.0,0.0,1654.5
2025-07-25 13:00:00,FLAT,446036644.4035439,446036644.4035439,0.0,0.0,1658.0
2025-07-25 13:15:00,FLAT,446036644.4035439,446036644.4035439,0.0,0.0,1659.6
2025-07-25 13:30:00,FLAT,446036644.4035439,446036644.4035439,0.0,0.0,1666.5
2025-07-25 13:45:00,FLAT,446036644.4035439,446036644.4035439,0.0,0.0,1664.4
2025-07-25 14:00:00,FLAT,446036644.4035439,446036644.4035439,0.0,0.0,1667.5
2025-07-25 14:15:00,FLAT,446036644.4035439,446036644.4035439,0.0,0.0,1674.6
2025-07-25 14:30:00,FLAT,446036644.4035439,446036644.4035439,0.0,0.0,1676.0
2025-07-28 09:00:00,FLAT,446036644.4035439,446036644.4035439,0.0,0.0,1675.2
2025-07-28 09:15:00,FLAT,446036644.4035439,446036644.4035439,0.0,0.0,1674.3
2025-07-28 09:30:00,FLAT,446036644.4035439,446036644.4035439,0.0,0.0,1674.3
2025-07-28 09:45:00,FLAT,446036644.4035439,446036644.4035439,0.0,0.0,1673.5
2025-07-28 10:00:00,FLAT,446036644.4035439,446036644.4035439,0.0,0.0,1675.9
2025-07-28 10:15:00,FLAT,446036644.4035439,446036644.4035439,0.0,0.0,1676.8
2025-07-28 10:30:00,FLAT,446036644.4035439,446036644.4035439,0.0,0.0,1674.9
2025-07-28 10:45:00,FLAT,446036644.4035439,446036644.4035439,0.0,0.0,1677.6
2025-07-28 11:00:00,FLAT,446036644.4035439,446036644.4035439,0.0,0.0,1681.4
2025-07-28 11:15:00,FLAT,446036644.4035439,446036644.4035439,0.0,0.0,1681.0
2025-07-28 13:00:00,FLAT,446036644.4035439,446036644.4035439,0.0,0.0,1683.9
2025-07-28 13:15:00,FLAT,446036644.4035439,446036644.4035439,0.0,0.0,1689.1
2025-07-28 13:30:00,LONG,445884760.0808178,445642608.5734934,-242151.50732438813,0.0,1687.2
2025-07-28 13:45:00,LONG,445884760.0808178,445822608.5734934,-62151.507324415434,0.0,1687.5
2025-07-28 14:00:00,LONG,445884760.0808178,446782608.57349336,897848.49267553,0.0,1689.1
2025-07-28 14:15:00,FLAT,448850256.57349336,448850256.57349336,0.0,0.0,1693.3
2025-07-28 14:30:00,FLAT,448850256.57349336,448850256.57349336,0.0,0.0,1693.5
2025-07-29 09:00:00,FLAT,448850256.57349336,448850256.57349336,0.0,0.0,1683.4
2025-07-29 09:15:00,FLAT,448850256.57349336,448850256.57349336,0.0,0.0,1677.4
2025-07-29 09:30:00,FLAT,448850256.57349336,448850256.57349336,0.0,0.0,1674.5
2025-07-29 09:45:00,FLAT,448850256.57349336,448850256.57349336,0.0,0.0,1679.3
2025-07-29 10:00:00,FLAT,448850256.57349336,448850256.57349336,0.0,0.0,1672.5
2025-07-29 10:15:00,FLAT,448850256.57349336,448850256.57349336,0.0,0.0,1665.1
2025-07-29 10:30:00,FLAT,448850256.57349336,448850256.57349336,0.0,0.0,1661.7
2025-07-29 10:45:00,FLAT,448850256.57349336,448850256.57349336,0.0,0.0,1669.8
2025-07-29 11:00:00,FLAT,448850256.57349336,448850256.57349336,0.0,0.0,1660.3
2025-07-29 11:15:00,FLAT,448850256.57349336,448850256.57349336,0.0,0.0,1666.8
2025-07-29 13:00:00,FLAT,448850256.57349336,448850256.57349336,0.0,0.0,1669.7
2025-07-29 13:15:00,FLAT,448850256.57349336,448850256.57349336,0.0,0.0,1660.8
2025-07-29 13:30:00,FLAT,448850256.57349336,448850256.57349336,0.0,0.0,1661.0
2025-07-29 13:45:00,FLAT,448850256.57349336,448850256.57349336,0.0,0.0,1662.1
2025-07-29 14:00:00,FLAT,448850256.57349336,448850256.57349336,0.0,0.0,1651.8
2025-07-29 14:15:00,FLAT,448850256.57349336,448850256.57349336,0.0,0.0,1628.5
2025-07-29 14:30:00,FLAT,448850256.57349336,448850256.57349336,0.0,0.0,1628.1
2025-07-30 09:00:00,FLAT,448850256.57349336,448850256.57349336,0.0,0.0,1629.0
2025-07-30 09:15:00,FLAT,448850256.57349336,448850256.57349336,0.0,0.0,1628.0
2025-07-30 09:30:00,FLAT,448850256.57349336,448850256.57349336,0.0,0.0,1627.0
2025-07-30 09:45:00,FLAT,448850256.57349336,448850256.57349336,0.0,0.0,1627.3
2025-07-30 10:00:00,FLAT,448850256.57349336,448850256.57349336,0.0,0.0,1629.5
2025-07-30 10:15:00,FLAT,448850256.57349336,448850256.57349336,0.0,0.0,1629.9
2025-07-30 10:30:00,FLAT,448850256.57349336,448850256.57349336,0.0,0.0,1632.1
2025-07-30 10:45:00,FLAT,448850256.57349336,448850256.57349336,0.0,0.0,1628.3
2025-07-30 11:00:00,FLAT,448850256.57349336,448850256.57349336,0.0,0.0,1624.4
2025-07-30 11:15:00,FLAT,448850256.57349336,448850256.57349336,0.0,0.0,1607.0
2025-07-30 13:00:00,FLAT,448850256.57349336,448850256.57349336,0.0,0.0,1609.0
2025-07-30 13:15:00,FLAT,448850256.57349336,448850256.57349336,0.0,0.0,1619.2
2025-07-30 13:30:00,LONG,448801673.2020574,447932530.29565024,-869142.9064071599,0.0,1615.1
2025-07-30 13:45:00,LONG,448801673.2020574,448592530.2956503,-209142.90640712352,0.0,1618.4
2025-07-30 14:00:00,LONG,448801673.2020574,450632530.29565024,1830857.09359284,0.0,1628.6
2025-07-30 14:15:00,FLAT,449903774.2956503,449903774.2956503,0.0,0.0,1625.7
2025-07-30 14:30:00,FLAT,449903774.2956503,449903774.2956503,0.0,0.0,1623.8
2025-07-31 09:00:00,FLAT,449903774.2956503,449903774.2956503,0.0,0.0,1625.6
2025-07-31 09:15:00,FLAT,449903774.2956503,449903774.2956503,0.0,0.0,1621.3
2025-07-31 09:30:00,FLAT,449903774.2956503,449903774.2956503,0.0,0.0,1616.3
2025-07-31 09:45:00,FLAT,449903774.2956503,449903774.2956503,0.0,0.0,1614.5
2025-07-31 10:00:00,FLAT,449903774.2956503,449903774.2956503,0.0,0.0,1616.3
2025-07-31 10:15:00,FLAT,449903774.2956503,449903774.2956503,0.0,0.0,1609.5
2025-07-31 10:30:00,FLAT,449903774.2956503,449903774.2956503,0.0,0.0,1609.0
2025-07-31 10:45:00,FLAT,449903774.2956503,449903774.2956503,0.0,0.0,1604.5
2025-07-31 11:00:00,FLAT,449903774.2956503,449903774.2956503,0.0,0.0,1601.7
2025-07-31 11:15:00,FLAT,449903774.2956503,449903774.2956503,0.0,0.0,1601.8
2025-07-31 13:00:00,FLAT,449903774.2956503,449903774.2956503,0.0,0.0,1606.6
2025-07-31 13:15:00,FLAT,449903774.2956503,449903774.2956503,0.0,0.0,1609.2
2025-07-31 13:30:00,FLAT,449903774.2956503,449903774.2956503,0.0,0.0,1611.3
2025-07-31 13:45:00,FLAT,449903774.2956503,449903774.2956503,0.0,0.0,1614.2
2025-07-31 14:00:00,FLAT,449903774.2956503,449903774.2956503,0.0,0.0,1600.8
2025-07-31 14:15:00,FLAT,449903774.2956503,449903774.2956503,0.0,0.0,1610.0
2025-07-31 14:30:00,FLAT,449903774.2956503,449903774.2956503,0.0,0.0,1608.1
2025-08-01 09:00:00,FLAT,449903774.2956503,449903774.2956503,0.0,0.0,1610.1
2025-08-01 09:15:00,FLAT,449903774.2956503,449903774.2956503,0.0,0.0,1608.8
2025-08-01 09:30:00,FLAT,449903774.2956503,449903774.2956503,0.0,0.0,1608.5
2025-08-01 09:45:00,FLAT,449903774.2956503,449903774.2956503,0.0,0.0,1607.3
2025-08-01 10:00:00,FLAT,449903774.2956503,449903774.2956503,0.0,0.0,1608.7
2025-08-01 10:15:00,FLAT,449903774.2956503,449903774.2956503,0.0,0.0,1607.3
2025-08-01 10:30:00,FLAT,449903774.2956503,449903774.2956503,0.0,0.0,1605.5
2025-08-01 10:45:00,FLAT,449903774.2956503,449903774.2956503,0.0,0.0,1606.2
2025-08-01 11:00:00,FLAT,449903774.2956503,449903774.2956503,0.0,0.0,1605.0
2025-08-01 11:15:00,FLAT,449903774.2956503,449903774.2956503,0.0,0.0,1601.3
2025-08-01 13:00:00,FLAT,449903774.2956503,449903774.2956503,0.0,0.0,1602.0
2025-08-01 13:15:00,FLAT,449903774.2956503,449903774.2956503,0.0,0.0,1602.1
2025-08-01 13:30:00,FLAT,449903774.2956503,449903774.2956503,0.0,0.0,1602.0
2025-08-01 13:45:00,FLAT,449903774.2956503,449903774.2956503,0.0,0.0,1595.0
2025-08-01 14:00:00,FLAT,449903774.2956503,449903774.2956503,0.0,0.0,1603.5
2025-08-01 14:15:00,FLAT,449903774.2956503,449903774.2956503,0.0,0.0,1608.4
2025-08-01 14:30:00,FLAT,449903774.2956503,449903774.2956503,0.0,0.0,1609.0
2025-08-04 09:00:00,FLAT,449903774.2956503,449903774.2956503,0.0,0.0,1605.5
2025-08-04 09:15:00,FLAT,449903774.2956503,449903774.2956503,0.0,0.0,1608.5
2025-08-04 09:30:00,FLAT,449903774.2956503,449903774.2956503,0.0,0.0,1616.3
2025-08-04 09:45:00,FLAT,449903774.2956503,449903774.2956503,0.0,0.0,1616.2
2025-08-04 10:00:00,FLAT,449903774.2956503,449903774.2956503,0.0,0.0,1619.3
2025-08-04 10:15:00,FLAT,449903774.2956503,449903774.2956503,0.0,0.0,1623.4
2025-08-04 10:30:00,FLAT,449903774.2956503,449903774.2956503,0.0,0.0,1628.3
2025-08-04 10:45:00,FLAT,449903774.2956503,449903774.2956503,0.0,0.0,1623.6
2025-08-04 11:00:00,FLAT,449903774.2956503,449903774.2956503,0.0,0.0,1619.8
2025-08-04 11:15:00,FLAT,449903774.2956503,449903774.2956503,0.0,0.0,1621.4
2025-08-04 13:00:00,FLAT,449903774.2956503,449903774.2956503,0.0,0.0,1623.6
2025-08-04 13:15:00,FLAT,449903774.2956503,449903774.2956503,0.0,0.0,1627.5
2025-08-04 13:30:00,FLAT,449903774.2956503,449903774.2956503,0.0,0.0,1634.5
2025-08-04 13:45:00,FLAT,449903774.2956503,449903774.2956503,0.0,0.0,1637.2
2025-08-04 14:00:00,FLAT,449903774.2956503,449903774.2956503,0.0,0.0,1642.0
2025-08-04 14:15:00,FLAT,449903774.2956503,449903774.2956503,0.0,0.0,1654.1
2025-08-04 14:30:00,FLAT,449903774.2956503,449903774.2956503,0.0,0.0,1654.6
2025-08-05 09:00:00,FLAT,449903774.2956503,449903774.2956503,0.0,0.0,1667.3
2025-08-05 09:15:00,FLAT,449903774.2956503,449903774.2956503,0.0,0.0,1664.4
2025-08-05 09:30:00,FLAT,449903774.2956503,449903774.2956503,0.0,0.0,1673.2
2025-08-05 09:45:00,FLAT,449903774.2956503,449903774.2956503,0.0,0.0,1670.5
2025-08-05 10:00:00,FLAT,449903774.2956503,449903774.2956503,0.0,0.0,1677.3
2025-08-05 10:15:00,FLAT,449903774.2956503,449903774.2956503,0.0,0.0,1685.7
2025-08-05 10:30:00,FLAT,449903774.2956503,449903774.2956503,0.0,0.0,1691.1
2025-08-05 10:45:00,FLAT,449903774.2956503,449903774.2956503,0.0,0.0,1694.9
2025-08-05 11:00:00,FLAT,449903774.2956503,449903774.2956503,0.0,0.0,1695.6
2025-08-05 11:15:00,FLAT,449903774.2956503,449903774.2956503,0.0,0.0,1692.0
2025-08-05 13:00:00,FLAT,449903774.2956503,449903774.2956503,0.0,0.0,1706.8
2025-08-05 13:15:00,FLAT,449903774.2956503,449903774.2956503,0.0,0.0,1705.2
2025-08-05 13:30:00,FLAT,449903774.2956503,449903774.2956503,0.0,0.0,1717.0
2025-08-05 13:45:00,FLAT,449903774.2956503,449903774.2956503,0.0,0.0,1728.5
2025-08-05 14:00:00,FLAT,445425123.04733527,445425123.04733527,0.0,0.0,1708.2
2025-08-05 14:15:00,FLAT,445425123.04733527,445425123.04733527,0.0,0.0,1672.2
2025-08-05 14:30:00,FLAT,445425123.04733527,445425123.04733527,0.0,0.0,1675.2
2025-08-06 09:00:00,FLAT,445425123.04733527,445425123.04733527,0.0,0.0,1693.1
2025-08-06 09:15:00,FLAT,445425123.04733527,445425123.04733527,0.0,0.0,1694.1
2025-08-06 09:30:00,FLAT,445425123.04733527,445425123.04733527,0.0,0.0,1688.5
2025-08-06 09:45:00,FLAT,445425123.04733527,445425123.04733527,0.0,0.0,1693.8
2025-08-06 10:00:00,FLAT,445425123.04733527,445425123.04733527,0.0,0.0,1692.5
2025-08-06 10:15:00,FLAT,445425123.04733527,445425123.04733527,0.0,0.0,1688.4
2025-08-06 10:30:00,FLAT,445425123.04733527,445425123.04733527,0.0,0.0,1688.5
2025-08-06 10:45:00,FLAT,445425123.04733527,445425123.04733527,0.0,0.0,1692.9
2025-08-06 11:00:00,FLAT,445425123.04733527,445425123.04733527,0.0,0.0,1697.4
2025-08-06 11:15:00,FLAT,445425123.04733527,445425123.04733527,0.0,0.0,1718.1
2025-08-06 13:00:00,FLAT,445425123.04733527,445425123.04733527,0.0,0.0,1719.5
2025-08-06 13:15:00,FLAT,445425123.04733527,445425123.04733527,0.0,0.0,1710.9
2025-08-06 13:30:00,FLAT,445425123.04733527,445425123.04733527,0.0,0.0,1716.0
2025-08-06 13:45:00,FLAT,445425123.04733527,445425123.04733527,0.0,0.0,1714.9
2025-08-06 14:00:00,FLAT,445425123.04733527,445425123.04733527,0.0,0.0,1717.8
2025-08-06 14:15:00,FLAT,445425123.04733527,445425123.04733527,0.0,0.0,1716.8
2025-08-06 14:30:00,FLAT,445425123.04733527,445425123.04733527,0.0,0.0,1718.8
2025-08-07 09:00:00,FLAT,445425123.04733527,445425123.04733527,0.0,0.0,1729.4
2025-08-07 09:15:00,FLAT,445425123.04733527,445425123.04733527,0.0,0.0,1723.0
2025-08-07 09:30:00,FLAT,445425123.04733527,445425123.04733527,0.0,0.0,1726.7
2025-08-07 09:45:00,FLAT,445425123.04733527,445425123.04733527,0.0,0.0,1716.3
2025-08-07 10:00:00,FLAT,445425123.04733527,445425123.04733527,0.0,0.0,1716.9
2025-08-07 10:15:00,FLAT,445425123.04733527,445425123.04733527,0.0,0.0,1720.9
2025-08-07 10:30:00,FLAT,445425123.04733527,445425123.04733527,0.0,0.0,1715.3
2025-08-07 10:45:00,FLAT,445425123.04733527,445425123.04733527,0.0,0.0,1713.7
2025-08-07 11:00:00,FLAT,445425123.04733527,445425123.04733527,0.0,0.0,1717.5
2025-08-07 11:15:00,FLAT,445425123.04733527,445425123.04733527,0.0,0.0,1717.0
2025-08-07 13:00:00,FLAT,445425123.04733527,445425123.04733527,0.0,0.0,1718.6
2025-08-07 13:15:00,FLAT,445425123.04733527,445425123.04733527,0.0,0.0,1721.6
2025-08-07 13:30:00,FLAT,445425123.04733527,445425123.04733527,0.0,0.0,1716.8
2025-08-07 13:45:00,FLAT,445425123.04733527,445425123.04733527,0.0,0.0,1717.4
2025-08-07 14:00:00,FLAT,445425123.04733527,445425123.04733527,0.0,0.0,1722.3
2025-08-07 14:15:00,FLAT,445425123.04733527,445425123.04733527,0.0,0.0,1737.0
2025-08-07 14:30:00,FLAT,445425123.04733527,445425123.04733527,0.0,0.0,1736.1
2025-08-08 09:00:00,FLAT,445425123.04733527,445425123.04733527,0.0,0.0,1727.1
2025-08-08 09:15:00,FLAT,445425123.04733527,445425123.04733527,0.0,0.0,1726.7
2025-08-08 09:30:00,FLAT,445425123.04733527,445425123.04733527,0.0,0.0,1723.4
2025-08-08 09:45:00,FLAT,445425123.04733527,445425123.04733527,0.0,0.0,1722.5
2025-08-08 10:00:00,FLAT,445425123.04733527,445425123.04733527,0.0,0.0,1723.0
2025-08-08 10:15:00,FLAT,445425123.04733527,445425123.04733527,0.0,0.0,1724.8
2025-08-08 10:30:00,FLAT,445425123.04733527,445425123.04733527,0.0,0.0,1720.8
2025-08-08 10:45:00,FLAT,445425123.04733527,445425123.04733527,0.0,0.0,1720.9
2025-08-08 11:00:00,FLAT,445425123.04733527,445425123.04733527,0.0,0.0,1719.8
2025-08-08 11:15:00,FLAT,445425123.04733527,445425123.04733527,0.0,0.0,1708.6
2025-08-08 13:00:00,FLAT,445425123.04733527,445425123.04733527,0.0,0.0,1710.1
2025-08-08 13:15:00,FLAT,445425123.04733527,445425123.04733527,0.0,0.0,1713.5
2025-08-08 13:30:00,FLAT,445425123.04733527,445425123.04733527,0.0,0.0,1717.4
2025-08-08 13:45:00,FLAT,445425123.04733527,445425123.04733527,0.0,0.0,1716.2
2025-08-08 14:00:00,FLAT,445425123.04733527,445425123.04733527,0.0,0.0,1726.1
2025-08-08 14:15:00,FLAT,445425123.04733527,445425123.04733527,0.0,0.0,1725.7
2025-08-08 14:30:00,FLAT,445425123.04733527,445425123.04733527,0.0,0.0,1726.0
2025-08-11 09:00:00,FLAT,445425123.04733527,445425123.04733527,0.0,0.0,1727.8
2025-08-11 09:15:00,FLAT,445425123.04733527,445425123.04733527,0.0,0.0,1726.7
2025-08-11 09:30:00,FLAT,445425123.04733527,445425123.04733527,0.0,0.0,1733.0
2025-08-11 09:45:00,FLAT,445425123.04733527,445425123.04733527,0.0,0.0,1737.5
2025-08-11 10:00:00,FLAT,445425123.04733527,445425123.04733527,0.0,0.0,1732.2
2025-08-11 10:15:00,FLAT,445425123.04733527,445425123.04733527,0.0,0.0,1740.9
2025-08-11 10:30:00,FLAT,445425123.04733527,445425123.04733527,0.0,0.0,1741.8
2025-08-11 10:45:00,FLAT,445425123.04733527,445425123.04733527,0.0,0.0,1741.3
2025-08-11 11:00:00,FLAT,445425123.04733527,445425123.04733527,0.0,0.0,1740.6
2025-08-11 11:15:00,FLAT,445425123.04733527,445425123.04733527,0.0,0.0,1744.0
2025-08-11 13:00:00,FLAT,445425123.04733527,445425123.04733527,0.0,0.0,1740.9
2025-08-11 13:15:00,FLAT,445425123.04733527,445425123.04733527,0.0,0.0,1740.2
2025-08-11 13:30:00,FLAT,445425123.04733527,445425123.04733527,0.0,0.0,1735.7
2025-08-11 13:45:00,FLAT,445425123.04733527,445425123.04733527,0.0,0.0,1738.4
2025-08-11 14:00:00,FLAT,445425123.04733527,445425123.04733527,0.0,0.0,1740.9
2025-08-11 14:15:00,FLAT,445425123.04733527,445425123.04733527,0.0,0.0,1740.5
2025-08-11 14:30:00,FLAT,445425123.04733527,445425123.04733527,0.0,0.0,1742.0
2025-08-12 09:00:00,FLAT,445425123.04733527,445425123.04733527,0.0,0.0,1741.8
2025-08-12 09:15:00,FLAT,445425123.04733527,445425123.04733527,0.0,0.0,1744.4
2025-08-12 09:30:00,FLAT,445425123.04733527,445425123.04733527,0.0,0.0,1743.6
2025-08-12 09:45:00,FLAT,445425123.04733527,445425123.04733527,0.0,0.0,1745.7
2025-08-12 10:00:00,FLAT,445425123.04733527,445425123.04733527,0.0,0.0,1744.3
2025-08-12 10:15:00,FLAT,445425123.04733527,445425123.04733527,0.0,0.0,1744.8
2025-08-12 10:30:00,FLAT,445425123.04733527,445425123.04733527,0.0,0.0,1749.4
2025-08-12 10:45:00,FLAT,445425123.04733527,445425123.04733527,0.0,0.0,1748.4
2025-08-12 11:00:00,FLAT,445425123.04733527,445425123.04733527,0.0,0.0,1745.3
2025-08-12 11:15:00,FLAT,445425123.04733527,445425123.04733527,0.0,0.0,1738.0
2025-08-12 13:00:00,FLAT,445425123.04733527,445425123.04733527,0.0,0.0,1740.5
2025-08-12 13:15:00,FLAT,445425123.04733527,445425123.04733527,0.0,0.0,1740.0
2025-08-12 13:30:00,FLAT,445425123.04733527,445425123.04733527,0.0,0.0,1740.4
2025-08-12 13:45:00,FLAT,445425123.04733527,445425123.04733527,0.0,0.0,1743.9
2025-08-12 14:00:00,FLAT,445425123.04733527,445425123.04733527,0.0,0.0,1743.3
2025-08-12 14:15:00,FLAT,445425123.04733527,445425123.04733527,0.0,0.0,1745.8
2025-08-12 14:30:00,FLAT,445425123.04733527,445425123.04733527,0.0,0.0,1746.3
2025-08-13 09:00:00,FLAT,445425123.04733527,445425123.04733527,0.0,0.0,1755.0
2025-08-13 09:15:00,FLAT,445425123.04733527,445425123.04733527,0.0,0.0,1749.6
2025-08-13 09:30:00,FLAT,445425123.04733527,445425123.04733527,0.0,0.0,1748.6
2025-08-13 09:45:00,FLAT,445425123.04733527,445425123.04733527,0.0,0.0,1745.3
2025-08-13 10:00:00,FLAT,445425123.04733527,445425123.04733527,0.0,0.0,1735.3
2025-08-13 10:15:00,FLAT,445425123.04733527,445425123.04733527,0.0,0.0,1741.0
2025-08-13 10:30:00,FLAT,445425123.04733527,445425123.04733527,0.0,0.0,1740.7
2025-08-13 10:45:00,FLAT,445425123.04733527,445425123.04733527,0.0,0.0,1737.3
2025-08-13 11:00:00,FLAT,445425123.04733527,445425123.04733527,0.0,0.0,1734.5
2025-08-13 11:15:00,FLAT,445425123.04733527,445425123.04733527,0.0,0.0,1722.5
2025-08-13 13:00:00,FLAT,445425123.04733527,445425123.04733527,0.0,0.0,1723.0
2025-08-13 13:15:00,FLAT,445425123.04733527,445425123.04733527,0.0,0.0,1731.6
2025-08-13 13:30:00,FLAT,445425123.04733527,445425123.04733527,0.0,0.0,1739.0
2025-08-13 13:45:00,LONG,445347134.96481866,447126584.8540587,1779449.889240027,0.0,1739.0
2025-08-13 14:00:00,LONG,445347134.96481866,447546584.8540587,2199449.8892400544,0.0,1740.4
2025-08-13 14:15:00,FLAT,448398127.3540587,448398127.3540587,0.0,0.0,1744.0
2025-08-13 14:30:00,FLAT,448398127.3540587,448398127.3540587,0.0,0.0,1745.0
2025-08-14 09:00:00,FLAT,448398127.3540587,448398127.3540587,0.0,0.0,1756.0
2025-08-14 09:15:00,FLAT,448398127.3540587,448398127.3540587,0.0,0.0,1755.1
2025-08-14 09:30:00,FLAT,448398127.3540587,448398127.3540587,0.0,0.0,1760.8
2025-08-14 09:45:00,FLAT,448398127.3540587,448398127.3540587,0.0,0.0,1764.9
2025-08-14 10:00:00,FLAT,448398127.3540587,448398127.3540587,0.0,0.0,1779.6
2025-08-14 10:15:00,FLAT,448398127.3540587,448398127.3540587,0.0,0.0,1777.2
2025-08-14 10:30:00,FLAT,448398127.3540587,448398127.3540587,0.0,0.0,1780.0
2025-08-14 10:45:00,FLAT,448398127.3540587,448398127.3540587,0.0,0.0,1778.3
2025-08-14 11:00:00,FLAT,448398127.3540587,448398127.3540587,0.0,0.0,1778.6
2025-08-14 11:15:00,FLAT,448398127.3540587,448398127.3540587,0.0,0.0,1777.2
2025-08-14 13:00:00,FLAT,448398127.3540587,448398127.3540587,0.0,0.0,1783.2
2025-08-14 13:15:00,FLAT,448398127.3540587,448398127.3540587,0.0,0.0,1782.8
2025-08-14 13:30:00,FLAT,448398127.3540587,448398127.3540587,0.0,0.0,1775.6
2025-08-14 13:45:00,FLAT,448398127.3540587,448398127.3540587,0.0,0.0,1784.0
2025-08-14 14:00:00,FLAT,448398127.3540587,448398127.3540587,0.0,0.0,1782.5
2025-08-14 14:15:00,FLAT,448398127.3540587,448398127.3540587,0.0,0.0,1785.6
2025-08-14 14:30:00,FLAT,448398127.3540587,448398127.3540587,0.0,0.0,1789.8
2025-08-15 09:00:00,FLAT,448398127.3540587,448398127.3540587,0.0,0.0,1811.3
2025-08-15 09:15:00,FLAT,448398127.3540587,448398127.3540587,0.0,0.0,1809.5
2025-08-15 09:30:00,FLAT,448398127.3540587,448398127.3540587,0.0,0.0,1802.6
2025-08-15 09:45:00,FLAT,448398127.3540587,448398127.3540587,0.0,0.0,1805.0
2025-08-15 10:00:00,FLAT,448398127.3540587,448398127.3540587,0.0,0.0,1804.0
2025-08-15 10:15:00,FLAT,448398127.3540587,448398127.3540587,0.0,0.0,1805.5
2025-08-15 10:30:00,FLAT,448398127.3540587,448398127.3540587,0.0,0.0,1797.3
2025-08-15 10:45:00,FLAT,448398127.3540587,448398127.3540587,0.0,0.0,1791.3
2025-08-15 11:00:00,FLAT,448398127.3540587,448398127.3540587,0.0,0.0,1790.0
2025-08-15 11:15:00,FLAT,448398127.3540587,448398127.3540587,0.0,0.0,1786.4
2025-08-15 13:00:00,FLAT,448398127.3540587,448398127.3540587,0.0,0.0,1786.6
2025-08-15 13:15:00,FLAT,448398127.3540587,448398127.3540587,0.0,0.0,1784.1
2025-08-15 13:30:00,FLAT,448398127.3540587,448398127.3540587,0.0,0.0,1784.3
2025-08-15 13:45:00,FLAT,448398127.3540587,448398127.3540587,0.0,0.0,1788.9
2025-08-15 14:00:00,FLAT,448398127.3540587,448398127.3540587,0.0,0.0,1787.4
2025-08-15 14:15:00,FLAT,448398127.3540587,448398127.3540587,0.0,0.0,1780.0
2025-08-15 14:30:00,FLAT,448398127.3540587,448398127.3540587,0.0,0.0,1780.0
2025-08-18 09:00:00,FLAT,448398127.3540587,448398127.3540587,0.0,0.0,1782.3
2025-08-18 09:15:00,FLAT,448398127.3540587,448398127.3540587,0.0,0.0,1781.2
2025-08-18 09:30:00,FLAT,448398127.3540587,448398127.3540587,0.0,0.0,1775.7
2025-08-18 09:45:00,FLAT,448398127.3540587,448398127.3540587,0.0,0.0,1779.1
2025-08-18 10:00:00,FLAT,448398127.3540587,448398127.3540587,0.0,0.0,1779.0
2025-08-18 10:15:00,FLAT,448398127.3540587,448398127.3540587,0.0,0.0,1780.7
2025-08-18 10:30:00,FLAT,448398127.3540587,448398127.3540587,0.0,0.0,1784.9
2025-08-18 10:45:00,FLAT,448398127.3540587,448398127.3540587,0.0,0.0,1784.0
2025-08-18 11:00:00,FLAT,448398127.3540587,448398127.3540587,0.0,0.0,1778.0
2025-08-18 11:15:00,FLAT,448398127.3540587,448398127.3540587,0.0,0.0,1776.1
2025-08-18 13:00:00,FLAT,448398127.3540587,448398127.3540587,0.0,0.0,1772.9
2025-08-18 13:15:00,FLAT,448398127.3540587,448398127.3540587,0.0,0.0,1774.6
2025-08-18 13:30:00,FLAT,448398127.3540587,448398127.3540587,0.0,0.0,1775.2
2025-08-18 13:45:00,FLAT,448398127.3540587,448398127.3540587,0.0,0.0,1773.0
2025-08-18 14:00:00,FLAT,448398127.3540587,448398127.3540587,0.0,0.0,1776.2
2025-08-18 14:15:00,FLAT,448398127.3540587,448398127.3540587,0.0,0.0,1784.0
2025-08-18 14:30:00,FLAT,448398127.3540587,448398127.3540587,0.0,0.0,1782.6
2025-08-19 09:00:00,FLAT,448398127.3540587,448398127.3540587,0.0,0.0,1784.6
2025-08-19 09:15:00,FLAT,448398127.3540587,448398127.3540587,0.0,0.0,1797.7
2025-08-19 09:30:00,FLAT,448398127.3540587,448398127.3540587,0.0,0.0,1801.3
2025-08-19 09:45:00,FLAT,448398127.3540587,448398127.3540587,0.0,0.0,1800.1
2025-08-19 10:00:00,FLAT,448398127.3540587,448398127.3540587,0.0,0.0,1799.4
2025-08-19 10:15:00,FLAT,448398127.3540587,448398127.3540587,0.0,0.0,1799.7
2025-08-19 10:30:00,FLAT,448398127.3540587,448398127.3540587,0.0,0.0,1798.6
2025-08-19 10:45:00,FLAT,448398127.3540587,448398127.3540587,0.0,0.0,1793.8
2025-08-19 11:00:00,FLAT,448398127.3540587,448398127.3540587,0.0,0.0,1796.5
2025-08-19 11:15:00,FLAT,448398127.3540587,448398127.3540587,0.0,0.0,1801.6
2025-08-19 13:00:00,FLAT,448398127.3540587,448398127.3540587,0.0,0.0,1807.0
2025-08-19 13:15:00,FLAT,448398127.3540587,448398127.3540587,0.0,0.0,1805.3
2025-08-19 13:30:00,FLAT,448398127.3540587,448398127.3540587,0.0,0.0,1801.2
2025-08-19 13:45:00,FLAT,448398127.3540587,448398127.3540587,0.0,0.0,1805.0
2025-08-19 14:00:00,FLAT,448398127.3540587,448398127.3540587,0.0,0.0,1818.5
2025-08-19 14:15:00,FLAT,447448569.51168257,447448569.51168257,0.0,0.0,1812.0
2025-08-19 14:30:00,FLAT,447448569.51168257,447448569.51168257,0.0,0.0,1818.0
2025-08-20 09:00:00,FLAT,447448569.51168257,447448569.51168257,0.0,0.0,1819.5
2025-08-20 09:15:00,FLAT,447448569.51168257,447448569.51168257,0.0,0.0,1816.8
2025-08-20 09:30:00,FLAT,447448569.51168257,447448569.51168257,0.0,0.0,1814.0
2025-08-20 09:45:00,FLAT,447448569.51168257,447448569.51168257,0.0,0.0,1819.2
2025-08-20 10:00:00,FLAT,447448569.51168257,447448569.51168257,0.0,0.0,1813.9
2025-08-20 10:15:00,FLAT,447448569.51168257,447448569.51168257,0.0,0.0,1805.7
2025-08-20 10:30:00,FLAT,447448569.51168257,447448569.51168257,0.0,0.0,1796.5
2025-08-20 10:45:00,FLAT,447448569.51168257,447448569.51168257,0.0,0.0,1790.8
2025-08-20 11:00:00,FLAT,447448569.51168257,447448569.51168257,0.0,0.0,1789.5
2025-08-20 11:15:00,FLAT,447448569.51168257,447448569.51168257,0.0,0.0,1789.7
2025-08-20 13:00:00,FLAT,447448569.51168257,447448569.51168257,0.0,0.0,1796.9
2025-08-20 13:15:00,FLAT,447448569.51168257,447448569.51168257,0.0,0.0,1808.0
2025-08-20 13:30:00,LONG,447394413.45802265,449494055.7253483,2099642.2673256346,0.0,1815.7
2025-08-20 13:45:00,LONG,447394413.45802265,449114055.7253483,1719642.2673256164,0.0,1813.8
2025-08-20 14:00:00,LONG,447394413.45802265,449974055.72534823,2579642.2673256076,0.0,1818.1
2025-08-20 14:15:00,FLAT,451259311.7253483,451259311.7253483,0.0,0.0,1825.3
2025-08-20 14:30:00,FLAT,451259311.7253483,451259311.7253483,0.0,0.0,1826.7
2025-08-21 09:00:00,FLAT,451259311.7253483,451259311.7253483,0.0,0.0,1834.5
2025-08-21 09:15:00,FLAT,451259311.7253483,451259311.7253483,0.0,0.0,1839.8
2025-08-21 09:30:00,FLAT,451259311.7253483,451259311.7253483,0.0,0.0,1846.9
2025-08-21 09:45:00,FLAT,451259311.7253483,451259311.7253483,0.0,0.0,1852.7
2025-08-21 10:00:00,FLAT,451259311.7253483,451259311.7253483,0.0,0.0,1855.7
2025-08-21 10:15:00,FLAT,451259311.7253483,451259311.7253483,0.0,0.0,1851.4
2025-08-21 10:30:00,FLAT,451259311.7253483,451259311.7253483,0.0,0.0,1855.6
2025-08-21 10:45:00,FLAT,451259311.7253483,451259311.7253483,0.0,0.0,1853.9
2025-08-21 11:00:00,FLAT,451259311.7253483,451259311.7253483,0.0,0.0,1851.7
2025-08-21 11:15:00,FLAT,451259311.7253483,451259311.7253483,0.0,0.0,1856.5
2025-08-21 13:00:00,FLAT,451259311.7253483,451259311.7253483,0.0,0.0,1860.7
2025-08-21 13:15:00,FLAT,451259311.7253483,451259311.7253483,0.0,0.0,1860.0
2025-08-21 13:30:00,FLAT,451259311.7253483,451259311.7253483,0.0,0.0,1857.7
2025-08-21 13:45:00,FLAT,451259311.7253483,451259311.7253483,0.0,0.0,1857.3
2025-08-21 14:00:00,FLAT,451259311.7253483,451259311.7253483,0.0,0.0,1870.0
2025-08-21 14:15:00,FLAT,451259311.7253483,451259311.7253483,0.0,0.0,1877.0
2025-08-21 14:30:00,FLAT,451259311.7253483,451259311.7253483,0.0,0.0,1877.0
2025-08-22 09:00:00,FLAT,451259311.7253483,451259311.7253483,0.0,0.0,1836.0
2025-08-22 09:15:00,FLAT,451259311.7253483,451259311.7253483,0.0,0.0,1836.3
2025-08-22 09:30:00,FLAT,451259311.7253483,451259311.7253483,0.0,0.0,1844.8
2025-08-22 09:45:00,FLAT,451259311.7253483,451259311.7253483,0.0,0.0,1840.0
2025-08-22 10:00:00,FLAT,451259311.7253483,451259311.7253483,0.0,0.0,1842.6
2025-08-22 10:15:00,FLAT,451259311.7253483,451259311.7253483,0.0,0.0,1816.9
2025-08-22 10:30:00,FLAT,451259311.7253483,451259311.7253483,0.0,0.0,1823.6
2025-08-22 10:45:00,FLAT,451259311.7253483,451259311.7253483,0.0,0.0,1800.0
2025-08-22 11:00:00,FLAT,451259311.7253483,451259311.7253483,0.0,0.0,1808.6
2025-08-22 11:15:00,FLAT,451259311.7253483,451259311.7253483,0.0,0.0,1808.6
2025-08-22 13:00:00,FLAT,451259311.7253483,451259311.7253483,0.0,0.0,1811.5
2025-08-22 13:15:00,FLAT,451259311.7253483,451259311.7253483,0.0,0.0,1815.8
2025-08-22 13:30:00,FLAT,451259311.7253483,451259311.7253483,0.0,0.0,1807.1
2025-08-22 13:45:00,FLAT,451259311.7253483,451259311.7253483,0.0,0.0,1809.3
2025-08-22 14:00:00,FLAT,451259311.7253483,451259311.7253483,0.0,0.0,1835.0
2025-08-22 14:15:00,FLAT,448187029.1383349,448187029.1383349,0.0,0.0,1812.0
2025-08-22 14:30:00,FLAT,448187029.1383349,448187029.1383349,0.0,0.0,1810.0
2025-08-25 09:00:00,FLAT,448187029.1383349,448187029.1383349,0.0,0.0,1819.0
2025-08-25 09:15:00,FLAT,448187029.1383349,448187029.1383349,0.0,0.0,1814.4
2025-08-25 09:30:00,FLAT,448187029.1383349,448187029.1383349,0.0,0.0,1815.0
2025-08-25 09:45:00,FLAT,448187029.1383349,448187029.1383349,0.0,0.0,1817.1
2025-08-25 10:00:00,FLAT,448187029.1383349,448187029.1383349,0.0,0.0,1821.4
2025-08-25 10:15:00,FLAT,448187029.1383349,448187029.1383349,0.0,0.0,1812.2
2025-08-25 10:30:00,FLAT,448187029.1383349,448187029.1383349,0.0,0.0,1805.8
2025-08-25 10:45:00,FLAT,448187029.1383349,448187029.1383349,0.0,0.0,1806.6
2025-08-25 11:00:00,FLAT,448187029.1383349,448187029.1383349,0.0,0.0,1798.7
2025-08-25 11:15:00,FLAT,448187029.1383349,448187029.1383349,0.0,0.0,1800.4
2025-08-25 13:00:00,FLAT,448187029.1383349,448187029.1383349,0.0,0.0,1801.6
2025-08-25 13:15:00,FLAT,448187029.1383349,448187029.1383349,0.0,0.0,1793.3
2025-08-25 13:30:00,FLAT,448187029.1383349,448187029.1383349,0.0,0.0,1792.5
2025-08-25 13:45:00,FLAT,448187029.1383349,448187029.1383349,0.0,0.0,1793.1
2025-08-25 14:00:00,FLAT,448187029.1383349,448187029.1383349,0.0,0.0,1792.8
2025-08-25 14:15:00,FLAT,448187029.1383349,448187029.1383349,0.0,0.0,1782.7
2025-08-25 14:30:00,FLAT,448187029.1383349,448187029.1383349,0.0,0.0,1782.0
2025-08-26 09:00:00,FLAT,448187029.1383349,448187029.1383349,0.0,0.0,1778.4
2025-08-26 09:15:00,FLAT,448187029.1383349,448187029.1383349,0.0,0.0,1785.0
2025-08-26 09:30:00,FLAT,448187029.1383349,448187029.1383349,0.0,0.0,1785.0
2025-08-26 09:45:00,FLAT,448187029.1383349,448187029.1383349,0.0,0.0,1793.4
2025-08-26 10:00:00,FLAT,448187029.1383349,448187029.1383349,0.0,0.0,1792.5
2025-08-26 10:15:00,FLAT,448187029.1383349,448187029.1383349,0.0,0.0,1803.8
2025-08-26 10:30:00,FLAT,448187029.1383349,448187029.1383349,0.0,0.0,1802.2
2025-08-26 10:45:00,FLAT,448187029.1383349,448187029.1383349,0.0,0.0,1798.0
2025-08-26 11:00:00,FLAT,448187029.1383349,448187029.1383349,0.0,0.0,1796.2
2025-08-26 11:15:00,FLAT,448187029.1383349,448187029.1383349,0.0,0.0,1794.3
2025-08-26 13:00:00,FLAT,448187029.1383349,448187029.1383349,0.0,0.0,1807.6
2025-08-26 13:15:00,FLAT,448187029.1383349,448187029.1383349,0.0,0.0,1815.0
2025-08-26 13:30:00,FLAT,448187029.1383349,448187029.1383349,0.0,0.0,1823.3
2025-08-26 13:45:00,FLAT,448187029.1383349,448187029.1383349,0.0,0.0,1831.8
2025-08-26 14:00:00,FLAT,448187029.1383349,448187029.1383349,0.0,0.0,1835.0
2025-08-26 14:15:00,FLAT,448187029.1383349,448187029.1383349,0.0,0.0,1851.0
2025-08-26 14:30:00,FLAT,448187029.1383349,448187029.1383349,0.0,0.0,1854.0
2025-08-27 09:00:00,FLAT,448187029.1383349,448187029.1383349,0.0,0.0,1851.6
2025-08-27 09:15:00,FLAT,448187029.1383349,448187029.1383349,0.0,0.0,1854.0
2025-08-27 09:30:00,FLAT,448187029.1383349,448187029.1383349,0.0,0.0,1864.8
2025-08-27 09:45:00,FLAT,448187029.1383349,448187029.1383349,0.0,0.0,1855.7
2025-08-27 10:00:00,FLAT,448187029.1383349,448187029.1383349,0.0,0.0,1854.7
2025-08-27 10:15:00,FLAT,448187029.1383349,448187029.1383349,0.0,0.0,1849.1
2025-08-27 10:30:00,FLAT,448187029.1383349,448187029.1383349,0.0,0.0,1855.2
2025-08-27 10:45:00,FLAT,448187029.1383349,448187029.1383349,0.0,0.0,1853.0
2025-08-27 11:00:00,FLAT,448187029.1383349,448187029.1383349,0.0,0.0,1849.3
2025-08-27 11:15:00,FLAT,448187029.1383349,448187029.1383349,0.0,0.0,1854.4
2025-08-27 13:00:00,FLAT,448187029.1383349,448187029.1383349,0.0,0.0,1846.5
2025-08-27 13:15:00,FLAT,448187029.1383349,448187029.1383349,0.0,0.0,1852.7
2025-08-27 13:30:00,FLAT,448187029.1383349,448187029.1383349,0.0,0.0,1849.9
2025-08-27 13:45:00,FLAT,448187029.1383349,448187029.1383349,0.0,0.0,1851.6
2025-08-27 14:00:00,FLAT,448187029.1383349,448187029.1383349,0.0,0.0,1857.0
2025-08-27 14:15:00,FLAT,448187029.1383349,448187029.1383349,0.0,0.0,1848.1
2025-08-27 14:30:00,FLAT,448187029.1383349,448187029.1383349,0.0,0.0,1851.0
2025-08-28 09:00:00,FLAT,448187029.1383349,448187029.1383349,0.0,0.0,1850.8
2025-08-28 09:15:00,FLAT,448187029.1383349,448187029.1383349,0.0,0.0,1862.2
2025-08-28 09:30:00,FLAT,448187029.1383349,448187029.1383349,0.0,0.0,1855.0
2025-08-28 09:45:00,FLAT,448187029.1383349,448187029.1383349,0.0,0.0,1855.3
2025-08-28 10:00:00,FLAT,448187029.1383349,448187029.1383349,0.0,0.0,1844.8
2025-08-28 10:15:00,FLAT,448187029.1383349,448187029.1383349,0.0,0.0,1829.6
2025-08-28 10:30:00,FLAT,448187029.1383349,448187029.1383349,0.0,0.0,1833.7
2025-08-28 10:45:00,FLAT,448187029.1383349,448187029.1383349,0.0,0.0,1836.3
2025-08-28 11:00:00,FLAT,448187029.1383349,448187029.1383349,0.0,0.0,1840.7
2025-08-28 11:15:00,FLAT,448187029.1383349,448187029.1383349,0.0,0.0,1844.2
2025-08-28 13:00:00,FLAT,448187029.1383349,448187029.1383349,0.0,0.0,1842.5
2025-08-28 13:15:00,FLAT,448187029.1383349,448187029.1383349,0.0,0.0,1851.8
2025-08-28 13:30:00,FLAT,448187029.1383349,448187029.1383349,0.0,0.0,1861.6
2025-08-28 13:45:00,FLAT,448187029.1383349,448187029.1383349,0.0,0.0,1859.2
2025-08-28 14:00:00,LONG,448103649.0466275,448106370.99782455,2721.9511970542953,0.0,1852.9
2025-08-28 14:15:00,FLAT,450872562.99782455,450872562.99782455,0.0,0.0,1862.9
2025-08-28 14:30:00,FLAT,450872562.99782455,450872562.99782455,0.0,0.0,1862.6
2025-08-29 09:00:00,FLAT,450872562.99782455,450872562.99782455,0.0,0.0,1866.2
2025-08-29 09:15:00,FLAT,450872562.99782455,450872562.99782455,0.0,0.0,1865.0
2025-08-29 09:30:00,FLAT,450872562.99782455,450872562.99782455,0.0,0.0,1859.7
2025-08-29 09:45:00,FLAT,450872562.99782455,450872562.99782455,0.0,0.0,1864.1
2025-08-29 10:00:00,FLAT,450872562.99782455,450872562.99782455,0.0,0.0,1865.9
2025-08-29 10:15:00,FLAT,450872562.99782455,450872562.99782455,0.0,0.0,1870.7
2025-08-29 10:30:00,FLAT,450872562.99782455,450872562.99782455,0.0,0.0,1873.0
2025-08-29 10:45:00,LONG,450760206.99782455,451200206.9978246,440000.0000000546,0.0,1873.7
2025-08-29 11:00:00,LONG,450760206.99782455,450920206.9978246,160000.00000003638,0.0,1873.0
2025-08-29 11:15:00,LONG,450760206.99782455,451720206.9978246,960000.0000000363,0.0,1875.0
2025-08-29 13:00:00,LONG,450760206.99782455,451880206.9978246,1120000.0000000726,0.0,1875.4
2025-08-29 13:15:00,LONG,450760206.99782455,451720206.9978246,960000.0000000363,0.0,1875.0
2025-08-29 13:30:00,LONG,450760206.99782455,448800206.9978246,-1959999.9999999455,0.0,1867.7
2025-08-29 13:45:00,LONG,450760206.99782455,449320206.9978246,-1439999.9999999637,0.0,1869.0
2025-08-29 14:00:00,LONG,450760206.99782455,450120206.9978246,-639999.9999999637,0.0,1871.0
2025-08-29 14:15:00,FLAT,448888114.9978246,448888114.9978246,0.0,0.0,1868.7
2025-08-29 14:30:00,FLAT,448888114.9978246,448888114.9978246,0.0,0.0,1866.0
2025-09-03 09:00:00,FLAT,448888114.9978246,448888114.9978246,0.0,0.0,1853.9
2025-09-03 09:15:00,FLAT,448888114.9978246,448888114.9978246,0.0,0.0,1852.7
2025-09-03 09:30:00,FLAT,448888114.9978246,448888114.9978246,0.0,0.0,1852.0
2025-09-03 09:45:00,FLAT,448888114.9978246,448888114.9978246,0.0,0.0,1854.7
2025-09-03 10:00:00,FLAT,448888114.9978246,448888114.9978246,0.0,0.0,1856.6
2025-09-03 10:15:00,FLAT,448888114.9978246,448888114.9978246,0.0,0.0,1858.5
2025-09-03 10:30:00,FLAT,448888114.9978246,448888114.9978246,0.0,0.0,1845.7
2025-09-03 10:45:00,FLAT,448888114.9978246,448888114.9978246,0.0,0.0,1848.5
2025-09-03 11:00:00,FLAT,448888114.9978246,448888114.9978246,0.0,0.0,1846.2
2025-09-03 11:15:00,FLAT,448888114.9978246,448888114.9978246,0.0,0.0,1849.5
2025-09-03 13:00:00,FLAT,448888114.9978246,448888114.9978246,0.0,0.0,1853.8
2025-09-03 13:15:00,FLAT,448888114.9978246,448888114.9978246,0.0,0.0,1853.6
2025-09-03 13:30:00,FLAT,448888114.9978246,448888114.9978246,0.0,0.0,1853.2
2025-09-03 13:45:00,FLAT,448888114.9978246,448888114.9978246,0.0,0.0,1854.0
2025-09-03 14:00:00,FLAT,448888114.9978246,448888114.9978246,0.0,0.0,1852.9
2025-09-03 14:15:00,FLAT,448888114.9978246,448888114.9978246,0.0,0.0,1856.5
2025-09-03 14:30:00,FLAT,448888114.9978246,448888114.9978246,0.0,0.0,1855.0
2025-09-04 09:00:00,FLAT,448888114.9978246,448888114.9978246,0.0,0.0,1860.7
2025-09-04 09:15:00,FLAT,448888114.9978246,448888114.9978246,0.0,0.0,1857.2
2025-09-04 09:30:00,FLAT,448888114.9978246,448888114.9978246,0.0,0.0,1858.9
2025-09-04 09:45:00,FLAT,448888114.9978246,448888114.9978246,0.0,0.0,1857.4
2025-09-04 10:00:00,FLAT,448888114.9978246,448888114.9978246,0.0,0.0,1858.2
2025-09-04 10:15:00,FLAT,448888114.9978246,448888114.9978246,0.0,0.0,1859.0
2025-09-04 10:30:00,FLAT,448888114.9978246,448888114.9978246,0.0,0.0,1853.0
2025-09-04 10:45:00,FLAT,448888114.9978246,448888114.9978246,0.0,0.0,1849.3
2025-09-04 11:00:00,FLAT,448888114.9978246,448888114.9978246,0.0,0.0,1845.5
2025-09-04 11:15:00,FLAT,448888114.9978246,448888114.9978246,0.0,0.0,1850.8
2025-09-04 13:00:00,FLAT,448888114.9978246,448888114.9978246,0.0,0.0,1856.7
2025-09-04 13:15:00,FLAT,448888114.9978246,448888114.9978246,0.0,0.0,1858.5
2025-09-04 13:30:00,FLAT,448888114.9978246,448888114.9978246,0.0,0.0,1864.5
2025-09-04 13:45:00,FLAT,448888114.9978246,448888114.9978246,0.0,0.0,1863.3
2025-09-04 14:00:00,FLAT,448888114.9978246,448888114.9978246,0.0,0.0,1871.4
2025-09-04 14:15:00,FLAT,448888114.9978246,448888114.9978246,0.0,0.0,1882.4
2025-09-04 14:30:00,FLAT,448888114.9978246,448888114.9978246,0.0,0.0,1883.8
2025-09-05 09:00:00,FLAT,448888114.9978246,448888114.9978246,0.0,0.0,1888.0
2025-09-05 09:15:00,FLAT,448888114.9978246,448888114.9978246,0.0,0.0,1887.3
2025-09-05 09:30:00,FLAT,448888114.9978246,448888114.9978246,0.0,0.0,1886.3
2025-09-05 09:45:00,FLAT,448888114.9978246,448888114.9978246,0.0,0.0,1885.0
2025-09-05 10:00:00,FLAT,448888114.9978246,448888114.9978246,0.0,0.0,1887.1
2025-09-05 10:15:00,FLAT,448888114.9978246,448888114.9978246,0.0,0.0,1893.4
2025-09-05 10:30:00,FLAT,448888114.9978246,448888114.9978246,0.0,0.0,1895.9
2025-09-05 10:45:00,LONG,448717623.9474924,448450621.73272014,-267002.2147723102,0.0,1893.9
2025-09-05 11:00:00,LONG,448717623.9474924,447670621.73272,-1047002.2147724194,0.0,1892.6
2025-09-05 11:15:00,LONG,448717623.9474924,448390621.73272,-327002.2147723921,0.0,1893.8
2025-09-05 13:00:00,LONG,448717623.9474924,448090621.73272,-627002.2147723921,0.0,1893.3
2025-09-05 13:15:00,LONG,448717623.9474924,446710621.7327201,-2007002.2147723648,0.0,1891.0
2025-09-05 13:30:00,FLAT,443840836.7327201,443840836.7327201,0.0,0.0,1884.5
2025-09-05 13:45:00,FLAT,443840836.7327201,443840836.7327201,0.0,0.0,1878.6
2025-09-05 14:00:00,FLAT,443840836.7327201,443840836.7327201,0.0,0.0,1878.9
2025-09-05 14:15:00,FLAT,443840836.7327201,443840836.7327201,0.0,0.0,1852.7
2025-09-05 14:30:00,FLAT,443840836.7327201,443840836.7327201,0.0,0.0,1848.4
2025-09-08 09:00:00,FLAT,443840836.7327201,443840836.7327201,0.0,0.0,1839.2
2025-09-08 09:15:00,FLAT,443840836.7327201,443840836.7327201,0.0,0.0,1840.6
2025-09-08 09:30:00,FLAT,443840836.7327201,443840836.7327201,0.0,0.0,1836.4
2025-09-08 09:45:00,FLAT,443840836.7327201,443840836.7327201,0.0,0.0,1839.0
2025-09-08 10:00:00,FLAT,443840836.7327201,443840836.7327201,0.0,0.0,1837.9
2025-09-08 10:15:00,FLAT,443840836.7327201,443840836.7327201,0.0,0.0,1837.2
2025-09-08 10:30:00,FLAT,443840836.7327201,443840836.7327201,0.0,0.0,1833.4
2025-09-08 10:45:00,FLAT,443840836.7327201,443840836.7327201,0.0,0.0,1831.0
2025-09-08 11:00:00,FLAT,443840836.7327201,443840836.7327201,0.0,0.0,1821.5
2025-09-08 11:15:00,FLAT,443840836.7327201,443840836.7327201,0.0,0.0,1830.4
2025-09-08 13:00:00,FLAT,443840836.7327201,443840836.7327201,0.0,0.0,1827.7
2025-09-08 13:15:00,FLAT,443840836.7327201,443840836.7327201,0.0,0.0,1829.4
2025-09-08 13:30:00,FLAT,443840836.7327201,443840836.7327201,0.0,0.0,1835.0
2025-09-08 13:45:00,FLAT,443840836.7327201,443840836.7327201,0.0,0.0,1830.3
2025-09-08 14:00:00,FLAT,443840836.7327201,443840836.7327201,0.0,0.0,1831.4
2025-09-08 14:15:00,FLAT,443840836.7327201,443840836.7327201,0.0,0.0,1806.2
2025-09-08 14:30:00,FLAT,443840836.7327201,443840836.7327201,0.0,0.0,1803.0
2025-09-09 09:00:00,FLAT,443840836.7327201,443840836.7327201,0.0,0.0,1807.8
2025-09-09 09:15:00,FLAT,443840836.7327201,443840836.7327201,0.0,0.0,1804.6
2025-09-09 09:30:00,FLAT,443840836.7327201,443840836.7327201,0.0,0.0,1807.5
2025-09-09 09:45:00,FLAT,443840836.7327201,443840836.7327201,0.0,0.0,1809.6
2025-09-09 10:00:00,FLAT,443840836.7327201,443840836.7327201,0.0,0.0,1805.5
2025-09-09 10:15:00,FLAT,443840836.7327201,443840836.7327201,0.0,0.0,1800.5
2025-09-09 10:30:00,FLAT,443840836.7327201,443840836.7327201,0.0,0.0,1805.5
2025-09-09 10:45:00,FLAT,443840836.7327201,443840836.7327201,0.0,0.0,1800.3
2025-09-09 11:00:00,FLAT,443840836.7327201,443840836.7327201,0.0,0.0,1805.1
2025-09-09 11:15:00,FLAT,443840836.7327201,443840836.7327201,0.0,0.0,1810.6
2025-09-09 13:00:00,FLAT,443840836.7327201,443840836.7327201,0.0,0.0,1814.9
2025-09-09 13:15:00,FLAT,443840836.7327201,443840836.7327201,0.0,0.0,1816.8
2025-09-09 13:30:00,FLAT,443840836.7327201,443840836.7327201,0.0,0.0,1820.0
2025-09-09 13:45:00,FLAT,443840836.7327201,443840836.7327201,0.0,0.0,1811.0
2025-09-09 14:00:00,FLAT,443840836.7327201,443840836.7327201,0.0,0.0,1808.5
2025-09-09 14:15:00,FLAT,443840836.7327201,443840836.7327201,0.0,0.0,1820.0
2025-09-09 14:30:00,FLAT,443840836.7327201,443840836.7327201,0.0,0.0,1821.0
2025-09-10 09:00:00,FLAT,443840836.7327201,443840836.7327201,0.0,0.0,1826.6
2025-09-10 09:15:00,FLAT,443840836.7327201,443840836.7327201,0.0,0.0,1824.0
2025-09-10 09:30:00,FLAT,443840836.7327201,443840836.7327201,0.0,0.0,1823.8
2025-09-10 09:45:00,FLAT,443840836.7327201,443840836.7327201,0.0,0.0,1826.3
2025-09-10 10:00:00,FLAT,443840836.7327201,443840836.7327201,0.0,0.0,1824.9
2025-09-10 10:15:00,FLAT,443840836.7327201,443840836.7327201,0.0,0.0,1817.6
2025-09-10 10:30:00,FLAT,443840836.7327201,443840836.7327201,0.0,0.0,1812.5
2025-09-10 10:45:00,FLAT,443840836.7327201,443840836.7327201,0.0,0.0,1809.3
2025-09-10 11:00:00,FLAT,443840836.7327201,443840836.7327201,0.0,0.0,1813.3
2025-09-10 11:15:00,FLAT,443840836.7327201,443840836.7327201,0.0,0.0,1815.9
2025-09-10 13:00:00,FLAT,443840836.7327201,443840836.7327201,0.0,0.0,1814.3
2025-09-10 13:15:00,FLAT,443840836.7327201,443840836.7327201,0.0,0.0,1808.1
2025-09-10 13:30:00,FLAT,443840836.7327201,443840836.7327201,0.0,0.0,1811.7
2025-09-10 13:45:00,FLAT,443840836.7327201,443840836.7327201,0.0,0.0,1813.4
2025-09-10 14:00:00,FLAT,443840836.7327201,443840836.7327201,0.0,0.0,1809.2
2025-09-10 14:15:00,FLAT,443840836.7327201,443840836.7327201,0.0,0.0,1822.1
2025-09-10 14:30:00,FLAT,443840836.7327201,443840836.7327201,0.0,0.0,1818.0
2025-09-11 09:00:00,FLAT,443840836.7327201,443840836.7327201,0.0,0.0,1818.7
2025-09-11 09:15:00,FLAT,443840836.7327201,443840836.7327201,0.0,0.0,1809.8
2025-09-11 09:30:00,FLAT,443840836.7327201,443840836.7327201,0.0,0.0,1801.0
2025-09-11 09:45:00,FLAT,443840836.7327201,443840836.7327201,0.0,0.0,1785.9
2025-09-11 10:00:00,FLAT,443840836.7327201,443840836.7327201,0.0,0.0,1783.5
2025-09-11 10:15:00,FLAT,443840836.7327201,443840836.7327201,0.0,0.0,1790.0
2025-09-11 10:30:00,FLAT,443840836.7327201,443840836.7327201,0.0,0.0,1794.5
2025-09-11 10:45:00,FLAT,443840836.7327201,443840836.7327201,0.0,0.0,1797.3
2025-09-11 11:00:00,FLAT,443840836.7327201,443840836.7327201,0.0,0.0,1799.3
2025-09-11 11:15:00,FLAT,443840836.7327201,443840836.7327201,0.0,0.0,1820.6
2025-09-11 13:00:00,FLAT,443840836.7327201,443840836.7327201,0.0,0.0,1814.9
2025-09-11 13:15:00,FLAT,443840836.7327201,443840836.7327201,0.0,0.0,1823.1
2025-09-11 13:30:00,FLAT,443840836.7327201,443840836.7327201,0.0,0.0,1835.5
2025-09-11 13:45:00,FLAT,443840836.7327201,443840836.7327201,0.0,0.0,1847.2
2025-09-11 14:00:00,FLAT,443840836.7327201,443840836.7327201,0.0,0.0,1858.1
2025-09-11 14:15:00,FLAT,443840836.7327201,443840836.7327201,0.0,0.0,1853.9
2025-09-11 14:30:00,FLAT,443840836.7327201,443840836.7327201,0.0,0.0,1860.0
2025-09-12 09:00:00,FLAT,443840836.7327201,443840836.7327201,0.0,0.0,1852.9
2025-09-12 09:15:00,FLAT,443840836.7327201,443840836.7327201,0.0,0.0,1854.8
2025-09-12 09:30:00,FLAT,443840836.7327201,443840836.7327201,0.0,0.0,1847.9
2025-09-12 09:45:00,FLAT,443840836.7327201,443840836.7327201,0.0,0.0,1849.2
2025-09-12 10:00:00,FLAT,443840836.7327201,443840836.7327201,0.0,0.0,1836.6
2025-09-12 10:15:00,FLAT,443840836.7327201,443840836.7327201,0.0,0.0,1851.8
2025-09-12 10:30:00,FLAT,443840836.7327201,443840836.7327201,0.0,0.0,1855.4
2025-09-12 10:45:00,FLAT,443840836.7327201,443840836.7327201,0.0,0.0,1856.9
2025-09-12 11:00:00,FLAT,443840836.7327201,443840836.7327201,0.0,0.0,1852.5
2025-09-12 11:15:00,FLAT,443840836.7327201,443840836.7327201,0.0,0.0,1851.0
2025-09-12 13:00:00,FLAT,443840836.7327201,443840836.7327201,0.0,0.0,1855.1
2025-09-12 13:15:00,FLAT,443840836.7327201,443840836.7327201,0.0,0.0,1852.7
2025-09-12 13:30:00,FLAT,443840836.7327201,443840836.7327201,0.0,0.0,1858.8
2025-09-12 13:45:00,FLAT,443840836.7327201,443840836.7327201,0.0,0.0,1864.8
2025-09-12 14:00:00,LONG,443784921.60415244,444917397.8199394,1132476.2157869372,0.0,1869.5
2025-09-12 14:15:00,FLAT,443281549.8199394,443281549.8199394,0.0,0.0,1862.1
2025-09-12 14:30:00,FLAT,443281549.8199394,443281549.8199394,0.0,0.0,1859.2
2025-09-15 09:00:00,FLAT,443281549.8199394,443281549.8199394,0.0,0.0,1853.6
2025-09-15 09:15:00,FLAT,443281549.8199394,443281549.8199394,0.0,0.0,1858.4
2025-09-15 09:30:00,FLAT,443281549.8199394,443281549.8199394,0.0,0.0,1858.5
2025-09-15 09:45:00,FLAT,443281549.8199394,443281549.8199394,0.0,0.0,1858.5
2025-09-15 10:00:00,FLAT,443281549.8199394,443281549.8199394,0.0,0.0,1858.5
2025-09-15 10:15:00,FLAT,443281549.8199394,443281549.8199394,0.0,0.0,1854.9
2025-09-15 10:30:00,FLAT,443281549.8199394,443281549.8199394,0.0,0.0,1856.6
2025-09-15 10:45:00,FLAT,443281549.8199394,443281549.8199394,0.0,0.0,1860.5
2025-09-15 11:00:00,FLAT,443281549.8199394,443281549.8199394,0.0,0.0,1861.5
2025-09-15 11:15:00,FLAT,443281549.8199394,443281549.8199394,0.0,0.0,1859.5
2025-09-15 13:00:00,FLAT,443281549.8199394,443281549.8199394,0.0,0.0,1860.7
2025-09-15 13:15:00,FLAT,443281549.8199394,443281549.8199394,0.0,0.0,1863.1
2025-09-15 13:30:00,FLAT,443281549.8199394,443281549.8199394,0.0,0.0,1859.7
2025-09-15 13:45:00,FLAT,443281549.8199394,443281549.8199394,0.0,0.0,1867.9
2025-09-15 14:00:00,FLAT,443281549.8199394,443281549.8199394,0.0,0.0,1868.1
2025-09-15 14:15:00,FLAT,443281549.8199394,443281549.8199394,0.0,0.0,1876.1
2025-09-15 14:30:00,FLAT,443281549.8199394,443281549.8199394,0.0,0.0,1876.7
2025-09-16 09:00:00,FLAT,443281549.8199394,443281549.8199394,0.0,0.0,1885.0
2025-09-16 09:15:00,FLAT,443281549.8199394,443281549.8199394,0.0,0.0,1885.8
2025-09-16 09:30:00,FLAT,443281549.8199394,443281549.8199394,0.0,0.0,1883.0
2025-09-16 09:45:00,FLAT,443281549.8199394,443281549.8199394,0.0,0.0,1883.1
2025-09-16 10:00:00,FLAT,443281549.8199394,443281549.8199394,0.0,0.0,1879.3
2025-09-16 10:15:00,FLAT,443281549.8199394,443281549.8199394,0.0,0.0,1876.1
2025-09-16 10:30:00,FLAT,443281549.8199394,443281549.8199394,0.0,0.0,1878.1
2025-09-16 10:45:00,FLAT,443281549.8199394,443281549.8199394,0.0,0.0,1881.2
2025-09-16 11:00:00,FLAT,443281549.8199394,443281549.8199394,0.0,0.0,1879.0
2025-09-16 11:15:00,FLAT,443281549.8199394,443281549.8199394,0.0,0.0,1878.5
2025-09-16 13:00:00,FLAT,443281549.8199394,443281549.8199394,0.0,0.0,1877.4
2025-09-16 13:15:00,FLAT,443281549.8199394,443281549.8199394,0.0,0.0,1886.7
2025-09-16 13:30:00,FLAT,443281549.8199394,443281549.8199394,0.0,0.0,1889.6
2025-09-16 13:45:00,LONG,443140153.14259356,440495637.5039521,-2644515.638641451,0.0,1880.0
2025-09-16 14:00:00,FLAT,438604900.0039521,438604900.0039521,0.0,0.0,1871.5
2025-09-16 14:15:00,FLAT,438604900.0039521,438604900.0039521,0.0,0.0,1875.5
2025-09-16 14:30:00,FLAT,438604900.0039521,438604900.0039521,0.0,0.0,1878.3
2025-09-17 09:00:00,FLAT,438604900.0039521,438604900.0039521,0.0,0.0,1870.6
2025-09-17 09:15:00,FLAT,438604900.0039521,438604900.0039521,0.0,0.0,1874.4
2025-09-17 09:30:00,FLAT,438604900.0039521,438604900.0039521,0.0,0.0,1877.0
2025-09-17 09:45:00,FLAT,438604900.0039521,438604900.0039521,0.0,0.0,1874.9
2025-09-17 10:00:00,FLAT,438604900.0039521,438604900.0039521,0.0,0.0,1875.3
2025-09-17 10:15:00,FLAT,438604900.0039521,438604900.0039521,0.0,0.0,1879.6
2025-09-17 10:30:00,FLAT,438604900.0039521,438604900.0039521,0.0,0.0,1878.1
2025-09-17 10:45:00,FLAT,438604900.0039521,438604900.0039521,0.0,0.0,1876.3
2025-09-17 11:00:00,FLAT,438604900.0039521,438604900.0039521,0.0,0.0,1875.5
2025-09-17 11:15:00,FLAT,438604900.0039521,438604900.0039521,0.0,0.0,1879.7
2025-09-17 13:00:00,FLAT,438604900.0039521,438604900.0039521,0.0,0.0,1877.2
2025-09-17 13:15:00,FLAT,438604900.0039521,438604900.0039521,0.0,0.0,1880.9
2025-09-17 13:30:00,FLAT,438604900.0039521,438604900.0039521,0.0,0.0,1882.3
2025-09-17 13:45:00,FLAT,438604900.0039521,438604900.0039521,0.0,0.0,1881.4
2025-09-17 14:00:00,FLAT,438604900.0039521,438604900.0039521,0.0,0.0,1880.8
2025-09-17 14:15:00,FLAT,438604900.0039521,438604900.0039521,0.0,0.0,1874.0
2025-09-17 14:30:00,FLAT,438604900.0039521,438604900.0039521,0.0,0.0,1879.3
2025-09-18 09:00:00,FLAT,438604900.0039521,438604900.0039521,0.0,0.0,1873.7
2025-09-18 09:15:00,FLAT,438604900.0039521,438604900.0039521,0.0,0.0,1869.1
2025-09-18 09:30:00,FLAT,438604900.0039521,438604900.0039521,0.0,0.0,1873.0
2025-09-18 09:45:00,FLAT,438604900.0039521,438604900.0039521,0.0,0.0,1869.9
2025-09-18 10:00:00,FLAT,438604900.0039521,438604900.0039521,0.0,0.0,1870.8
2025-09-18 10:15:00,FLAT,438604900.0039521,438604900.0039521,0.0,0.0,1869.3
2025-09-18 10:30:00,FLAT,438604900.0039521,438604900.0039521,0.0,0.0,1864.2
2025-09-18 10:45:00,FLAT,438604900.0039521,438604900.0039521,0.0,0.0,1861.3
2025-09-18 11:00:00,FLAT,438604900.0039521,438604900.0039521,0.0,0.0,1865.3
2025-09-18 11:15:00,FLAT,438604900.0039521,438604900.0039521,0.0,0.0,1865.0
2025-09-18 13:00:00,FLAT,438604900.0039521,438604900.0039521,0.0,0.0,1861.3
2025-09-18 13:15:00,FLAT,438604900.0039521,438604900.0039521,0.0,0.0,1862.6
2025-09-18 13:30:00,FLAT,438604900.0039521,438604900.0039521,0.0,0.0,1856.4
2025-09-18 13:45:00,FLAT,438604900.0039521,438604900.0039521,0.0,0.0,1860.7
2025-09-18 14:00:00,FLAT,438604900.0039521,438604900.0039521,0.0,0.0,1863.6
2025-09-18 14:15:00,FLAT,438604900.0039521,438604900.0039521,0.0,0.0,1856.7
2025-09-18 14:30:00,FLAT,438604900.0039521,438604900.0039521,0.0,0.0,1857.0
2025-09-19 09:00:00,FLAT,438604900.0039521,438604900.0039521,0.0,0.0,1855.1
2025-09-19 09:15:00,FLAT,438604900.0039521,438604900.0039521,0.0,0.0,1851.9
2025-09-19 09:30:00,FLAT,438604900.0039521,438604900.0039521,0.0,0.0,1846.8
2025-09-19 09:45:00,FLAT,438604900.0039521,438604900.0039521,0.0,0.0,1844.1
2025-09-19 10:00:00,FLAT,438604900.0039521,438604900.0039521,0.0,0.0,1845.5
2025-09-19 10:15:00,FLAT,438604900.0039521,438604900.0039521,0.0,0.0,1842.8
2025-09-19 10:30:00,FLAT,438604900.0039521,438604900.0039521,0.0,0.0,1843.2
2025-09-19 10:45:00,FLAT,438604900.0039521,438604900.0039521,0.0,0.0,1840.2
2025-09-19 11:00:00,FLAT,438604900.0039521,438604900.0039521,0.0,0.0,1841.8
2025-09-19 11:15:00,FLAT,438604900.0039521,438604900.0039521,0.0,0.0,1840.6
2025-09-19 13:00:00,FLAT,438604900.0039521,438604900.0039521,0.0,0.0,1840.4
2025-09-19 13:15:00,FLAT,438604900.0039521,438604900.0039521,0.0,0.0,1845.5
2025-09-19 13:30:00,FLAT,438604900.0039521,438604900.0039521,0.0,0.0,1851.4
2025-09-19 13:45:00,FLAT,438604900.0039521,438604900.0039521,0.0,0.0,1849.0
2025-09-19 14:00:00,LONG,438466341.56181234,441243393.96347636,2777052.4016640363,0.0,1853.0
2025-09-19 14:15:00,FLAT,438804763.9634764,438804763.9634764,0.0,0.0,1848.9
2025-09-19 14:30:00,FLAT,438804763.9634764,438804763.9634764,0.0,0.0,1848.0
2025-09-22 09:00:00,FLAT,438804763.9634764,438804763.9634764,0.0,0.0,1847.0
2025-09-22 09:15:00,FLAT,438804763.9634764,438804763.9634764,0.0,0.0,1843.7
2025-09-22 09:30:00,FLAT,438804763.9634764,438804763.9634764,0.0,0.0,1835.0
2025-09-22 09:45:00,FLAT,438804763.9634764,438804763.9634764,0.0,0.0,1834.6
2025-09-22 10:00:00,FLAT,438804763.9634764,438804763.9634764,0.0,0.0,1829.1
2025-09-22 10:15:00,FLAT,438804763.9634764,438804763.9634764,0.0,0.0,1835.0
2025-09-22 10:30:00,FLAT,438804763.9634764,438804763.9634764,0.0,0.0,1834.5
2025-09-22 10:45:00,FLAT,438804763.9634764,438804763.9634764,0.0,0.0,1832.3
2025-09-22 11:00:00,FLAT,438804763.9634764,438804763.9634764,0.0,0.0,1827.4
2025-09-22 11:15:00,FLAT,438804763.9634764,438804763.9634764,0.0,0.0,1827.0
2025-09-22 13:00:00,FLAT,438804763.9634764,438804763.9634764,0.0,0.0,1823.3
2025-09-22 13:15:00,FLAT,438804763.9634764,438804763.9634764,0.0,0.0,1818.2
2025-09-22 13:30:00,FLAT,438804763.9634764,438804763.9634764,0.0,0.0,1809.9
2025-09-22 13:45:00,FLAT,438804763.9634764,438804763.9634764,0.0,0.0,1801.9
2025-09-22 14:00:00,FLAT,438804763.9634764,438804763.9634764,0.0,0.0,1818.9
2025-09-22 14:15:00,FLAT,438804763.9634764,438804763.9634764,0.0,0.0,1809.2
2025-09-22 14:30:00,FLAT,438804763.9634764,438804763.9634764,0.0,0.0,1809.0
2025-09-23 09:00:00,FLAT,438804763.9634764,438804763.9634764,0.0,0.0,1812.7
2025-09-23 09:15:00,FLAT,438804763.9634764,438804763.9634764,0.0,0.0,1818.2
2025-09-23 09:30:00,FLAT,438804763.9634764,438804763.9634764,0.0,0.0,1821.4
2025-09-23 09:45:00,FLAT,438804763.9634764,438804763.9634764,0.0,0.0,1823.2
2025-09-23 10:00:00,FLAT,438804763.9634764,438804763.9634764,0.0,0.0,1826.5
2025-09-23 10:15:00,FLAT,438804763.9634764,438804763.9634764,0.0,0.0,1822.7
2025-09-23 10:30:00,FLAT,438804763.9634764,438804763.9634764,0.0,0.0,1821.2
2025-09-23 10:45:00,FLAT,438804763.9634764,438804763.9634764,0.0,0.0,1823.8
2025-09-23 11:00:00,FLAT,438804763.9634764,438804763.9634764,0.0,0.0,1824.9
2025-09-23 11:15:00,FLAT,438804763.9634764,438804763.9634764,0.0,0.0,1825.3
2025-09-23 13:00:00,FLAT,438804763.9634764,438804763.9634764,0.0,0.0,1828.8
2025-09-23 13:15:00,FLAT,438804763.9634764,438804763.9634764,0.0,0.0,1831.0
2025-09-23 13:30:00,FLAT,438804763.9634764,438804763.9634764,0.0,0.0,1823.2
2025-09-23 13:45:00,FLAT,438804763.9634764,438804763.9634764,0.0,0.0,1817.5
2025-09-23 14:00:00,FLAT,438804763.9634764,438804763.9634764,0.0,0.0,1816.2
2025-09-23 14:15:00,FLAT,438804763.9634764,438804763.9634764,0.0,0.0,1811.9
2025-09-23 14:30:00,FLAT,438804763.9634764,438804763.9634764,0.0,0.0,1812.0
2025-09-24 09:00:00,FLAT,438804763.9634764,438804763.9634764,0.0,0.0,1811.1
2025-09-24 09:15:00,FLAT,438804763.9634764,438804763.9634764,0.0,0.0,1803.0
2025-09-24 09:30:00,FLAT,438804763.9634764,438804763.9634764,0.0,0.0,1802.8
2025-09-24 09:45:00,FLAT,438804763.9634764,438804763.9634764,0.0,0.0,1805.9
2025-09-24 10:00:00,FLAT,438804763.9634764,438804763.9634764,0.0,0.0,1815.8
2025-09-24 10:15:00,FLAT,438804763.9634764,438804763.9634764,0.0,0.0,1815.9
2025-09-24 10:30:00,FLAT,438804763.9634764,438804763.9634764,0.0,0.0,1804.6
2025-09-24 10:45:00,FLAT,438804763.9634764,438804763.9634764,0.0,0.0,1804.8
2025-09-24 11:00:00,FLAT,438804763.9634764,438804763.9634764,0.0,0.0,1803.8
2025-09-24 11:15:00,FLAT,438804763.9634764,438804763.9634764,0.0,0.0,1801.7
2025-09-24 13:00:00,FLAT,438804763.9634764,438804763.9634764,0.0,0.0,1805.6
2025-09-24 13:15:00,FLAT,438804763.9634764,438804763.9634764,0.0,0.0,1814.1
2025-09-24 13:30:00,LONG,438723151.0830957,440547281.878487,1824130.7953912383,0.0,1819.7
2025-09-24 13:45:00,LONG,438723151.0830957,440607281.878487,1884130.795391252,0.0,1819.9
2025-09-24 14:00:00,LONG,438723151.0830957,443037281.87848693,4314130.795391224,0.0,1828.0
2025-09-24 14:15:00,FLAT,445905663.6480835,445905663.6480835,0.0,0.0,1846.2
2025-09-24 14:30:00,FLAT,445905663.6480835,445905663.6480835,0.0,0.0,1849.5
2025-09-25 09:00:00,FLAT,445905663.6480835,445905663.6480835,0.0,0.0,1848.5
2025-09-25 09:15:00,FLAT,445905663.6480835,445905663.6480835,0.0,0.0,1849.9
2025-09-25 09:30:00,FLAT,445905663.6480835,445905663.6480835,0.0,0.0,1845.5
2025-09-25 09:45:00,FLAT,445905663.6480835,445905663.6480835,0.0,0.0,1845.5
2025-09-25 10:00:00,FLAT,445905663.6480835,445905663.6480835,0.0,0.0,1845.8
2025-09-25 10:15:00,FLAT,445905663.6480835,445905663.6480835,0.0,0.0,1844.7
2025-09-25 10:30:00,FLAT,445905663.6480835,445905663.6480835,0.0,0.0,1847.0
2025-09-25 10:45:00,FLAT,445905663.6480835,445905663.6480835,0.0,0.0,1846.0
2025-09-25 11:00:00,FLAT,445905663.6480835,445905663.6480835,0.0,0.0,1848.6
2025-09-25 11:15:00,FLAT,445905663.6480835,445905663.6480835,0.0,0.0,1848.8
2025-09-25 13:00:00,FLAT,445905663.6480835,445905663.6480835,0.0,0.0,1854.8
2025-09-25 13:15:00,FLAT,445905663.6480835,445905663.6480835,0.0,0.0,1856.0
2025-09-25 13:30:00,FLAT,445905663.6480835,445905663.6480835,0.0,0.0,1851.7
2025-09-25 13:45:00,FLAT,445905663.6480835,445905663.6480835,0.0,0.0,1853.0
2025-09-25 14:00:00,FLAT,445905663.6480835,445905663.6480835,0.0,0.0,1850.0
2025-09-25 14:15:00,FLAT,445905663.6480835,445905663.6480835,0.0,0.0,1850.2
2025-09-25 14:30:00,FLAT,445905663.6480835,445905663.6480835,0.0,0.0,1849.1
2025-09-26 09:00:00,FLAT,445905663.6480835,445905663.6480835,0.0,0.0,1846.3
2025-09-26 09:15:00,FLAT,445905663.6480835,445905663.6480835,0.0,0.0,1846.4
2025-09-26 09:30:00,FLAT,445905663.6480835,445905663.6480835,0.0,0.0,1848.1
2025-09-26 09:45:00,FLAT,445905663.6480835,445905663.6480835,0.0,0.0,1847.1
2025-09-26 10:00:00,FLAT,445905663.6480835,445905663.6480835,0.0,0.0,1852.9
2025-09-26 10:15:00,FLAT,445905663.6480835,445905663.6480835,0.0,0.0,1851.5
2025-09-26 10:30:00,LONG,445739076.195649,445876059.96570176,136983.77005275688,0.0,1851.2
2025-09-26 10:45:00,LONG,445739076.195649,445456059.96570176,-283016.2299472704,0.0,1850.5
2025-09-26 11:00:00,LONG,445739076.195649,442396059.9657018,-3343016.229947216,0.0,1845.4
2025-09-26 11:15:00,FLAT,441450090.9657017,441450090.9657017,0.0,0.0,1845.9
2025-09-26 13:00:00,FLAT,441450090.9657017,441450090.9657017,0.0,0.0,1849.3
2025-09-26 13:15:00,FLAT,441450090.9657017,441450090.9657017,0.0,0.0,1849.8
2025-09-26 13:30:00,FLAT,441450090.9657017,441450090.9657017,0.0,0.0,1853.4
2025-09-26 13:45:00,LONG,441311107.99962133,445758000.7972305,4446892.797609166,0.0,1862.0
2025-09-26 14:00:00,LONG,441311107.99962133,445708000.79723054,4396892.797609212,0.0,1861.9
2025-09-26 14:15:00,FLAT,439743405.41950613,439743405.41950613,0.0,0.0,1845.1
2025-09-26 14:30:00,FLAT,439743405.41950613,439743405.41950613,0.0,0.0,1845.0
2025-09-29 09:00:00,FLAT,439743405.41950613,439743405.41950613,0.0,0.0,1839.0
2025-09-29 09:15:00,FLAT,439743405.41950613,439743405.41950613,0.0,0.0,1841.2
2025-09-29 09:30:00,FLAT,439743405.41950613,439743405.41950613,0.0,0.0,1844.8
2025-09-29 09:45:00,FLAT,439743405.41950613,439743405.41950613,0.0,0.0,1847.5
2025-09-29 10:00:00,LONG,439604978.1759209,439156687.60771143,-448290.56820947246,0.0,1844.8
2025-09-29 10:15:00,LONG,439604978.1759209,439206687.6077115,-398290.56820940424,0.0,1844.9
2025-09-29 10:30:00,LONG,439604978.1759209,444556687.60771143,4951709.431790505,0.0,1855.6
2025-09-29 10:45:00,LONG,439604978.1759209,444456687.6077115,4851709.431790596,0.0,1855.4
2025-09-29 11:00:00,LONG,439604978.1759209,446456687.6077115,6851709.431790596,0.0,1859.4
2025-09-29 11:15:00,LONG,439604978.1759209,446006687.60771143,6401709.43179055,0.0,1858.5
2025-09-29 13:00:00,LONG,439604978.1759209,445656687.60771143,6051709.431790528,0.0,1857.8
2025-09-29 13:15:00,LONG,439604978.1759209,445556687.60771143,5951709.431790505,0.0,1857.6
2025-09-29 13:30:00,FLAT,449104848.3800808,449104848.3800808,0.0,0.0,1865.0
2025-09-29 13:45:00,FLAT,449104848.3800808,449104848.3800808,0.0,0.0,1862.6
2025-09-29 14:00:00,FLAT,449104848.3800808,449104848.3800808,0.0,0.0,1856.0
2025-09-29 14:15:00,FLAT,449104848.3800808,449104848.3800808,0.0,0.0,1857.6
2025-09-29 14:30:00,FLAT,449104848.3800808,449104848.3800808,0.0,0.0,1859.5
2025-09-30 09:00:00,FLAT,449104848.3800808,449104848.3800808,0.0,0.0,1855.8
2025-09-30 09:15:00,FLAT,449104848.3800808,449104848.3800808,0.0,0.0,1858.6
2025-09-30 09:30:00,FLAT,449104848.3800808,449104848.3800808,0.0,0.0,1857.1
2025-09-30 09:45:00,FLAT,449104848.3800808,449104848.3800808,0.0,0.0,1860.7
2025-09-30 10:00:00,FLAT,449104848.3800808,449104848.3800808,0.0,0.0,1861.9
2025-09-30 10:15:00,FLAT,449104848.3800808,449104848.3800808,0.0,0.0,1859.3
2025-09-30 10:30:00,FLAT,449104848.3800808,449104848.3800808,0.0,0.0,1856.7
2025-09-30 10:45:00,FLAT,449104848.3800808,449104848.3800808,0.0,0.0,1848.3
2025-09-30 11:00:00,FLAT,449104848.3800808,449104848.3800808,0.0,0.0,1847.9
2025-09-30 11:15:00,FLAT,449104848.3800808,449104848.3800808,0.0,0.0,1848.8
2025-09-30 13:00:00,FLAT,449104848.3800808,449104848.3800808,0.0,0.0,1851.2
2025-09-30 13:15:00,FLAT,449104848.3800808,449104848.3800808,0.0,0.0,1848.6
2025-09-30 13:30:00,FLAT,449104848.3800808,449104848.3800808,0.0,0.0,1853.4
2025-09-30 13:45:00,FLAT,449104848.3800808,449104848.3800808,0.0,0.0,1849.0
2025-09-30 14:00:00,FLAT,449104848.3800808,449104848.3800808,0.0,0.0,1860.8
2025-09-30 14:15:00,FLAT,449104848.3800808,449104848.3800808,0.0,0.0,1858.8
2025-09-30 14:30:00,FLAT,449104848.3800808,449104848.3800808,0.0,0.0,1855.0
